date,sku_id,units_sold,year,month,day,day_of_week,day_of_year,is_weekend,is_back_to_school,is_holiday_season,lag_1,lag_7,lag_14,rolling_mean_7,rolling_mean_30
2022-01-31,MBA13,234,2022,1,31,0,31,0,0,0,188.0,209.0,221.0,221.71428571428572,227.96666666666667
2022-02-01,MBA13,309,2022,2,1,1,32,0,0,0,234.0,236.0,262.0,225.28571428571428,228.9
2022-02-02,MBA13,252,2022,2,2,2,33,0,0,0,309.0,256.0,225.0,235.71428571428572,232.83333333333334
2022-02-03,MBA13,221,2022,2,3,3,34,0,0,0,252.0,218.0,209.0,235.14285714285714,232.2
2022-02-04,MBA13,278,2022,2,4,4,35,0,0,0,221.0,264.0,297.0,235.57142857142858,229.63333333333333
2022-02-05,MBA13,167,2022,2,5,5,36,1,0,0,278.0,181.0,190.0,237.57142857142858,230.73333333333332
2022-02-06,MBA13,200,2022,2,6,6,37,1,0,0,167.0,188.0,197.0,235.57142857142858,228.13333333333333
2022-02-07,MBA13,193,2022,2,7,0,38,0,0,0,200.0,234.0,209.0,237.28571428571428,224.8
2022-02-08,MBA13,212,2022,2,8,1,39,0,0,0,193.0,309.0,236.0,231.42857142857142,224.13333333333333
2022-02-09,MBA13,259,2022,2,9,2,40,0,0,0,212.0,252.0,256.0,217.57142857142858,225.06666666666666
2022-02-10,MBA13,275,2022,2,10,3,41,0,0,0,259.0,221.0,218.0,218.57142857142858,224.76666666666668
2022-02-11,MBA13,258,2022,2,11,4,42,0,0,0,275.0,278.0,264.0,226.28571428571428,226.0
2022-02-12,MBA13,193,2022,2,12,5,43,1,0,0,258.0,167.0,181.0,223.42857142857142,226.66666666666666
2022-02-13,MBA13,188,2022,2,13,6,44,1,0,0,193.0,200.0,188.0,227.14285714285714,224.46666666666667
2022-02-14,MBA13,208,2022,2,14,0,45,0,0,0,188.0,193.0,234.0,225.42857142857142,224.26666666666668
2022-02-15,MBA13,231,2022,2,15,1,46,0,0,0,208.0,212.0,309.0,227.57142857142858,226.06666666666666
2022-02-16,MBA13,239,2022,2,16,2,47,0,0,0,231.0,259.0,252.0,230.28571428571428,227.7
2022-02-17,MBA13,285,2022,2,17,3,48,0,0,0,239.0,275.0,221.0,227.42857142857142,228.3
2022-02-18,MBA13,263,2022,2,18,4,49,0,0,0,285.0,258.0,278.0,228.85714285714286,229.06666666666666
2022-02-19,MBA13,154,2022,2,19,5,50,1,0,0,263.0,193.0,167.0,229.57142857142858,230.33333333333334
2022-02-20,MBA13,203,2022,2,20,6,51,1,0,0,154.0,188.0,200.0,224.0,228.5
2022-02-21,MBA13,241,2022,2,21,0,52,0,0,0,203.0,208.0,193.0,226.14285714285714,225.36666666666667
2022-02-22,MBA13,233,2022,2,22,1,53,0,0,0,241.0,231.0,212.0,230.85714285714286,227.06666666666666
2022-02-23,MBA13,272,2022,2,23,2,54,0,0,0,233.0,239.0,259.0,231.14285714285714,228.26666666666668
2022-02-24,MBA13,284,2022,2,24,3,55,0,0,0,272.0,285.0,275.0,235.85714285714286,230.36666666666667
2022-02-25,MBA13,281,2022,2,25,4,56,0,0,0,284.0,263.0,258.0,235.71428571428572,231.96666666666667
2022-02-26,MBA13,176,2022,2,26,5,57,1,0,0,281.0,154.0,193.0,238.28571428571428,232.8
2022-02-27,MBA13,188,2022,2,27,6,58,1,0,0,176.0,203.0,188.0,241.42857142857142,231.4
2022-02-28,MBA13,263,2022,2,28,0,59,0,0,0,188.0,241.0,208.0,239.28571428571428,228.86666666666667
2022-03-01,MBA13,283,2022,3,1,1,60,0,0,0,263.0,233.0,231.0,242.42857142857142,231.6
2022-03-02,MBA13,239,2022,3,2,2,61,0,0,0,283.0,272.0,239.0,249.57142857142858,234.76666666666668
2022-03-03,MBA13,248,2022,3,3,3,62,0,0,0,239.0,284.0,285.0,244.85714285714286,234.93333333333334
2022-03-04,MBA13,220,2022,3,4,4,63,0,0,0,248.0,281.0,263.0,239.71428571428572,232.9
2022-03-05,MBA13,168,2022,3,5,5,64,1,0,0,220.0,176.0,154.0,231.0,231.83333333333334
2022-03-06,MBA13,215,2022,3,6,6,65,1,0,0,168.0,188.0,203.0,229.85714285714286,230.06666666666666
2022-03-07,MBA13,295,2022,3,7,0,66,0,0,0,215.0,263.0,241.0,233.71428571428572,227.96666666666667
2022-03-08,MBA13,251,2022,3,8,1,67,0,0,0,295.0,283.0,233.0,238.28571428571428,232.23333333333332
2022-03-09,MBA13,284,2022,3,9,2,68,0,0,0,251.0,239.0,272.0,233.71428571428572,233.93333333333334
2022-03-10,MBA13,265,2022,3,10,3,69,0,0,0,284.0,248.0,284.0,240.14285714285714,236.96666666666667
2022-03-11,MBA13,234,2022,3,11,4,70,0,0,0,265.0,220.0,281.0,242.57142857142858,238.73333333333332
2022-03-12,MBA13,204,2022,3,12,5,71,1,0,0,234.0,168.0,176.0,244.57142857142858,237.9
2022-03-13,MBA13,232,2022,3,13,6,72,1,0,0,204.0,215.0,188.0,249.71428571428572,235.53333333333333
2022-03-14,MBA13,253,2022,3,14,0,73,0,0,0,232.0,295.0,263.0,252.14285714285714,234.66666666666666
2022-03-15,MBA13,301,2022,3,15,1,74,0,0,0,253.0,251.0,283.0,246.14285714285714,236.66666666666666
2022-03-16,MBA13,174,2022,3,16,2,75,0,0,0,301.0,284.0,239.0,253.28571428571428,240.43333333333334
2022-03-17,MBA13,279,2022,3,17,3,76,0,0,0,174.0,265.0,248.0,237.57142857142858,239.3
2022-03-18,MBA13,256,2022,3,18,4,77,0,0,0,279.0,234.0,220.0,239.57142857142858,240.9
2022-03-19,MBA13,189,2022,3,19,5,78,1,0,0,256.0,204.0,168.0,242.71428571428572,241.46666666666667
2022-03-20,MBA13,198,2022,3,20,6,79,1,0,0,189.0,232.0,215.0,240.57142857142858,238.26666666666668
2022-03-21,MBA13,193,2022,3,21,0,80,0,0,0,198.0,253.0,295.0,235.71428571428572,236.1
2022-03-22,MBA13,247,2022,3,22,1,81,0,0,0,193.0,301.0,251.0,227.14285714285714,237.4
2022-03-23,MBA13,265,2022,3,23,2,82,0,0,0,247.0,174.0,284.0,219.42857142857142,238.86666666666667
2022-03-24,MBA13,299,2022,3,24,3,83,0,0,0,265.0,279.0,265.0,232.42857142857142,239.66666666666666
2022-03-25,MBA13,238,2022,3,25,4,84,0,0,0,299.0,256.0,234.0,235.28571428571428,241.86666666666667
2022-03-26,MBA13,177,2022,3,26,5,85,1,0,0,238.0,189.0,204.0,232.71428571428572,240.73333333333332
2022-03-27,MBA13,184,2022,3,27,6,86,1,0,0,177.0,198.0,232.0,231.0,237.16666666666666
2022-03-28,MBA13,282,2022,3,28,0,87,0,0,0,184.0,193.0,253.0,229.0,233.93333333333334
2022-03-29,MBA13,264,2022,3,29,1,88,0,0,0,282.0,247.0,301.0,241.71428571428572,237.46666666666667
2022-03-30,MBA13,238,2022,3,30,2,89,0,0,0,264.0,265.0,174.0,244.14285714285714,240.0
2022-03-31,MBA13,270,2022,3,31,3,90,0,0,0,238.0,299.0,279.0,240.28571428571428,239.16666666666666
2022-04-01,MBA13,257,2022,4,1,4,91,0,0,0,270.0,238.0,256.0,236.14285714285714,238.73333333333332
2022-04-02,MBA13,219,2022,4,2,5,92,1,0,0,257.0,177.0,189.0,238.85714285714286,239.33333333333334
2022-04-03,MBA13,180,2022,4,3,6,93,1,0,0,219.0,184.0,198.0,244.85714285714286,238.36666666666667
2022-04-04,MBA13,244,2022,4,4,0,94,0,0,0,180.0,282.0,193.0,244.28571428571428,237.03333333333333
2022-04-05,MBA13,242,2022,4,5,1,95,0,0,0,244.0,264.0,247.0,238.85714285714286,239.56666666666666
2022-04-06,MBA13,210,2022,4,6,2,96,0,0,0,242.0,238.0,265.0,235.71428571428572,240.46666666666667
2022-04-07,MBA13,263,2022,4,7,3,97,0,0,0,210.0,270.0,299.0,231.71428571428572,237.63333333333333
2022-04-08,MBA13,262,2022,4,8,4,98,0,0,0,263.0,257.0,238.0,230.71428571428572,238.03333333333333
2022-04-09,MBA13,197,2022,4,9,5,99,1,0,0,262.0,219.0,177.0,231.42857142857142,237.3
2022-04-10,MBA13,191,2022,4,10,6,100,1,0,0,197.0,180.0,184.0,228.28571428571428,235.03333333333333
2022-04-11,MBA13,211,2022,4,11,0,101,0,0,0,191.0,244.0,282.0,229.85714285714286,233.6
2022-04-12,MBA13,242,2022,4,12,1,102,0,0,0,211.0,242.0,264.0,225.14285714285714,233.83333333333334
2022-04-13,MBA13,244,2022,4,13,2,103,0,0,0,242.0,210.0,238.0,225.14285714285714,234.16666666666666
2022-04-14,MBA13,230,2022,4,14,3,104,0,0,0,244.0,263.0,270.0,230.0,233.86666666666667
2022-04-15,MBA13,250,2022,4,15,4,105,0,0,0,230.0,262.0,257.0,225.28571428571428,231.5
2022-04-16,MBA13,206,2022,4,16,5,106,1,0,0,250.0,197.0,219.0,223.57142857142858,234.03333333333333
2022-04-17,MBA13,241,2022,4,17,6,107,1,0,0,206.0,191.0,180.0,224.85714285714286,231.6
2022-04-18,MBA13,260,2022,4,18,0,108,0,0,0,241.0,211.0,244.0,232.0,231.1
2022-04-19,MBA13,262,2022,4,19,1,109,0,0,0,260.0,242.0,242.0,239.0,233.46666666666667
2022-04-20,MBA13,252,2022,4,20,2,110,0,0,0,262.0,244.0,210.0,241.85714285714286,235.6
2022-04-21,MBA13,196,2022,4,21,3,111,0,0,0,252.0,230.0,263.0,243.0,237.56666666666666
2022-04-22,MBA13,254,2022,4,22,4,112,0,0,0,196.0,250.0,262.0,238.14285714285714,235.86666666666667
2022-04-23,MBA13,198,2022,4,23,5,113,1,0,0,254.0,206.0,197.0,238.71428571428572,235.5
2022-04-24,MBA13,255,2022,4,24,6,114,1,0,0,198.0,241.0,191.0,237.57142857142858,232.13333333333333
2022-04-25,MBA13,249,2022,4,25,0,115,0,0,0,255.0,260.0,211.0,239.57142857142858,232.7
2022-04-26,MBA13,264,2022,4,26,1,116,0,0,0,249.0,262.0,242.0,238.0,235.1
2022-04-27,MBA13,254,2022,4,27,2,117,0,0,0,264.0,252.0,244.0,238.28571428571428,237.76666666666668
2022-04-28,MBA13,219,2022,4,28,3,118,0,0,0,254.0,196.0,230.0,238.57142857142858,236.83333333333334
2022-04-29,MBA13,290,2022,4,29,4,119,0,0,0,219.0,254.0,250.0,241.85714285714286,235.33333333333334
2022-04-30,MBA13,215,2022,4,30,5,120,1,0,0,290.0,198.0,206.0,247.0,237.06666666666666
2022-05-01,MBA13,216,2022,5,1,6,121,1,0,0,215.0,255.0,241.0,249.42857142857142,235.23333333333332
2022-05-02,MBA13,227,2022,5,2,0,122,0,0,0,216.0,249.0,260.0,243.85714285714286,233.86666666666667
2022-05-03,MBA13,298,2022,5,3,1,123,0,0,0,227.0,264.0,262.0,240.71428571428572,234.13333333333333
2022-05-04,MBA13,212,2022,5,4,2,124,0,0,0,298.0,254.0,252.0,245.57142857142858,238.06666666666666
2022-05-05,MBA13,273,2022,5,5,3,125,0,0,0,212.0,219.0,196.0,239.57142857142858,237.0
2022-05-06,MBA13,322,2022,5,6,4,126,0,0,0,273.0,290.0,254.0,247.28571428571428,238.03333333333333
2022-05-07,MBA13,174,2022,5,7,5,127,1,0,0,322.0,215.0,198.0,251.85714285714286,241.76666666666668
2022-05-08,MBA13,184,2022,5,8,6,128,1,0,0,174.0,216.0,255.0,246.0,238.8
2022-05-09,MBA13,259,2022,5,9,0,129,0,0,0,184.0,227.0,249.0,241.42857142857142,236.2
2022-05-10,MBA13,240,2022,5,10,1,130,0,0,0,259.0,298.0,264.0,246.0,238.26666666666668
2022-05-11,MBA13,208,2022,5,11,2,131,0,0,0,240.0,212.0,254.0,237.71428571428572,239.9
2022-05-12,MBA13,258,2022,5,12,3,132,0,0,0,208.0,273.0,219.0,237.14285714285714,239.8
2022-05-13,MBA13,224,2022,5,13,4,133,0,0,0,258.0,322.0,290.0,235.0,240.33333333333334
2022-05-14,MBA13,210,2022,5,14,5,134,1,0,0,224.0,174.0,215.0,221.0,239.66666666666666
2022-05-15,MBA13,177,2022,5,15,6,135,1,0,0,210.0,184.0,216.0,226.14285714285714,239.0
2022-05-16,MBA13,305,2022,5,16,0,136,0,0,0,177.0,259.0,227.0,225.14285714285714,236.56666666666666
2022-05-17,MBA13,234,2022,5,17,1,137,0,0,0,305.0,240.0,298.0,231.71428571428572,239.86666666666667
2022-05-18,MBA13,249,2022,5,18,2,138,0,0,0,234.0,208.0,212.0,230.85714285714286,239.63333333333333
2022-05-19,MBA13,285,2022,5,19,3,139,0,0,0,249.0,258.0,273.0,236.71428571428572,239.26666666666668
2022-05-20,MBA13,222,2022,5,20,4,140,0,0,0,285.0,224.0,322.0,240.57142857142858,240.03333333333333
2022-05-21,MBA13,208,2022,5,21,5,141,1,0,0,222.0,210.0,174.0,240.28571428571428,239.03333333333333
2022-05-22,MBA13,235,2022,5,22,6,142,1,0,0,208.0,177.0,184.0,240.0,239.43333333333334
2022-05-23,MBA13,214,2022,5,23,0,143,0,0,0,235.0,305.0,259.0,248.28571428571428,238.8
2022-05-24,MBA13,272,2022,5,24,1,144,0,0,0,214.0,234.0,240.0,235.28571428571428,239.33333333333334
2022-05-25,MBA13,276,2022,5,25,2,145,0,0,0,272.0,249.0,208.0,240.71428571428572,239.9
2022-05-26,MBA13,295,2022,5,26,3,146,0,0,0,276.0,285.0,258.0,244.57142857142858,240.8
2022-05-27,MBA13,232,2022,5,27,4,147,0,0,0,295.0,222.0,224.0,246.0,241.83333333333334
2022-05-28,MBA13,178,2022,5,28,5,148,1,0,0,232.0,208.0,210.0,247.42857142857142,241.1
2022-05-29,MBA13,227,2022,5,29,6,149,1,0,0,178.0,235.0,177.0,243.14285714285714,239.73333333333332
2022-05-30,MBA13,289,2022,5,30,0,150,0,0,0,227.0,214.0,305.0,242.0,237.63333333333333
2022-05-31,MBA13,290,2022,5,31,1,151,0,0,0,289.0,272.0,234.0,252.71428571428572,240.1
2022-06-01,MBA13,295,2022,6,1,2,152,0,0,0,290.0,276.0,249.0,255.28571428571428,242.56666666666666
2022-06-02,MBA13,263,2022,6,2,3,153,0,0,0,295.0,295.0,285.0,258.0,244.83333333333334
2022-06-03,MBA13,296,2022,6,3,4,154,0,0,0,263.0,232.0,222.0,253.42857142857142,243.66666666666666
2022-06-04,MBA13,232,2022,6,4,5,155,1,0,0,296.0,178.0,208.0,262.57142857142856,246.46666666666667
2022-06-05,MBA13,206,2022,6,5,6,156,1,0,0,232.0,227.0,235.0,270.2857142857143,245.1
2022-06-06,MBA13,358,2022,6,6,0,157,0,0,0,206.0,289.0,214.0,267.2857142857143,241.23333333333332
2022-06-07,MBA13,310,2022,6,7,1,158,0,0,0,358.0,290.0,272.0,277.14285714285717,247.36666666666667
2022-06-08,MBA13,252,2022,6,8,2,159,0,0,0,310.0,295.0,276.0,280.0,251.56666666666666
2022-06-09,MBA13,318,2022,6,9,3,160,0,0,0,252.0,263.0,295.0,273.85714285714283,251.33333333333334
2022-06-10,MBA13,260,2022,6,10,4,161,0,0,0,318.0,296.0,232.0,281.7142857142857,253.93333333333334
2022-06-11,MBA13,248,2022,6,11,5,162,1,0,0,260.0,232.0,178.0,276.57142857142856,255.66666666666666
2022-06-12,MBA13,258,2022,6,12,6,163,1,0,0,248.0,206.0,227.0,278.85714285714283,255.33333333333334
2022-06-13,MBA13,263,2022,6,13,0,164,0,0,0,258.0,358.0,289.0,286.2857142857143,256.46666666666664
2022-06-14,MBA13,324,2022,6,14,1,165,0,0,0,263.0,310.0,290.0,272.7142857142857,258.23333333333335
2022-06-15,MBA13,303,2022,6,15,2,166,0,0,0,324.0,252.0,295.0,274.7142857142857,263.1333333333333
2022-06-16,MBA13,315,2022,6,16,3,167,0,0,0,303.0,318.0,263.0,282.0,263.06666666666666
2022-06-17,MBA13,349,2022,6,17,4,168,0,0,0,315.0,260.0,296.0,281.57142857142856,265.76666666666665
2022-06-18,MBA13,212,2022,6,18,5,169,1,0,0,349.0,248.0,232.0,294.2857142857143,269.1
2022-06-19,MBA13,197,2022,6,19,6,170,1,0,0,212.0,258.0,206.0,289.14285714285717,266.6666666666667
2022-06-20,MBA13,248,2022,6,20,0,171,0,0,0,197.0,263.0,358.0,280.42857142857144,265.8333333333333
2022-06-21,MBA13,248,2022,6,21,1,172,0,0,0,248.0,324.0,310.0,278.2857142857143,267.1666666666667
2022-06-22,MBA13,271,2022,6,22,2,173,0,0,0,248.0,303.0,252.0,267.42857142857144,267.6
2022-06-23,MBA13,282,2022,6,23,3,174,0,0,0,271.0,315.0,318.0,262.85714285714283,269.5
2022-06-24,MBA13,278,2022,6,24,4,175,0,0,0,282.0,349.0,260.0,258.14285714285717,269.8333333333333
2022-06-25,MBA13,227,2022,6,25,5,176,1,0,0,278.0,212.0,248.0,248.0,269.9
2022-06-26,MBA13,206,2022,6,26,6,177,1,0,0,227.0,197.0,258.0,250.14285714285714,267.6333333333333
2022-06-27,MBA13,311,2022,6,27,0,178,0,0,0,206.0,248.0,263.0,251.42857142857142,266.76666666666665
2022-06-28,MBA13,255,2022,6,28,1,179,0,0,0,311.0,248.0,324.0,260.42857142857144,271.2
2022-06-29,MBA13,349,2022,6,29,2,180,0,0,0,255.0,271.0,303.0,261.42857142857144,272.1333333333333
2022-06-30,MBA13,282,2022,6,30,3,181,0,0,0,349.0,282.0,315.0,272.57142857142856,274.1333333333333
2022-07-01,MBA13,234,2022,7,1,4,182,0,0,0,282.0,278.0,349.0,272.57142857142856,273.8666666666667
2022-07-02,MBA13,176,2022,7,2,5,183,1,0,0,234.0,227.0,212.0,266.2857142857143,271.8333333333333
2022-07-03,MBA13,213,2022,7,3,6,184,1,0,0,176.0,206.0,197.0,259.0,268.93333333333334
2022-07-04,MBA13,253,2022,7,4,0,185,0,0,0,213.0,311.0,248.0,260.0,266.1666666666667
2022-07-05,MBA13,283,2022,7,5,1,186,0,0,0,253.0,255.0,248.0,251.71428571428572,266.8666666666667
2022-07-06,MBA13,275,2022,7,6,2,187,0,0,0,283.0,349.0,271.0,255.71428571428572,269.43333333333334
2022-07-07,MBA13,258,2022,7,7,3,188,0,0,0,275.0,282.0,282.0,245.14285714285714,266.6666666666667
2022-07-08,MBA13,234,2022,7,8,4,189,0,0,0,258.0,234.0,278.0,241.71428571428572,264.93333333333334
2022-07-09,MBA13,165,2022,7,9,5,190,1,0,0,234.0,176.0,227.0,241.71428571428572,264.3333333333333
2022-07-10,MBA13,191,2022,7,10,6,191,1,0,0,165.0,213.0,206.0,240.14285714285714,259.23333333333335
2022-07-11,MBA13,289,2022,7,11,0,192,0,0,0,191.0,253.0,311.0,237.0,256.93333333333334
2022-07-12,MBA13,270,2022,7,12,1,193,0,0,0,289.0,283.0,255.0,242.14285714285714,258.3
2022-07-13,MBA13,224,2022,7,13,2,194,0,0,0,270.0,275.0,349.0,240.28571428571428,258.7
2022-07-14,MBA13,270,2022,7,14,3,195,0,0,0,224.0,258.0,282.0,233.0,257.4
2022-07-15,MBA13,277,2022,7,15,4,196,0,0,0,270.0,234.0,234.0,234.71428571428572,255.6
2022-07-16,MBA13,184,2022,7,16,5,197,1,0,0,277.0,165.0,176.0,240.85714285714286,254.73333333333332
2022-07-17,MBA13,210,2022,7,17,6,198,1,0,0,184.0,191.0,213.0,243.57142857142858,250.36666666666667
2022-07-18,MBA13,270,2022,7,18,0,199,0,0,0,210.0,289.0,253.0,246.28571428571428,245.73333333333332
2022-07-19,MBA13,232,2022,7,19,1,200,0,0,0,270.0,270.0,283.0,243.57142857142858,247.66666666666666
2022-07-20,MBA13,282,2022,7,20,2,201,0,0,0,232.0,224.0,275.0,238.14285714285714,248.83333333333334
2022-07-21,MBA13,290,2022,7,21,3,202,0,0,0,282.0,270.0,258.0,246.42857142857142,249.96666666666667
2022-07-22,MBA13,309,2022,7,22,4,203,0,0,0,290.0,277.0,234.0,249.28571428571428,251.36666666666667
2022-07-23,MBA13,239,2022,7,23,5,204,1,0,0,309.0,184.0,165.0,253.85714285714286,252.63333333333333
2022-07-24,MBA13,178,2022,7,24,6,205,1,0,0,239.0,210.0,191.0,261.7142857142857,251.2
2022-07-25,MBA13,247,2022,7,25,0,206,0,0,0,178.0,270.0,289.0,257.14285714285717,247.86666666666667
2022-07-26,MBA13,298,2022,7,26,1,207,0,0,0,247.0,232.0,270.0,253.85714285714286,248.53333333333333
2022-07-27,MBA13,300,2022,7,27,2,208,0,0,0,298.0,282.0,224.0,263.2857142857143,251.6
2022-07-28,MBA13,302,2022,7,28,3,209,0,0,0,300.0,290.0,270.0,265.85714285714283,251.23333333333332
2022-07-29,MBA13,419,2022,7,29,4,210,0,0,0,302.0,309.0,277.0,267.57142857142856,252.8
2022-07-30,MBA13,239,2022,7,30,5,211,1,0,0,419.0,239.0,184.0,283.2857142857143,255.13333333333333
2022-07-31,MBA13,256,2022,7,31,6,212,1,0,0,239.0,178.0,210.0,283.2857142857143,253.7
2022-08-01,MBA13,327,2022,8,1,0,213,0,1,0,256.0,247.0,270.0,294.42857142857144,254.43333333333334
2022-08-02,MBA13,319,2022,8,2,1,214,0,1,0,327.0,298.0,232.0,305.85714285714283,259.46666666666664
2022-08-03,MBA13,287,2022,8,3,2,215,0,1,0,319.0,300.0,282.0,308.85714285714283,263.0
2022-08-04,MBA13,329,2022,8,4,3,216,0,1,0,287.0,302.0,290.0,307.0,264.1333333333333
2022-08-05,MBA13,276,2022,8,5,4,217,0,1,0,329.0,419.0,309.0,310.85714285714283,265.6666666666667
2022-08-06,MBA13,230,2022,8,6,5,218,1,1,0,276.0,239.0,239.0,290.42857142857144,265.7
2022-08-07,MBA13,225,2022,8,7,6,219,1,1,0,230.0,256.0,178.0,289.14285714285717,264.76666666666665
2022-08-08,MBA13,315,2022,8,8,0,220,0,1,0,225.0,327.0,247.0,284.7142857142857,264.46666666666664
2022-08-09,MBA13,403,2022,8,9,1,221,0,1,0,315.0,319.0,298.0,283.0,269.46666666666664
2022-08-10,MBA13,247,2022,8,10,2,222,0,1,0,403.0,287.0,300.0,295.0,276.53333333333336
2022-08-11,MBA13,347,2022,8,11,3,223,0,1,0,247.0,329.0,302.0,289.2857142857143,275.1333333333333
2022-08-12,MBA13,261,2022,8,12,4,224,0,1,0,347.0,276.0,419.0,291.85714285714283,277.7
2022-08-13,MBA13,238,2022,8,13,5,225,1,1,0,261.0,230.0,239.0,289.7142857142857,278.93333333333334
2022-08-14,MBA13,287,2022,8,14,6,226,1,1,0,238.0,225.0,256.0,290.85714285714283,277.8666666666667
2022-08-15,MBA13,333,2022,8,15,0,227,0,1,0,287.0,315.0,327.0,299.7142857142857,278.2
2022-08-16,MBA13,290,2022,8,16,1,228,0,1,0,333.0,403.0,319.0,302.2857142857143,283.1666666666667
2022-08-17,MBA13,307,2022,8,17,2,229,0,1,0,290.0,247.0,287.0,286.14285714285717,285.8333333333333
2022-08-18,MBA13,365,2022,8,18,3,230,0,1,0,307.0,347.0,329.0,294.7142857142857,287.06666666666666
2022-08-19,MBA13,310,2022,8,19,4,231,0,1,0,365.0,261.0,276.0,297.2857142857143,291.5
2022-08-20,MBA13,271,2022,8,20,5,232,1,1,0,310.0,238.0,230.0,304.2857142857143,292.43333333333334
2022-08-21,MBA13,266,2022,8,21,6,233,1,1,0,271.0,287.0,225.0,309.0,291.8
2022-08-22,MBA13,317,2022,8,22,0,234,0,1,0,266.0,333.0,315.0,306.0,290.3666666666667
2022-08-23,MBA13,435,2022,8,23,1,235,0,1,0,317.0,290.0,403.0,303.7142857142857,292.96666666666664
2022-08-24,MBA13,373,2022,8,24,2,236,0,1,0,435.0,307.0,247.0,324.42857142857144,301.53333333333336
2022-08-25,MBA13,263,2022,8,25,3,237,0,1,0,373.0,365.0,347.0,333.85714285714283,305.73333333333335
2022-08-26,MBA13,356,2022,8,26,4,238,0,1,0,263.0,310.0,261.0,319.2857142857143,304.56666666666666
2022-08-27,MBA13,248,2022,8,27,5,239,1,1,0,356.0,271.0,238.0,325.85714285714283,306.43333333333334
2022-08-28,MBA13,297,2022,8,28,6,240,1,1,0,248.0,266.0,287.0,322.57142857142856,304.6333333333333
2022-08-29,MBA13,315,2022,8,29,0,241,0,1,0,297.0,317.0,333.0,327.0,300.56666666666666
2022-08-30,MBA13,343,2022,8,30,1,242,0,1,0,315.0,435.0,290.0,326.7142857142857,303.1
2022-08-31,MBA13,369,2022,8,31,2,243,0,1,0,343.0,373.0,307.0,313.57142857142856,306.0
2022-09-01,MBA13,383,2022,9,1,3,244,0,1,0,369.0,263.0,365.0,313.0,307.4
2022-09-02,MBA13,296,2022,9,2,4,245,0,1,0,383.0,356.0,310.0,330.14285714285717,309.53333333333336
2022-09-03,MBA13,256,2022,9,3,5,246,1,1,0,296.0,248.0,271.0,321.57142857142856,309.8333333333333
2022-09-04,MBA13,250,2022,9,4,6,247,1,1,0,256.0,297.0,266.0,322.7142857142857,307.4
2022-09-05,MBA13,315,2022,9,5,0,248,0,1,0,250.0,315.0,317.0,316.0,306.53333333333336
2022-09-06,MBA13,412,2022,9,6,1,249,0,1,0,315.0,343.0,435.0,316.0,309.3666666666667
2022-09-07,MBA13,355,2022,9,7,2,250,0,1,0,412.0,369.0,373.0,325.85714285714283,315.6
2022-09-08,MBA13,285,2022,9,8,3,251,0,1,0,355.0,383.0,263.0,323.85714285714283,316.93333333333334
2022-09-09,MBA13,371,2022,9,9,4,252,0,1,0,285.0,296.0,356.0,309.85714285714283,313.0
2022-09-10,MBA13,322,2022,9,10,5,253,1,1,0,371.0,256.0,248.0,320.57142857142856,317.1333333333333
2022-09-11,MBA13,286,2022,9,11,6,254,1,1,0,322.0,250.0,297.0,330.0,316.3
2022-09-12,MBA13,267,2022,9,12,0,255,0,1,0,286.0,315.0,315.0,335.14285714285717,317.1333333333333
2022-09-13,MBA13,306,2022,9,13,1,256,0,1,0,267.0,412.0,343.0,328.2857142857143,318.1
2022-09-14,MBA13,371,2022,9,14,2,257,0,1,0,306.0,355.0,369.0,313.14285714285717,318.73333333333335
2022-09-15,MBA13,292,2022,9,15,3,258,0,1,0,371.0,285.0,383.0,315.42857142857144,320.0
2022-09-16,MBA13,333,2022,9,16,4,259,0,1,0,292.0,371.0,296.0,316.42857142857144,320.06666666666666
2022-09-17,MBA13,265,2022,9,17,5,260,1,1,0,333.0,322.0,256.0,311.0,320.93333333333334
2022-09-18,MBA13,214,2022,9,18,6,261,1,1,0,265.0,286.0,250.0,302.85714285714283,317.6
2022-09-19,MBA13,306,2022,9,19,0,262,0,1,0,214.0,267.0,315.0,292.57142857142856,314.4
2022-09-20,MBA13,187,2022,9,20,1,263,0,1,0,306.0,306.0,412.0,298.14285714285717,315.56666666666666
2022-09-21,MBA13,266,2022,9,21,2,264,0,1,0,187.0,371.0,355.0,281.14285714285717,312.93333333333334
2022-09-22,MBA13,291,2022,9,22,3,265,0,1,0,266.0,292.0,285.0,266.14285714285717,311.23333333333335
2022-09-23,MBA13,253,2022,9,23,4,266,0,1,0,291.0,333.0,371.0,266.0,306.43333333333334
2022-09-24,MBA13,273,2022,9,24,5,267,1,1,0,253.0,265.0,322.0,254.57142857142858,302.43333333333334
2022-09-25,MBA13,188,2022,9,25,6,268,1,1,0,273.0,214.0,286.0,255.71428571428572,302.76666666666665
2022-09-26,MBA13,275,2022,9,26,0,269,0,1,0,188.0,306.0,267.0,252.0,297.1666666666667
2022-09-27,MBA13,293,2022,9,27,1,270,0,1,0,275.0,187.0,306.0,247.57142857142858,298.06666666666666
2022-09-28,MBA13,336,2022,9,28,2,271,0,1,0,293.0,266.0,371.0,262.7142857142857,297.93333333333334
2022-09-29,MBA13,235,2022,9,29,3,272,0,1,0,336.0,291.0,292.0,272.7142857142857,298.6333333333333
2022-09-30,MBA13,322,2022,9,30,4,273,0,1,0,235.0,253.0,333.0,264.7142857142857,295.03333333333336
2022-10-01,MBA13,217,2022,10,1,5,274,1,0,0,322.0,273.0,265.0,274.57142857142856,293.46666666666664
2022-10-02,MBA13,190,2022,10,2,6,275,1,0,0,217.0,188.0,214.0,266.57142857142856,287.93333333333334
2022-10-03,MBA13,293,2022,10,3,0,276,0,0,0,190.0,275.0,306.0,266.85714285714283,284.4
2022-10-04,MBA13,282,2022,10,4,1,277,0,0,0,293.0,293.0,187.0,269.42857142857144,285.6333333333333
2022-10-05,MBA13,254,2022,10,5,2,278,0,0,0,282.0,336.0,266.0,267.85714285714283,286.7
2022-10-06,MBA13,275,2022,10,6,3,279,0,0,0,254.0,235.0,291.0,256.14285714285717,284.6666666666667
2022-10-07,MBA13,259,2022,10,7,4,280,0,0,0,275.0,322.0,253.0,261.85714285714283,280.1
2022-10-08,MBA13,212,2022,10,8,5,281,1,0,0,259.0,217.0,273.0,252.85714285714286,276.9
2022-10-09,MBA13,225,2022,10,9,6,282,1,0,0,212.0,190.0,188.0,252.14285714285714,274.46666666666664
2022-10-10,MBA13,320,2022,10,10,0,283,0,0,0,225.0,293.0,275.0,257.14285714285717,269.6
2022-10-11,MBA13,228,2022,10,11,1,284,0,0,0,320.0,282.0,293.0,261.0,269.53333333333336
2022-10-12,MBA13,335,2022,10,12,2,285,0,0,0,228.0,254.0,336.0,253.28571428571428,267.6
2022-10-13,MBA13,204,2022,10,13,3,286,0,0,0,335.0,275.0,235.0,264.85714285714283,269.8666666666667
2022-10-14,MBA13,261,2022,10,14,4,287,0,0,0,204.0,259.0,322.0,254.71428571428572,266.46666666666664
2022-10-15,MBA13,219,2022,10,15,5,288,1,0,0,261.0,212.0,217.0,255.0,262.8
2022-10-16,MBA13,211,2022,10,16,6,289,1,0,0,219.0,225.0,190.0,256.0,260.3666666666667
2022-10-17,MBA13,244,2022,10,17,0,290,0,0,0,211.0,320.0,293.0,254.0,256.3
2022-10-18,MBA13,257,2022,10,18,1,291,0,0,0,244.0,228.0,282.0,243.14285714285714,255.6
2022-10-19,MBA13,248,2022,10,19,2,292,0,0,0,257.0,335.0,254.0,247.28571428571428,257.03333333333336
2022-10-20,MBA13,245,2022,10,20,3,293,0,0,0,248.0,204.0,275.0,234.85714285714286,255.1
2022-10-21,MBA13,290,2022,10,21,4,294,0,0,0,245.0,261.0,259.0,240.71428571428572,257.03333333333336
2022-10-22,MBA13,212,2022,10,22,5,295,1,0,0,290.0,219.0,212.0,244.85714285714286,257.8333333333333
2022-10-23,MBA13,187,2022,10,23,6,296,1,0,0,212.0,211.0,225.0,243.85714285714286,255.2
2022-10-24,MBA13,292,2022,10,24,0,297,0,0,0,187.0,244.0,320.0,240.42857142857142,253.0
2022-10-25,MBA13,274,2022,10,25,1,298,0,0,0,292.0,257.0,228.0,247.28571428571428,253.63333333333333
2022-10-26,MBA13,290,2022,10,26,2,299,0,0,0,274.0,248.0,335.0,249.71428571428572,256.5
2022-10-27,MBA13,285,2022,10,27,3,300,0,0,0,290.0,245.0,204.0,255.71428571428572,257.0
2022-10-28,MBA13,239,2022,10,28,4,301,0,0,0,285.0,290.0,261.0,261.42857142857144,256.73333333333335
2022-10-29,MBA13,192,2022,10,29,5,302,1,0,0,239.0,212.0,219.0,254.14285714285714,253.5
2022-10-30,MBA13,225,2022,10,30,6,303,1,0,0,192.0,187.0,211.0,251.28571428571428,252.06666666666666
2022-10-31,MBA13,288,2022,10,31,0,304,0,0,0,225.0,292.0,244.0,256.7142857142857,248.83333333333334
2022-11-01,MBA13,269,2022,11,1,1,305,0,0,1,288.0,274.0,257.0,256.14285714285717,251.2
2022-11-02,MBA13,275,2022,11,2,2,306,0,0,1,269.0,290.0,248.0,255.42857142857142,253.83333333333334
2022-11-03,MBA13,315,2022,11,3,3,307,0,0,1,275.0,285.0,245.0,253.28571428571428,253.23333333333332
2022-11-04,MBA13,256,2022,11,4,4,308,0,0,1,315.0,239.0,290.0,257.57142857142856,254.33333333333334
2022-11-05,MBA13,228,2022,11,5,5,309,1,0,1,256.0,192.0,212.0,260.0,254.4
2022-11-06,MBA13,211,2022,11,6,6,310,1,0,1,228.0,225.0,187.0,265.14285714285717,252.83333333333334
2022-11-07,MBA13,275,2022,11,7,0,311,0,0,1,211.0,288.0,292.0,263.14285714285717,251.23333333333332
2022-11-08,MBA13,323,2022,11,8,1,312,0,0,1,275.0,269.0,274.0,261.2857142857143,253.33333333333334
2022-11-09,MBA13,317,2022,11,9,2,313,0,0,1,323.0,275.0,290.0,269.0,256.6
2022-11-10,MBA13,321,2022,11,10,3,314,0,0,1,317.0,315.0,285.0,275.0,256.5
2022-11-11,MBA13,342,2022,11,11,4,315,0,0,1,321.0,256.0,239.0,275.85714285714283,259.6
2022-11-12,MBA13,233,2022,11,12,5,316,1,0,1,342.0,228.0,192.0,288.14285714285717,259.8333333333333
2022-11-13,MBA13,255,2022,11,13,6,317,1,0,1,233.0,211.0,225.0,288.85714285714283,260.8
2022-11-14,MBA13,298,2022,11,14,0,318,0,0,1,255.0,275.0,288.0,295.14285714285717,260.6
2022-11-15,MBA13,326,2022,11,15,1,319,0,0,1,298.0,323.0,269.0,298.42857142857144,263.23333333333335
2022-11-16,MBA13,314,2022,11,16,2,320,0,0,1,326.0,317.0,275.0,298.85714285714283,267.06666666666666
2022-11-17,MBA13,329,2022,11,17,3,321,0,0,1,314.0,321.0,315.0,298.42857142857144,269.4
2022-11-18,MBA13,354,2022,11,18,4,322,0,0,1,329.0,342.0,256.0,299.57142857142856,271.8
2022-11-19,MBA13,234,2022,11,19,5,323,1,0,1,354.0,233.0,228.0,301.2857142857143,275.3333333333333
2022-11-20,MBA13,330,2022,11,20,6,324,1,0,1,234.0,255.0,211.0,301.42857142857144,274.96666666666664
2022-11-21,MBA13,306,2022,11,21,0,325,0,0,1,330.0,298.0,275.0,312.14285714285717,276.3
2022-11-22,MBA13,302,2022,11,22,1,326,0,0,1,306.0,326.0,323.0,313.2857142857143,279.43333333333334
2022-11-23,MBA13,409,2022,11,23,2,327,0,0,1,302.0,314.0,317.0,309.85714285714283,283.26666666666665
2022-11-24,MBA13,399,2022,11,24,3,328,0,0,1,409.0,329.0,321.0,323.42857142857144,287.1666666666667
2022-11-25,MBA13,398,2022,11,25,4,329,0,0,1,399.0,354.0,342.0,333.42857142857144,291.3333333333333
2022-11-26,MBA13,312,2022,11,26,5,330,1,0,1,398.0,234.0,233.0,339.7142857142857,294.93333333333334
2022-11-27,MBA13,294,2022,11,27,6,331,1,0,1,312.0,330.0,255.0,350.85714285714283,295.8333333333333
2022-11-28,MBA13,344,2022,11,28,0,332,0,0,1,294.0,306.0,298.0,345.7142857142857,297.6666666666667
2022-11-29,MBA13,393,2022,11,29,1,333,0,0,1,344.0,302.0,326.0,351.14285714285717,302.73333333333335
2022-11-30,MBA13,361,2022,11,30,2,334,0,0,1,393.0,409.0,314.0,364.14285714285717,308.3333333333333
2022-12-01,MBA13,443,2022,12,1,3,335,0,0,1,361.0,399.0,329.0,357.2857142857143,310.76666666666665
2022-12-02,MBA13,392,2022,12,2,4,336,0,0,1,443.0,398.0,354.0,363.57142857142856,316.56666666666666
2022-12-03,MBA13,280,2022,12,3,5,337,1,0,1,392.0,312.0,234.0,362.7142857142857,320.46666666666664
2022-12-04,MBA13,300,2022,12,4,6,338,1,0,1,280.0,294.0,330.0,358.14285714285717,319.3
2022-12-05,MBA13,424,2022,12,5,0,339,0,0,1,300.0,344.0,306.0,359.0,320.76666666666665
2022-12-06,MBA13,377,2022,12,6,1,340,0,0,1,424.0,393.0,302.0,370.42857142857144,327.3
2022-12-07,MBA13,364,2022,12,7,2,341,0,0,1,377.0,361.0,409.0,368.14285714285717,332.8333333333333
2022-12-08,MBA13,415,2022,12,8,3,342,0,0,1,364.0,443.0,399.0,368.57142857142856,335.8
2022-12-09,MBA13,414,2022,12,9,4,343,0,0,1,415.0,392.0,398.0,364.57142857142856,338.8666666666667
2022-12-10,MBA13,290,2022,12,10,5,344,1,0,1,414.0,280.0,312.0,367.7142857142857,342.1
2022-12-11,MBA13,289,2022,12,11,6,345,1,0,1,290.0,300.0,294.0,369.14285714285717,341.06666666666666
2022-12-12,MBA13,405,2022,12,12,0,346,0,0,1,289.0,424.0,344.0,367.57142857142856,339.3
2022-12-13,MBA13,322,2022,12,13,1,347,0,0,1,405.0,377.0,393.0,364.85714285714283,345.03333333333336
2022-12-14,MBA13,321,2022,12,14,2,348,0,0,1,322.0,364.0,361.0,357.0,347.26666666666665
2022-12-15,MBA13,348,2022,12,15,3,349,0,0,1,321.0,415.0,443.0,350.85714285714283,348.03333333333336
2022-12-16,MBA13,367,2022,12,16,4,350,0,0,1,348.0,414.0,392.0,341.2857142857143,348.76666666666665
2022-12-17,MBA13,297,2022,12,17,5,351,1,0,1,367.0,290.0,280.0,334.57142857142856,350.53333333333336
2022-12-18,MBA13,333,2022,12,18,6,352,1,0,1,297.0,289.0,300.0,335.57142857142856,349.46666666666664
2022-12-19,MBA13,397,2022,12,19,0,353,0,0,1,333.0,405.0,424.0,341.85714285714283,348.76666666666665
2022-12-20,MBA13,348,2022,12,20,1,354,0,0,1,397.0,322.0,377.0,340.7142857142857,354.2
2022-12-21,MBA13,348,2022,12,21,2,355,0,0,1,348.0,321.0,364.0,344.42857142857144,354.8
2022-12-22,MBA13,302,2022,12,22,3,356,0,0,1,348.0,348.0,415.0,348.2857142857143,356.2
2022-12-23,MBA13,336,2022,12,23,4,357,0,0,1,302.0,367.0,414.0,341.7142857142857,356.2
2022-12-24,MBA13,247,2022,12,24,5,358,1,0,1,336.0,297.0,290.0,337.2857142857143,353.76666666666665
2022-12-25,MBA13,262,2022,12,25,6,359,1,0,1,247.0,333.0,289.0,330.14285714285717,348.7
2022-12-26,MBA13,289,2022,12,26,0,360,0,0,1,262.0,397.0,405.0,320.0,344.1666666666667
2022-12-27,MBA13,335,2022,12,27,1,361,0,0,1,289.0,348.0,322.0,304.57142857142856,343.4
2022-12-28,MBA13,368,2022,12,28,2,362,0,0,1,335.0,348.0,321.0,302.7142857142857,344.76666666666665
2022-12-29,MBA13,302,2022,12,29,3,363,0,0,1,368.0,302.0,348.0,305.57142857142856,345.56666666666666
2022-12-30,MBA13,316,2022,12,30,4,364,0,0,1,302.0,336.0,367.0,305.57142857142856,342.53333333333336
2022-12-31,MBA13,249,2022,12,31,5,365,1,0,1,316.0,247.0,297.0,302.7142857142857,341.03333333333336
2023-01-01,MBA13,193,2023,1,1,6,1,1,0,0,249.0,262.0,333.0,303.0,334.56666666666666
2023-01-02,MBA13,269,2023,1,2,0,2,0,0,0,193.0,289.0,397.0,293.14285714285717,327.93333333333334
2023-01-03,MBA13,262,2023,1,3,1,3,0,0,0,269.0,335.0,348.0,290.2857142857143,327.56666666666666
2023-01-04,MBA13,265,2023,1,4,2,4,0,0,0,262.0,368.0,348.0,279.85714285714283,326.3
2023-01-05,MBA13,238,2023,1,5,3,5,0,0,0,265.0,302.0,302.0,265.14285714285717,321.0
2023-01-06,MBA13,263,2023,1,6,4,6,0,0,0,238.0,316.0,336.0,256.0,316.3666666666667
2023-01-07,MBA13,214,2023,1,7,5,7,1,0,0,263.0,249.0,247.0,248.42857142857142,313.0
2023-01-08,MBA13,238,2023,1,8,6,8,1,0,0,214.0,193.0,262.0,243.42857142857142,306.3
2023-01-09,MBA13,292,2023,1,9,0,9,0,0,0,238.0,269.0,289.0,249.85714285714286,300.43333333333334
2023-01-10,MBA13,330,2023,1,10,1,10,0,0,0,292.0,262.0,335.0,253.14285714285714,300.5
2023-01-11,MBA13,238,2023,1,11,2,11,0,0,0,330.0,265.0,368.0,262.85714285714283,301.8666666666667
2023-01-12,MBA13,289,2023,1,12,3,12,0,0,0,238.0,238.0,302.0,259.0,296.3
2023-01-13,MBA13,268,2023,1,13,4,13,0,0,0,289.0,263.0,316.0,266.2857142857143,295.2
2023-01-14,MBA13,256,2023,1,14,5,14,1,0,0,268.0,214.0,249.0,267.0,293.43333333333334
2023-01-15,MBA13,183,2023,1,15,6,15,1,0,0,256.0,238.0,193.0,273.0,290.3666666666667
2023-01-16,MBA13,236,2023,1,16,0,16,0,0,0,183.0,292.0,269.0,265.14285714285717,284.23333333333335
2023-01-17,MBA13,243,2023,1,17,1,17,0,0,0,236.0,330.0,262.0,257.14285714285717,282.2
2023-01-18,MBA13,195,2023,1,18,2,18,0,0,0,243.0,238.0,265.0,244.71428571428572,279.2
2023-01-19,MBA13,246,2023,1,19,3,19,0,0,0,195.0,289.0,238.0,238.57142857142858,272.46666666666664
2023-01-20,MBA13,238,2023,1,20,4,20,0,0,0,246.0,268.0,263.0,232.42857142857142,269.06666666666666
2023-01-21,MBA13,206,2023,1,21,5,21,1,0,0,238.0,256.0,214.0,228.14285714285714,265.4
2023-01-22,MBA13,211,2023,1,22,6,22,1,0,0,206.0,183.0,238.0,221.0,262.2
2023-01-23,MBA13,321,2023,1,23,0,23,0,0,0,211.0,236.0,292.0,225.0,258.03333333333336
2023-01-24,MBA13,292,2023,1,24,1,24,0,0,0,321.0,243.0,330.0,237.14285714285714,260.5
2023-01-25,MBA13,244,2023,1,25,2,25,0,0,0,292.0,195.0,238.0,244.14285714285714,261.5
2023-01-26,MBA13,234,2023,1,26,3,26,0,0,0,244.0,246.0,289.0,251.14285714285714,260.0
2023-01-27,MBA13,278,2023,1,27,4,27,0,0,0,234.0,238.0,268.0,249.42857142857142,256.6333333333333
2023-01-28,MBA13,171,2023,1,28,5,28,1,0,0,278.0,206.0,256.0,255.14285714285714,253.63333333333333
2023-01-29,MBA13,247,2023,1,29,6,29,1,0,0,171.0,211.0,183.0,250.14285714285714,249.26666666666668
2023-01-30,MBA13,300,2023,1,30,0,30,0,0,0,247.0,321.0,236.0,255.28571428571428,246.96666666666667
2023-01-31,MBA13,248,2023,1,31,1,31,0,0,0,300.0,292.0,243.0,252.28571428571428,248.66666666666666
2023-02-01,MBA13,209,2023,2,1,2,32,0,0,0,248.0,244.0,195.0,246.0,250.5
2023-02-02,MBA13,305,2023,2,2,3,33,0,0,0,209.0,234.0,246.0,241.0,248.5
2023-02-03,MBA13,259,2023,2,3,4,34,0,0,0,305.0,278.0,238.0,251.14285714285714,249.93333333333334
2023-02-04,MBA13,233,2023,2,4,5,35,1,0,0,259.0,171.0,206.0,248.42857142857142,249.73333333333332
2023-02-05,MBA13,164,2023,2,5,6,36,1,0,0,233.0,247.0,211.0,257.2857142857143,249.56666666666666
2023-02-06,MBA13,244,2023,2,6,0,37,0,0,0,164.0,300.0,321.0,245.42857142857142,246.26666666666668
2023-02-07,MBA13,263,2023,2,7,1,38,0,0,0,244.0,248.0,292.0,237.42857142857142,247.26666666666668
2023-02-08,MBA13,264,2023,2,8,2,39,0,0,0,263.0,209.0,244.0,239.57142857142858,248.1
2023-02-09,MBA13,249,2023,2,9,3,40,0,0,0,264.0,305.0,234.0,247.42857142857142,247.16666666666666
2023-02-10,MBA13,283,2023,2,10,4,41,0,0,0,249.0,259.0,278.0,239.42857142857142,244.46666666666667
2023-02-11,MBA13,177,2023,2,11,5,42,1,0,0,283.0,233.0,171.0,242.85714285714286,245.96666666666667
2023-02-12,MBA13,200,2023,2,12,6,43,1,0,0,177.0,164.0,247.0,234.85714285714286,242.23333333333332
2023-02-13,MBA13,267,2023,2,13,0,44,0,0,0,200.0,244.0,300.0,240.0,239.96666666666667
2023-02-14,MBA13,279,2023,2,14,1,45,0,0,0,267.0,263.0,248.0,243.28571428571428,240.33333333333334
2023-02-15,MBA13,285,2023,2,15,2,46,0,0,0,279.0,264.0,209.0,245.57142857142858,243.53333333333333
2023-02-16,MBA13,228,2023,2,16,3,47,0,0,0,285.0,249.0,305.0,248.57142857142858,245.16666666666666
2023-02-17,MBA13,215,2023,2,17,4,48,0,0,0,228.0,283.0,259.0,245.57142857142858,244.66666666666666
2023-02-18,MBA13,234,2023,2,18,5,49,1,0,0,215.0,177.0,233.0,235.85714285714286,245.33333333333334
2023-02-19,MBA13,211,2023,2,19,6,50,1,0,0,234.0,200.0,164.0,244.0,244.93333333333334
2023-02-20,MBA13,240,2023,2,20,0,51,0,0,0,211.0,267.0,244.0,245.57142857142858,244.03333333333333
2023-02-21,MBA13,312,2023,2,21,1,52,0,0,0,240.0,279.0,263.0,241.71428571428572,245.16666666666666
2023-02-22,MBA13,267,2023,2,22,2,53,0,0,0,312.0,285.0,264.0,246.42857142857142,248.53333333333333
2023-02-23,MBA13,300,2023,2,23,3,54,0,0,0,267.0,228.0,249.0,243.85714285714286,246.73333333333332
2023-02-24,MBA13,265,2023,2,24,4,55,0,0,0,300.0,215.0,283.0,254.14285714285714,247.0
2023-02-25,MBA13,254,2023,2,25,5,56,1,0,0,265.0,234.0,177.0,261.2857142857143,247.7
2023-02-26,MBA13,246,2023,2,26,6,57,1,0,0,254.0,211.0,200.0,264.14285714285717,248.36666666666667
2023-02-27,MBA13,255,2023,2,27,0,58,0,0,0,246.0,240.0,267.0,269.14285714285717,247.3
2023-02-28,MBA13,294,2023,2,28,1,59,0,0,0,255.0,312.0,279.0,271.2857142857143,250.1
2023-03-01,MBA13,284,2023,3,1,2,60,0,0,0,294.0,267.0,285.0,268.7142857142857,251.66666666666666
2023-03-02,MBA13,307,2023,3,2,3,61,0,0,0,284.0,300.0,228.0,271.14285714285717,251.13333333333333
2023-03-03,MBA13,233,2023,3,3,4,62,0,0,0,307.0,265.0,215.0,272.14285714285717,253.1
2023-03-04,MBA13,220,2023,3,4,5,63,1,0,0,233.0,254.0,234.0,267.57142857142856,253.9
2023-03-05,MBA13,229,2023,3,5,6,64,1,0,0,220.0,246.0,211.0,262.7142857142857,251.06666666666666
2023-03-06,MBA13,208,2023,3,6,0,65,0,0,0,229.0,255.0,240.0,260.2857142857143,250.06666666666666
2023-03-07,MBA13,226,2023,3,7,1,66,0,0,0,208.0,294.0,312.0,253.57142857142858,249.23333333333332
2023-03-08,MBA13,199,2023,3,8,2,67,0,0,0,226.0,284.0,267.0,243.85714285714286,251.3
2023-03-09,MBA13,255,2023,3,9,3,68,0,0,0,199.0,307.0,300.0,231.71428571428572,249.8
2023-03-10,MBA13,286,2023,3,10,4,69,0,0,0,255.0,233.0,265.0,224.28571428571428,249.53333333333333
2023-03-11,MBA13,240,2023,3,11,5,70,1,0,0,286.0,220.0,254.0,231.85714285714286,250.26666666666668
2023-03-12,MBA13,206,2023,3,12,6,71,1,0,0,240.0,229.0,246.0,234.71428571428572,249.96666666666667
2023-03-13,MBA13,315,2023,3,13,0,72,0,0,0,206.0,208.0,255.0,231.42857142857142,247.4
2023-03-14,MBA13,220,2023,3,14,1,73,0,0,0,315.0,226.0,294.0,246.71428571428572,252.0
2023-03-15,MBA13,210,2023,3,15,2,74,0,0,0,220.0,199.0,284.0,245.85714285714286,252.66666666666666
2023-03-16,MBA13,262,2023,3,16,3,75,0,0,0,210.0,255.0,307.0,247.42857142857142,250.76666666666668
2023-03-17,MBA13,276,2023,3,17,4,76,0,0,0,262.0,286.0,233.0,248.42857142857142,250.2
2023-03-18,MBA13,203,2023,3,18,5,77,1,0,0,276.0,240.0,220.0,247.0,249.9
2023-03-19,MBA13,153,2023,3,19,6,78,1,0,0,203.0,206.0,229.0,241.71428571428572,249.06666666666666
2023-03-20,MBA13,261,2023,3,20,0,79,0,0,0,153.0,315.0,208.0,234.14285714285714,247.0
2023-03-21,MBA13,223,2023,3,21,1,80,0,0,0,261.0,220.0,226.0,226.42857142857142,247.9
2023-03-22,MBA13,285,2023,3,22,2,81,0,0,0,223.0,210.0,199.0,226.85714285714286,248.3
2023-03-23,MBA13,276,2023,3,23,3,82,0,0,0,285.0,262.0,255.0,237.57142857142858,249.8
2023-03-24,MBA13,234,2023,3,24,4,83,0,0,0,276.0,276.0,286.0,239.57142857142858,248.6
2023-03-25,MBA13,191,2023,3,25,5,84,1,0,0,234.0,203.0,240.0,233.57142857142858,247.5
2023-03-26,MBA13,178,2023,3,26,6,85,1,0,0,191.0,153.0,206.0,231.85714285714286,243.86666666666667
2023-03-27,MBA13,262,2023,3,27,0,86,0,0,0,178.0,261.0,315.0,235.42857142857142,240.96666666666667
2023-03-28,MBA13,294,2023,3,28,1,87,0,0,0,262.0,223.0,220.0,235.57142857142858,241.23333333333332
2023-03-29,MBA13,233,2023,3,29,2,88,0,0,0,294.0,285.0,210.0,245.71428571428572,242.83333333333334
2023-03-30,MBA13,280,2023,3,30,3,89,0,0,0,233.0,276.0,262.0,238.28571428571428,242.1
2023-03-31,MBA13,247,2023,3,31,4,90,0,0,0,280.0,234.0,276.0,238.85714285714286,241.63333333333333
2023-04-01,MBA13,185,2023,4,1,5,91,1,0,0,247.0,191.0,203.0,240.71428571428572,240.4
2023-04-02,MBA13,202,2023,4,2,6,92,1,0,0,185.0,178.0,153.0,239.85714285714286,236.33333333333334
2023-04-03,MBA13,231,2023,4,3,0,93,0,0,0,202.0,262.0,261.0,243.28571428571428,235.3
2023-04-04,MBA13,247,2023,4,4,1,94,0,0,0,231.0,294.0,223.0,238.85714285714286,235.66666666666666
2023-04-05,MBA13,226,2023,4,5,2,95,0,0,0,247.0,233.0,285.0,232.14285714285714,236.26666666666668
2023-04-06,MBA13,327,2023,4,6,3,96,0,0,0,226.0,280.0,276.0,231.14285714285714,236.86666666666667
2023-04-07,MBA13,266,2023,4,7,4,97,0,0,0,327.0,247.0,234.0,237.85714285714286,240.23333333333332
2023-04-08,MBA13,187,2023,4,8,5,98,1,0,0,266.0,185.0,191.0,240.57142857142858,242.46666666666667
2023-04-09,MBA13,210,2023,4,9,6,99,1,0,0,187.0,202.0,178.0,240.85714285714286,240.2
2023-04-10,MBA13,261,2023,4,10,0,100,0,0,0,210.0,231.0,262.0,242.0,237.66666666666666
2023-04-11,MBA13,258,2023,4,11,1,101,0,0,0,261.0,247.0,294.0,246.28571428571428,238.36666666666667
2023-04-12,MBA13,284,2023,4,12,2,102,0,0,0,258.0,226.0,233.0,247.85714285714286,240.1
2023-04-13,MBA13,289,2023,4,13,3,103,0,0,0,284.0,327.0,280.0,256.14285714285717,239.06666666666666
2023-04-14,MBA13,248,2023,4,14,4,104,0,0,0,289.0,266.0,247.0,250.71428571428572,241.36666666666667
2023-04-15,MBA13,190,2023,4,15,5,105,1,0,0,248.0,187.0,185.0,248.14285714285714,242.63333333333333
2023-04-16,MBA13,198,2023,4,16,6,106,1,0,0,190.0,210.0,202.0,248.57142857142858,240.23333333333332
2023-04-17,MBA13,192,2023,4,17,0,107,0,0,0,198.0,261.0,231.0,246.85714285714286,237.63333333333333
2023-04-18,MBA13,217,2023,4,18,1,108,0,0,0,192.0,258.0,247.0,237.0,237.26666666666668
2023-04-19,MBA13,308,2023,4,19,2,109,0,0,0,217.0,284.0,226.0,231.14285714285714,239.4
2023-04-20,MBA13,317,2023,4,20,3,110,0,0,0,308.0,289.0,327.0,234.57142857142858,240.96666666666667
2023-04-21,MBA13,257,2023,4,21,4,111,0,0,0,317.0,248.0,266.0,238.57142857142858,244.1
2023-04-22,MBA13,219,2023,4,22,5,112,1,0,0,257.0,190.0,187.0,239.85714285714286,243.16666666666666
2023-04-23,MBA13,212,2023,4,23,6,113,1,0,0,219.0,198.0,210.0,244.0,241.26666666666668
2023-04-24,MBA13,363,2023,4,24,0,114,0,0,0,212.0,192.0,261.0,246.0,240.53333333333333
2023-04-25,MBA13,301,2023,4,25,1,115,0,0,0,363.0,217.0,258.0,270.42857142857144,246.26666666666668
2023-04-26,MBA13,261,2023,4,26,2,116,0,0,0,301.0,308.0,284.0,282.42857142857144,250.36666666666667
2023-04-27,MBA13,235,2023,4,27,3,117,0,0,0,261.0,317.0,289.0,275.7142857142857,250.33333333333334
2023-04-28,MBA13,214,2023,4,28,4,118,0,0,0,235.0,257.0,248.0,264.0,248.36666666666667
2023-04-29,MBA13,210,2023,4,29,5,119,1,0,0,214.0,219.0,190.0,257.85714285714283,247.73333333333332
2023-04-30,MBA13,186,2023,4,30,6,120,1,0,0,210.0,212.0,198.0,256.57142857142856,245.4
2023-05-01,MBA13,220,2023,5,1,0,121,0,0,0,186.0,363.0,192.0,252.85714285714286,243.36666666666667
2023-05-02,MBA13,245,2023,5,2,1,122,0,0,0,220.0,301.0,217.0,232.42857142857142,244.53333333333333
2023-05-03,MBA13,231,2023,5,3,2,123,0,0,0,245.0,261.0,308.0,224.42857142857142,245.96666666666667
2023-05-04,MBA13,319,2023,5,4,3,124,0,0,0,231.0,235.0,317.0,220.14285714285714,245.96666666666667
2023-05-05,MBA13,293,2023,5,5,4,125,0,0,0,319.0,214.0,257.0,232.14285714285714,248.36666666666667
2023-05-06,MBA13,205,2023,5,6,5,126,1,0,0,293.0,210.0,219.0,243.42857142857142,250.6
2023-05-07,MBA13,242,2023,5,7,6,127,1,0,0,205.0,186.0,212.0,242.71428571428572,246.53333333333333
2023-05-08,MBA13,268,2023,5,8,0,128,0,0,0,242.0,220.0,363.0,250.71428571428572,245.73333333333332
2023-05-09,MBA13,238,2023,5,9,1,129,0,0,0,268.0,245.0,301.0,257.57142857142856,248.43333333333334
2023-05-10,MBA13,314,2023,5,10,2,130,0,0,0,238.0,231.0,261.0,256.57142857142856,249.36666666666667
2023-05-11,MBA13,283,2023,5,11,3,131,0,0,0,314.0,319.0,235.0,268.42857142857144,251.13333333333333
2023-05-12,MBA13,233,2023,5,12,4,132,0,0,0,283.0,293.0,214.0,263.2857142857143,251.96666666666667
2023-05-13,MBA13,201,2023,5,13,5,133,1,0,0,233.0,205.0,210.0,254.71428571428572,250.26666666666668
2023-05-14,MBA13,185,2023,5,14,6,134,1,0,0,201.0,242.0,186.0,254.14285714285714,247.33333333333334
2023-05-15,MBA13,223,2023,5,15,0,135,0,0,0,185.0,268.0,220.0,246.0,245.23333333333332
2023-05-16,MBA13,298,2023,5,16,1,136,0,0,0,223.0,238.0,245.0,239.57142857142858,246.33333333333334
2023-05-17,MBA13,330,2023,5,17,2,137,0,0,0,298.0,314.0,231.0,248.14285714285714,249.66666666666666
2023-05-18,MBA13,224,2023,5,18,3,138,0,0,0,330.0,283.0,319.0,250.42857142857142,254.26666666666668
2023-05-19,MBA13,288,2023,5,19,4,139,0,0,0,224.0,233.0,293.0,242.0,254.5
2023-05-20,MBA13,193,2023,5,20,5,140,1,0,0,288.0,201.0,205.0,249.85714285714286,253.83333333333334
2023-05-21,MBA13,198,2023,5,21,6,141,1,0,0,193.0,185.0,242.0,248.71428571428572,249.7
2023-05-22,MBA13,254,2023,5,22,0,142,0,0,0,198.0,223.0,268.0,250.57142857142858,247.73333333333332
2023-05-23,MBA13,247,2023,5,23,1,143,0,0,0,254.0,298.0,238.0,255.0,248.9
2023-05-24,MBA13,278,2023,5,24,2,144,0,0,0,247.0,330.0,314.0,247.71428571428572,250.06666666666666
2023-05-25,MBA13,251,2023,5,25,3,145,0,0,0,278.0,224.0,283.0,240.28571428571428,247.23333333333332
2023-05-26,MBA13,290,2023,5,26,4,146,0,0,0,251.0,288.0,233.0,244.14285714285714,245.56666666666666
2023-05-27,MBA13,217,2023,5,27,5,147,1,0,0,290.0,193.0,201.0,244.42857142857142,246.53333333333333
2023-05-28,MBA13,214,2023,5,28,6,148,1,0,0,217.0,198.0,185.0,247.85714285714286,245.93333333333334
2023-05-29,MBA13,256,2023,5,29,0,149,0,0,0,214.0,254.0,223.0,250.14285714285714,245.93333333333334
2023-05-30,MBA13,270,2023,5,30,1,150,0,0,0,256.0,247.0,298.0,250.42857142857142,247.46666666666667
2023-05-31,MBA13,319,2023,5,31,2,151,0,0,0,270.0,278.0,330.0,253.71428571428572,250.26666666666668
2023-06-01,MBA13,313,2023,6,1,3,152,0,0,0,319.0,251.0,224.0,259.57142857142856,253.56666666666666
2023-06-02,MBA13,262,2023,6,2,4,153,0,0,0,313.0,290.0,288.0,268.42857142857144,255.83333333333334
2023-06-03,MBA13,234,2023,6,3,5,154,1,0,0,262.0,217.0,193.0,264.42857142857144,256.8666666666667
2023-06-04,MBA13,254,2023,6,4,6,155,1,0,0,234.0,214.0,198.0,266.85714285714283,254.03333333333333
2023-06-05,MBA13,242,2023,6,5,0,156,0,0,0,254.0,256.0,254.0,272.57142857142856,252.73333333333332
2023-06-06,MBA13,324,2023,6,6,1,157,0,0,0,242.0,270.0,247.0,270.57142857142856,253.96666666666667
2023-06-07,MBA13,281,2023,6,7,2,158,0,0,0,324.0,319.0,278.0,278.2857142857143,256.7
2023-06-08,MBA13,327,2023,6,8,3,159,0,0,0,281.0,313.0,251.0,272.85714285714283,257.1333333333333
2023-06-09,MBA13,278,2023,6,9,4,160,0,0,0,327.0,262.0,290.0,274.85714285714283,260.1
2023-06-10,MBA13,185,2023,6,10,5,161,1,0,0,278.0,234.0,217.0,277.14285714285717,258.9
2023-06-11,MBA13,190,2023,6,11,6,162,1,0,0,185.0,254.0,214.0,270.14285714285717,255.63333333333333
2023-06-12,MBA13,306,2023,6,12,0,163,0,0,0,190.0,242.0,256.0,261.0,254.2
2023-06-13,MBA13,313,2023,6,13,1,164,0,0,0,306.0,324.0,270.0,270.14285714285717,257.7
2023-06-14,MBA13,269,2023,6,14,2,165,0,0,0,313.0,281.0,319.0,268.57142857142856,261.96666666666664
2023-06-15,MBA13,323,2023,6,15,3,166,0,0,0,269.0,327.0,313.0,266.85714285714283,263.5
2023-06-16,MBA13,238,2023,6,16,4,167,0,0,0,323.0,278.0,262.0,266.2857142857143,264.3333333333333
2023-06-17,MBA13,227,2023,6,17,5,168,1,0,0,238.0,185.0,234.0,260.57142857142856,261.26666666666665
2023-06-18,MBA13,194,2023,6,18,6,169,1,0,0,227.0,190.0,254.0,266.57142857142856,261.3666666666667
2023-06-19,MBA13,268,2023,6,19,0,170,0,0,0,194.0,306.0,242.0,267.14285714285717,258.23333333333335
2023-06-20,MBA13,290,2023,6,20,1,171,0,0,0,268.0,313.0,324.0,261.7142857142857,260.73333333333335
2023-06-21,MBA13,257,2023,6,21,2,172,0,0,0,290.0,269.0,281.0,258.42857142857144,263.8
2023-06-22,MBA13,271,2023,6,22,3,173,0,0,0,257.0,323.0,327.0,256.7142857142857,263.9
2023-06-23,MBA13,316,2023,6,23,4,174,0,0,0,271.0,238.0,278.0,249.28571428571428,264.7
2023-06-24,MBA13,201,2023,6,24,5,175,1,0,0,316.0,227.0,185.0,260.42857142857144,265.96666666666664
2023-06-25,MBA13,237,2023,6,25,6,176,1,0,0,201.0,194.0,190.0,256.7142857142857,264.3
2023-06-26,MBA13,239,2023,6,26,0,177,0,0,0,237.0,268.0,306.0,262.85714285714283,262.53333333333336
2023-06-27,MBA13,293,2023,6,27,1,178,0,0,0,239.0,290.0,313.0,258.7142857142857,263.26666666666665
2023-06-28,MBA13,322,2023,6,28,2,179,0,0,0,293.0,257.0,269.0,259.14285714285717,265.9
2023-06-29,MBA13,192,2023,6,29,3,180,0,0,0,322.0,271.0,323.0,268.42857142857144,268.1
2023-06-30,MBA13,246,2023,6,30,4,181,0,0,0,192.0,316.0,238.0,257.14285714285717,265.5
2023-07-01,MBA13,225,2023,7,1,5,182,1,0,0,246.0,201.0,227.0,247.14285714285714,263.06666666666666
2023-07-02,MBA13,205,2023,7,2,6,183,1,0,0,225.0,237.0,194.0,250.57142857142858,260.1333333333333
2023-07-03,MBA13,283,2023,7,3,0,184,0,0,0,205.0,239.0,268.0,246.0,258.23333333333335
2023-07-04,MBA13,251,2023,7,4,1,185,0,0,0,283.0,293.0,290.0,252.28571428571428,259.8666666666667
2023-07-05,MBA13,274,2023,7,5,2,186,0,0,0,251.0,322.0,257.0,246.28571428571428,259.76666666666665
2023-07-06,MBA13,266,2023,7,6,3,187,0,0,0,274.0,192.0,271.0,239.42857142857142,260.8333333333333
2023-07-07,MBA13,309,2023,7,7,4,188,0,0,0,266.0,246.0,316.0,250.0,258.9
2023-07-08,MBA13,216,2023,7,8,5,189,1,0,0,309.0,225.0,201.0,259.0,259.8333333333333
2023-07-09,MBA13,218,2023,7,9,6,190,1,0,0,216.0,205.0,237.0,257.7142857142857,256.1333333333333
2023-07-10,MBA13,259,2023,7,10,0,191,0,0,0,218.0,283.0,239.0,259.57142857142856,254.13333333333333
2023-07-11,MBA13,257,2023,7,11,1,192,0,0,0,259.0,251.0,293.0,256.14285714285717,256.6
2023-07-12,MBA13,259,2023,7,12,2,193,0,0,0,257.0,274.0,322.0,257.0,258.8333333333333
2023-07-13,MBA13,287,2023,7,13,3,194,0,0,0,259.0,266.0,192.0,254.85714285714286,257.26666666666665
2023-07-14,MBA13,261,2023,7,14,4,195,0,0,0,287.0,309.0,246.0,257.85714285714283,256.4
2023-07-15,MBA13,220,2023,7,15,5,196,1,0,0,261.0,216.0,225.0,251.0,256.1333333333333
2023-07-16,MBA13,267,2023,7,16,6,197,1,0,0,220.0,218.0,205.0,251.57142857142858,252.7
2023-07-17,MBA13,307,2023,7,17,0,198,0,0,0,267.0,259.0,283.0,258.57142857142856,253.66666666666666
2023-07-18,MBA13,268,2023,7,18,1,199,0,0,0,307.0,257.0,251.0,265.42857142857144,256.3333333333333
2023-07-19,MBA13,320,2023,7,19,2,200,0,0,0,268.0,259.0,274.0,267.0,258.8
2023-07-20,MBA13,268,2023,7,20,3,201,0,0,0,320.0,287.0,266.0,275.7142857142857,260.53333333333336
2023-07-21,MBA13,214,2023,7,21,4,202,0,0,0,268.0,261.0,309.0,273.0,259.8
2023-07-22,MBA13,193,2023,7,22,5,203,1,0,0,214.0,220.0,216.0,266.2857142857143,258.3666666666667
2023-07-23,MBA13,171,2023,7,23,6,204,1,0,0,193.0,267.0,218.0,262.42857142857144,255.76666666666668
2023-07-24,MBA13,276,2023,7,24,0,205,0,0,0,171.0,307.0,259.0,248.71428571428572,250.93333333333334
2023-07-25,MBA13,290,2023,7,25,1,206,0,0,0,276.0,268.0,257.0,244.28571428571428,253.43333333333334
2023-07-26,MBA13,350,2023,7,26,2,207,0,0,0,290.0,320.0,259.0,247.42857142857142,255.2
2023-07-27,MBA13,305,2023,7,27,3,208,0,0,0,350.0,268.0,287.0,251.71428571428572,258.9
2023-07-28,MBA13,288,2023,7,28,4,209,0,0,0,305.0,214.0,261.0,257.0,259.3
2023-07-29,MBA13,253,2023,7,29,5,210,1,0,0,288.0,193.0,220.0,267.57142857142856,258.1666666666667
2023-07-30,MBA13,171,2023,7,30,6,211,1,0,0,253.0,171.0,267.0,276.14285714285717,260.2
2023-07-31,MBA13,311,2023,7,31,0,212,0,0,0,171.0,276.0,307.0,276.14285714285717,257.7
2023-08-01,MBA13,334,2023,8,1,1,213,0,1,0,311.0,290.0,268.0,281.14285714285717,260.56666666666666
2023-08-02,MBA13,253,2023,8,2,2,214,0,1,0,334.0,350.0,320.0,287.42857142857144,264.8666666666667
2023-08-03,MBA13,353,2023,8,3,3,215,0,1,0,253.0,305.0,268.0,273.57142857142856,263.8666666666667
2023-08-04,MBA13,326,2023,8,4,4,216,0,1,0,353.0,288.0,214.0,280.42857142857144,267.26666666666665
2023-08-05,MBA13,232,2023,8,5,5,217,1,1,0,326.0,253.0,193.0,285.85714285714283,269.0
2023-08-06,MBA13,265,2023,8,6,6,218,1,1,0,232.0,171.0,171.0,282.85714285714283,267.8666666666667
2023-08-07,MBA13,410,2023,8,7,0,219,0,1,0,265.0,311.0,276.0,296.2857142857143,266.4
2023-08-08,MBA13,332,2023,8,8,1,220,0,1,0,410.0,334.0,290.0,310.42857142857144,272.8666666666667
2023-08-09,MBA13,337,2023,8,9,2,221,0,1,0,332.0,253.0,350.0,310.14285714285717,276.6666666666667
2023-08-10,MBA13,312,2023,8,10,3,222,0,1,0,337.0,353.0,305.0,322.14285714285717,279.26666666666665
2023-08-11,MBA13,299,2023,8,11,4,223,0,1,0,312.0,326.0,288.0,316.2857142857143,281.1
2023-08-12,MBA13,286,2023,8,12,5,224,1,1,0,299.0,232.0,253.0,312.42857142857144,282.43333333333334
2023-08-13,MBA13,235,2023,8,13,6,225,1,1,0,286.0,265.0,171.0,320.14285714285717,282.4
2023-08-14,MBA13,345,2023,8,14,0,226,0,1,0,235.0,410.0,311.0,315.85714285714283,281.53333333333336
2023-08-15,MBA13,324,2023,8,15,1,227,0,1,0,345.0,332.0,334.0,306.57142857142856,285.7
2023-08-16,MBA13,367,2023,8,16,2,228,0,1,0,324.0,337.0,253.0,305.42857142857144,287.6
2023-08-17,MBA13,363,2023,8,17,3,229,0,1,0,367.0,312.0,353.0,309.7142857142857,289.6
2023-08-18,MBA13,395,2023,8,18,4,230,0,1,0,363.0,299.0,326.0,317.0,292.76666666666665
2023-08-19,MBA13,256,2023,8,19,5,231,1,1,0,395.0,286.0,232.0,330.7142857142857,295.26666666666665
2023-08-20,MBA13,265,2023,8,20,6,232,1,1,0,256.0,235.0,265.0,326.42857142857144,294.8666666666667
2023-08-21,MBA13,315,2023,8,21,0,233,0,1,0,265.0,345.0,410.0,330.7142857142857,296.56666666666666
2023-08-22,MBA13,339,2023,8,22,1,234,0,1,0,315.0,324.0,332.0,326.42857142857144,300.6333333333333
2023-08-23,MBA13,376,2023,8,23,2,235,0,1,0,339.0,367.0,337.0,328.57142857142856,306.23333333333335
2023-08-24,MBA13,393,2023,8,24,3,236,0,1,0,376.0,363.0,312.0,329.85714285714283,309.56666666666666
2023-08-25,MBA13,321,2023,8,25,4,237,0,1,0,393.0,395.0,299.0,334.14285714285717,313.0
2023-08-26,MBA13,309,2023,8,26,5,238,1,1,0,321.0,256.0,286.0,323.57142857142856,312.03333333333336
2023-08-27,MBA13,326,2023,8,27,6,239,1,1,0,309.0,265.0,235.0,331.14285714285717,312.1666666666667
2023-08-28,MBA13,381,2023,8,28,0,240,0,1,0,326.0,315.0,345.0,339.85714285714283,313.43333333333334
2023-08-29,MBA13,444,2023,8,29,1,241,0,1,0,381.0,339.0,324.0,349.2857142857143,317.7
2023-08-30,MBA13,329,2023,8,30,2,242,0,1,0,444.0,376.0,367.0,364.2857142857143,326.8
2023-08-31,MBA13,308,2023,8,31,3,243,0,1,0,329.0,393.0,363.0,357.57142857142856,327.4
2023-09-01,MBA13,284,2023,9,1,4,244,0,1,0,308.0,321.0,395.0,345.42857142857144,326.53333333333336
2023-09-02,MBA13,328,2023,9,2,5,245,1,1,0,284.0,309.0,256.0,340.14285714285717,327.56666666666666
2023-09-03,MBA13,299,2023,9,3,6,246,1,1,0,328.0,326.0,265.0,342.85714285714283,326.73333333333335
2023-09-04,MBA13,355,2023,9,4,0,247,0,1,0,299.0,381.0,315.0,339.0,325.8333333333333
2023-09-05,MBA13,368,2023,9,5,1,248,0,1,0,355.0,444.0,339.0,335.2857142857143,329.93333333333334
2023-09-06,MBA13,306,2023,9,6,2,249,0,1,0,368.0,329.0,376.0,324.42857142857144,333.3666666666667
2023-09-07,MBA13,455,2023,9,7,3,250,0,1,0,306.0,308.0,393.0,321.14285714285717,329.9
2023-09-08,MBA13,355,2023,9,8,4,251,0,1,0,455.0,284.0,321.0,342.14285714285717,334.0
2023-09-09,MBA13,272,2023,9,9,5,252,1,1,0,355.0,328.0,309.0,352.2857142857143,334.6
2023-09-10,MBA13,290,2023,9,10,6,253,1,1,0,272.0,299.0,326.0,344.2857142857143,333.26666666666665
2023-09-11,MBA13,362,2023,9,11,0,254,0,1,0,290.0,355.0,381.0,343.0,332.96666666666664
2023-09-12,MBA13,349,2023,9,12,1,255,0,1,0,362.0,368.0,444.0,344.0,335.5
2023-09-13,MBA13,305,2023,9,13,2,256,0,1,0,349.0,306.0,329.0,341.2857142857143,339.3
2023-09-14,MBA13,354,2023,9,14,3,257,0,1,0,305.0,455.0,308.0,341.14285714285717,337.96666666666664
2023-09-15,MBA13,407,2023,9,15,4,258,0,1,0,354.0,355.0,284.0,326.7142857142857,338.96666666666664
2023-09-16,MBA13,295,2023,9,16,5,259,1,1,0,407.0,272.0,328.0,334.14285714285717,340.3
2023-09-17,MBA13,300,2023,9,17,6,260,1,1,0,295.0,290.0,299.0,337.42857142857144,338.03333333333336
2023-09-18,MBA13,304,2023,9,18,0,261,0,1,0,300.0,362.0,355.0,338.85714285714283,334.8666666666667
2023-09-19,MBA13,283,2023,9,19,1,262,0,1,0,304.0,349.0,368.0,330.57142857142856,336.46666666666664
2023-09-20,MBA13,313,2023,9,20,2,263,0,1,0,283.0,305.0,306.0,321.14285714285717,337.06666666666666
2023-09-21,MBA13,317,2023,9,21,3,264,0,1,0,313.0,354.0,455.0,322.2857142857143,337.0
2023-09-22,MBA13,353,2023,9,22,4,265,0,1,0,317.0,407.0,355.0,317.0,336.26666666666665
2023-09-23,MBA13,191,2023,9,23,5,266,1,1,0,353.0,295.0,272.0,309.2857142857143,335.5
2023-09-24,MBA13,281,2023,9,24,6,267,1,1,0,191.0,300.0,290.0,294.42857142857144,328.76666666666665
2023-09-25,MBA13,299,2023,9,25,0,268,0,1,0,281.0,304.0,362.0,291.7142857142857,327.43333333333334
2023-09-26,MBA13,287,2023,9,26,1,269,0,1,0,299.0,283.0,349.0,291.0,327.1
2023-09-27,MBA13,264,2023,9,27,2,270,0,1,0,287.0,313.0,305.0,291.57142857142856,325.8
2023-09-28,MBA13,239,2023,9,28,3,271,0,1,0,264.0,317.0,354.0,284.57142857142856,321.9
2023-09-29,MBA13,325,2023,9,29,4,272,0,1,0,239.0,353.0,407.0,273.42857142857144,315.06666666666666
2023-09-30,MBA13,229,2023,9,30,5,273,1,1,0,325.0,191.0,295.0,269.42857142857144,314.93333333333334
2023-10-01,MBA13,206,2023,10,1,6,274,1,0,0,229.0,281.0,300.0,274.85714285714283,312.3
2023-10-02,MBA13,272,2023,10,2,0,275,0,0,0,206.0,299.0,304.0,264.14285714285717,309.7
2023-10-03,MBA13,318,2023,10,3,1,276,0,0,0,272.0,287.0,283.0,260.2857142857143,307.8333333333333
2023-10-04,MBA13,411,2023,10,4,2,277,0,0,0,318.0,264.0,313.0,264.7142857142857,308.46666666666664
2023-10-05,MBA13,343,2023,10,5,3,278,0,0,0,411.0,239.0,317.0,285.7142857142857,310.3333333333333
2023-10-06,MBA13,300,2023,10,6,4,279,0,0,0,343.0,325.0,353.0,300.57142857142856,309.5
2023-10-07,MBA13,283,2023,10,7,5,280,1,0,0,300.0,229.0,191.0,297.0,309.3
2023-10-08,MBA13,288,2023,10,8,6,281,1,0,0,283.0,206.0,281.0,304.7142857142857,303.56666666666666
2023-10-09,MBA13,264,2023,10,9,0,282,0,0,0,288.0,272.0,299.0,316.42857142857144,301.3333333333333
2023-10-10,MBA13,388,2023,10,10,1,283,0,0,0,264.0,318.0,287.0,315.2857142857143,301.06666666666666
2023-10-11,MBA13,377,2023,10,11,2,284,0,0,0,388.0,411.0,264.0,325.2857142857143,304.3333333333333
2023-10-12,MBA13,412,2023,10,12,3,285,0,0,0,377.0,343.0,239.0,320.42857142857144,304.8333333333333
2023-10-13,MBA13,451,2023,10,13,4,286,0,0,0,412.0,300.0,325.0,330.2857142857143,306.93333333333334
2023-10-14,MBA13,313,2023,10,14,5,287,1,0,0,451.0,283.0,229.0,351.85714285714283,311.8
2023-10-15,MBA13,256,2023,10,15,6,288,1,0,0,313.0,288.0,206.0,356.14285714285717,310.43333333333334
2023-10-16,MBA13,285,2023,10,16,0,289,0,0,0,256.0,264.0,272.0,351.57142857142856,305.4
2023-10-17,MBA13,414,2023,10,17,1,290,0,0,0,285.0,388.0,318.0,354.57142857142856,305.06666666666666
2023-10-18,MBA13,307,2023,10,18,2,291,0,0,0,414.0,377.0,411.0,358.2857142857143,308.8666666666667
2023-10-19,MBA13,296,2023,10,19,3,292,0,0,0,307.0,412.0,343.0,348.2857142857143,308.96666666666664
2023-10-20,MBA13,288,2023,10,20,4,293,0,0,0,296.0,451.0,300.0,331.7142857142857,309.4
2023-10-21,MBA13,217,2023,10,21,5,294,1,0,0,288.0,313.0,283.0,308.42857142857144,308.56666666666666
2023-10-22,MBA13,208,2023,10,22,6,295,1,0,0,217.0,256.0,288.0,294.7142857142857,305.23333333333335
2023-10-23,MBA13,255,2023,10,23,0,296,0,0,0,208.0,285.0,264.0,287.85714285714283,300.4
2023-10-24,MBA13,256,2023,10,24,1,297,0,0,0,255.0,414.0,388.0,283.57142857142856,302.53333333333336
2023-10-25,MBA13,273,2023,10,25,2,298,0,0,0,256.0,307.0,377.0,261.0,301.7
2023-10-26,MBA13,257,2023,10,26,3,299,0,0,0,273.0,296.0,412.0,256.14285714285717,300.8333333333333
2023-10-27,MBA13,252,2023,10,27,4,300,0,0,0,257.0,288.0,451.0,250.57142857142858,299.8333333333333
2023-10-28,MBA13,216,2023,10,28,5,301,1,0,0,252.0,217.0,313.0,245.42857142857142,299.43333333333334
2023-10-29,MBA13,208,2023,10,29,6,302,1,0,0,216.0,208.0,256.0,245.28571428571428,298.6666666666667
2023-10-30,MBA13,328,2023,10,30,0,303,0,0,0,208.0,255.0,285.0,245.28571428571428,294.76666666666665
2023-10-31,MBA13,190,2023,10,31,1,304,0,0,0,328.0,256.0,414.0,255.71428571428572,298.06666666666666
2023-11-01,MBA13,317,2023,11,1,2,305,0,0,1,190.0,273.0,307.0,246.28571428571428,297.53333333333336
2023-11-02,MBA13,324,2023,11,2,3,306,0,0,1,317.0,257.0,296.0,252.57142857142858,299.03333333333336
2023-11-03,MBA13,213,2023,11,3,4,307,0,0,1,324.0,252.0,288.0,262.14285714285717,299.23333333333335
2023-11-04,MBA13,212,2023,11,4,5,308,1,0,1,213.0,216.0,217.0,256.57142857142856,292.6333333333333
2023-11-05,MBA13,213,2023,11,5,6,309,1,0,1,212.0,208.0,208.0,256.0,288.26666666666665
2023-11-06,MBA13,242,2023,11,6,0,310,0,0,1,213.0,328.0,255.0,256.7142857142857,285.3666666666667
2023-11-07,MBA13,266,2023,11,7,1,311,0,0,1,242.0,190.0,256.0,244.42857142857142,284.0
2023-11-08,MBA13,257,2023,11,8,2,312,0,0,1,266.0,317.0,273.0,255.28571428571428,283.26666666666665
2023-11-09,MBA13,363,2023,11,9,3,313,0,0,1,257.0,324.0,257.0,246.71428571428572,283.03333333333336
2023-11-10,MBA13,338,2023,11,10,4,314,0,0,1,363.0,213.0,252.0,252.28571428571428,282.2
2023-11-11,MBA13,274,2023,11,11,5,315,1,0,1,338.0,212.0,216.0,270.14285714285717,280.9
2023-11-12,MBA13,262,2023,11,12,6,316,1,0,1,274.0,213.0,208.0,279.0,276.3
2023-11-13,MBA13,274,2023,11,13,0,317,0,0,1,262.0,242.0,328.0,286.0,270.0
2023-11-14,MBA13,301,2023,11,14,1,318,0,0,1,274.0,266.0,190.0,290.57142857142856,268.7
2023-11-15,MBA13,346,2023,11,15,2,319,0,0,1,301.0,257.0,317.0,295.57142857142856,270.2
2023-11-16,MBA13,283,2023,11,16,3,320,0,0,1,346.0,363.0,324.0,308.2857142857143,272.23333333333335
2023-11-17,MBA13,367,2023,11,17,4,321,0,0,1,283.0,338.0,213.0,296.85714285714283,267.8666666666667
2023-11-18,MBA13,258,2023,11,18,5,322,1,0,1,367.0,274.0,212.0,301.0,269.8666666666667
2023-11-19,MBA13,258,2023,11,19,6,323,1,0,1,258.0,262.0,213.0,298.7142857142857,268.6
2023-11-20,MBA13,386,2023,11,20,0,324,0,0,1,258.0,274.0,242.0,298.14285714285717,267.6
2023-11-21,MBA13,381,2023,11,21,1,325,0,0,1,386.0,301.0,266.0,314.14285714285717,273.23333333333335
2023-11-22,MBA13,352,2023,11,22,2,326,0,0,1,381.0,346.0,257.0,325.57142857142856,279.0
2023-11-23,MBA13,425,2023,11,23,3,327,0,0,1,352.0,283.0,363.0,326.42857142857144,282.23333333333335
2023-11-24,MBA13,330,2023,11,24,4,328,0,0,1,425.0,367.0,338.0,346.7142857142857,287.8666666666667
2023-11-25,MBA13,320,2023,11,25,5,329,1,0,1,330.0,258.0,274.0,341.42857142857144,289.76666666666665
2023-11-26,MBA13,323,2023,11,26,6,330,1,0,1,320.0,258.0,262.0,350.2857142857143,291.8666666666667
2023-11-27,MBA13,381,2023,11,27,0,331,0,0,1,323.0,386.0,274.0,359.57142857142856,294.23333333333335
2023-11-28,MBA13,416,2023,11,28,1,332,0,0,1,381.0,381.0,301.0,358.85714285714283,299.73333333333335
2023-11-29,MBA13,344,2023,11,29,2,333,0,0,1,416.0,352.0,346.0,363.85714285714283,306.6666666666667
2023-11-30,MBA13,454,2023,11,30,3,334,0,0,1,344.0,425.0,283.0,362.7142857142857,307.2
2023-12-01,MBA13,403,2023,12,1,4,335,0,0,1,454.0,330.0,367.0,366.85714285714283,316.0
2023-12-02,MBA13,301,2023,12,2,5,336,1,0,1,403.0,320.0,258.0,377.2857142857143,318.8666666666667
2023-12-03,MBA13,363,2023,12,3,6,337,1,0,1,301.0,323.0,258.0,374.57142857142856,318.1
2023-12-04,MBA13,384,2023,12,4,0,338,0,0,1,363.0,381.0,386.0,380.2857142857143,323.1
2023-12-05,MBA13,349,2023,12,5,1,339,0,0,1,384.0,416.0,381.0,380.7142857142857,328.8333333333333
2023-12-06,MBA13,342,2023,12,6,2,340,0,0,1,349.0,344.0,352.0,371.14285714285717,333.3666666666667
2023-12-07,MBA13,451,2023,12,7,3,341,0,0,1,342.0,454.0,425.0,370.85714285714283,336.7
2023-12-08,MBA13,355,2023,12,8,4,342,0,0,1,451.0,403.0,330.0,370.42857142857144,342.8666666666667
2023-12-09,MBA13,391,2023,12,9,5,343,1,0,1,355.0,301.0,320.0,363.57142857142856,346.1333333333333
2023-12-10,MBA13,241,2023,12,10,6,344,1,0,1,391.0,363.0,323.0,376.42857142857144,347.06666666666666
2023-12-11,MBA13,497,2023,12,11,0,345,0,0,1,241.0,384.0,381.0,359.0,343.8333333333333
2023-12-12,MBA13,420,2023,12,12,1,346,0,0,1,497.0,349.0,416.0,375.14285714285717,351.26666666666665
2023-12-13,MBA13,401,2023,12,13,2,347,0,0,1,420.0,342.0,344.0,385.2857142857143,356.53333333333336
2023-12-14,MBA13,375,2023,12,14,3,348,0,0,1,401.0,451.0,454.0,393.7142857142857,360.76666666666665
2023-12-15,MBA13,416,2023,12,15,4,349,0,0,1,375.0,355.0,403.0,382.85714285714283,363.23333333333335
2023-12-16,MBA13,301,2023,12,16,5,350,1,0,1,416.0,391.0,301.0,391.57142857142856,365.56666666666666
2023-12-17,MBA13,338,2023,12,17,6,351,1,0,1,301.0,241.0,363.0,378.7142857142857,366.1666666666667
2023-12-18,MBA13,386,2023,12,18,0,352,0,0,1,338.0,497.0,384.0,392.57142857142856,365.2
2023-12-19,MBA13,381,2023,12,19,1,353,0,0,1,386.0,420.0,349.0,376.7142857142857,369.46666666666664
2023-12-20,MBA13,352,2023,12,20,2,354,0,0,1,381.0,401.0,342.0,371.14285714285717,373.56666666666666
2023-12-21,MBA13,360,2023,12,21,3,355,0,0,1,352.0,375.0,451.0,364.14285714285717,372.43333333333334
2023-12-22,MBA13,370,2023,12,22,4,356,0,0,1,360.0,416.0,355.0,362.0,371.73333333333335
2023-12-23,MBA13,215,2023,12,23,5,357,1,0,1,370.0,301.0,391.0,355.42857142857144,372.3333333333333
2023-12-24,MBA13,223,2023,12,24,6,358,1,0,1,215.0,338.0,241.0,343.14285714285717,365.3333333333333
2023-12-25,MBA13,369,2023,12,25,0,359,0,0,1,223.0,386.0,497.0,326.7142857142857,361.76666666666665
2023-12-26,MBA13,340,2023,12,26,1,360,0,0,1,369.0,381.0,420.0,324.2857142857143,363.4
2023-12-27,MBA13,321,2023,12,27,2,361,0,0,1,340.0,352.0,401.0,318.42857142857144,363.96666666666664
2023-12-28,MBA13,324,2023,12,28,3,362,0,0,1,321.0,360.0,375.0,314.0,361.96666666666664
2023-12-29,MBA13,332,2023,12,29,4,363,0,0,1,324.0,370.0,416.0,308.85714285714283,358.9
2023-12-30,MBA13,227,2023,12,30,5,364,1,0,1,332.0,215.0,301.0,303.42857142857144,358.5
2023-12-31,MBA13,217,2023,12,31,6,365,1,0,1,227.0,223.0,338.0,305.14285714285717,350.93333333333334
2024-01-01,MBA13,279,2024,1,1,0,1,0,0,0,217.0,369.0,386.0,304.2857142857143,344.73333333333335
2024-01-02,MBA13,240,2024,1,2,1,2,0,0,0,279.0,340.0,381.0,291.42857142857144,344.0
2024-01-03,MBA13,286,2024,1,3,2,3,0,0,0,240.0,321.0,352.0,277.14285714285717,339.9
2024-01-04,MBA13,217,2024,1,4,3,4,0,0,0,286.0,324.0,360.0,272.14285714285717,336.6333333333333
2024-01-05,MBA13,306,2024,1,5,4,5,0,0,0,217.0,332.0,370.0,256.85714285714283,332.23333333333335
2024-01-06,MBA13,222,2024,1,6,5,6,1,0,0,306.0,227.0,215.0,253.14285714285714,331.03333333333336
2024-01-07,MBA13,217,2024,1,7,6,7,1,0,0,222.0,217.0,223.0,252.42857142857142,323.4
2024-01-08,MBA13,305,2024,1,8,0,8,0,0,0,217.0,279.0,369.0,252.42857142857142,318.8
2024-01-09,MBA13,327,2024,1,9,1,9,0,0,0,305.0,240.0,340.0,256.14285714285717,315.93333333333334
2024-01-10,MBA13,306,2024,1,10,2,10,0,0,0,327.0,286.0,321.0,268.57142857142856,318.8
2024-01-11,MBA13,212,2024,1,11,3,11,0,0,0,306.0,217.0,324.0,271.42857142857144,312.43333333333334
2024-01-12,MBA13,231,2024,1,12,4,12,0,0,0,212.0,306.0,332.0,270.7142857142857,305.5
2024-01-13,MBA13,195,2024,1,13,5,13,1,0,0,231.0,222.0,227.0,260.0,299.8333333333333
2024-01-14,MBA13,211,2024,1,14,6,14,1,0,0,195.0,217.0,217.0,256.14285714285717,293.8333333333333
2024-01-15,MBA13,290,2024,1,15,0,15,0,0,0,211.0,305.0,279.0,255.28571428571428,287.0
2024-01-16,MBA13,249,2024,1,16,1,16,0,0,0,290.0,327.0,240.0,253.14285714285714,286.6333333333333
2024-01-17,MBA13,279,2024,1,17,2,17,0,0,0,249.0,306.0,286.0,242.0,283.6666666666667
2024-01-18,MBA13,248,2024,1,18,3,18,0,0,0,279.0,212.0,217.0,238.14285714285714,280.1
2024-01-19,MBA13,253,2024,1,19,4,19,0,0,0,248.0,231.0,306.0,243.28571428571428,275.6666666666667
2024-01-20,MBA13,175,2024,1,20,5,20,1,0,0,253.0,195.0,222.0,246.42857142857142,272.3666666666667
2024-01-21,MBA13,187,2024,1,21,6,21,1,0,0,175.0,211.0,217.0,243.57142857142858,266.2
2024-01-22,MBA13,229,2024,1,22,0,22,0,0,0,187.0,290.0,305.0,240.14285714285714,260.1
2024-01-23,MBA13,241,2024,1,23,1,23,0,0,0,229.0,249.0,327.0,231.42857142857142,260.56666666666666
2024-01-24,MBA13,307,2024,1,24,2,24,0,0,0,241.0,279.0,306.0,230.28571428571428,261.1666666666667
2024-01-25,MBA13,242,2024,1,25,3,25,0,0,0,307.0,248.0,212.0,234.28571428571428,259.1
2024-01-26,MBA13,359,2024,1,26,4,26,0,0,0,242.0,253.0,231.0,233.42857142857142,255.83333333333334
2024-01-27,MBA13,223,2024,1,27,5,27,1,0,0,359.0,175.0,195.0,248.57142857142858,257.1
2024-01-28,MBA13,216,2024,1,28,6,28,1,0,0,223.0,187.0,211.0,255.42857142857142,253.73333333333332
2024-01-29,MBA13,245,2024,1,29,0,29,0,0,0,216.0,229.0,290.0,259.57142857142856,249.86666666666667
2024-01-30,MBA13,296,2024,1,30,1,30,0,0,0,245.0,241.0,249.0,261.85714285714283,250.46666666666667
2024-01-31,MBA13,254,2024,1,31,2,31,0,0,0,296.0,307.0,279.0,269.7142857142857,253.1
2024-02-01,MBA13,277,2024,2,1,3,32,0,0,0,254.0,242.0,248.0,262.14285714285717,252.26666666666668
2024-02-02,MBA13,357,2024,2,2,4,33,0,0,0,277.0,359.0,253.0,267.14285714285717,253.5
2024-02-03,MBA13,209,2024,2,3,5,34,1,0,0,357.0,223.0,175.0,266.85714285714283,255.86666666666667
2024-02-04,MBA13,240,2024,2,4,6,35,1,0,0,209.0,216.0,187.0,264.85714285714283,255.6
2024-02-05,MBA13,250,2024,2,5,0,36,0,0,0,240.0,245.0,229.0,268.2857142857143,253.4
2024-02-06,MBA13,272,2024,2,6,1,37,0,0,0,250.0,296.0,241.0,269.0,254.33333333333334
2024-02-07,MBA13,331,2024,2,7,2,38,0,0,0,272.0,254.0,307.0,265.57142857142856,256.1666666666667
2024-02-08,MBA13,253,2024,2,8,3,39,0,0,0,331.0,277.0,242.0,276.57142857142856,257.03333333333336
2024-02-09,MBA13,333,2024,2,9,4,40,0,0,0,253.0,357.0,359.0,273.14285714285717,254.56666666666666
2024-02-10,MBA13,229,2024,2,10,5,41,1,0,0,333.0,209.0,223.0,269.7142857142857,255.46666666666667
2024-02-11,MBA13,197,2024,2,11,6,42,1,0,0,229.0,240.0,216.0,272.57142857142856,256.03333333333336
2024-02-12,MBA13,294,2024,2,12,0,43,0,0,0,197.0,250.0,245.0,266.42857142857144,254.9
2024-02-13,MBA13,305,2024,2,13,1,44,0,0,0,294.0,272.0,296.0,272.7142857142857,258.2
2024-02-14,MBA13,294,2024,2,14,2,45,0,0,0,305.0,331.0,254.0,277.42857142857144,261.3333333333333
2024-02-15,MBA13,222,2024,2,15,3,46,0,0,0,294.0,253.0,277.0,272.14285714285717,261.46666666666664
2024-02-16,MBA13,250,2024,2,16,4,47,0,0,0,222.0,333.0,357.0,267.7142857142857,260.56666666666666
2024-02-17,MBA13,205,2024,2,17,5,48,1,0,0,250.0,229.0,209.0,255.85714285714286,259.6
2024-02-18,MBA13,210,2024,2,18,6,49,1,0,0,205.0,197.0,240.0,252.42857142857142,258.1666666666667
2024-02-19,MBA13,294,2024,2,19,0,50,0,0,0,210.0,294.0,250.0,254.28571428571428,256.73333333333335
2024-02-20,MBA13,279,2024,2,20,1,51,0,0,0,294.0,305.0,272.0,254.28571428571428,260.7
2024-02-21,MBA13,230,2024,2,21,2,52,0,0,0,279.0,294.0,331.0,250.57142857142858,263.76666666666665
2024-02-22,MBA13,286,2024,2,22,3,53,0,0,0,230.0,222.0,253.0,241.42857142857142,263.8
2024-02-23,MBA13,294,2024,2,23,4,54,0,0,0,286.0,250.0,333.0,250.57142857142858,265.3
2024-02-24,MBA13,226,2024,2,24,5,55,1,0,0,294.0,205.0,229.0,256.85714285714283,264.8666666666667
2024-02-25,MBA13,239,2024,2,25,6,56,1,0,0,226.0,210.0,197.0,259.85714285714283,264.3333333333333
2024-02-26,MBA13,301,2024,2,26,0,57,0,0,0,239.0,294.0,294.0,264.0,260.3333333333333
2024-02-27,MBA13,289,2024,2,27,1,58,0,0,0,301.0,279.0,305.0,265.0,262.93333333333334
2024-02-28,MBA13,272,2024,2,28,2,59,0,0,0,289.0,230.0,294.0,266.42857142857144,265.3666666666667
2024-02-29,MBA13,219,2024,2,29,3,60,0,0,0,272.0,286.0,222.0,272.42857142857144,266.26666666666665
2024-03-01,MBA13,288,2024,3,1,4,61,0,0,0,219.0,294.0,250.0,262.85714285714283,263.7
2024-03-02,MBA13,217,2024,3,2,5,62,1,0,0,288.0,226.0,205.0,262.0,264.8333333333333
2024-03-03,MBA13,219,2024,3,3,6,63,1,0,0,217.0,239.0,210.0,260.7142857142857,262.8333333333333
2024-03-04,MBA13,232,2024,3,4,0,64,0,0,0,219.0,301.0,294.0,257.85714285714283,258.23333333333335
2024-03-05,MBA13,239,2024,3,5,1,65,0,0,0,232.0,289.0,279.0,248.0,259.0
2024-03-06,MBA13,309,2024,3,6,2,66,0,0,0,239.0,272.0,230.0,240.85714285714286,258.96666666666664
2024-03-07,MBA13,273,2024,3,7,3,67,0,0,0,309.0,219.0,286.0,246.14285714285714,260.93333333333334
2024-03-08,MBA13,297,2024,3,8,4,68,0,0,0,273.0,288.0,294.0,253.85714285714286,260.96666666666664
2024-03-09,MBA13,213,2024,3,9,5,69,1,0,0,297.0,217.0,226.0,255.14285714285714,259.8333333333333
2024-03-10,MBA13,213,2024,3,10,6,70,1,0,0,213.0,219.0,239.0,254.57142857142858,258.5
2024-03-11,MBA13,305,2024,3,11,0,71,0,0,0,213.0,232.0,301.0,253.71428571428572,254.5
2024-03-12,MBA13,257,2024,3,12,1,72,0,0,0,305.0,239.0,289.0,264.14285714285717,257.03333333333336
2024-03-13,MBA13,277,2024,3,13,2,73,0,0,0,257.0,309.0,272.0,266.7142857142857,259.03333333333336
2024-03-14,MBA13,259,2024,3,14,3,74,0,0,0,277.0,273.0,219.0,262.14285714285717,258.46666666666664
2024-03-15,MBA13,260,2024,3,15,4,75,0,0,0,259.0,297.0,288.0,260.14285714285717,256.93333333333334
2024-03-16,MBA13,204,2024,3,16,5,76,1,0,0,260.0,213.0,217.0,254.85714285714286,255.8
2024-03-17,MBA13,218,2024,3,17,6,77,1,0,0,204.0,213.0,219.0,253.57142857142858,255.2
2024-03-18,MBA13,259,2024,3,18,0,78,0,0,0,218.0,305.0,232.0,254.28571428571428,254.13333333333333
2024-03-19,MBA13,316,2024,3,19,1,79,0,0,0,259.0,257.0,239.0,247.71428571428572,255.93333333333334
2024-03-20,MBA13,245,2024,3,20,2,80,0,0,0,316.0,277.0,309.0,256.14285714285717,259.46666666666664
2024-03-21,MBA13,268,2024,3,21,3,81,0,0,0,245.0,259.0,273.0,251.57142857142858,257.8333333333333
2024-03-22,MBA13,260,2024,3,22,4,82,0,0,0,268.0,260.0,297.0,252.85714285714286,257.46666666666664
2024-03-23,MBA13,249,2024,3,23,5,83,1,0,0,260.0,204.0,213.0,252.85714285714286,258.46666666666664
2024-03-24,MBA13,217,2024,3,24,6,84,1,0,0,249.0,218.0,213.0,259.2857142857143,257.23333333333335
2024-03-25,MBA13,309,2024,3,25,0,85,0,0,0,217.0,259.0,305.0,259.14285714285717,254.66666666666666
2024-03-26,MBA13,226,2024,3,26,1,86,0,0,0,309.0,316.0,257.0,266.2857142857143,257.43333333333334
2024-03-27,MBA13,284,2024,3,27,2,87,0,0,0,226.0,245.0,277.0,253.42857142857142,257.0
2024-03-28,MBA13,304,2024,3,28,3,88,0,0,0,284.0,268.0,259.0,259.0,256.43333333333334
2024-03-29,MBA13,277,2024,3,29,4,89,0,0,0,304.0,260.0,260.0,264.14285714285717,256.93333333333334
2024-03-30,MBA13,240,2024,3,30,5,90,1,0,0,277.0,249.0,204.0,266.57142857142856,257.1
2024-03-31,MBA13,199,2024,3,31,6,91,1,0,0,240.0,217.0,218.0,265.2857142857143,257.8
2024-04-01,MBA13,321,2024,4,1,0,92,0,0,0,199.0,309.0,259.0,262.7142857142857,254.83333333333334
2024-04-02,MBA13,351,2024,4,2,1,93,0,0,0,321.0,226.0,316.0,264.42857142857144,258.3
2024-04-03,MBA13,263,2024,4,3,2,94,0,0,0,351.0,284.0,245.0,282.2857142857143,262.7
2024-04-04,MBA13,260,2024,4,4,3,95,0,0,0,263.0,304.0,268.0,279.2857142857143,263.73333333333335
2024-04-05,MBA13,323,2024,4,5,4,96,0,0,0,260.0,277.0,260.0,273.0,264.43333333333334
2024-04-06,MBA13,253,2024,4,6,5,97,1,0,0,323.0,240.0,249.0,279.57142857142856,264.9
2024-04-07,MBA13,199,2024,4,7,6,98,1,0,0,253.0,199.0,217.0,281.42857142857144,264.23333333333335
2024-04-08,MBA13,261,2024,4,8,0,99,0,0,0,199.0,321.0,309.0,281.42857142857144,260.96666666666664
2024-04-09,MBA13,266,2024,4,9,1,100,0,0,0,261.0,351.0,226.0,272.85714285714283,262.56666666666666
2024-04-10,MBA13,231,2024,4,10,2,101,0,0,0,266.0,263.0,284.0,260.7142857142857,264.3333333333333
2024-04-11,MBA13,245,2024,4,11,3,102,0,0,0,231.0,260.0,304.0,256.14285714285717,261.8666666666667
2024-04-12,MBA13,242,2024,4,12,4,103,0,0,0,245.0,323.0,277.0,254.0,261.46666666666664
2024-04-13,MBA13,193,2024,4,13,5,104,1,0,0,242.0,253.0,240.0,242.42857142857142,260.3
2024-04-14,MBA13,212,2024,4,14,6,105,1,0,0,193.0,199.0,199.0,233.85714285714286,258.1
2024-04-15,MBA13,283,2024,4,15,0,106,0,0,0,212.0,261.0,321.0,235.71428571428572,256.5
2024-04-16,MBA13,327,2024,4,16,1,107,0,0,0,283.0,266.0,351.0,238.85714285714286,259.1333333333333
2024-04-17,MBA13,242,2024,4,17,2,108,0,0,0,327.0,231.0,263.0,247.57142857142858,262.76666666666665
2024-04-18,MBA13,308,2024,4,18,3,109,0,0,0,242.0,245.0,260.0,249.14285714285714,262.2
2024-04-19,MBA13,268,2024,4,19,4,110,0,0,0,308.0,242.0,323.0,258.14285714285717,261.93333333333334
2024-04-20,MBA13,212,2024,4,20,5,111,1,0,0,268.0,193.0,253.0,261.85714285714283,262.7
2024-04-21,MBA13,230,2024,4,21,6,112,1,0,0,212.0,212.0,199.0,264.57142857142856,260.8333333333333
2024-04-22,MBA13,238,2024,4,22,0,113,0,0,0,230.0,283.0,261.0,267.14285714285717,259.8333333333333
2024-04-23,MBA13,288,2024,4,23,1,114,0,0,0,238.0,327.0,266.0,260.7142857142857,259.46666666666664
2024-04-24,MBA13,281,2024,4,24,2,115,0,0,0,288.0,242.0,231.0,255.14285714285714,261.8333333333333
2024-04-25,MBA13,292,2024,4,25,3,116,0,0,0,281.0,308.0,245.0,260.7142857142857,260.9
2024-04-26,MBA13,285,2024,4,26,4,117,0,0,0,292.0,268.0,242.0,258.42857142857144,263.1
2024-04-27,MBA13,276,2024,4,27,5,118,1,0,0,285.0,212.0,193.0,260.85714285714283,263.1333333333333
2024-04-28,MBA13,197,2024,4,28,6,119,1,0,0,276.0,230.0,212.0,270.0,262.2
2024-04-29,MBA13,258,2024,4,29,0,120,0,0,0,197.0,238.0,283.0,265.2857142857143,259.53333333333336
2024-04-30,MBA13,255,2024,4,30,1,121,0,0,0,258.0,288.0,327.0,268.14285714285717,260.1333333333333
2024-05-01,MBA13,257,2024,5,1,2,122,0,0,0,255.0,281.0,242.0,263.42857142857144,262.0
2024-05-02,MBA13,255,2024,5,2,3,123,0,0,0,257.0,292.0,308.0,260.0,259.8666666666667
2024-05-03,MBA13,315,2024,5,3,4,124,0,0,0,255.0,285.0,268.0,254.71428571428572,256.6666666666667
2024-05-04,MBA13,250,2024,5,4,5,125,1,0,0,315.0,276.0,212.0,259.0,258.4
2024-05-05,MBA13,199,2024,5,5,6,126,1,0,0,250.0,197.0,230.0,255.28571428571428,258.06666666666666
2024-05-06,MBA13,249,2024,5,6,0,127,0,0,0,199.0,258.0,238.0,255.57142857142858,253.93333333333334
2024-05-07,MBA13,292,2024,5,7,1,128,0,0,0,249.0,255.0,288.0,254.28571428571428,253.8
2024-05-08,MBA13,258,2024,5,8,2,129,0,0,0,292.0,257.0,281.0,259.57142857142856,256.9
2024-05-09,MBA13,297,2024,5,9,3,130,0,0,0,258.0,255.0,292.0,259.7142857142857,256.8
2024-05-10,MBA13,283,2024,5,10,4,131,0,0,0,297.0,315.0,285.0,265.7142857142857,257.8333333333333
2024-05-11,MBA13,175,2024,5,11,5,132,1,0,0,283.0,250.0,276.0,261.14285714285717,259.56666666666666
2024-05-12,MBA13,254,2024,5,12,6,133,1,0,0,175.0,199.0,197.0,250.42857142857142,257.23333333333335
2024-05-13,MBA13,337,2024,5,13,0,134,0,0,0,254.0,249.0,258.0,258.2857142857143,257.6333333333333
2024-05-14,MBA13,258,2024,5,14,1,135,0,0,0,337.0,292.0,255.0,270.85714285714283,262.43333333333334
2024-05-15,MBA13,266,2024,5,15,2,136,0,0,0,258.0,258.0,257.0,266.0,263.96666666666664
2024-05-16,MBA13,289,2024,5,16,3,137,0,0,0,266.0,297.0,255.0,267.14285714285717,263.4
2024-05-17,MBA13,291,2024,5,17,4,138,0,0,0,289.0,283.0,315.0,266.0,262.1333333333333
2024-05-18,MBA13,234,2024,5,18,5,139,1,0,0,291.0,175.0,250.0,267.14285714285717,263.76666666666665
2024-05-19,MBA13,270,2024,5,19,6,140,1,0,0,234.0,254.0,199.0,275.57142857142856,261.3
2024-05-20,MBA13,277,2024,5,20,0,141,0,0,0,270.0,337.0,249.0,277.85714285714283,261.3666666666667
2024-05-21,MBA13,257,2024,5,21,1,142,0,0,0,277.0,258.0,292.0,269.2857142857143,263.53333333333336
2024-05-22,MBA13,239,2024,5,22,2,143,0,0,0,257.0,266.0,258.0,269.14285714285717,264.43333333333334
2024-05-23,MBA13,263,2024,5,23,3,144,0,0,0,239.0,289.0,297.0,265.2857142857143,264.46666666666664
2024-05-24,MBA13,289,2024,5,24,4,145,0,0,0,263.0,291.0,283.0,261.57142857142856,263.6333333333333
2024-05-25,MBA13,274,2024,5,25,5,146,1,0,0,289.0,234.0,175.0,261.2857142857143,263.9
2024-05-26,MBA13,213,2024,5,26,6,147,1,0,0,274.0,270.0,254.0,267.0,263.3
2024-05-27,MBA13,305,2024,5,27,0,148,0,0,0,213.0,277.0,337.0,258.85714285714283,260.9
2024-05-28,MBA13,299,2024,5,28,1,149,0,0,0,305.0,257.0,258.0,262.85714285714283,261.8666666666667
2024-05-29,MBA13,345,2024,5,29,2,150,0,0,0,299.0,239.0,266.0,268.85714285714283,265.26666666666665
2024-05-30,MBA13,397,2024,5,30,3,151,0,0,0,345.0,263.0,289.0,284.0,268.1666666666667
2024-05-31,MBA13,287,2024,5,31,4,152,0,0,0,397.0,289.0,291.0,303.14285714285717,272.9
2024-06-01,MBA13,225,2024,6,1,5,153,1,0,0,287.0,274.0,234.0,302.85714285714283,273.9
2024-06-02,MBA13,271,2024,6,2,6,154,1,0,0,225.0,213.0,270.0,295.85714285714283,272.9
2024-06-03,MBA13,339,2024,6,3,0,155,0,0,0,271.0,305.0,277.0,304.14285714285717,271.43333333333334
2024-06-04,MBA13,385,2024,6,4,1,156,0,0,0,339.0,299.0,257.0,309.0,274.4
2024-06-05,MBA13,339,2024,6,5,2,157,0,0,0,385.0,345.0,239.0,321.2857142857143,280.6
2024-06-06,MBA13,304,2024,6,6,3,158,0,0,0,339.0,397.0,263.0,320.42857142857144,283.6
2024-06-07,MBA13,341,2024,6,7,4,159,0,0,0,304.0,287.0,289.0,307.14285714285717,284.0
2024-06-08,MBA13,279,2024,6,8,5,160,1,0,0,341.0,225.0,274.0,314.85714285714283,286.76666666666665
2024-06-09,MBA13,270,2024,6,9,6,161,1,0,0,279.0,271.0,213.0,322.57142857142856,286.1666666666667
2024-06-10,MBA13,337,2024,6,10,0,162,0,0,0,270.0,339.0,305.0,322.42857142857144,285.73333333333335
2024-06-11,MBA13,357,2024,6,11,1,163,0,0,0,337.0,385.0,299.0,322.14285714285717,291.1333333333333
2024-06-12,MBA13,360,2024,6,12,2,164,0,0,0,357.0,339.0,345.0,318.14285714285717,294.56666666666666
2024-06-13,MBA13,366,2024,6,13,3,165,0,0,0,360.0,304.0,397.0,321.14285714285717,295.3333333333333
2024-06-14,MBA13,336,2024,6,14,4,166,0,0,0,366.0,341.0,287.0,330.0,298.93333333333334
2024-06-15,MBA13,235,2024,6,15,5,167,1,0,0,336.0,279.0,225.0,329.2857142857143,301.26666666666665
2024-06-16,MBA13,242,2024,6,16,6,168,1,0,0,235.0,270.0,271.0,323.0,299.46666666666664
2024-06-17,MBA13,349,2024,6,17,0,169,0,0,0,242.0,337.0,339.0,319.0,297.8333333333333
2024-06-18,MBA13,273,2024,6,18,1,170,0,0,0,349.0,357.0,385.0,320.7142857142857,301.6666666666667
2024-06-19,MBA13,313,2024,6,19,2,171,0,0,0,273.0,360.0,339.0,308.7142857142857,301.76666666666665
2024-06-20,MBA13,284,2024,6,20,3,172,0,0,0,313.0,366.0,304.0,302.0,302.96666666666664
2024-06-21,MBA13,297,2024,6,21,4,173,0,0,0,284.0,336.0,341.0,290.2857142857143,303.8666666666667
2024-06-22,MBA13,261,2024,6,22,5,174,1,0,0,297.0,235.0,279.0,284.7142857142857,305.8
2024-06-23,MBA13,230,2024,6,23,6,175,1,0,0,261.0,242.0,270.0,288.42857142857144,305.73333333333335
2024-06-24,MBA13,291,2024,6,24,0,176,0,0,0,230.0,349.0,337.0,286.7142857142857,303.76666666666665
2024-06-25,MBA13,241,2024,6,25,1,177,0,0,0,291.0,273.0,357.0,278.42857142857144,304.3333333333333
2024-06-26,MBA13,312,2024,6,26,2,178,0,0,0,241.0,313.0,360.0,273.85714285714283,305.26666666666665
2024-06-27,MBA13,307,2024,6,27,3,179,0,0,0,312.0,284.0,366.0,273.7142857142857,305.5
2024-06-28,MBA13,358,2024,6,28,4,180,0,0,0,307.0,297.0,336.0,277.0,305.76666666666665
2024-06-29,MBA13,211,2024,6,29,5,181,1,0,0,358.0,261.0,235.0,285.7142857142857,306.2
2024-06-30,MBA13,224,2024,6,30,6,182,1,0,0,211.0,230.0,242.0,278.57142857142856,300.0
2024-07-01,MBA13,291,2024,7,1,0,183,0,0,0,224.0,291.0,349.0,277.7142857142857,297.9
2024-07-02,MBA13,335,2024,7,2,1,184,0,0,0,291.0,241.0,273.0,277.7142857142857,300.1
2024-07-03,MBA13,278,2024,7,3,2,185,0,0,0,335.0,312.0,313.0,291.14285714285717,302.23333333333335
2024-07-04,MBA13,291,2024,7,4,3,186,0,0,0,278.0,307.0,284.0,286.2857142857143,300.2
2024-07-05,MBA13,302,2024,7,5,4,187,0,0,0,291.0,358.0,297.0,284.0,297.06666666666666
2024-07-06,MBA13,223,2024,7,6,5,188,1,0,0,302.0,211.0,261.0,276.0,295.8333333333333
2024-07-07,MBA13,206,2024,7,7,6,189,1,0,0,223.0,224.0,230.0,277.7142857142857,293.1333333333333
2024-07-08,MBA13,289,2024,7,8,0,190,0,0,0,206.0,291.0,291.0,275.14285714285717,288.6333333333333
2024-07-09,MBA13,319,2024,7,9,1,191,0,0,0,289.0,335.0,241.0,274.85714285714283,288.96666666666664
2024-07-10,MBA13,249,2024,7,10,2,192,0,0,0,319.0,278.0,312.0,272.57142857142856,290.6
2024-07-11,MBA13,289,2024,7,11,3,193,0,0,0,249.0,291.0,307.0,268.42857142857144,287.6666666666667
2024-07-12,MBA13,261,2024,7,12,4,194,0,0,0,289.0,302.0,358.0,268.14285714285717,285.4
2024-07-13,MBA13,252,2024,7,13,5,195,1,0,0,261.0,223.0,211.0,262.2857142857143,282.1
2024-07-14,MBA13,181,2024,7,14,6,196,1,0,0,252.0,206.0,224.0,266.42857142857144,278.3
2024-07-15,MBA13,268,2024,7,15,0,197,0,0,0,181.0,289.0,291.0,262.85714285714283,273.1333333333333
2024-07-16,MBA13,302,2024,7,16,1,198,0,0,0,268.0,319.0,335.0,259.85714285714283,274.23333333333335
2024-07-17,MBA13,344,2024,7,17,2,199,0,0,0,302.0,249.0,278.0,257.42857142857144,276.23333333333335
2024-07-18,MBA13,289,2024,7,18,3,200,0,0,0,344.0,289.0,291.0,271.0,276.06666666666666
2024-07-19,MBA13,273,2024,7,19,4,201,0,0,0,289.0,261.0,302.0,271.0,276.6
2024-07-20,MBA13,279,2024,7,20,5,202,1,0,0,273.0,252.0,223.0,272.7142857142857,275.26666666666665
2024-07-21,MBA13,189,2024,7,21,6,203,1,0,0,279.0,181.0,206.0,276.57142857142856,275.1
2024-07-22,MBA13,219,2024,7,22,0,204,0,0,0,189.0,268.0,289.0,277.7142857142857,271.5
2024-07-23,MBA13,315,2024,7,23,1,205,0,0,0,219.0,302.0,319.0,270.7142857142857,270.1
2024-07-24,MBA13,283,2024,7,24,2,206,0,0,0,315.0,344.0,249.0,272.57142857142856,272.93333333333334
2024-07-25,MBA13,266,2024,7,25,3,207,0,0,0,283.0,289.0,289.0,263.85714285714283,272.6666666666667
2024-07-26,MBA13,331,2024,7,26,4,208,0,0,0,266.0,273.0,261.0,260.57142857142856,273.5
2024-07-27,MBA13,245,2024,7,27,5,209,1,0,0,331.0,279.0,252.0,268.85714285714283,274.1333333333333
2024-07-28,MBA13,223,2024,7,28,6,210,1,0,0,245.0,189.0,181.0,264.0,272.06666666666666
2024-07-29,MBA13,264,2024,7,29,0,211,0,0,0,223.0,219.0,268.0,268.85714285714283,267.56666666666666
2024-07-30,MBA13,348,2024,7,30,1,212,0,0,0,264.0,315.0,302.0,275.2857142857143,269.3333333333333
2024-07-31,MBA13,342,2024,7,31,2,213,0,0,0,348.0,283.0,344.0,280.0,273.46666666666664
2024-08-01,MBA13,317,2024,8,1,3,214,0,1,0,342.0,266.0,289.0,288.42857142857144,275.1666666666667
2024-08-02,MBA13,395,2024,8,2,4,215,0,1,0,317.0,331.0,273.0,295.7142857142857,274.56666666666666
2024-08-03,MBA13,220,2024,8,3,5,216,1,1,0,395.0,245.0,279.0,304.85714285714283,278.46666666666664
2024-08-04,MBA13,208,2024,8,4,6,217,1,1,0,220.0,223.0,189.0,301.2857142857143,276.1
2024-08-05,MBA13,304,2024,8,5,0,218,0,1,0,208.0,264.0,219.0,299.14285714285717,272.96666666666664
2024-08-06,MBA13,333,2024,8,6,1,219,0,1,0,304.0,348.0,315.0,304.85714285714283,275.6666666666667
2024-08-07,MBA13,348,2024,8,7,2,220,0,1,0,333.0,342.0,283.0,302.7142857142857,279.9
2024-08-08,MBA13,331,2024,8,8,3,221,0,1,0,348.0,317.0,266.0,303.57142857142856,281.8666666666667
2024-08-09,MBA13,358,2024,8,9,4,222,0,1,0,331.0,395.0,331.0,305.57142857142856,282.26666666666665
2024-08-10,MBA13,228,2024,8,10,5,223,1,1,0,358.0,220.0,245.0,300.2857142857143,285.9
2024-08-11,MBA13,317,2024,8,11,6,224,1,1,0,228.0,208.0,223.0,301.42857142857144,283.8666666666667
2024-08-12,MBA13,349,2024,8,12,0,225,0,1,0,317.0,304.0,264.0,317.0,285.73333333333335
2024-08-13,MBA13,403,2024,8,13,1,226,0,1,0,349.0,333.0,348.0,323.42857142857144,288.96666666666664
2024-08-14,MBA13,373,2024,8,14,2,227,0,1,0,403.0,348.0,342.0,333.42857142857144,296.3666666666667
2024-08-15,MBA13,380,2024,8,15,3,228,0,1,0,373.0,331.0,317.0,337.0,299.8666666666667
2024-08-16,MBA13,388,2024,8,16,4,229,0,1,0,380.0,358.0,395.0,344.0,302.46666666666664
2024-08-17,MBA13,297,2024,8,17,5,230,1,1,0,388.0,228.0,220.0,348.2857142857143,303.93333333333334
2024-08-18,MBA13,306,2024,8,18,6,231,1,1,0,297.0,317.0,208.0,358.14285714285717,304.2
2024-08-19,MBA13,428,2024,8,19,0,232,0,1,0,306.0,349.0,304.0,356.57142857142856,305.3
2024-08-20,MBA13,380,2024,8,20,1,233,0,1,0,428.0,403.0,333.0,367.85714285714283,310.26666666666665
2024-08-21,MBA13,404,2024,8,21,2,234,0,1,0,380.0,373.0,348.0,364.57142857142856,316.6333333333333
2024-08-22,MBA13,370,2024,8,22,3,235,0,1,0,404.0,380.0,331.0,369.0,322.8
2024-08-23,MBA13,440,2024,8,23,4,236,0,1,0,370.0,388.0,358.0,367.57142857142856,324.6333333333333
2024-08-24,MBA13,267,2024,8,24,5,237,1,1,0,440.0,297.0,228.0,375.0,329.8666666666667
2024-08-25,MBA13,354,2024,8,25,6,238,1,1,0,267.0,306.0,317.0,370.7142857142857,329.9
2024-08-26,MBA13,375,2024,8,26,0,239,0,1,0,354.0,428.0,349.0,377.57142857142856,330.6666666666667
2024-08-27,MBA13,312,2024,8,27,1,240,0,1,0,375.0,380.0,403.0,370.0,335.0
2024-08-28,MBA13,383,2024,8,28,2,241,0,1,0,312.0,404.0,373.0,360.2857142857143,337.96666666666664
2024-08-29,MBA13,346,2024,8,29,3,242,0,1,0,383.0,370.0,380.0,357.2857142857143,341.93333333333334
2024-08-30,MBA13,414,2024,8,30,4,243,0,1,0,346.0,440.0,388.0,353.85714285714283,341.8666666666667
2024-08-31,MBA13,267,2024,8,31,5,244,1,1,0,414.0,267.0,297.0,350.14285714285717,344.26666666666665
2024-09-01,MBA13,274,2024,9,1,6,245,1,1,0,267.0,354.0,306.0,350.14285714285717,342.6
2024-09-02,MBA13,288,2024,9,2,0,246,0,1,0,274.0,375.0,428.0,338.7142857142857,338.56666666666666
2024-09-03,MBA13,351,2024,9,3,1,247,0,1,0,288.0,312.0,380.0,326.2857142857143,340.8333333333333
2024-09-04,MBA13,262,2024,9,4,2,248,0,1,0,351.0,383.0,404.0,331.85714285714283,345.6
2024-09-05,MBA13,298,2024,9,5,3,249,0,1,0,262.0,346.0,370.0,314.57142857142856,344.2
2024-09-06,MBA13,399,2024,9,6,4,250,0,1,0,298.0,414.0,440.0,307.7142857142857,343.03333333333336
2024-09-07,MBA13,308,2024,9,7,5,251,1,1,0,399.0,267.0,267.0,305.57142857142856,344.73333333333335
2024-09-08,MBA13,294,2024,9,8,6,252,1,1,0,308.0,274.0,354.0,311.42857142857144,343.96666666666664
2024-09-09,MBA13,317,2024,9,9,0,253,0,1,0,294.0,288.0,375.0,314.2857142857143,341.8333333333333
2024-09-10,MBA13,354,2024,9,10,1,254,0,1,0,317.0,351.0,312.0,318.42857142857144,344.8
2024-09-11,MBA13,353,2024,9,11,2,255,0,1,0,354.0,262.0,383.0,318.85714285714283,346.03333333333336
2024-09-12,MBA13,302,2024,9,12,3,256,0,1,0,353.0,298.0,346.0,331.85714285714283,346.1666666666667
2024-09-13,MBA13,411,2024,9,13,4,257,0,1,0,302.0,399.0,414.0,332.42857142857144,342.8
2024-09-14,MBA13,295,2024,9,14,5,258,1,1,0,411.0,308.0,267.0,334.14285714285717,344.06666666666666
2024-09-15,MBA13,257,2024,9,15,6,259,1,1,0,295.0,294.0,274.0,332.2857142857143,341.23333333333335
2024-09-16,MBA13,340,2024,9,16,0,260,0,1,0,257.0,317.0,288.0,327.0,336.8666666666667
2024-09-17,MBA13,345,2024,9,17,1,261,0,1,0,340.0,354.0,351.0,330.2857142857143,338.3
2024-09-18,MBA13,252,2024,9,18,2,262,0,1,0,345.0,353.0,262.0,329.0,339.6
2024-09-19,MBA13,321,2024,9,19,3,263,0,1,0,252.0,302.0,298.0,314.57142857142856,333.73333333333335
2024-09-20,MBA13,301,2024,9,20,4,264,0,1,0,321.0,411.0,399.0,317.2857142857143,331.76666666666665
2024-09-21,MBA13,221,2024,9,21,5,265,1,1,0,301.0,295.0,308.0,301.57142857142856,328.3333333333333
2024-09-22,MBA13,241,2024,9,22,6,266,1,1,0,221.0,257.0,294.0,291.0,323.3666666666667
2024-09-23,MBA13,388,2024,9,23,0,267,0,1,0,241.0,340.0,317.0,288.7142857142857,316.73333333333335
2024-09-24,MBA13,341,2024,9,24,1,268,0,1,0,388.0,345.0,354.0,295.57142857142856,320.76666666666665
2024-09-25,MBA13,293,2024,9,25,2,269,0,1,0,341.0,252.0,353.0,295.0,320.3333333333333
2024-09-26,MBA13,333,2024,9,26,3,270,0,1,0,293.0,321.0,302.0,300.85714285714283,317.6
2024-09-27,MBA13,362,2024,9,27,4,271,0,1,0,333.0,301.0,411.0,302.57142857142856,318.3
2024-09-28,MBA13,264,2024,9,28,5,272,1,1,0,362.0,221.0,295.0,311.2857142857143,317.6
2024-09-29,MBA13,238,2024,9,29,6,273,1,1,0,264.0,241.0,257.0,317.42857142857144,314.8666666666667
2024-09-30,MBA13,280,2024,9,30,0,274,0,1,0,238.0,388.0,340.0,317.0,309.0
2024-10-01,MBA13,353,2024,10,1,1,275,0,0,0,280.0,341.0,345.0,301.57142857142856,309.43333333333334
2024-10-02,MBA13,349,2024,10,2,2,276,0,0,0,353.0,293.0,252.0,303.2857142857143,312.06666666666666
2024-10-03,MBA13,380,2024,10,3,3,277,0,0,0,349.0,333.0,321.0,311.2857142857143,314.1
2024-10-04,MBA13,381,2024,10,4,4,278,0,0,0,380.0,362.0,301.0,318.0,315.06666666666666
2024-10-05,MBA13,319,2024,10,5,5,279,1,0,0,381.0,264.0,221.0,320.7142857142857,319.03333333333336
2024-10-06,MBA13,274,2024,10,6,6,280,1,0,0,319.0,238.0,241.0,328.57142857142856,319.73333333333335
2024-10-07,MBA13,452,2024,10,7,0,281,0,0,0,274.0,280.0,388.0,333.7142857142857,315.56666666666666
2024-10-08,MBA13,409,2024,10,8,1,282,0,0,0,452.0,353.0,341.0,358.2857142857143,320.3666666666667
2024-10-09,MBA13,505,2024,10,9,2,283,0,0,0,409.0,349.0,293.0,366.2857142857143,324.2
2024-10-10,MBA13,372,2024,10,10,3,284,0,0,0,505.0,380.0,333.0,388.57142857142856,330.46666666666664
2024-10-11,MBA13,485,2024,10,11,4,285,0,0,0,372.0,381.0,362.0,387.42857142857144,331.06666666666666
2024-10-12,MBA13,312,2024,10,12,5,286,1,0,0,485.0,319.0,264.0,402.2857142857143,335.46666666666664
2024-10-13,MBA13,273,2024,10,13,6,287,1,0,0,312.0,274.0,238.0,401.2857142857143,335.8
2024-10-14,MBA13,348,2024,10,14,0,288,0,0,0,273.0,452.0,280.0,401.14285714285717,331.2
2024-10-15,MBA13,342,2024,10,15,1,289,0,0,0,348.0,409.0,353.0,386.2857142857143,332.96666666666664
2024-10-16,MBA13,359,2024,10,16,2,290,0,0,0,342.0,505.0,349.0,376.7142857142857,335.8
2024-10-17,MBA13,349,2024,10,17,3,291,0,0,0,359.0,372.0,380.0,355.85714285714283,336.43333333333334
2024-10-18,MBA13,295,2024,10,18,4,292,0,0,0,349.0,485.0,381.0,352.57142857142856,336.56666666666666
2024-10-19,MBA13,237,2024,10,19,5,293,1,0,0,295.0,312.0,319.0,325.42857142857144,338.0
2024-10-20,MBA13,292,2024,10,20,6,294,1,0,0,237.0,273.0,274.0,314.7142857142857,335.2
2024-10-21,MBA13,344,2024,10,21,0,295,0,0,0,292.0,348.0,452.0,317.42857142857144,334.9
2024-10-22,MBA13,300,2024,10,22,1,296,0,0,0,344.0,342.0,409.0,316.85714285714283,339.0
2024-10-23,MBA13,287,2024,10,23,2,297,0,0,0,300.0,359.0,505.0,310.85714285714283,340.96666666666664
2024-10-24,MBA13,290,2024,10,24,3,298,0,0,0,287.0,349.0,372.0,300.57142857142856,337.6
2024-10-25,MBA13,307,2024,10,25,4,299,0,0,0,290.0,295.0,485.0,292.14285714285717,335.9
2024-10-26,MBA13,194,2024,10,26,5,300,1,0,0,307.0,237.0,312.0,293.85714285714283,336.3666666666667
2024-10-27,MBA13,215,2024,10,27,6,301,1,0,0,194.0,292.0,273.0,287.7142857142857,331.73333333333335
2024-10-28,MBA13,230,2024,10,28,0,302,0,0,0,215.0,344.0,348.0,276.7142857142857,326.8333333333333
2024-10-29,MBA13,303,2024,10,29,1,303,0,0,0,230.0,300.0,342.0,260.42857142857144,325.7
2024-10-30,MBA13,313,2024,10,30,2,304,0,0,0,303.0,287.0,359.0,260.85714285714283,327.8666666666667
2024-10-31,MBA13,275,2024,10,31,3,305,0,0,0,313.0,290.0,349.0,264.57142857142856,328.96666666666664
2024-11-01,MBA13,349,2024,11,1,4,306,0,0,1,275.0,307.0,295.0,262.42857142857144,326.3666666666667
2024-11-02,MBA13,195,2024,11,2,5,307,1,0,1,349.0,194.0,237.0,268.42857142857144,326.3666666666667
2024-11-03,MBA13,190,2024,11,3,6,308,1,0,1,195.0,215.0,292.0,268.57142857142856,320.2
2024-11-04,MBA13,308,2024,11,4,0,309,0,0,1,190.0,230.0,344.0,265.0,313.8333333333333
2024-11-05,MBA13,341,2024,11,5,1,310,0,0,1,308.0,303.0,300.0,276.14285714285717,313.46666666666664
2024-11-06,MBA13,367,2024,11,6,2,311,0,0,1,341.0,313.0,287.0,281.57142857142856,315.7
2024-11-07,MBA13,292,2024,11,7,3,312,0,0,1,367.0,275.0,290.0,289.2857142857143,312.8666666666667
2024-11-08,MBA13,353,2024,11,8,4,313,0,0,1,292.0,349.0,307.0,291.7142857142857,308.96666666666664
2024-11-09,MBA13,243,2024,11,9,5,314,1,0,1,353.0,195.0,194.0,292.2857142857143,303.9
2024-11-10,MBA13,242,2024,11,10,6,315,1,0,1,243.0,190.0,215.0,299.14285714285717,299.6
2024-11-11,MBA13,359,2024,11,11,0,316,0,0,1,242.0,308.0,230.0,306.57142857142856,291.5
2024-11-12,MBA13,355,2024,11,12,1,317,0,0,1,359.0,341.0,303.0,313.85714285714283,293.06666666666666
2024-11-13,MBA13,271,2024,11,13,2,318,0,0,1,355.0,367.0,313.0,315.85714285714283,295.8
2024-11-14,MBA13,400,2024,11,14,3,319,0,0,1,271.0,292.0,275.0,302.14285714285717,293.23333333333335
2024-11-15,MBA13,403,2024,11,15,4,320,0,0,1,400.0,353.0,349.0,317.57142857142856,295.1666666666667
2024-11-16,MBA13,251,2024,11,16,5,321,1,0,1,403.0,243.0,195.0,324.7142857142857,296.6333333333333
2024-11-17,MBA13,289,2024,11,17,6,322,1,0,1,251.0,242.0,190.0,325.85714285714283,293.3666666666667
2024-11-18,MBA13,385,2024,11,18,0,323,0,0,1,289.0,359.0,308.0,332.57142857142856,293.1666666666667
2024-11-19,MBA13,381,2024,11,19,1,324,0,0,1,385.0,355.0,341.0,336.2857142857143,298.1
2024-11-20,MBA13,351,2024,11,20,2,325,0,0,1,381.0,271.0,367.0,340.0,301.06666666666666
2024-11-21,MBA13,351,2024,11,21,3,326,0,0,1,351.0,400.0,292.0,351.42857142857144,301.3
2024-11-22,MBA13,387,2024,11,22,4,327,0,0,1,351.0,403.0,353.0,344.42857142857144,303.0
2024-11-23,MBA13,348,2024,11,23,5,328,1,0,1,387.0,251.0,243.0,342.14285714285717,306.3333333333333
2024-11-24,MBA13,330,2024,11,24,6,329,1,0,1,348.0,289.0,242.0,356.0,308.26666666666665
2024-11-25,MBA13,388,2024,11,25,0,330,0,0,1,330.0,385.0,359.0,361.85714285714283,309.03333333333336
2024-11-26,MBA13,450,2024,11,26,1,331,0,0,1,388.0,381.0,355.0,362.2857142857143,315.5
2024-11-27,MBA13,274,2024,11,27,2,332,0,0,1,450.0,351.0,271.0,372.14285714285717,323.3333333333333
2024-11-28,MBA13,479,2024,11,28,3,333,0,0,1,274.0,351.0,400.0,361.14285714285717,324.8
2024-11-29,MBA13,337,2024,11,29,4,334,0,0,1,479.0,387.0,403.0,379.42857142857144,330.6666666666667
2024-11-30,MBA13,317,2024,11,30,5,335,1,0,1,337.0,348.0,251.0,372.2857142857143,331.46666666666664
2024-12-01,MBA13,289,2024,12,1,6,336,1,0,1,317.0,330.0,289.0,367.85714285714283,332.8666666666667
2024-12-02,MBA13,367,2024,12,2,0,337,0,0,1,289.0,388.0,385.0,362.0,330.8666666666667
2024-12-03,MBA13,497,2024,12,3,1,338,0,0,1,367.0,450.0,381.0,359.0,336.6
2024-12-04,MBA13,413,2024,12,4,2,339,0,0,1,497.0,274.0,351.0,365.7142857142857,346.8333333333333
2024-12-05,MBA13,456,2024,12,5,3,340,0,0,1,413.0,479.0,351.0,385.57142857142856,350.3333333333333
2024-12-06,MBA13,435,2024,12,6,4,341,0,0,1,456.0,337.0,387.0,382.2857142857143,354.1666666666667
2024-12-07,MBA13,356,2024,12,7,5,342,1,0,1,435.0,317.0,348.0,396.2857142857143,356.43333333333334
2024-12-08,MBA13,339,2024,12,8,6,343,1,0,1,356.0,289.0,330.0,401.85714285714283,358.56666666666666
2024-12-09,MBA13,366,2024,12,9,0,344,0,0,1,339.0,367.0,388.0,409.0,358.1
2024-12-10,MBA13,481,2024,12,10,1,345,0,0,1,366.0,497.0,450.0,408.85714285714283,362.2
2024-12-11,MBA13,401,2024,12,11,2,346,0,0,1,481.0,413.0,274.0,406.57142857142856,370.1666666666667
2024-12-12,MBA13,343,2024,12,12,3,347,0,0,1,401.0,456.0,479.0,404.85714285714283,371.56666666666666
2024-12-13,MBA13,396,2024,12,13,4,348,0,0,1,343.0,435.0,337.0,388.7142857142857,371.1666666666667
2024-12-14,MBA13,376,2024,12,14,5,349,1,0,1,396.0,356.0,317.0,383.14285714285717,375.3333333333333
2024-12-15,MBA13,347,2024,12,15,6,350,1,0,1,376.0,339.0,289.0,386.0,374.53333333333336
2024-12-16,MBA13,385,2024,12,16,0,351,0,0,1,347.0,366.0,367.0,387.14285714285717,372.6666666666667
2024-12-17,MBA13,379,2024,12,17,1,352,0,0,1,385.0,481.0,497.0,389.85714285714283,377.1333333333333
2024-12-18,MBA13,374,2024,12,18,2,353,0,0,1,379.0,401.0,413.0,375.2857142857143,380.1333333333333
2024-12-19,MBA13,479,2024,12,19,3,354,0,0,1,374.0,343.0,456.0,371.42857142857144,379.76666666666665
2024-12-20,MBA13,394,2024,12,20,4,355,0,0,1,479.0,396.0,435.0,390.85714285714283,383.03333333333336
2024-12-21,MBA13,301,2024,12,21,5,356,1,0,1,394.0,376.0,356.0,390.57142857142856,384.46666666666664
2024-12-22,MBA13,317,2024,12,22,6,357,1,0,1,301.0,347.0,339.0,379.85714285714283,382.8
2024-12-23,MBA13,369,2024,12,23,0,358,0,0,1,317.0,385.0,366.0,375.57142857142856,380.46666666666664
2024-12-24,MBA13,342,2024,12,24,1,359,0,0,1,369.0,379.0,481.0,373.2857142857143,381.1666666666667
2024-12-25,MBA13,339,2024,12,25,2,360,0,0,1,342.0,374.0,401.0,368.0,381.56666666666666
2024-12-26,MBA13,338,2024,12,26,3,361,0,0,1,339.0,479.0,343.0,363.0,379.93333333333334
2024-12-27,MBA13,335,2024,12,27,4,362,0,0,1,338.0,394.0,396.0,342.85714285714283,376.2
2024-12-28,MBA13,278,2024,12,28,5,363,1,0,1,335.0,301.0,376.0,334.42857142857144,378.23333333333335
2024-12-29,MBA13,254,2024,12,29,6,364,1,0,1,278.0,317.0,347.0,331.14285714285717,371.53333333333336
2024-12-30,MBA13,350,2024,12,30,0,365,0,0,1,254.0,369.0,385.0,322.14285714285717,368.76666666666665
2024-12-31,MBA13,315,2024,12,31,1,366,0,0,1,350.0,342.0,379.0,319.42857142857144,369.8666666666667
2025-01-01,MBA13,286,2025,1,1,2,1,0,0,0,315.0,339.0,374.0,315.57142857142856,370.73333333333335
2025-01-02,MBA13,215,2025,1,2,3,2,0,0,0,286.0,338.0,479.0,308.0,368.03333333333336
2025-01-03,MBA13,314,2025,1,3,4,3,0,0,0,215.0,335.0,394.0,290.42857142857144,358.6333333333333
2025-01-04,MBA13,228,2025,1,4,5,4,1,0,0,314.0,278.0,301.0,287.42857142857144,355.3333333333333
2025-01-05,MBA13,245,2025,1,5,6,5,1,0,0,228.0,254.0,317.0,280.2857142857143,347.73333333333335
2025-01-06,MBA13,185,2025,1,6,0,6,0,0,0,245.0,350.0,369.0,279.0,341.4
2025-01-07,MBA13,354,2025,1,7,1,7,0,0,0,185.0,315.0,342.0,255.42857142857142,335.7
2025-01-08,MBA13,279,2025,1,8,2,8,0,0,0,354.0,286.0,339.0,261.0,336.2
2025-01-09,MBA13,321,2025,1,9,3,9,0,0,0,279.0,215.0,338.0,260.0,333.3
2025-01-10,MBA13,248,2025,1,10,4,10,0,0,0,321.0,314.0,335.0,275.14285714285717,327.96666666666664
2025-01-11,MBA13,235,2025,1,11,5,11,1,0,0,248.0,228.0,278.0,265.7142857142857,322.8666666666667
2025-01-12,MBA13,191,2025,1,12,6,12,1,0,0,235.0,245.0,254.0,266.7142857142857,319.26666666666665
2025-01-13,MBA13,262,2025,1,13,0,13,0,0,0,191.0,185.0,350.0,259.0,312.43333333333334
2025-01-14,MBA13,349,2025,1,14,1,14,0,0,0,262.0,354.0,315.0,270.0,308.6333333333333
2025-01-15,MBA13,277,2025,1,15,2,15,0,0,0,349.0,279.0,286.0,269.2857142857143,308.7
2025-01-16,MBA13,291,2025,1,16,3,16,0,0,0,277.0,321.0,215.0,269.0,305.1
2025-01-17,MBA13,313,2025,1,17,4,17,0,0,0,291.0,248.0,314.0,264.7142857142857,302.1666666666667
2025-01-18,MBA13,232,2025,1,18,5,18,1,0,0,313.0,235.0,228.0,274.0,300.1333333333333
2025-01-19,MBA13,223,2025,1,19,6,19,1,0,0,232.0,191.0,245.0,273.57142857142856,291.9
2025-01-20,MBA13,296,2025,1,20,0,20,0,0,0,223.0,262.0,185.0,278.14285714285717,286.2
2025-01-21,MBA13,366,2025,1,21,1,21,0,0,0,296.0,349.0,354.0,283.0,286.03333333333336
2025-01-22,MBA13,282,2025,1,22,2,22,0,0,0,366.0,277.0,279.0,285.42857142857144,287.6666666666667
2025-01-23,MBA13,291,2025,1,23,3,23,0,0,0,282.0,291.0,321.0,286.14285714285717,284.76666666666665
2025-01-24,MBA13,320,2025,1,24,4,24,0,0,0,291.0,313.0,248.0,286.14285714285717,283.06666666666666
2025-01-25,MBA13,248,2025,1,25,5,25,1,0,0,320.0,232.0,235.0,287.14285714285717,282.43333333333334
2025-01-26,MBA13,251,2025,1,26,6,26,1,0,0,248.0,223.0,191.0,289.42857142857144,279.43333333333334
2025-01-27,MBA13,306,2025,1,27,0,27,0,0,0,251.0,296.0,262.0,293.42857142857144,276.6333333333333
2025-01-28,MBA13,245,2025,1,28,1,28,0,0,0,306.0,366.0,349.0,294.85714285714283,277.56666666666666
2025-01-29,MBA13,340,2025,1,29,2,29,0,0,0,245.0,282.0,277.0,277.57142857142856,277.26666666666665
2025-01-30,MBA13,245,2025,1,30,3,30,0,0,0,340.0,291.0,291.0,285.85714285714283,276.93333333333334
2025-01-31,MBA13,294,2025,1,31,4,31,0,0,0,245.0,320.0,313.0,279.2857142857143,274.6
2025-02-01,MBA13,200,2025,2,1,5,32,1,0,0,294.0,248.0,232.0,275.57142857142856,274.8666666666667
2025-02-02,MBA13,218,2025,2,2,6,33,1,0,0,200.0,251.0,223.0,268.7142857142857,274.3666666666667
2025-02-03,MBA13,295,2025,2,3,0,34,0,0,0,218.0,306.0,296.0,264.0,271.1666666666667
2025-02-04,MBA13,295,2025,2,4,1,35,0,0,0,295.0,245.0,366.0,262.42857142857144,273.4
2025-02-05,MBA13,299,2025,2,5,2,36,0,0,0,295.0,340.0,282.0,269.57142857142856,275.06666666666666
2025-02-06,MBA13,339,2025,2,6,3,37,0,0,0,299.0,245.0,291.0,263.7142857142857,278.8666666666667
2025-02-07,MBA13,300,2025,2,7,4,38,0,0,0,339.0,294.0,320.0,277.14285714285717,278.3666666666667
2025-02-08,MBA13,213,2025,2,8,5,39,1,0,0,300.0,200.0,248.0,278.0,279.06666666666666
2025-02-09,MBA13,245,2025,2,9,6,40,1,0,0,213.0,218.0,251.0,279.85714285714283,275.46666666666664
2025-02-10,MBA13,325,2025,2,10,0,41,0,0,0,245.0,295.0,306.0,283.7142857142857,275.3666666666667
2025-02-11,MBA13,242,2025,2,11,1,42,0,0,0,325.0,295.0,245.0,288.0,278.3666666666667
2025-02-12,MBA13,305,2025,2,12,2,43,0,0,0,242.0,299.0,340.0,280.42857142857144,280.06666666666666
2025-02-13,MBA13,308,2025,2,13,3,44,0,0,0,305.0,339.0,245.0,281.2857142857143,281.5
2025-02-14,MBA13,274,2025,2,14,4,45,0,0,0,308.0,300.0,294.0,276.85714285714283,280.1333333333333
2025-02-15,MBA13,256,2025,2,15,5,46,1,0,0,274.0,213.0,200.0,273.14285714285717,280.03333333333336
2025-02-16,MBA13,216,2025,2,16,6,47,1,0,0,256.0,245.0,218.0,279.2857142857143,278.8666666666667
2025-02-17,MBA13,289,2025,2,17,0,48,0,0,0,216.0,325.0,295.0,275.14285714285717,275.6333333333333
2025-02-18,MBA13,279,2025,2,18,1,49,0,0,0,289.0,242.0,295.0,270.0,277.53333333333336
2025-02-19,MBA13,285,2025,2,19,2,50,0,0,0,279.0,305.0,299.0,275.2857142857143,279.4
2025-02-20,MBA13,247,2025,2,20,3,51,0,0,0,285.0,308.0,339.0,272.42857142857144,279.03333333333336
2025-02-21,MBA13,235,2025,2,21,4,52,0,0,0,247.0,274.0,300.0,263.7142857142857,275.06666666666666
2025-02-22,MBA13,262,2025,2,22,5,53,1,0,0,235.0,256.0,213.0,258.14285714285717,273.5
2025-02-23,MBA13,198,2025,2,23,6,54,1,0,0,262.0,216.0,245.0,259.0,272.53333333333336
2025-02-24,MBA13,251,2025,2,24,0,55,0,0,0,198.0,289.0,325.0,256.42857142857144,268.46666666666664
2025-02-25,MBA13,211,2025,2,25,1,56,0,0,0,251.0,279.0,242.0,251.0,268.56666666666666
2025-02-26,MBA13,263,2025,2,26,2,57,0,0,0,211.0,285.0,305.0,241.28571428571428,267.23333333333335
2025-02-27,MBA13,240,2025,2,27,3,58,0,0,0,263.0,247.0,308.0,238.14285714285714,265.8
2025-02-28,MBA13,341,2025,2,28,4,59,0,0,0,240.0,235.0,274.0,237.14285714285714,265.6333333333333
2025-03-01,MBA13,247,2025,3,1,5,60,1,0,0,341.0,262.0,256.0,252.28571428571428,265.6666666666667
2025-03-02,MBA13,202,2025,3,2,6,61,1,0,0,247.0,198.0,216.0,250.14285714285714,265.73333333333335
2025-03-03,MBA13,362,2025,3,3,0,62,0,0,0,202.0,251.0,289.0,250.71428571428572,262.6666666666667
2025-03-04,MBA13,319,2025,3,4,1,63,0,0,0,362.0,211.0,279.0,266.57142857142856,268.06666666666666
2025-03-05,MBA13,274,2025,3,5,2,64,0,0,0,319.0,263.0,285.0,282.0,271.43333333333334
2025-03-06,MBA13,200,2025,3,6,3,65,0,0,0,274.0,240.0,247.0,283.57142857142856,270.73333333333335
2025-03-07,MBA13,363,2025,3,7,4,66,0,0,0,200.0,341.0,235.0,277.85714285714283,267.56666666666666
2025-03-08,MBA13,184,2025,3,8,5,67,1,0,0,363.0,247.0,262.0,281.0,269.7
2025-03-09,MBA13,177,2025,3,9,6,68,1,0,0,184.0,202.0,198.0,272.0,264.53333333333336
2025-03-10,MBA13,320,2025,3,10,0,69,0,0,0,177.0,362.0,251.0,268.42857142857144,260.43333333333334
2025-03-11,MBA13,369,2025,3,11,1,70,0,0,0,320.0,319.0,211.0,262.42857142857144,264.0
2025-03-12,MBA13,333,2025,3,12,2,71,0,0,0,369.0,274.0,263.0,269.57142857142856,268.1333333333333
2025-03-13,MBA13,305,2025,3,13,3,72,0,0,0,333.0,200.0,240.0,278.0,268.4
2025-03-14,MBA13,306,2025,3,14,4,73,0,0,0,305.0,363.0,341.0,293.0,270.5
2025-03-15,MBA13,243,2025,3,15,5,74,1,0,0,306.0,184.0,247.0,284.85714285714283,270.53333333333336
2025-03-16,MBA13,241,2025,3,16,6,75,1,0,0,243.0,177.0,202.0,293.2857142857143,268.3666666666667
2025-03-17,MBA13,295,2025,3,17,0,76,0,0,0,241.0,320.0,362.0,302.42857142857144,267.26666666666665
2025-03-18,MBA13,289,2025,3,18,1,77,0,0,0,295.0,369.0,319.0,298.85714285714283,268.56666666666666
2025-03-19,MBA13,283,2025,3,19,2,78,0,0,0,289.0,333.0,274.0,287.42857142857144,271.0
2025-03-20,MBA13,260,2025,3,20,3,79,0,0,0,283.0,305.0,200.0,280.2857142857143,270.8
2025-03-21,MBA13,276,2025,3,21,4,80,0,0,0,260.0,306.0,363.0,273.85714285714283,270.1666666666667
2025-03-22,MBA13,176,2025,3,22,5,81,1,0,0,276.0,243.0,184.0,269.57142857142856,269.8666666666667
2025-03-23,MBA13,218,2025,3,23,6,82,1,0,0,176.0,241.0,177.0,260.0,267.5
2025-03-24,MBA13,252,2025,3,24,0,83,0,0,0,218.0,295.0,320.0,256.7142857142857,266.93333333333334
2025-03-25,MBA13,248,2025,3,25,1,84,0,0,0,252.0,289.0,369.0,250.57142857142858,266.6
2025-03-26,MBA13,292,2025,3,26,2,85,0,0,0,248.0,283.0,333.0,244.71428571428572,268.26666666666665
2025-03-27,MBA13,333,2025,3,27,3,86,0,0,0,292.0,260.0,305.0,246.0,269.6333333333333
2025-03-28,MBA13,317,2025,3,28,4,87,0,0,0,333.0,276.0,306.0,256.42857142857144,273.7
2025-03-29,MBA13,179,2025,3,29,5,88,1,0,0,317.0,176.0,243.0,262.2857142857143,275.5
2025-03-30,MBA13,195,2025,3,30,6,89,1,0,0,179.0,218.0,241.0,262.7142857142857,273.46666666666664
2025-03-31,MBA13,318,2025,3,31,0,90,0,0,0,195.0,252.0,295.0,259.42857142857144,268.6
2025-04-01,MBA13,252,2025,4,1,1,91,0,0,0,318.0,248.0,289.0,268.85714285714283,270.96666666666664
2025-04-02,MBA13,278,2025,4,2,2,92,0,0,0,252.0,292.0,283.0,269.42857142857144,272.6333333333333
2025-04-03,MBA13,305,2025,4,3,3,93,0,0,0,278.0,333.0,260.0,267.42857142857144,269.8333333333333
2025-04-04,MBA13,253,2025,4,4,4,94,0,0,0,305.0,317.0,276.0,263.42857142857144,269.3666666666667
2025-04-05,MBA13,224,2025,4,5,5,95,1,0,0,253.0,179.0,176.0,254.28571428571428,268.6666666666667
2025-04-06,MBA13,186,2025,4,6,6,96,1,0,0,224.0,195.0,218.0,260.7142857142857,269.46666666666664
2025-04-07,MBA13,265,2025,4,7,0,97,0,0,0,186.0,318.0,252.0,259.42857142857144,263.56666666666666
2025-04-08,MBA13,297,2025,4,8,1,98,0,0,0,265.0,252.0,248.0,251.85714285714286,266.26666666666665
2025-04-09,MBA13,231,2025,4,9,2,99,0,0,0,297.0,278.0,292.0,258.2857142857143,270.26666666666665
2025-04-10,MBA13,301,2025,4,10,3,100,0,0,0,231.0,305.0,333.0,251.57142857142858,267.3
2025-04-11,MBA13,285,2025,4,11,4,101,0,0,0,301.0,253.0,317.0,251.0,265.03333333333336
2025-04-12,MBA13,236,2025,4,12,5,102,1,0,0,285.0,224.0,179.0,255.57142857142858,263.43333333333334
2025-04-13,MBA13,227,2025,4,13,6,103,1,0,0,236.0,186.0,195.0,257.2857142857143,261.1333333333333
2025-04-14,MBA13,333,2025,4,14,0,104,0,0,0,227.0,265.0,318.0,263.14285714285717,258.5
2025-04-15,MBA13,291,2025,4,15,1,105,0,0,0,333.0,297.0,252.0,272.85714285714283,261.5
2025-04-16,MBA13,272,2025,4,16,2,106,0,0,0,291.0,231.0,278.0,272.0,263.1666666666667
2025-04-17,MBA13,291,2025,4,17,3,107,0,0,0,272.0,301.0,305.0,277.85714285714283,262.4
2025-04-18,MBA13,305,2025,4,18,4,108,0,0,0,291.0,285.0,253.0,276.42857142857144,262.46666666666664
2025-04-19,MBA13,223,2025,4,19,5,109,1,0,0,305.0,236.0,224.0,279.2857142857143,263.2
2025-04-20,MBA13,222,2025,4,20,6,110,1,0,0,223.0,227.0,186.0,277.42857142857144,261.96666666666664
2025-04-21,MBA13,262,2025,4,21,0,111,0,0,0,222.0,333.0,265.0,276.7142857142857,260.1666666666667
2025-04-22,MBA13,264,2025,4,22,1,112,0,0,0,262.0,291.0,297.0,266.57142857142856,263.03333333333336
2025-04-23,MBA13,238,2025,4,23,2,113,0,0,0,264.0,272.0,231.0,262.7142857142857,264.56666666666666
2025-04-24,MBA13,347,2025,4,24,3,114,0,0,0,238.0,291.0,301.0,257.85714285714283,264.1
2025-04-25,MBA13,244,2025,4,25,4,115,0,0,0,347.0,305.0,285.0,265.85714285714283,267.4
2025-04-26,MBA13,203,2025,4,26,5,116,1,0,0,244.0,223.0,236.0,257.14285714285717,265.8
2025-04-27,MBA13,202,2025,4,27,6,117,1,0,0,203.0,222.0,227.0,254.28571428571428,261.46666666666664
2025-04-28,MBA13,317,2025,4,28,0,118,0,0,0,202.0,262.0,333.0,251.42857142857142,257.6333333333333
2025-04-29,MBA13,277,2025,4,29,1,119,0,0,0,317.0,264.0,291.0,259.2857142857143,262.23333333333335
2025-04-30,MBA13,330,2025,4,30,2,120,0,0,0,277.0,238.0,272.0,261.14285714285717,264.96666666666664
2025-05-01,MBA13,264,2025,5,1,3,121,0,0,0,330.0,347.0,291.0,274.2857142857143,265.3666666666667
2025-05-02,MBA13,296,2025,5,2,4,122,0,0,0,264.0,244.0,305.0,262.42857142857144,265.76666666666665
2025-05-03,MBA13,199,2025,5,3,5,123,1,0,0,296.0,203.0,223.0,269.85714285714283,266.3666666666667
2025-05-04,MBA13,279,2025,5,4,6,124,1,0,0,199.0,202.0,222.0,269.2857142857143,262.8333333333333
2025-05-05,MBA13,246,2025,5,5,0,125,0,0,0,279.0,317.0,262.0,280.2857142857143,263.7
2025-05-06,MBA13,298,2025,5,6,1,126,0,0,0,246.0,277.0,264.0,270.14285714285717,264.43333333333334
2025-05-07,MBA13,309,2025,5,7,2,127,0,0,0,298.0,330.0,238.0,273.14285714285717,268.1666666666667
2025-05-08,MBA13,302,2025,5,8,3,128,0,0,0,309.0,264.0,347.0,270.14285714285717,269.6333333333333
2025-05-09,MBA13,281,2025,5,9,4,129,0,0,0,302.0,296.0,244.0,275.57142857142856,269.8
2025-05-10,MBA13,219,2025,5,10,5,130,1,0,0,281.0,199.0,203.0,273.42857142857144,271.46666666666664
2025-05-11,MBA13,224,2025,5,11,6,131,1,0,0,219.0,279.0,202.0,276.2857142857143,268.73333333333335
2025-05-12,MBA13,283,2025,5,12,0,132,0,0,0,224.0,246.0,317.0,268.42857142857144,266.7
2025-05-13,MBA13,322,2025,5,13,1,133,0,0,0,283.0,298.0,277.0,273.7142857142857,268.26666666666665
2025-05-14,MBA13,365,2025,5,14,2,134,0,0,0,322.0,309.0,330.0,277.14285714285717,271.43333333333334
2025-05-15,MBA13,270,2025,5,15,3,135,0,0,0,365.0,302.0,264.0,285.14285714285717,272.5
2025-05-16,MBA13,242,2025,5,16,4,136,0,0,0,270.0,281.0,296.0,280.57142857142856,271.8
2025-05-17,MBA13,222,2025,5,17,5,137,1,0,0,242.0,219.0,199.0,275.0,270.8
2025-05-18,MBA13,295,2025,5,18,6,138,1,0,0,222.0,224.0,279.0,275.42857142857144,268.5
2025-05-19,MBA13,264,2025,5,19,0,139,0,0,0,295.0,283.0,246.0,285.57142857142856,268.1666666666667
2025-05-20,MBA13,351,2025,5,20,1,140,0,0,0,264.0,322.0,298.0,282.85714285714283,269.53333333333336
2025-05-21,MBA13,354,2025,5,21,2,141,0,0,0,351.0,365.0,309.0,287.0,273.8333333333333
2025-05-22,MBA13,276,2025,5,22,3,142,0,0,0,354.0,270.0,302.0,285.42857142857144,276.9
2025-05-23,MBA13,318,2025,5,23,4,143,0,0,0,276.0,242.0,281.0,286.2857142857143,277.3
2025-05-24,MBA13,277,2025,5,24,5,144,1,0,0,318.0,222.0,219.0,297.14285714285717,279.96666666666664
2025-05-25,MBA13,222,2025,5,25,6,145,1,0,0,277.0,295.0,224.0,305.0,277.6333333333333
2025-05-26,MBA13,296,2025,5,26,0,146,0,0,0,222.0,264.0,283.0,294.57142857142856,276.9
2025-05-27,MBA13,285,2025,5,27,1,147,0,0,0,296.0,351.0,322.0,299.14285714285717,280.0
2025-05-28,MBA13,271,2025,5,28,2,148,0,0,0,285.0,354.0,365.0,289.7142857142857,282.76666666666665
2025-05-29,MBA13,287,2025,5,29,3,149,0,0,0,271.0,276.0,270.0,277.85714285714283,281.23333333333335
2025-05-30,MBA13,268,2025,5,30,4,150,0,0,0,287.0,318.0,242.0,279.42857142857144,281.56666666666666
2025-05-31,MBA13,246,2025,5,31,5,151,1,0,0,268.0,277.0,222.0,272.2857142857143,279.5
2025-06-01,MBA13,224,2025,6,1,6,152,1,0,0,246.0,222.0,295.0,267.85714285714283,278.9
2025-06-02,MBA13,331,2025,6,2,0,153,0,0,0,224.0,296.0,264.0,268.14285714285717,276.5
2025-06-03,MBA13,263,2025,6,3,1,154,0,0,0,331.0,285.0,351.0,273.14285714285717,280.9
2025-06-04,MBA13,339,2025,6,4,2,155,0,0,0,263.0,271.0,354.0,270.0,280.3666666666667
2025-06-05,MBA13,361,2025,6,5,3,156,0,0,0,339.0,287.0,276.0,279.7142857142857,283.46666666666664
2025-06-06,MBA13,250,2025,6,6,4,157,0,0,0,361.0,268.0,318.0,290.2857142857143,285.56666666666666
2025-06-07,MBA13,267,2025,6,7,5,158,1,0,0,250.0,246.0,277.0,287.7142857142857,283.6
2025-06-08,MBA13,293,2025,6,8,6,159,1,0,0,267.0,224.0,222.0,290.7142857142857,282.43333333333334
2025-06-09,MBA13,283,2025,6,9,0,160,0,0,0,293.0,331.0,296.0,300.57142857142856,282.8333333333333
2025-06-10,MBA13,397,2025,6,10,1,161,0,0,0,283.0,263.0,285.0,293.7142857142857,284.96666666666664
2025-06-11,MBA13,347,2025,6,11,2,162,0,0,0,397.0,339.0,271.0,312.85714285714283,290.73333333333335
2025-06-12,MBA13,302,2025,6,12,3,163,0,0,0,347.0,361.0,287.0,314.0,292.8666666666667
2025-06-13,MBA13,326,2025,6,13,4,164,0,0,0,302.0,250.0,268.0,305.57142857142856,292.2
2025-06-14,MBA13,269,2025,6,14,5,165,1,0,0,326.0,267.0,246.0,316.42857142857144,290.9
2025-06-15,MBA13,253,2025,6,15,6,166,1,0,0,269.0,293.0,224.0,316.7142857142857,290.8666666666667
2025-06-16,MBA13,343,2025,6,16,0,167,0,0,0,253.0,283.0,331.0,311.0,291.23333333333335
2025-06-17,MBA13,284,2025,6,17,1,168,0,0,0,343.0,397.0,263.0,319.57142857142856,295.26666666666665
2025-06-18,MBA13,324,2025,6,18,2,169,0,0,0,284.0,347.0,339.0,303.42857142857144,294.9
2025-06-19,MBA13,261,2025,6,19,3,170,0,0,0,324.0,302.0,361.0,300.14285714285717,296.9
2025-06-20,MBA13,308,2025,6,20,4,171,0,0,0,261.0,326.0,250.0,294.2857142857143,293.9
2025-06-21,MBA13,213,2025,6,21,5,172,1,0,0,308.0,269.0,267.0,291.7142857142857,292.3666666666667
2025-06-22,MBA13,217,2025,6,22,6,173,1,0,0,213.0,253.0,293.0,283.7142857142857,290.26666666666665
2025-06-23,MBA13,350,2025,6,23,0,174,0,0,0,217.0,343.0,283.0,278.57142857142856,286.9
2025-06-24,MBA13,343,2025,6,24,1,175,0,0,0,350.0,284.0,397.0,279.57142857142856,289.3333333333333
2025-06-25,MBA13,323,2025,6,25,2,176,0,0,0,343.0,324.0,347.0,288.0,293.3666666666667
2025-06-26,MBA13,260,2025,6,26,3,177,0,0,0,323.0,261.0,302.0,287.85714285714283,294.26666666666665
2025-06-27,MBA13,287,2025,6,27,4,178,0,0,0,260.0,308.0,326.0,287.7142857142857,293.43333333333334
2025-06-28,MBA13,263,2025,6,28,5,179,1,0,0,287.0,213.0,269.0,284.7142857142857,293.96666666666664
2025-06-29,MBA13,232,2025,6,29,6,180,1,0,0,263.0,217.0,253.0,291.85714285714283,293.1666666666667
2025-06-30,MBA13,377,2025,6,30,0,181,0,0,0,232.0,350.0,343.0,294.0,291.96666666666664
2025-07-01,MBA13,308,2025,7,1,1,182,0,0,0,377.0,343.0,284.0,297.85714285714283,296.3333333333333
2025-07-02,MBA13,300,2025,7,2,2,183,0,0,0,308.0,323.0,324.0,292.85714285714283,299.1333333333333
2025-07-03,MBA13,282,2025,7,3,3,184,0,0,0,300.0,260.0,261.0,289.57142857142856,298.1
2025-07-04,MBA13,298,2025,7,4,4,185,0,0,0,282.0,287.0,308.0,292.7142857142857,298.73333333333335
2025-07-05,MBA13,222,2025,7,5,5,186,1,0,0,298.0,263.0,213.0,294.2857142857143,297.3666666666667
2025-07-06,MBA13,246,2025,7,6,6,187,1,0,0,222.0,232.0,217.0,288.42857142857144,292.73333333333335
2025-07-07,MBA13,327,2025,7,7,0,188,0,0,0,246.0,377.0,350.0,290.42857142857144,292.6
2025-07-08,MBA13,266,2025,7,8,1,189,0,0,0,327.0,308.0,343.0,283.2857142857143,294.6
2025-07-09,MBA13,247,2025,7,9,2,190,0,0,0,266.0,300.0,323.0,277.2857142857143,293.7
2025-07-10,MBA13,229,2025,7,10,3,191,0,0,0,247.0,282.0,260.0,269.7142857142857,292.5
2025-07-11,MBA13,313,2025,7,11,4,192,0,0,0,229.0,298.0,287.0,262.14285714285717,286.9
2025-07-12,MBA13,198,2025,7,12,5,193,1,0,0,313.0,222.0,263.0,264.2857142857143,285.76666666666665
2025-07-13,MBA13,170,2025,7,13,6,194,1,0,0,198.0,246.0,232.0,260.85714285714283,282.3
2025-07-14,MBA13,311,2025,7,14,0,195,0,0,0,170.0,327.0,377.0,250.0,277.1
2025-07-15,MBA13,387,2025,7,15,1,196,0,0,0,311.0,266.0,308.0,247.71428571428572,278.5
2025-07-16,MBA13,299,2025,7,16,2,197,0,0,0,387.0,247.0,300.0,265.0,282.96666666666664
2025-07-17,MBA13,331,2025,7,17,3,198,0,0,0,299.0,229.0,282.0,272.42857142857144,281.5
2025-07-18,MBA13,305,2025,7,18,4,199,0,0,0,331.0,313.0,298.0,287.0,283.06666666666666
2025-07-19,MBA13,231,2025,7,19,5,200,1,0,0,305.0,198.0,222.0,285.85714285714283,282.43333333333334
2025-07-20,MBA13,261,2025,7,20,6,201,1,0,0,231.0,170.0,246.0,290.57142857142856,281.43333333333334
2025-07-21,MBA13,295,2025,7,21,0,202,0,0,0,261.0,311.0,327.0,303.57142857142856,279.8666666666667
2025-07-22,MBA13,317,2025,7,22,1,203,0,0,0,295.0,387.0,266.0,301.2857142857143,282.6
2025-07-23,MBA13,321,2025,7,23,2,204,0,0,0,317.0,299.0,247.0,291.2857142857143,285.93333333333334
2025-07-24,MBA13,286,2025,7,24,3,205,0,0,0,321.0,331.0,229.0,294.42857142857144,284.96666666666664
2025-07-25,MBA13,351,2025,7,25,4,206,0,0,0,286.0,305.0,313.0,288.0,283.06666666666666
2025-07-26,MBA13,239,2025,7,26,5,207,1,0,0,351.0,231.0,198.0,294.57142857142856,284.0
2025-07-27,MBA13,223,2025,7,27,6,208,1,0,0,239.0,261.0,170.0,295.7142857142857,283.3
2025-07-28,MBA13,341,2025,7,28,0,209,0,0,0,223.0,295.0,311.0,290.2857142857143,281.1666666666667
2025-07-29,MBA13,288,2025,7,29,1,210,0,0,0,341.0,317.0,387.0,296.85714285714283,283.76666666666665
2025-07-30,MBA13,326,2025,7,30,2,211,0,0,0,288.0,321.0,299.0,292.7142857142857,285.6333333333333
2025-07-31,MBA13,327,2025,7,31,3,212,0,0,0,326.0,286.0,331.0,293.42857142857144,283.93333333333334
2025-08-01,MBA13,373,2025,8,1,4,213,0,1,0,327.0,351.0,305.0,299.2857142857143,284.56666666666666
2025-08-02,MBA13,272,2025,8,2,5,214,1,1,0,373.0,239.0,231.0,302.42857142857144,287.0
2025-08-03,MBA13,259,2025,8,3,6,215,1,1,0,272.0,223.0,261.0,307.14285714285717,286.6666666666667
2025-08-04,MBA13,372,2025,8,4,0,216,0,1,0,259.0,341.0,295.0,312.2857142857143,285.3666666666667
2025-08-05,MBA13,399,2025,8,5,1,217,0,1,0,372.0,288.0,317.0,316.7142857142857,290.3666666666667
2025-08-06,MBA13,368,2025,8,6,2,218,0,1,0,399.0,326.0,321.0,332.57142857142856,295.46666666666664
2025-08-07,MBA13,349,2025,8,7,3,219,0,1,0,368.0,327.0,286.0,338.57142857142856,296.8333333333333
2025-08-08,MBA13,296,2025,8,8,4,220,0,1,0,349.0,373.0,351.0,341.7142857142857,299.6
2025-08-09,MBA13,239,2025,8,9,5,221,1,1,0,296.0,272.0,239.0,330.7142857142857,301.23333333333335
2025-08-10,MBA13,266,2025,8,10,6,222,1,1,0,239.0,259.0,223.0,326.0,301.56666666666666
2025-08-11,MBA13,334,2025,8,11,0,223,0,1,0,266.0,372.0,341.0,327.0,300.0
2025-08-12,MBA13,356,2025,8,12,1,224,0,1,0,334.0,399.0,288.0,321.57142857142856,304.53333333333336
2025-08-13,MBA13,369,2025,8,13,2,225,0,1,0,356.0,368.0,326.0,315.42857142857144,310.73333333333335
2025-08-14,MBA13,393,2025,8,14,3,226,0,1,0,369.0,349.0,327.0,315.57142857142856,312.6666666666667
2025-08-15,MBA13,369,2025,8,15,4,227,0,1,0,393.0,296.0,373.0,321.85714285714283,312.8666666666667
2025-08-16,MBA13,307,2025,8,16,5,228,1,1,0,369.0,239.0,272.0,332.2857142857143,315.2
2025-08-17,MBA13,294,2025,8,17,6,229,1,1,0,307.0,266.0,259.0,342.0,314.4
2025-08-18,MBA13,290,2025,8,18,0,230,0,1,0,294.0,334.0,372.0,346.0,314.03333333333336
2025-08-19,MBA13,339,2025,8,19,1,231,0,1,0,290.0,356.0,399.0,339.7142857142857,316.0
2025-08-20,MBA13,377,2025,8,20,2,232,0,1,0,339.0,369.0,368.0,337.2857142857143,318.6
2025-08-21,MBA13,330,2025,8,21,3,233,0,1,0,377.0,393.0,349.0,338.42857142857144,321.3333333333333
2025-08-22,MBA13,415,2025,8,22,4,234,0,1,0,330.0,369.0,296.0,329.42857142857144,321.76666666666665
2025-08-23,MBA13,356,2025,8,23,5,235,1,1,0,415.0,307.0,239.0,336.0,324.9
2025-08-24,MBA13,345,2025,8,24,6,236,1,1,0,356.0,294.0,266.0,343.0,327.23333333333335
2025-08-25,MBA13,381,2025,8,25,0,237,0,1,0,345.0,290.0,334.0,350.2857142857143,327.03333333333336
2025-08-26,MBA13,462,2025,8,26,1,238,0,1,0,381.0,339.0,356.0,363.2857142857143,331.76666666666665
2025-08-27,MBA13,399,2025,8,27,2,239,0,1,0,462.0,377.0,369.0,380.85714285714283,339.73333333333335
2025-08-28,MBA13,376,2025,8,28,3,240,0,1,0,399.0,330.0,393.0,384.0,341.6666666666667
2025-08-29,MBA13,363,2025,8,29,4,241,0,1,0,376.0,415.0,369.0,390.57142857142856,344.6
2025-08-30,MBA13,292,2025,8,30,5,242,1,1,0,363.0,356.0,307.0,383.14285714285717,345.8333333333333
2025-08-31,MBA13,288,2025,8,31,6,243,1,1,0,292.0,345.0,294.0,374.0,344.6666666666667
2025-09-01,MBA13,398,2025,9,1,0,244,0,1,0,288.0,381.0,290.0,365.85714285714283,341.8333333333333
2025-09-02,MBA13,397,2025,9,2,1,245,0,1,0,398.0,462.0,339.0,368.2857142857143,346.03333333333336
2025-09-03,MBA13,388,2025,9,3,2,246,0,1,0,397.0,399.0,377.0,359.0,350.6333333333333
2025-09-04,MBA13,407,2025,9,4,3,247,0,1,0,388.0,376.0,330.0,357.42857142857144,351.1666666666667
2025-09-05,MBA13,440,2025,9,5,4,248,0,1,0,407.0,363.0,415.0,361.85714285714283,351.43333333333334
2025-09-06,MBA13,329,2025,9,6,5,249,1,1,0,440.0,292.0,356.0,372.85714285714283,353.8333333333333
2025-09-07,MBA13,242,2025,9,7,6,250,1,1,0,329.0,288.0,345.0,378.14285714285717,353.1666666666667
2025-09-08,MBA13,262,2025,9,8,0,251,0,1,0,242.0,398.0,381.0,371.57142857142856,351.3666666666667
2025-09-09,MBA13,418,2025,9,9,1,252,0,1,0,262.0,397.0,462.0,352.14285714285717,352.1333333333333
2025-09-10,MBA13,312,2025,9,10,2,253,0,1,0,418.0,388.0,399.0,355.14285714285717,357.2
2025-09-11,MBA13,361,2025,9,11,3,254,0,1,0,312.0,407.0,376.0,344.2857142857143,356.46666666666664
2025-09-12,MBA13,316,2025,9,12,4,255,0,1,0,361.0,440.0,363.0,337.7142857142857,356.6333333333333
2025-09-13,MBA13,221,2025,9,13,5,256,1,1,0,316.0,329.0,292.0,320.0,354.8666666666667
2025-09-14,MBA13,298,2025,9,14,6,257,1,1,0,221.0,242.0,288.0,304.57142857142856,349.1333333333333
2025-09-15,MBA13,392,2025,9,15,0,258,0,1,0,298.0,262.0,398.0,312.57142857142856,346.76666666666665
2025-09-16,MBA13,331,2025,9,16,1,259,0,1,0,392.0,418.0,397.0,331.14285714285717,349.6
2025-09-17,MBA13,243,2025,9,17,2,260,0,1,0,331.0,312.0,388.0,318.7142857142857,350.8333333333333
2025-09-18,MBA13,327,2025,9,18,3,261,0,1,0,243.0,361.0,407.0,308.85714285714283,349.26666666666665
2025-09-19,MBA13,363,2025,9,19,4,262,0,1,0,327.0,316.0,440.0,304.0,348.8666666666667
2025-09-20,MBA13,219,2025,9,20,5,263,1,1,0,363.0,221.0,329.0,310.7142857142857,348.4
2025-09-21,MBA13,269,2025,9,21,6,264,1,1,0,219.0,298.0,242.0,310.42857142857144,344.7
2025-09-22,MBA13,337,2025,9,22,0,265,0,1,0,269.0,392.0,262.0,306.2857142857143,339.8333333333333
2025-09-23,MBA13,358,2025,9,23,1,266,0,1,0,337.0,331.0,418.0,298.42857142857144,339.2
2025-09-24,MBA13,337,2025,9,24,2,267,0,1,0,358.0,243.0,312.0,302.2857142857143,339.6333333333333
2025-09-25,MBA13,291,2025,9,25,3,268,0,1,0,337.0,327.0,361.0,315.7142857142857,338.1666666666667
2025-09-26,MBA13,374,2025,9,26,4,269,0,1,0,291.0,363.0,316.0,310.57142857142856,332.46666666666664
2025-09-27,MBA13,246,2025,9,27,5,270,1,1,0,374.0,219.0,221.0,312.14285714285717,331.6333333333333
2025-09-28,MBA13,248,2025,9,28,6,271,1,1,0,246.0,269.0,298.0,316.0,327.3
2025-09-29,MBA13,284,2025,9,29,0,272,0,1,0,248.0,337.0,392.0,313.0,323.46666666666664
2025-09-30,MBA13,301,2025,9,30,1,273,0,1,0,284.0,358.0,331.0,305.42857142857144,323.2
2025-10-01,MBA13,304,2025,10,1,2,274,0,0,0,301.0,337.0,243.0,297.2857142857143,323.6333333333333
2025-10-02,MBA13,341,2025,10,2,3,275,0,0,0,304.0,291.0,327.0,292.57142857142856,320.5
2025-10-03,MBA13,432,2025,10,3,4,276,0,0,0,341.0,374.0,363.0,299.7142857142857,318.6333333333333
2025-10-04,MBA13,239,2025,10,4,5,277,1,0,0,432.0,246.0,219.0,308.0,320.1
2025-10-05,MBA13,239,2025,10,5,6,278,1,0,0,239.0,248.0,269.0,307.0,314.5
2025-10-06,MBA13,466,2025,10,6,0,279,0,0,0,239.0,284.0,337.0,305.7142857142857,307.8
2025-10-07,MBA13,397,2025,10,7,1,280,0,0,0,466.0,301.0,358.0,331.7142857142857,312.3666666666667
2025-10-08,MBA13,383,2025,10,8,2,281,0,0,0,397.0,304.0,337.0,345.42857142857144,317.53333333333336
2025-10-09,MBA13,475,2025,10,9,3,282,0,0,0,383.0,341.0,291.0,356.7142857142857,321.56666666666666
2025-10-10,MBA13,392,2025,10,10,4,283,0,0,0,475.0,432.0,374.0,375.85714285714283,323.46666666666664
2025-10-11,MBA13,395,2025,10,11,5,284,1,0,0,392.0,239.0,246.0,370.14285714285717,326.1333333333333
2025-10-12,MBA13,343,2025,10,12,6,285,1,0,0,395.0,239.0,248.0,392.42857142857144,327.26666666666665
2025-10-13,MBA13,376,2025,10,13,0,286,0,0,0,343.0,466.0,284.0,407.2857142857143,328.1666666666667
2025-10-14,MBA13,485,2025,10,14,1,287,0,0,0,376.0,397.0,301.0,394.42857142857144,333.3333333333333
2025-10-15,MBA13,343,2025,10,15,2,288,0,0,0,485.0,383.0,304.0,407.0,339.56666666666666
2025-10-16,MBA13,387,2025,10,16,3,289,0,0,0,343.0,475.0,341.0,401.2857142857143,337.93333333333334
2025-10-17,MBA13,354,2025,10,17,4,290,0,0,0,387.0,392.0,432.0,388.7142857142857,339.8
2025-10-18,MBA13,295,2025,10,18,5,291,1,0,0,354.0,395.0,239.0,383.2857142857143,343.5
2025-10-19,MBA13,294,2025,10,19,6,292,1,0,0,295.0,343.0,239.0,369.0,342.43333333333334
2025-10-20,MBA13,314,2025,10,20,0,293,0,0,0,294.0,376.0,466.0,362.0,340.1333333333333
2025-10-21,MBA13,269,2025,10,21,1,294,0,0,0,314.0,485.0,397.0,353.14285714285717,343.3
2025-10-22,MBA13,313,2025,10,22,2,295,0,0,0,269.0,343.0,383.0,322.2857142857143,343.3
2025-10-23,MBA13,272,2025,10,23,3,296,0,0,0,313.0,387.0,475.0,318.0,342.5
2025-10-24,MBA13,368,2025,10,24,4,297,0,0,0,272.0,354.0,392.0,301.57142857142856,339.6333333333333
2025-10-25,MBA13,233,2025,10,25,5,298,1,0,0,368.0,295.0,395.0,303.57142857142856,340.6666666666667
2025-10-26,MBA13,220,2025,10,26,6,299,1,0,0,233.0,294.0,343.0,294.7142857142857,338.73333333333335
2025-10-27,MBA13,305,2025,10,27,0,300,0,0,0,220.0,314.0,376.0,284.14285714285717,333.6
2025-10-28,MBA13,251,2025,10,28,1,301,0,0,0,305.0,269.0,485.0,282.85714285714283,335.56666666666666
2025-10-29,MBA13,265,2025,10,29,2,302,0,0,0,251.0,313.0,343.0,280.2857142857143,335.6666666666667
2025-10-30,MBA13,344,2025,10,30,3,303,0,0,0,265.0,272.0,387.0,273.42857142857144,335.03333333333336
2025-10-31,MBA13,278,2025,10,31,4,304,0,0,0,344.0,368.0,354.0,283.7142857142857,336.46666666666664
2025-11-01,MBA13,205,2025,11,1,5,305,1,0,1,278.0,233.0,295.0,270.85714285714283,335.6
2025-11-02,MBA13,251,2025,11,2,6,306,1,0,1,205.0,220.0,294.0,266.85714285714283,331.06666666666666
2025-11-03,MBA13,351,2025,11,3,0,307,0,0,1,251.0,305.0,314.0,271.2857142857143,325.03333333333336
2025-11-04,MBA13,336,2025,11,4,1,308,0,0,1,351.0,251.0,269.0,277.85714285714283,328.76666666666665
2025-11-05,MBA13,349,2025,11,5,2,309,0,0,1,336.0,265.0,313.0,290.0,332.0
2025-11-06,MBA13,286,2025,11,6,3,310,0,0,1,349.0,344.0,272.0,302.0,328.1
2025-11-07,MBA13,264,2025,11,7,4,311,0,0,1,286.0,278.0,368.0,293.7142857142857,324.4
2025-11-08,MBA13,293,2025,11,8,5,312,1,0,1,264.0,205.0,233.0,291.7142857142857,320.43333333333334
2025-11-09,MBA13,241,2025,11,9,6,313,1,0,1,293.0,251.0,220.0,304.2857142857143,314.3666666666667
2025-11-10,MBA13,319,2025,11,10,0,314,0,0,1,241.0,351.0,305.0,302.85714285714283,309.3333333333333
2025-11-11,MBA13,386,2025,11,11,1,315,0,0,1,319.0,336.0,251.0,298.2857142857143,306.8
2025-11-12,MBA13,360,2025,11,12,2,316,0,0,1,386.0,349.0,265.0,305.42857142857144,308.23333333333335
2025-11-13,MBA13,361,2025,11,13,3,317,0,0,1,360.0,286.0,344.0,307.0,307.7
2025-11-14,MBA13,438,2025,11,14,4,318,0,0,1,361.0,264.0,278.0,317.7142857142857,303.56666666666666
2025-11-15,MBA13,252,2025,11,15,5,319,1,0,1,438.0,293.0,205.0,342.57142857142856,306.73333333333335
2025-11-16,MBA13,309,2025,11,16,6,320,1,0,1,252.0,241.0,251.0,336.7142857142857,302.23333333333335
2025-11-17,MBA13,368,2025,11,17,0,321,0,0,1,309.0,319.0,351.0,346.42857142857144,300.73333333333335
2025-11-18,MBA13,383,2025,11,18,1,322,0,0,1,368.0,386.0,336.0,353.42857142857144,303.1666666666667
2025-11-19,MBA13,447,2025,11,19,2,323,0,0,1,383.0,360.0,349.0,353.0,306.1333333333333
2025-11-20,MBA13,408,2025,11,20,3,324,0,0,1,447.0,361.0,286.0,365.42857142857144,310.56666666666666
2025-11-21,MBA13,416,2025,11,21,4,325,0,0,1,408.0,438.0,264.0,372.14285714285717,315.2
2025-11-22,MBA13,347,2025,11,22,5,326,1,0,1,416.0,252.0,293.0,369.0,318.6333333333333
2025-11-23,MBA13,298,2025,11,23,6,327,1,0,1,347.0,309.0,241.0,382.57142857142856,321.1333333333333
2025-11-24,MBA13,369,2025,11,24,0,328,0,0,1,298.0,368.0,319.0,381.0,318.8
2025-11-25,MBA13,364,2025,11,25,1,329,0,0,1,369.0,383.0,386.0,381.14285714285717,323.3333333333333
2025-11-26,MBA13,323,2025,11,26,2,330,0,0,1,364.0,447.0,360.0,378.42857142857144,328.1333333333333
2025-11-27,MBA13,534,2025,11,27,3,331,0,0,1,323.0,408.0,361.0,360.7142857142857,328.73333333333335
2025-11-28,MBA13,376,2025,11,28,4,332,0,0,1,534.0,416.0,438.0,378.7142857142857,338.1666666666667
2025-11-29,MBA13,330,2025,11,29,5,333,1,0,1,376.0,347.0,252.0,373.0,341.8666666666667
2025-11-30,MBA13,330,2025,11,30,6,334,1,0,1,330.0,298.0,309.0,370.57142857142856,341.4
2025-12-01,MBA13,463,2025,12,1,0,335,0,0,1,330.0,369.0,368.0,375.14285714285717,343.1333333333333
2025-12-02,MBA13,493,2025,12,2,1,336,0,0,1,463.0,364.0,383.0,388.57142857142856,351.73333333333335
2025-12-03,MBA13,498,2025,12,3,2,337,0,0,1,493.0,323.0,447.0,407.0,359.8
2025-12-04,MBA13,422,2025,12,4,3,338,0,0,1,498.0,534.0,408.0,432.0,364.7
2025-12-05,MBA13,446,2025,12,5,4,339,0,0,1,422.0,376.0,416.0,416.0,367.56666666666666
2025-12-06,MBA13,364,2025,12,6,5,340,1,0,1,446.0,330.0,347.0,426.0,370.8
2025-12-07,MBA13,341,2025,12,7,6,341,1,0,1,364.0,330.0,298.0,430.85714285714283,373.4
2025-12-08,MBA13,541,2025,12,8,0,342,0,0,1,341.0,463.0,369.0,432.42857142857144,375.96666666666664
2025-12-09,MBA13,479,2025,12,9,1,343,0,0,1,541.0,493.0,364.0,443.57142857142856,384.23333333333335
2025-12-10,MBA13,489,2025,12,10,2,344,0,0,1,479.0,498.0,323.0,441.57142857142856,392.1666666666667
2025-12-11,MBA13,482,2025,12,11,3,345,0,0,1,489.0,422.0,534.0,440.2857142857143,397.8333333333333
2025-12-12,MBA13,505,2025,12,12,4,346,0,0,1,482.0,446.0,376.0,448.85714285714283,401.03333333333336
2025-12-13,MBA13,346,2025,12,13,5,347,1,0,1,505.0,364.0,330.0,457.2857142857143,405.8666666666667
2025-12-14,MBA13,283,2025,12,14,6,348,1,0,1,346.0,341.0,330.0,454.7142857142857,405.3666666666667
2025-12-15,MBA13,449,2025,12,15,0,349,0,0,1,283.0,541.0,463.0,446.42857142857144,400.2
2025-12-16,MBA13,390,2025,12,16,1,350,0,0,1,449.0,479.0,493.0,433.2857142857143,406.76666666666665
2025-12-17,MBA13,391,2025,12,17,2,351,0,0,1,390.0,489.0,498.0,420.57142857142856,409.46666666666664
2025-12-18,MBA13,440,2025,12,18,3,352,0,0,1,391.0,482.0,422.0,406.57142857142856,410.23333333333335
2025-12-19,MBA13,465,2025,12,19,4,353,0,0,1,440.0,505.0,446.0,400.57142857142856,412.1333333333333
2025-12-20,MBA13,309,2025,12,20,5,354,1,0,1,465.0,346.0,364.0,394.85714285714283,412.73333333333335
2025-12-21,MBA13,314,2025,12,21,6,355,1,0,1,309.0,283.0,341.0,389.57142857142856,409.43333333333334
2025-12-22,MBA13,464,2025,12,22,0,356,0,0,1,314.0,449.0,541.0,394.0,406.03333333333336
2025-12-23,MBA13,390,2025,12,23,1,357,0,0,1,464.0,390.0,479.0,396.14285714285717,409.93333333333334
2025-12-24,MBA13,489,2025,12,24,2,358,0,0,1,390.0,391.0,489.0,396.14285714285717,413.0
2025-12-25,MBA13,392,2025,12,25,3,359,0,0,1,489.0,440.0,482.0,410.14285714285717,417.0
2025-12-26,MBA13,285,2025,12,26,4,360,0,0,1,392.0,465.0,505.0,403.2857142857143,417.93333333333334
2025-12-27,MBA13,299,2025,12,27,5,361,1,0,1,285.0,309.0,346.0,377.57142857142856,416.6666666666667
2025-12-28,MBA13,282,2025,12,28,6,362,1,0,1,299.0,314.0,283.0,376.14285714285717,408.8333333333333
2025-12-29,MBA13,398,2025,12,29,0,363,0,0,1,282.0,464.0,449.0,371.57142857142856,405.7
2025-12-30,MBA13,367,2025,12,30,1,364,0,0,1,398.0,390.0,390.0,362.14285714285717,407.96666666666664
2025-12-31,MBA13,329,2025,12,31,2,365,0,0,1,367.0,489.0,391.0,358.85714285714283,409.2
2023-01-31,MBA15,263,2023,1,31,1,31,0,0,0,188.0,206.0,211.0,178.42857142857142,184.7
2023-02-01,MBA15,188,2023,2,1,2,32,0,0,0,263.0,223.0,179.0,186.57142857142858,189.06666666666666
2023-02-02,MBA15,206,2023,2,2,3,33,0,0,0,188.0,167.0,190.0,181.57142857142858,188.83333333333334
2023-02-03,MBA15,239,2023,2,3,4,34,0,0,0,206.0,159.0,218.0,187.14285714285714,189.73333333333332
2023-02-04,MBA15,193,2023,2,4,5,35,1,0,0,239.0,127.0,148.0,198.57142857142858,191.5
2023-02-05,MBA15,194,2023,2,5,6,36,1,0,0,193.0,179.0,187.0,208.0,190.8
2023-02-06,MBA15,231,2023,2,6,0,37,0,0,0,194.0,188.0,191.0,210.14285714285714,189.26666666666668
2023-02-07,MBA15,226,2023,2,7,1,38,0,0,0,231.0,263.0,206.0,216.28571428571428,191.56666666666666
2023-02-08,MBA15,216,2023,2,8,2,39,0,0,0,226.0,188.0,223.0,211.0,194.7
2023-02-09,MBA15,221,2023,2,9,3,40,0,0,0,216.0,206.0,167.0,215.0,194.86666666666667
2023-02-10,MBA15,188,2023,2,10,4,41,0,0,0,221.0,239.0,159.0,217.14285714285714,194.6
2023-02-11,MBA15,141,2023,2,11,5,42,1,0,0,188.0,193.0,127.0,209.85714285714286,194.66666666666666
2023-02-12,MBA15,156,2023,2,12,6,43,1,0,0,141.0,194.0,179.0,202.42857142857142,192.8
2023-02-13,MBA15,198,2023,2,13,0,44,0,0,0,156.0,231.0,188.0,197.0,191.3
2023-02-14,MBA15,191,2023,2,14,1,45,0,0,0,198.0,226.0,263.0,192.28571428571428,193.23333333333332
2023-02-15,MBA15,219,2023,2,15,2,46,0,0,0,191.0,216.0,188.0,187.28571428571428,194.03333333333333
2023-02-16,MBA15,225,2023,2,16,3,47,0,0,0,219.0,221.0,206.0,187.71428571428572,194.76666666666668
2023-02-17,MBA15,204,2023,2,17,4,48,0,0,0,225.0,188.0,239.0,188.28571428571428,195.23333333333332
2023-02-18,MBA15,184,2023,2,18,5,49,1,0,0,204.0,141.0,193.0,190.57142857142858,196.06666666666666
2023-02-19,MBA15,135,2023,2,19,6,50,1,0,0,184.0,156.0,194.0,196.71428571428572,195.86666666666667
2023-02-20,MBA15,198,2023,2,20,0,51,0,0,0,135.0,198.0,231.0,193.71428571428572,193.1
2023-02-21,MBA15,185,2023,2,21,1,52,0,0,0,198.0,191.0,226.0,193.71428571428572,194.76666666666668
2023-02-22,MBA15,157,2023,2,22,2,53,0,0,0,185.0,219.0,216.0,192.85714285714286,194.7
2023-02-23,MBA15,200,2023,2,23,3,54,0,0,0,157.0,225.0,221.0,184.0,193.56666666666666
2023-02-24,MBA15,199,2023,2,24,4,55,0,0,0,200.0,204.0,188.0,180.42857142857142,193.36666666666667
2023-02-25,MBA15,185,2023,2,25,5,56,1,0,0,199.0,184.0,141.0,179.71428571428572,192.56666666666666
2023-02-26,MBA15,168,2023,2,26,6,57,1,0,0,185.0,135.0,156.0,179.85714285714286,193.16666666666666
2023-02-27,MBA15,178,2023,2,27,0,58,0,0,0,168.0,198.0,198.0,184.57142857142858,193.46666666666667
2023-02-28,MBA15,248,2023,2,28,1,59,0,0,0,178.0,185.0,191.0,181.71428571428572,195.16666666666666
2023-03-01,MBA15,232,2023,3,1,2,60,0,0,0,248.0,157.0,219.0,190.71428571428572,197.46666666666667
2023-03-02,MBA15,217,2023,3,2,3,61,0,0,0,232.0,200.0,225.0,201.42857142857142,198.93333333333334
2023-03-03,MBA15,197,2023,3,3,4,62,0,0,0,217.0,199.0,204.0,203.85714285714286,197.4
2023-03-04,MBA15,139,2023,3,4,5,63,1,0,0,197.0,185.0,184.0,203.57142857142858,197.7
2023-03-05,MBA15,150,2023,3,5,6,64,1,0,0,139.0,168.0,135.0,197.0,195.46666666666667
2023-03-06,MBA15,230,2023,3,6,0,65,0,0,0,150.0,178.0,198.0,194.42857142857142,192.5
2023-03-07,MBA15,249,2023,3,7,1,66,0,0,0,230.0,248.0,185.0,201.85714285714286,193.73333333333332
2023-03-08,MBA15,241,2023,3,8,2,67,0,0,0,249.0,232.0,157.0,202.0,195.56666666666666
2023-03-09,MBA15,191,2023,3,9,3,68,0,0,0,241.0,217.0,200.0,203.28571428571428,195.9
2023-03-10,MBA15,176,2023,3,10,4,69,0,0,0,191.0,197.0,199.0,199.57142857142858,194.73333333333332
2023-03-11,MBA15,160,2023,3,11,5,70,1,0,0,176.0,139.0,185.0,196.57142857142858,193.4
2023-03-12,MBA15,124,2023,3,12,6,71,1,0,0,160.0,150.0,168.0,199.57142857142858,191.36666666666667
2023-03-13,MBA15,211,2023,3,13,0,72,0,0,0,124.0,230.0,178.0,195.85714285714286,189.23333333333332
2023-03-14,MBA15,200,2023,3,14,1,73,0,0,0,211.0,249.0,248.0,193.14285714285714,191.56666666666666
2023-03-15,MBA15,192,2023,3,15,2,74,0,0,0,200.0,241.0,232.0,186.14285714285714,193.03333333333333
2023-03-16,MBA15,165,2023,3,16,3,75,0,0,0,192.0,191.0,217.0,179.14285714285714,192.83333333333334
2023-03-17,MBA15,216,2023,3,17,4,76,0,0,0,165.0,176.0,197.0,175.42857142857142,191.96666666666667
2023-03-18,MBA15,147,2023,3,18,5,77,1,0,0,216.0,160.0,139.0,181.14285714285714,191.86666666666667
2023-03-19,MBA15,135,2023,3,19,6,78,1,0,0,147.0,124.0,150.0,179.28571428571428,189.26666666666668
2023-03-20,MBA15,134,2023,3,20,0,79,0,0,0,135.0,211.0,230.0,180.85714285714286,186.96666666666667
2023-03-21,MBA15,203,2023,3,21,1,80,0,0,0,134.0,200.0,249.0,169.85714285714286,185.3
2023-03-22,MBA15,247,2023,3,22,2,81,0,0,0,203.0,192.0,241.0,170.28571428571428,187.56666666666666
2023-03-23,MBA15,245,2023,3,23,3,82,0,0,0,247.0,165.0,191.0,178.14285714285714,189.2
2023-03-24,MBA15,193,2023,3,24,4,83,0,0,0,245.0,216.0,176.0,189.57142857142858,191.2
2023-03-25,MBA15,146,2023,3,25,5,84,1,0,0,193.0,147.0,160.0,186.28571428571428,192.4
2023-03-26,MBA15,167,2023,3,26,6,85,1,0,0,146.0,135.0,124.0,186.14285714285714,190.6
2023-03-27,MBA15,180,2023,3,27,0,86,0,0,0,167.0,134.0,211.0,190.71428571428572,189.53333333333333
2023-03-28,MBA15,212,2023,3,28,1,87,0,0,0,180.0,203.0,200.0,197.28571428571428,189.36666666666667
2023-03-29,MBA15,223,2023,3,29,2,88,0,0,0,212.0,247.0,192.0,198.57142857142858,190.83333333333334
2023-03-30,MBA15,234,2023,3,30,3,89,0,0,0,223.0,245.0,165.0,195.14285714285714,192.33333333333334
2023-03-31,MBA15,202,2023,3,31,4,90,0,0,0,234.0,193.0,216.0,193.57142857142858,191.86666666666667
2023-04-01,MBA15,154,2023,4,1,5,91,1,0,0,202.0,146.0,147.0,194.85714285714286,190.86666666666667
2023-04-02,MBA15,141,2023,4,2,6,92,1,0,0,154.0,167.0,135.0,196.0,188.76666666666668
2023-04-03,MBA15,184,2023,4,3,0,93,0,0,0,141.0,180.0,134.0,192.28571428571428,186.9
2023-04-04,MBA15,199,2023,4,4,1,94,0,0,0,184.0,212.0,203.0,192.85714285714286,188.4
2023-04-05,MBA15,214,2023,4,5,2,95,0,0,0,199.0,223.0,247.0,191.0,190.03333333333333
2023-04-06,MBA15,227,2023,4,6,3,96,0,0,0,214.0,234.0,245.0,189.71428571428572,189.5
2023-04-07,MBA15,185,2023,4,7,4,97,0,0,0,227.0,202.0,193.0,188.71428571428572,188.76666666666668
2023-04-08,MBA15,187,2023,4,8,5,98,1,0,0,185.0,154.0,146.0,186.28571428571428,186.9
2023-04-09,MBA15,153,2023,4,9,6,99,1,0,0,187.0,141.0,167.0,191.0,186.76666666666668
2023-04-10,MBA15,204,2023,4,10,0,100,0,0,0,153.0,184.0,180.0,192.71428571428572,186.0
2023-04-11,MBA15,187,2023,4,11,1,101,0,0,0,204.0,199.0,212.0,195.57142857142858,187.46666666666667
2023-04-12,MBA15,145,2023,4,12,2,102,0,0,0,187.0,214.0,223.0,193.85714285714286,189.56666666666666
2023-04-13,MBA15,227,2023,4,13,3,103,0,0,0,145.0,227.0,234.0,184.0,187.36666666666667
2023-04-14,MBA15,223,2023,4,14,4,104,0,0,0,227.0,185.0,202.0,184.0,188.26666666666668
2023-04-15,MBA15,153,2023,4,15,5,105,1,0,0,223.0,187.0,154.0,189.42857142857142,189.3
2023-04-16,MBA15,160,2023,4,16,6,106,1,0,0,153.0,153.0,141.0,184.57142857142858,188.9
2023-04-17,MBA15,218,2023,4,17,0,107,0,0,0,160.0,204.0,184.0,185.57142857142858,187.03333333333333
2023-04-18,MBA15,167,2023,4,18,1,108,0,0,0,218.0,187.0,199.0,187.57142857142858,189.4
2023-04-19,MBA15,192,2023,4,19,2,109,0,0,0,167.0,145.0,214.0,184.71428571428572,190.46666666666667
2023-04-20,MBA15,225,2023,4,20,3,110,0,0,0,192.0,227.0,227.0,191.42857142857142,192.4
2023-04-21,MBA15,175,2023,4,21,4,111,0,0,0,225.0,223.0,185.0,191.14285714285714,193.13333333333333
2023-04-22,MBA15,164,2023,4,22,5,112,1,0,0,175.0,153.0,187.0,184.28571428571428,190.73333333333332
2023-04-23,MBA15,133,2023,4,23,6,113,1,0,0,164.0,160.0,153.0,185.85714285714286,188.03333333333333
2023-04-24,MBA15,217,2023,4,24,0,114,0,0,0,133.0,218.0,204.0,182.0,186.03333333333333
2023-04-25,MBA15,205,2023,4,25,1,115,0,0,0,217.0,167.0,187.0,181.85714285714286,188.4
2023-04-26,MBA15,166,2023,4,26,2,116,0,0,0,205.0,192.0,145.0,187.28571428571428,189.66666666666666
2023-04-27,MBA15,235,2023,4,27,3,117,0,0,0,166.0,225.0,227.0,183.57142857142858,189.2
2023-04-28,MBA15,188,2023,4,28,4,118,0,0,0,235.0,175.0,223.0,185.0,189.96666666666667
2023-04-29,MBA15,144,2023,4,29,5,119,1,0,0,188.0,164.0,153.0,186.85714285714286,188.8
2023-04-30,MBA15,163,2023,4,30,6,120,1,0,0,144.0,133.0,160.0,184.0,185.8
2023-05-01,MBA15,234,2023,5,1,0,121,0,0,0,163.0,217.0,218.0,188.28571428571428,184.5
2023-05-02,MBA15,181,2023,5,2,1,122,0,0,0,234.0,205.0,167.0,190.71428571428572,187.16666666666666
2023-05-03,MBA15,208,2023,5,3,2,123,0,0,0,181.0,166.0,192.0,187.28571428571428,188.5
2023-05-04,MBA15,217,2023,5,4,3,124,0,0,0,208.0,235.0,225.0,193.28571428571428,189.3
2023-05-05,MBA15,223,2023,5,5,4,125,0,0,0,217.0,188.0,175.0,190.71428571428572,189.9
2023-05-06,MBA15,163,2023,5,6,5,126,1,0,0,223.0,144.0,164.0,195.71428571428572,190.2
2023-05-07,MBA15,152,2023,5,7,6,127,1,0,0,163.0,163.0,133.0,198.42857142857142,188.06666666666666
2023-05-08,MBA15,186,2023,5,8,0,128,0,0,0,152.0,234.0,217.0,196.85714285714286,186.96666666666667
2023-05-09,MBA15,209,2023,5,9,1,129,0,0,0,186.0,181.0,205.0,190.0,186.93333333333334
2023-05-10,MBA15,180,2023,5,10,2,130,0,0,0,209.0,208.0,166.0,194.0,188.8
2023-05-11,MBA15,134,2023,5,11,3,131,0,0,0,180.0,217.0,235.0,190.0,188.0
2023-05-12,MBA15,218,2023,5,12,4,132,0,0,0,134.0,223.0,188.0,178.14285714285714,186.23333333333332
2023-05-13,MBA15,178,2023,5,13,5,133,1,0,0,218.0,163.0,144.0,177.42857142857142,188.66666666666666
2023-05-14,MBA15,115,2023,5,14,6,134,1,0,0,178.0,152.0,163.0,179.57142857142858,187.03333333333333
2023-05-15,MBA15,183,2023,5,15,0,135,0,0,0,115.0,186.0,234.0,174.28571428571428,183.43333333333334
2023-05-16,MBA15,224,2023,5,16,1,136,0,0,0,183.0,209.0,181.0,173.85714285714286,184.43333333333334
2023-05-17,MBA15,261,2023,5,17,2,137,0,0,0,224.0,180.0,208.0,176.0,186.56666666666666
2023-05-18,MBA15,210,2023,5,18,3,138,0,0,0,261.0,134.0,217.0,187.57142857142858,188.0
2023-05-19,MBA15,192,2023,5,19,4,139,0,0,0,210.0,218.0,223.0,198.42857142857142,189.43333333333334
2023-05-20,MBA15,160,2023,5,20,5,140,1,0,0,192.0,178.0,163.0,194.71428571428572,189.43333333333334
2023-05-21,MBA15,191,2023,5,21,6,141,1,0,0,160.0,115.0,152.0,192.14285714285714,187.26666666666668
2023-05-22,MBA15,197,2023,5,22,0,142,0,0,0,191.0,183.0,186.0,203.0,187.8
2023-05-23,MBA15,194,2023,5,23,1,143,0,0,0,197.0,224.0,209.0,205.0,188.9
2023-05-24,MBA15,203,2023,5,24,2,144,0,0,0,194.0,261.0,180.0,200.71428571428572,190.93333333333334
2023-05-25,MBA15,192,2023,5,25,3,145,0,0,0,203.0,210.0,134.0,192.42857142857142,190.46666666666667
2023-05-26,MBA15,222,2023,5,26,4,146,0,0,0,192.0,192.0,218.0,189.85714285714286,190.03333333333333
2023-05-27,MBA15,204,2023,5,27,5,147,1,0,0,222.0,160.0,178.0,194.14285714285714,191.9
2023-05-28,MBA15,179,2023,5,28,6,148,1,0,0,204.0,191.0,115.0,200.42857142857142,190.86666666666667
2023-05-29,MBA15,218,2023,5,29,0,149,0,0,0,179.0,197.0,183.0,198.71428571428572,190.56666666666666
2023-05-30,MBA15,218,2023,5,30,1,150,0,0,0,218.0,194.0,224.0,201.71428571428572,193.03333333333333
2023-05-31,MBA15,186,2023,5,31,2,151,0,0,0,218.0,203.0,261.0,205.14285714285714,194.86666666666667
2023-06-01,MBA15,255,2023,6,1,3,152,0,0,0,186.0,192.0,210.0,202.71428571428572,193.26666666666668
2023-06-02,MBA15,230,2023,6,2,4,153,0,0,0,255.0,222.0,192.0,211.71428571428572,195.73333333333332
2023-06-03,MBA15,177,2023,6,3,5,154,1,0,0,230.0,204.0,160.0,212.85714285714286,196.46666666666667
2023-06-04,MBA15,252,2023,6,4,6,155,1,0,0,177.0,179.0,191.0,209.0,195.13333333333333
2023-06-05,MBA15,245,2023,6,5,0,156,0,0,0,252.0,218.0,197.0,219.42857142857142,196.1
2023-06-06,MBA15,216,2023,6,6,1,157,0,0,0,245.0,218.0,194.0,223.28571428571428,198.83333333333334
2023-06-07,MBA15,226,2023,6,7,2,158,0,0,0,216.0,186.0,203.0,223.0,200.96666666666667
2023-06-08,MBA15,272,2023,6,8,3,159,0,0,0,226.0,255.0,192.0,228.71428571428572,202.3
2023-06-09,MBA15,243,2023,6,9,4,160,0,0,0,272.0,230.0,222.0,231.14285714285714,204.4
2023-06-10,MBA15,153,2023,6,10,5,161,1,0,0,243.0,177.0,204.0,233.0,206.5
2023-06-11,MBA15,205,2023,6,11,6,162,1,0,0,153.0,252.0,179.0,229.57142857142858,207.13333333333333
2023-06-12,MBA15,219,2023,6,12,0,163,0,0,0,205.0,245.0,218.0,222.85714285714286,206.7
2023-06-13,MBA15,291,2023,6,13,1,164,0,0,0,219.0,216.0,218.0,219.14285714285714,208.06666666666666
2023-06-14,MBA15,267,2023,6,14,2,165,0,0,0,291.0,226.0,186.0,229.85714285714286,213.93333333333334
2023-06-15,MBA15,222,2023,6,15,3,166,0,0,0,267.0,272.0,255.0,235.71428571428572,216.73333333333332
2023-06-16,MBA15,269,2023,6,16,4,167,0,0,0,222.0,243.0,230.0,228.57142857142858,216.66666666666666
2023-06-17,MBA15,180,2023,6,17,5,168,1,0,0,269.0,153.0,177.0,232.28571428571428,216.93333333333334
2023-06-18,MBA15,196,2023,6,18,6,169,1,0,0,180.0,205.0,252.0,236.14285714285714,215.93333333333334
2023-06-19,MBA15,241,2023,6,19,0,170,0,0,0,196.0,219.0,245.0,234.85714285714286,216.06666666666666
2023-06-20,MBA15,203,2023,6,20,1,171,0,0,0,241.0,291.0,216.0,238.0,218.76666666666668
2023-06-21,MBA15,207,2023,6,21,2,172,0,0,0,203.0,267.0,226.0,225.42857142857142,219.16666666666666
2023-06-22,MBA15,250,2023,6,22,3,173,0,0,0,207.0,222.0,272.0,216.85714285714286,219.5
2023-06-23,MBA15,212,2023,6,23,4,174,0,0,0,250.0,269.0,243.0,220.85714285714286,221.36666666666667
2023-06-24,MBA15,161,2023,6,24,5,175,1,0,0,212.0,180.0,153.0,212.71428571428572,221.66666666666666
2023-06-25,MBA15,149,2023,6,25,6,176,1,0,0,161.0,196.0,205.0,210.0,220.63333333333333
2023-06-26,MBA15,228,2023,6,26,0,177,0,0,0,149.0,241.0,219.0,203.28571428571428,218.2
2023-06-27,MBA15,269,2023,6,27,1,178,0,0,0,228.0,203.0,291.0,201.42857142857142,219.0
2023-06-28,MBA15,187,2023,6,28,2,179,0,0,0,269.0,207.0,267.0,210.85714285714286,222.0
2023-06-29,MBA15,215,2023,6,29,3,180,0,0,0,187.0,250.0,222.0,208.0,220.96666666666667
2023-06-30,MBA15,250,2023,6,30,4,181,0,0,0,215.0,212.0,269.0,203.0,220.86666666666667
2023-07-01,MBA15,163,2023,7,1,5,182,1,0,0,250.0,161.0,180.0,208.42857142857142,223.0
2023-07-02,MBA15,173,2023,7,2,6,183,1,0,0,163.0,149.0,196.0,208.71428571428572,219.93333333333334
2023-07-03,MBA15,186,2023,7,3,0,184,0,0,0,173.0,228.0,241.0,212.14285714285714,218.03333333333333
2023-07-04,MBA15,223,2023,7,4,1,185,0,0,0,186.0,269.0,203.0,206.14285714285714,218.33333333333334
2023-07-05,MBA15,208,2023,7,5,2,186,0,0,0,223.0,187.0,207.0,199.57142857142858,217.36666666666667
2023-07-06,MBA15,238,2023,7,6,3,187,0,0,0,208.0,215.0,250.0,202.57142857142858,216.13333333333333
2023-07-07,MBA15,243,2023,7,7,4,188,0,0,0,238.0,250.0,212.0,205.85714285714286,216.86666666666667
2023-07-08,MBA15,216,2023,7,8,5,189,1,0,0,243.0,163.0,161.0,204.85714285714286,217.43333333333334
2023-07-09,MBA15,176,2023,7,9,6,190,1,0,0,216.0,173.0,149.0,212.42857142857142,215.56666666666666
2023-07-10,MBA15,222,2023,7,10,0,191,0,0,0,176.0,186.0,228.0,212.85714285714286,213.33333333333334
2023-07-11,MBA15,219,2023,7,11,1,192,0,0,0,222.0,223.0,269.0,218.0,215.63333333333333
2023-07-12,MBA15,206,2023,7,12,2,193,0,0,0,219.0,208.0,187.0,217.42857142857142,216.1
2023-07-13,MBA15,224,2023,7,13,3,194,0,0,0,206.0,238.0,215.0,217.14285714285714,215.66666666666666
2023-07-14,MBA15,208,2023,7,14,4,195,0,0,0,224.0,243.0,250.0,215.14285714285714,213.43333333333334
2023-07-15,MBA15,171,2023,7,15,5,196,1,0,0,208.0,216.0,163.0,210.14285714285714,211.46666666666667
2023-07-16,MBA15,195,2023,7,16,6,197,1,0,0,171.0,176.0,173.0,203.71428571428572,209.76666666666668
2023-07-17,MBA15,192,2023,7,17,0,198,0,0,0,195.0,222.0,186.0,206.42857142857142,207.3
2023-07-18,MBA15,249,2023,7,18,1,199,0,0,0,192.0,219.0,223.0,202.14285714285714,207.7
2023-07-19,MBA15,255,2023,7,19,2,200,0,0,0,249.0,206.0,208.0,206.42857142857142,209.46666666666667
2023-07-20,MBA15,218,2023,7,20,3,201,0,0,0,255.0,224.0,238.0,213.42857142857142,209.93333333333334
2023-07-21,MBA15,166,2023,7,21,4,202,0,0,0,218.0,208.0,243.0,212.57142857142858,210.43333333333334
2023-07-22,MBA15,160,2023,7,22,5,203,1,0,0,166.0,171.0,216.0,206.57142857142858,209.06666666666666
2023-07-23,MBA15,201,2023,7,23,6,204,1,0,0,160.0,195.0,176.0,205.0,206.06666666666666
2023-07-24,MBA15,226,2023,7,24,0,205,0,0,0,201.0,192.0,222.0,205.85714285714286,205.7
2023-07-25,MBA15,201,2023,7,25,1,206,0,0,0,226.0,249.0,219.0,210.71428571428572,207.86666666666667
2023-07-26,MBA15,216,2023,7,26,2,207,0,0,0,201.0,255.0,206.0,203.85714285714286,209.6
2023-07-27,MBA15,255,2023,7,27,3,208,0,0,0,216.0,218.0,224.0,198.28571428571428,209.2
2023-07-28,MBA15,248,2023,7,28,4,209,0,0,0,255.0,166.0,208.0,203.57142857142858,208.73333333333332
2023-07-29,MBA15,176,2023,7,29,5,210,1,0,0,248.0,160.0,171.0,215.28571428571428,210.76666666666668
2023-07-30,MBA15,175,2023,7,30,6,211,1,0,0,176.0,201.0,195.0,217.57142857142858,209.46666666666667
2023-07-31,MBA15,227,2023,7,31,0,212,0,0,0,175.0,226.0,192.0,213.85714285714286,206.96666666666667
2023-08-01,MBA15,214,2023,8,1,1,213,0,1,0,227.0,201.0,249.0,214.0,209.1
2023-08-02,MBA15,290,2023,8,2,2,214,0,1,0,214.0,216.0,255.0,215.85714285714286,210.46666666666667
2023-08-03,MBA15,235,2023,8,3,3,215,0,1,0,290.0,255.0,218.0,226.42857142857142,213.93333333333334
2023-08-04,MBA15,283,2023,8,4,4,216,0,1,0,235.0,248.0,166.0,223.57142857142858,214.33333333333334
2023-08-05,MBA15,228,2023,8,5,5,217,1,1,0,283.0,176.0,160.0,228.57142857142858,216.83333333333334
2023-08-06,MBA15,218,2023,8,6,6,218,1,1,0,228.0,175.0,201.0,236.0,216.5
2023-08-07,MBA15,241,2023,8,7,0,219,0,1,0,218.0,227.0,226.0,242.14285714285714,215.66666666666666
2023-08-08,MBA15,269,2023,8,8,1,220,0,1,0,241.0,214.0,201.0,244.14285714285714,216.5
2023-08-09,MBA15,258,2023,8,9,2,221,0,1,0,269.0,290.0,216.0,252.0,219.6
2023-08-10,MBA15,233,2023,8,10,3,222,0,1,0,258.0,235.0,255.0,247.42857142857142,220.8
2023-08-11,MBA15,273,2023,8,11,4,223,0,1,0,233.0,283.0,248.0,247.14285714285714,221.26666666666668
2023-08-12,MBA15,176,2023,8,12,5,224,1,1,0,273.0,228.0,176.0,245.71428571428572,223.5
2023-08-13,MBA15,236,2023,8,13,6,225,1,1,0,176.0,218.0,175.0,238.28571428571428,221.9
2023-08-14,MBA15,255,2023,8,14,0,226,0,1,0,236.0,241.0,227.0,240.85714285714286,222.83333333333334
2023-08-15,MBA15,278,2023,8,15,1,227,0,1,0,255.0,269.0,214.0,242.85714285714286,225.63333333333333
2023-08-16,MBA15,283,2023,8,16,2,228,0,1,0,278.0,258.0,290.0,244.14285714285714,228.4
2023-08-17,MBA15,267,2023,8,17,3,229,0,1,0,283.0,233.0,235.0,247.71428571428572,231.43333333333334
2023-08-18,MBA15,297,2023,8,18,4,230,0,1,0,267.0,273.0,283.0,252.57142857142858,232.03333333333333
2023-08-19,MBA15,203,2023,8,19,5,231,1,1,0,297.0,176.0,228.0,256.0,233.43333333333334
2023-08-20,MBA15,239,2023,8,20,6,232,1,1,0,203.0,236.0,218.0,259.85714285714283,232.93333333333334
2023-08-21,MBA15,236,2023,8,21,0,233,0,1,0,239.0,255.0,241.0,260.2857142857143,235.36666666666667
2023-08-22,MBA15,287,2023,8,22,1,234,0,1,0,236.0,278.0,269.0,257.57142857142856,237.9
2023-08-23,MBA15,350,2023,8,23,2,235,0,1,0,287.0,283.0,258.0,258.85714285714283,240.76666666666668
2023-08-24,MBA15,251,2023,8,24,3,236,0,1,0,350.0,267.0,233.0,268.42857142857144,244.9
2023-08-25,MBA15,263,2023,8,25,4,237,0,1,0,251.0,297.0,273.0,266.14285714285717,246.56666666666666
2023-08-26,MBA15,235,2023,8,26,5,238,1,1,0,263.0,203.0,176.0,261.2857142857143,248.13333333333333
2023-08-27,MBA15,226,2023,8,27,6,239,1,1,0,235.0,239.0,236.0,265.85714285714283,247.46666666666667
2023-08-28,MBA15,299,2023,8,28,0,240,0,1,0,226.0,236.0,255.0,264.0,246.73333333333332
2023-08-29,MBA15,304,2023,8,29,1,241,0,1,0,299.0,287.0,278.0,273.0,250.83333333333334
2023-08-30,MBA15,308,2023,8,30,2,242,0,1,0,304.0,350.0,283.0,275.42857142857144,255.13333333333333
2023-08-31,MBA15,324,2023,8,31,3,243,0,1,0,308.0,251.0,267.0,269.42857142857144,257.8333333333333
2023-09-01,MBA15,300,2023,9,1,4,244,0,1,0,324.0,263.0,297.0,279.85714285714283,261.5
2023-09-02,MBA15,214,2023,9,2,5,245,1,1,0,300.0,235.0,203.0,285.14285714285717,261.8333333333333
2023-09-03,MBA15,237,2023,9,3,6,246,1,1,0,214.0,226.0,239.0,282.14285714285717,261.1333333333333
2023-09-04,MBA15,347,2023,9,4,0,247,0,1,0,237.0,299.0,236.0,283.7142857142857,259.6
2023-09-05,MBA15,277,2023,9,5,1,248,0,1,0,347.0,304.0,287.0,290.57142857142856,263.56666666666666
2023-09-06,MBA15,248,2023,9,6,2,249,0,1,0,277.0,308.0,350.0,286.7142857142857,265.53333333333336
2023-09-07,MBA15,316,2023,9,7,3,250,0,1,0,248.0,324.0,251.0,278.14285714285717,265.76666666666665
2023-09-08,MBA15,273,2023,9,8,4,251,0,1,0,316.0,300.0,263.0,277.0,267.3333333333333
2023-09-09,MBA15,157,2023,9,9,5,252,1,1,0,273.0,214.0,235.0,273.14285714285717,267.8333333333333
2023-09-10,MBA15,233,2023,9,10,6,253,1,1,0,157.0,237.0,226.0,265.0,265.3
2023-09-11,MBA15,254,2023,9,11,0,254,0,1,0,233.0,347.0,299.0,264.42857142857144,263.96666666666664
2023-09-12,MBA15,267,2023,9,12,1,255,0,1,0,254.0,277.0,304.0,251.14285714285714,266.56666666666666
2023-09-13,MBA15,278,2023,9,13,2,256,0,1,0,267.0,248.0,308.0,249.71428571428572,267.6
2023-09-14,MBA15,272,2023,9,14,3,257,0,1,0,278.0,316.0,324.0,254.0,268.3666666666667
2023-09-15,MBA15,286,2023,9,15,4,258,0,1,0,272.0,273.0,300.0,247.71428571428572,268.1666666666667
2023-09-16,MBA15,191,2023,9,16,5,259,1,1,0,286.0,157.0,214.0,249.57142857142858,268.26666666666665
2023-09-17,MBA15,212,2023,9,17,6,260,1,1,0,191.0,233.0,237.0,254.42857142857142,265.73333333333335
2023-09-18,MBA15,249,2023,9,18,0,261,0,1,0,212.0,254.0,347.0,251.42857142857142,262.9
2023-09-19,MBA15,277,2023,9,19,1,262,0,1,0,249.0,267.0,277.0,250.71428571428572,264.43333333333334
2023-09-20,MBA15,271,2023,9,20,2,263,0,1,0,277.0,278.0,248.0,252.14285714285714,265.7
2023-09-21,MBA15,222,2023,9,21,3,264,0,1,0,271.0,272.0,316.0,251.14285714285714,266.8666666666667
2023-09-22,MBA15,280,2023,9,22,4,265,0,1,0,222.0,286.0,273.0,244.0,264.7
2023-09-23,MBA15,178,2023,9,23,5,266,1,1,0,280.0,191.0,157.0,243.14285714285714,262.3666666666667
2023-09-24,MBA15,207,2023,9,24,6,267,1,1,0,178.0,212.0,233.0,241.28571428571428,259.93333333333334
2023-09-25,MBA15,253,2023,9,25,0,268,0,1,0,207.0,249.0,254.0,240.57142857142858,258.06666666666666
2023-09-26,MBA15,293,2023,9,26,1,269,0,1,0,253.0,277.0,267.0,241.14285714285714,258.6666666666667
2023-09-27,MBA15,232,2023,9,27,2,270,0,1,0,293.0,271.0,278.0,243.42857142857142,260.9
2023-09-28,MBA15,227,2023,9,28,3,271,0,1,0,232.0,222.0,272.0,237.85714285714286,258.6666666666667
2023-09-29,MBA15,235,2023,9,29,4,272,0,1,0,227.0,280.0,286.0,238.57142857142858,256.1
2023-09-30,MBA15,174,2023,9,30,5,273,1,1,0,235.0,178.0,191.0,232.14285714285714,253.66666666666666
2023-10-01,MBA15,197,2023,10,1,6,274,1,0,0,174.0,207.0,212.0,231.57142857142858,248.66666666666666
2023-10-02,MBA15,186,2023,10,2,0,275,0,0,0,197.0,253.0,249.0,230.14285714285714,245.23333333333332
2023-10-03,MBA15,200,2023,10,3,1,276,0,0,0,186.0,293.0,277.0,220.57142857142858,244.3
2023-10-04,MBA15,199,2023,10,4,2,277,0,0,0,200.0,232.0,271.0,207.28571428571428,243.06666666666666
2023-10-05,MBA15,253,2023,10,5,3,278,0,0,0,199.0,227.0,222.0,202.57142857142858,238.13333333333333
2023-10-06,MBA15,272,2023,10,6,4,279,0,0,0,253.0,235.0,280.0,206.28571428571428,237.33333333333334
2023-10-07,MBA15,172,2023,10,7,5,280,1,0,0,272.0,174.0,178.0,211.57142857142858,238.13333333333333
2023-10-08,MBA15,170,2023,10,8,6,281,1,0,0,172.0,197.0,207.0,211.28571428571428,233.33333333333334
2023-10-09,MBA15,225,2023,10,9,0,282,0,0,0,170.0,186.0,253.0,207.42857142857142,229.9
2023-10-10,MBA15,253,2023,10,10,1,283,0,0,0,225.0,200.0,293.0,213.0,232.16666666666666
2023-10-11,MBA15,197,2023,10,11,2,284,0,0,0,253.0,199.0,232.0,220.57142857142858,232.83333333333334
2023-10-12,MBA15,227,2023,10,12,3,285,0,0,0,197.0,253.0,227.0,220.28571428571428,230.93333333333334
2023-10-13,MBA15,246,2023,10,13,4,286,0,0,0,227.0,272.0,235.0,216.57142857142858,229.6
2023-10-14,MBA15,180,2023,10,14,5,287,1,0,0,246.0,172.0,174.0,212.85714285714286,228.53333333333333
2023-10-15,MBA15,174,2023,10,15,6,288,1,0,0,180.0,170.0,197.0,214.0,225.46666666666667
2023-10-16,MBA15,246,2023,10,16,0,289,0,0,0,174.0,225.0,186.0,214.57142857142858,221.73333333333332
2023-10-17,MBA15,148,2023,10,17,1,290,0,0,0,246.0,253.0,200.0,217.57142857142858,223.56666666666666
2023-10-18,MBA15,237,2023,10,18,2,291,0,0,0,148.0,197.0,199.0,202.57142857142858,221.43333333333334
2023-10-19,MBA15,201,2023,10,19,3,292,0,0,0,237.0,227.0,253.0,208.28571428571428,221.03333333333333
2023-10-20,MBA15,171,2023,10,20,4,293,0,0,0,201.0,246.0,272.0,204.57142857142858,218.5
2023-10-21,MBA15,179,2023,10,21,5,294,1,0,0,171.0,180.0,172.0,193.85714285714286,215.16666666666666
2023-10-22,MBA15,197,2023,10,22,6,295,1,0,0,179.0,174.0,170.0,193.71428571428572,213.73333333333332
2023-10-23,MBA15,215,2023,10,23,0,296,0,0,0,197.0,246.0,225.0,197.0,210.96666666666667
2023-10-24,MBA15,244,2023,10,24,1,297,0,0,0,215.0,148.0,253.0,192.57142857142858,212.2
2023-10-25,MBA15,262,2023,10,25,2,298,0,0,0,244.0,237.0,197.0,206.28571428571428,213.43333333333334
2023-10-26,MBA15,254,2023,10,26,3,299,0,0,0,262.0,201.0,227.0,209.85714285714286,213.73333333333332
2023-10-27,MBA15,263,2023,10,27,4,300,0,0,0,254.0,171.0,246.0,217.42857142857142,212.43333333333334
2023-10-28,MBA15,186,2023,10,28,5,301,1,0,0,263.0,179.0,180.0,230.57142857142858,213.46666666666667
2023-10-29,MBA15,173,2023,10,29,6,302,1,0,0,186.0,197.0,174.0,231.57142857142858,212.1
2023-10-30,MBA15,179,2023,10,30,0,303,0,0,0,173.0,215.0,246.0,228.14285714285714,210.03333333333333
2023-10-31,MBA15,217,2023,10,31,1,304,0,0,0,179.0,244.0,148.0,223.0,210.2
2023-11-01,MBA15,202,2023,11,1,2,305,0,0,1,217.0,262.0,237.0,219.14285714285714,210.86666666666667
2023-11-02,MBA15,284,2023,11,2,3,306,0,0,1,202.0,254.0,201.0,210.57142857142858,211.4
2023-11-03,MBA15,222,2023,11,3,4,307,0,0,1,284.0,263.0,171.0,214.85714285714286,214.2
2023-11-04,MBA15,179,2023,11,4,5,308,1,0,1,222.0,186.0,179.0,209.0,214.96666666666667
2023-11-05,MBA15,190,2023,11,5,6,309,1,0,1,179.0,173.0,197.0,208.0,212.5
2023-11-06,MBA15,234,2023,11,6,0,310,0,0,1,190.0,179.0,215.0,210.42857142857142,209.76666666666668
2023-11-07,MBA15,283,2023,11,7,1,311,0,0,1,234.0,217.0,244.0,218.28571428571428,211.83333333333334
2023-11-08,MBA15,220,2023,11,8,2,312,0,0,1,283.0,202.0,262.0,227.71428571428572,215.6
2023-11-09,MBA15,246,2023,11,9,3,313,0,0,1,220.0,284.0,254.0,230.28571428571428,215.43333333333334
2023-11-10,MBA15,222,2023,11,10,4,314,0,0,1,246.0,222.0,263.0,224.85714285714286,215.2
2023-11-11,MBA15,160,2023,11,11,5,315,1,0,1,222.0,179.0,186.0,224.85714285714286,216.03333333333333
2023-11-12,MBA15,179,2023,11,12,6,316,1,0,1,160.0,190.0,173.0,222.14285714285714,213.8
2023-11-13,MBA15,253,2023,11,13,0,317,0,0,1,179.0,234.0,179.0,220.57142857142858,211.56666666666666
2023-11-14,MBA15,244,2023,11,14,1,318,0,0,1,253.0,283.0,217.0,223.28571428571428,214.0
2023-11-15,MBA15,240,2023,11,15,2,319,0,0,1,244.0,220.0,202.0,217.71428571428572,216.33333333333334
2023-11-16,MBA15,221,2023,11,16,3,320,0,0,1,240.0,246.0,284.0,220.57142857142858,216.13333333333333
2023-11-17,MBA15,268,2023,11,17,4,321,0,0,1,221.0,222.0,222.0,217.0,218.56666666666666
2023-11-18,MBA15,174,2023,11,18,5,322,1,0,1,268.0,160.0,179.0,223.57142857142858,219.6
2023-11-19,MBA15,236,2023,11,19,6,323,1,0,1,174.0,179.0,190.0,225.57142857142858,218.7
2023-11-20,MBA15,288,2023,11,20,0,324,0,0,1,236.0,253.0,234.0,233.71428571428572,220.86666666666667
2023-11-21,MBA15,239,2023,11,21,1,325,0,0,1,288.0,244.0,283.0,238.71428571428572,224.5
2023-11-22,MBA15,284,2023,11,22,2,326,0,0,1,239.0,240.0,220.0,238.0,225.9
2023-11-23,MBA15,272,2023,11,23,3,327,0,0,1,284.0,221.0,246.0,244.28571428571428,228.2
2023-11-24,MBA15,316,2023,11,24,4,328,0,0,1,272.0,268.0,222.0,251.57142857142858,229.13333333333333
2023-11-25,MBA15,277,2023,11,25,5,329,1,0,1,316.0,174.0,160.0,258.42857142857144,230.93333333333334
2023-11-26,MBA15,188,2023,11,26,6,330,1,0,1,277.0,236.0,179.0,273.14285714285717,231.7
2023-11-27,MBA15,322,2023,11,27,0,331,0,0,1,188.0,288.0,253.0,266.2857142857143,229.2
2023-11-28,MBA15,315,2023,11,28,1,332,0,0,1,322.0,239.0,244.0,271.14285714285717,233.73333333333332
2023-11-29,MBA15,351,2023,11,29,2,333,0,0,1,315.0,284.0,240.0,282.0,238.46666666666667
2023-11-30,MBA15,337,2023,11,30,3,334,0,0,1,351.0,272.0,221.0,291.57142857142856,244.2
2023-12-01,MBA15,301,2023,12,1,4,335,0,0,1,337.0,316.0,268.0,300.85714285714283,248.2
2023-12-02,MBA15,248,2023,12,2,5,336,1,0,1,301.0,277.0,174.0,298.7142857142857,251.5
2023-12-03,MBA15,234,2023,12,3,6,337,1,0,1,248.0,188.0,236.0,294.57142857142856,250.3
2023-12-04,MBA15,380,2023,12,4,0,338,0,0,1,234.0,322.0,288.0,301.14285714285717,250.7
2023-12-05,MBA15,339,2023,12,5,1,339,0,0,1,380.0,315.0,239.0,309.42857142857144,257.4
2023-12-06,MBA15,415,2023,12,6,2,340,0,0,1,339.0,351.0,284.0,312.85714285714283,262.3666666666667
2023-12-07,MBA15,335,2023,12,7,3,341,0,0,1,415.0,337.0,272.0,322.0,268.4
2023-12-08,MBA15,308,2023,12,8,4,342,0,0,1,335.0,301.0,316.0,321.7142857142857,270.1333333333333
2023-12-09,MBA15,212,2023,12,9,5,343,1,0,1,308.0,248.0,277.0,322.7142857142857,273.06666666666666
2023-12-10,MBA15,202,2023,12,10,6,344,1,0,1,212.0,234.0,188.0,317.57142857142856,271.93333333333334
2023-12-11,MBA15,269,2023,12,11,0,345,0,0,1,202.0,380.0,322.0,313.0,271.26666666666665
2023-12-12,MBA15,340,2023,12,12,1,346,0,0,1,269.0,339.0,315.0,297.14285714285717,274.9
2023-12-13,MBA15,346,2023,12,13,2,347,0,0,1,340.0,415.0,351.0,297.2857142857143,280.26666666666665
2023-12-14,MBA15,262,2023,12,14,3,348,0,0,1,346.0,335.0,337.0,287.42857142857144,283.3666666666667
2023-12-15,MBA15,353,2023,12,15,4,349,0,0,1,262.0,308.0,301.0,277.0,283.96666666666664
2023-12-16,MBA15,229,2023,12,16,5,350,1,0,1,353.0,212.0,248.0,283.42857142857144,287.73333333333335
2023-12-17,MBA15,244,2023,12,17,6,351,1,0,1,229.0,202.0,234.0,285.85714285714283,288.0
2023-12-18,MBA15,365,2023,12,18,0,352,0,0,1,244.0,269.0,380.0,291.85714285714283,287.2
2023-12-19,MBA15,334,2023,12,19,1,353,0,0,1,365.0,340.0,339.0,305.57142857142856,293.56666666666666
2023-12-20,MBA15,287,2023,12,20,2,354,0,0,1,334.0,346.0,415.0,304.7142857142857,296.8333333333333
2023-12-21,MBA15,261,2023,12,21,3,355,0,0,1,287.0,262.0,335.0,296.2857142857143,296.8
2023-12-22,MBA15,213,2023,12,22,4,356,0,0,1,261.0,353.0,308.0,296.14285714285717,297.53333333333336
2023-12-23,MBA15,199,2023,12,23,5,357,1,0,1,213.0,229.0,212.0,276.14285714285717,295.1666666666667
2023-12-24,MBA15,209,2023,12,24,6,358,1,0,1,199.0,244.0,202.0,271.85714285714283,292.73333333333335
2023-12-25,MBA15,241,2023,12,25,0,359,0,0,1,209.0,365.0,269.0,266.85714285714283,289.1666666666667
2023-12-26,MBA15,265,2023,12,26,1,360,0,0,1,241.0,334.0,340.0,249.14285714285714,287.96666666666664
2023-12-27,MBA15,267,2023,12,27,2,361,0,0,1,265.0,287.0,346.0,239.28571428571428,290.53333333333336
2023-12-28,MBA15,253,2023,12,28,3,362,0,0,1,267.0,261.0,262.0,236.42857142857142,288.7
2023-12-29,MBA15,237,2023,12,29,4,363,0,0,1,253.0,213.0,353.0,235.28571428571428,286.6333333333333
2023-12-30,MBA15,199,2023,12,30,5,364,1,0,1,237.0,199.0,229.0,238.71428571428572,282.8333333333333
2023-12-31,MBA15,203,2023,12,31,6,365,1,0,1,199.0,209.0,244.0,238.71428571428572,278.23333333333335
2024-01-01,MBA15,191,2024,1,1,0,1,0,0,0,203.0,241.0,365.0,237.85714285714286,274.96666666666664
2024-01-02,MBA15,257,2024,1,2,1,2,0,0,0,191.0,265.0,334.0,230.71428571428572,273.06666666666666
2024-01-03,MBA15,217,2024,1,3,2,3,0,0,0,257.0,267.0,287.0,229.57142857142858,273.8333333333333
2024-01-04,MBA15,220,2024,1,4,3,4,0,0,0,217.0,253.0,261.0,222.42857142857142,268.4
2024-01-05,MBA15,238,2024,1,5,4,5,0,0,0,220.0,237.0,213.0,217.71428571428572,264.43333333333334
2024-01-06,MBA15,175,2024,1,6,5,6,1,0,0,238.0,199.0,199.0,217.85714285714286,258.53333333333336
2024-01-07,MBA15,189,2024,1,7,6,7,1,0,0,175.0,203.0,209.0,214.42857142857142,253.2
2024-01-08,MBA15,228,2024,1,8,0,8,0,0,0,189.0,191.0,241.0,212.42857142857142,249.23333333333332
2024-01-09,MBA15,204,2024,1,9,1,9,0,0,0,228.0,257.0,265.0,217.71428571428572,249.76666666666668
2024-01-10,MBA15,230,2024,1,10,2,10,0,0,0,204.0,217.0,267.0,210.14285714285714,249.83333333333334
2024-01-11,MBA15,190,2024,1,11,3,11,0,0,0,230.0,220.0,253.0,212.0,248.53333333333333
2024-01-12,MBA15,223,2024,1,12,4,12,0,0,0,190.0,238.0,237.0,207.71428571428572,243.53333333333333
2024-01-13,MBA15,170,2024,1,13,5,13,1,0,0,223.0,175.0,199.0,205.57142857142858,239.43333333333334
2024-01-14,MBA15,166,2024,1,14,6,14,1,0,0,170.0,189.0,203.0,204.85714285714286,236.36666666666667
2024-01-15,MBA15,217,2024,1,15,0,15,0,0,0,166.0,228.0,191.0,201.57142857142858,230.13333333333333
2024-01-16,MBA15,171,2024,1,16,1,16,0,0,0,217.0,204.0,257.0,200.0,229.73333333333332
2024-01-17,MBA15,206,2024,1,17,2,17,0,0,0,171.0,230.0,217.0,195.28571428571428,227.3
2024-01-18,MBA15,223,2024,1,18,3,18,0,0,0,206.0,190.0,220.0,191.85714285714286,222.0
2024-01-19,MBA15,225,2024,1,19,4,19,0,0,0,223.0,223.0,238.0,196.57142857142858,218.3
2024-01-20,MBA15,149,2024,1,20,5,20,1,0,0,225.0,170.0,175.0,196.85714285714286,216.23333333333332
2024-01-21,MBA15,196,2024,1,21,6,21,1,0,0,149.0,166.0,189.0,193.85714285714286,212.5
2024-01-22,MBA15,198,2024,1,22,0,22,0,0,0,196.0,217.0,228.0,198.14285714285714,211.93333333333334
2024-01-23,MBA15,247,2024,1,23,1,23,0,0,0,198.0,171.0,204.0,195.42857142857142,211.9
2024-01-24,MBA15,232,2024,1,24,2,24,0,0,0,247.0,206.0,230.0,206.28571428571428,213.16666666666666
2024-01-25,MBA15,204,2024,1,25,3,25,0,0,0,232.0,223.0,190.0,210.0,212.86666666666667
2024-01-26,MBA15,268,2024,1,26,4,26,0,0,0,204.0,225.0,223.0,207.28571428571428,210.83333333333334
2024-01-27,MBA15,146,2024,1,27,5,27,1,0,0,268.0,149.0,170.0,213.42857142857142,210.86666666666667
2024-01-28,MBA15,190,2024,1,28,6,28,1,0,0,146.0,196.0,166.0,213.0,207.3
2024-01-29,MBA15,248,2024,1,29,0,29,0,0,0,190.0,198.0,217.0,212.14285714285714,205.73333333333332
2024-01-30,MBA15,203,2024,1,30,1,30,0,0,0,248.0,247.0,171.0,219.28571428571428,207.36666666666667
2024-01-31,MBA15,258,2024,1,31,2,31,0,0,0,203.0,232.0,206.0,213.0,207.36666666666667
2024-02-01,MBA15,215,2024,2,1,3,32,0,0,0,258.0,204.0,223.0,216.71428571428572,209.6
2024-02-02,MBA15,229,2024,2,2,4,33,0,0,0,215.0,268.0,225.0,218.28571428571428,208.2
2024-02-03,MBA15,176,2024,2,3,5,34,1,0,0,229.0,146.0,149.0,212.71428571428572,208.6
2024-02-04,MBA15,168,2024,2,4,6,35,1,0,0,176.0,190.0,196.0,217.0,207.13333333333333
2024-02-05,MBA15,243,2024,2,5,0,36,0,0,0,168.0,248.0,198.0,213.85714285714286,204.8
2024-02-06,MBA15,243,2024,2,6,1,37,0,0,0,243.0,203.0,247.0,213.14285714285714,207.06666666666666
2024-02-07,MBA15,175,2024,2,7,2,38,0,0,0,243.0,258.0,232.0,218.85714285714286,208.86666666666667
2024-02-08,MBA15,256,2024,2,8,3,39,0,0,0,175.0,215.0,204.0,207.0,207.1
2024-02-09,MBA15,178,2024,2,9,4,40,0,0,0,256.0,229.0,268.0,212.85714285714286,208.83333333333334
2024-02-10,MBA15,193,2024,2,10,5,41,1,0,0,178.0,176.0,146.0,205.57142857142858,207.1
2024-02-11,MBA15,195,2024,2,11,6,42,1,0,0,193.0,168.0,190.0,208.0,207.2
2024-02-12,MBA15,193,2024,2,12,0,43,0,0,0,195.0,243.0,248.0,211.85714285714286,206.26666666666668
2024-02-13,MBA15,211,2024,2,13,1,44,0,0,0,193.0,243.0,203.0,204.71428571428572,207.03333333333333
2024-02-14,MBA15,193,2024,2,14,2,45,0,0,0,211.0,175.0,258.0,200.14285714285714,208.53333333333333
2024-02-15,MBA15,216,2024,2,15,3,46,0,0,0,193.0,256.0,215.0,202.71428571428572,207.73333333333332
2024-02-16,MBA15,214,2024,2,16,4,47,0,0,0,216.0,178.0,229.0,197.0,209.23333333333332
2024-02-17,MBA15,188,2024,2,17,5,48,1,0,0,214.0,193.0,176.0,202.14285714285714,209.5
2024-02-18,MBA15,199,2024,2,18,6,49,1,0,0,188.0,195.0,168.0,201.42857142857142,208.33333333333334
2024-02-19,MBA15,260,2024,2,19,0,50,0,0,0,199.0,193.0,243.0,202.0,207.46666666666667
2024-02-20,MBA15,207,2024,2,20,1,51,0,0,0,260.0,211.0,243.0,211.57142857142858,211.16666666666666
2024-02-21,MBA15,217,2024,2,21,2,52,0,0,0,207.0,193.0,175.0,211.0,211.53333333333333
2024-02-22,MBA15,178,2024,2,22,3,53,0,0,0,217.0,216.0,256.0,214.42857142857142,212.16666666666666
2024-02-23,MBA15,201,2024,2,23,4,54,0,0,0,178.0,214.0,178.0,209.0,209.86666666666667
2024-02-24,MBA15,192,2024,2,24,5,55,1,0,0,201.0,188.0,193.0,207.14285714285714,208.83333333333334
2024-02-25,MBA15,205,2024,2,25,6,56,1,0,0,192.0,199.0,195.0,207.71428571428572,208.43333333333334
2024-02-26,MBA15,190,2024,2,26,0,57,0,0,0,205.0,260.0,193.0,208.57142857142858,206.33333333333334
2024-02-27,MBA15,207,2024,2,27,1,58,0,0,0,190.0,207.0,211.0,198.57142857142858,207.8
2024-02-28,MBA15,222,2024,2,28,2,59,0,0,0,207.0,217.0,193.0,198.57142857142858,208.36666666666667
2024-02-29,MBA15,230,2024,2,29,3,60,0,0,0,222.0,178.0,216.0,199.28571428571428,207.5
2024-03-01,MBA15,201,2024,3,1,4,61,0,0,0,230.0,201.0,214.0,206.71428571428572,208.4
2024-03-02,MBA15,181,2024,3,2,5,62,1,0,0,201.0,192.0,188.0,206.71428571428572,206.5
2024-03-03,MBA15,163,2024,3,3,6,63,1,0,0,181.0,205.0,199.0,205.14285714285714,205.36666666666667
2024-03-04,MBA15,223,2024,3,4,0,64,0,0,0,163.0,190.0,260.0,199.14285714285714,203.16666666666666
2024-03-05,MBA15,238,2024,3,5,1,65,0,0,0,223.0,207.0,207.0,203.85714285714286,204.73333333333332
2024-03-06,MBA15,224,2024,3,6,2,66,0,0,0,238.0,222.0,217.0,208.28571428571428,207.06666666666666
2024-03-07,MBA15,212,2024,3,7,3,67,0,0,0,224.0,230.0,178.0,208.57142857142858,206.43333333333334
2024-03-08,MBA15,221,2024,3,8,4,68,0,0,0,212.0,201.0,201.0,206.0,205.4
2024-03-09,MBA15,171,2024,3,9,5,69,1,0,0,221.0,181.0,192.0,208.85714285714286,206.93333333333334
2024-03-10,MBA15,165,2024,3,10,6,70,1,0,0,171.0,163.0,205.0,207.42857142857142,204.1
2024-03-11,MBA15,217,2024,3,11,0,71,0,0,0,165.0,223.0,190.0,207.71428571428572,203.66666666666666
2024-03-12,MBA15,267,2024,3,12,1,72,0,0,0,217.0,238.0,207.0,206.85714285714286,204.46666666666667
2024-03-13,MBA15,239,2024,3,13,2,73,0,0,0,267.0,224.0,222.0,211.0,206.86666666666667
2024-03-14,MBA15,216,2024,3,14,3,74,0,0,0,239.0,212.0,230.0,213.14285714285714,208.4
2024-03-15,MBA15,243,2024,3,15,4,75,0,0,0,216.0,221.0,201.0,213.71428571428572,208.56666666666666
2024-03-16,MBA15,166,2024,3,16,5,76,1,0,0,243.0,171.0,181.0,216.85714285714286,210.23333333333332
2024-03-17,MBA15,197,2024,3,17,6,77,1,0,0,166.0,165.0,163.0,216.14285714285714,208.56666666666666
2024-03-18,MBA15,234,2024,3,18,0,78,0,0,0,197.0,217.0,223.0,220.71428571428572,208.0
2024-03-19,MBA15,221,2024,3,19,1,79,0,0,0,234.0,267.0,238.0,223.14285714285714,209.53333333333333
2024-03-20,MBA15,236,2024,3,20,2,80,0,0,0,221.0,239.0,224.0,216.57142857142858,210.26666666666668
2024-03-21,MBA15,182,2024,3,21,3,81,0,0,0,236.0,216.0,212.0,216.14285714285714,209.46666666666667
2024-03-22,MBA15,194,2024,3,22,4,82,0,0,0,182.0,243.0,221.0,211.28571428571428,208.63333333333333
2024-03-23,MBA15,149,2024,3,23,5,83,1,0,0,194.0,166.0,171.0,204.28571428571428,207.86666666666667
2024-03-24,MBA15,176,2024,3,24,6,84,1,0,0,149.0,197.0,165.0,201.85714285714286,206.9
2024-03-25,MBA15,271,2024,3,25,0,85,0,0,0,176.0,234.0,217.0,198.85714285714286,206.06666666666666
2024-03-26,MBA15,285,2024,3,26,1,86,0,0,0,271.0,221.0,267.0,204.14285714285714,208.7
2024-03-27,MBA15,242,2024,3,27,2,87,0,0,0,285.0,236.0,239.0,213.28571428571428,211.36666666666667
2024-03-28,MBA15,238,2024,3,28,3,88,0,0,0,242.0,182.0,216.0,214.14285714285714,213.1
2024-03-29,MBA15,176,2024,3,29,4,89,0,0,0,238.0,194.0,243.0,222.14285714285714,214.13333333333333
2024-03-30,MBA15,162,2024,3,30,5,90,1,0,0,176.0,149.0,166.0,219.57142857142858,212.6
2024-03-31,MBA15,157,2024,3,31,6,91,1,0,0,162.0,176.0,197.0,221.42857142857142,210.33333333333334
2024-04-01,MBA15,208,2024,4,1,0,92,0,0,0,157.0,271.0,234.0,218.71428571428572,208.86666666666667
2024-04-02,MBA15,220,2024,4,2,1,93,0,0,0,208.0,285.0,221.0,209.71428571428572,209.76666666666668
2024-04-03,MBA15,212,2024,4,3,2,94,0,0,0,220.0,242.0,236.0,200.42857142857142,211.66666666666666
2024-04-04,MBA15,172,2024,4,4,3,95,0,0,0,212.0,238.0,182.0,196.14285714285714,211.3
2024-04-05,MBA15,245,2024,4,5,4,96,0,0,0,172.0,176.0,194.0,186.71428571428572,209.1
2024-04-06,MBA15,152,2024,4,6,5,97,1,0,0,245.0,162.0,149.0,196.57142857142858,209.8
2024-04-07,MBA15,179,2024,4,7,6,98,1,0,0,152.0,157.0,176.0,195.14285714285714,207.8
2024-04-08,MBA15,281,2024,4,8,0,99,0,0,0,179.0,208.0,271.0,198.28571428571428,206.4
2024-04-09,MBA15,200,2024,4,9,1,100,0,0,0,281.0,220.0,285.0,208.71428571428572,210.06666666666666
2024-04-10,MBA15,157,2024,4,10,2,101,0,0,0,200.0,212.0,242.0,205.85714285714286,211.23333333333332
2024-04-11,MBA15,218,2024,4,11,3,102,0,0,0,157.0,172.0,238.0,198.0,209.23333333333332
2024-04-12,MBA15,255,2024,4,12,4,103,0,0,0,218.0,245.0,176.0,204.57142857142858,207.6
2024-04-13,MBA15,215,2024,4,13,5,104,1,0,0,255.0,152.0,162.0,206.0,208.13333333333333
2024-04-14,MBA15,149,2024,4,14,6,105,1,0,0,215.0,179.0,157.0,215.0,208.1
2024-04-15,MBA15,239,2024,4,15,0,106,0,0,0,149.0,281.0,208.0,210.71428571428572,204.96666666666667
2024-04-16,MBA15,213,2024,4,16,1,107,0,0,0,239.0,200.0,220.0,204.71428571428572,207.4
2024-04-17,MBA15,223,2024,4,17,2,108,0,0,0,213.0,157.0,212.0,206.57142857142858,207.93333333333334
2024-04-18,MBA15,298,2024,4,18,3,109,0,0,0,223.0,218.0,172.0,216.0,207.56666666666666
2024-04-19,MBA15,185,2024,4,19,4,110,0,0,0,298.0,255.0,245.0,227.42857142857142,210.13333333333333
2024-04-20,MBA15,180,2024,4,20,5,111,1,0,0,185.0,215.0,152.0,217.42857142857142,208.43333333333334
2024-04-21,MBA15,184,2024,4,21,6,112,1,0,0,180.0,149.0,179.0,212.42857142857142,208.36666666666667
2024-04-22,MBA15,256,2024,4,22,0,113,0,0,0,184.0,239.0,281.0,217.42857142857142,208.03333333333333
2024-04-23,MBA15,229,2024,4,23,1,114,0,0,0,256.0,213.0,200.0,219.85714285714286,211.6
2024-04-24,MBA15,235,2024,4,24,2,115,0,0,0,229.0,223.0,157.0,222.14285714285714,213.36666666666667
2024-04-25,MBA15,216,2024,4,25,3,116,0,0,0,235.0,298.0,218.0,223.85714285714286,212.16666666666666
2024-04-26,MBA15,234,2024,4,26,4,117,0,0,0,216.0,185.0,255.0,212.14285714285714,209.86666666666667
2024-04-27,MBA15,168,2024,4,27,5,118,1,0,0,234.0,180.0,215.0,219.14285714285714,209.6
2024-04-28,MBA15,188,2024,4,28,6,119,1,0,0,168.0,184.0,149.0,217.42857142857142,207.26666666666668
2024-04-29,MBA15,216,2024,4,29,0,120,0,0,0,188.0,256.0,239.0,218.0,207.66666666666666
2024-04-30,MBA15,237,2024,4,30,1,121,0,0,0,216.0,229.0,213.0,212.28571428571428,209.46666666666667
2024-05-01,MBA15,226,2024,5,1,2,122,0,0,0,237.0,235.0,223.0,213.42857142857142,212.13333333333333
2024-05-02,MBA15,257,2024,5,2,3,123,0,0,0,226.0,216.0,298.0,212.14285714285714,212.73333333333332
2024-05-03,MBA15,225,2024,5,3,4,124,0,0,0,257.0,234.0,185.0,218.0,213.96666666666667
2024-05-04,MBA15,138,2024,5,4,5,125,1,0,0,225.0,168.0,180.0,216.71428571428572,214.4
2024-05-05,MBA15,202,2024,5,5,6,126,1,0,0,138.0,188.0,184.0,212.42857142857142,213.26666666666668
2024-05-06,MBA15,202,2024,5,6,0,127,0,0,0,202.0,216.0,256.0,214.42857142857142,211.83333333333334
2024-05-07,MBA15,209,2024,5,7,1,128,0,0,0,202.0,237.0,229.0,212.42857142857142,213.5
2024-05-08,MBA15,211,2024,5,8,2,129,0,0,0,209.0,226.0,235.0,208.42857142857142,214.5
2024-05-09,MBA15,265,2024,5,9,3,130,0,0,0,211.0,257.0,216.0,206.28571428571428,212.16666666666666
2024-05-10,MBA15,169,2024,5,10,4,131,0,0,0,265.0,225.0,234.0,207.42857142857142,214.33333333333334
2024-05-11,MBA15,242,2024,5,11,5,132,1,0,0,169.0,138.0,168.0,199.42857142857142,214.73333333333332
2024-05-12,MBA15,199,2024,5,12,6,133,1,0,0,242.0,202.0,188.0,214.28571428571428,215.53333333333333
2024-05-13,MBA15,235,2024,5,13,0,134,0,0,0,199.0,202.0,216.0,213.85714285714286,213.66666666666666
2024-05-14,MBA15,227,2024,5,14,1,135,0,0,0,235.0,209.0,237.0,218.57142857142858,214.33333333333334
2024-05-15,MBA15,237,2024,5,15,2,136,0,0,0,227.0,211.0,226.0,221.14285714285714,216.93333333333334
2024-05-16,MBA15,244,2024,5,16,3,137,0,0,0,237.0,265.0,257.0,224.85714285714286,216.86666666666667
2024-05-17,MBA15,248,2024,5,17,4,138,0,0,0,244.0,169.0,225.0,221.85714285714286,217.9
2024-05-18,MBA15,191,2024,5,18,5,139,1,0,0,248.0,242.0,138.0,233.14285714285714,218.73333333333332
2024-05-19,MBA15,181,2024,5,19,6,140,1,0,0,191.0,199.0,202.0,225.85714285714286,215.16666666666666
2024-05-20,MBA15,228,2024,5,20,0,141,0,0,0,181.0,235.0,202.0,223.28571428571428,215.03333333333333
2024-05-21,MBA15,230,2024,5,21,1,142,0,0,0,228.0,227.0,209.0,222.28571428571428,216.63333333333333
2024-05-22,MBA15,230,2024,5,22,2,143,0,0,0,230.0,237.0,211.0,222.71428571428572,218.16666666666666
2024-05-23,MBA15,270,2024,5,23,3,144,0,0,0,230.0,244.0,265.0,221.71428571428572,217.3
2024-05-24,MBA15,256,2024,5,24,4,145,0,0,0,270.0,248.0,169.0,225.42857142857142,218.66666666666666
2024-05-25,MBA15,120,2024,5,25,5,146,1,0,0,256.0,191.0,242.0,226.57142857142858,219.36666666666667
2024-05-26,MBA15,202,2024,5,26,6,147,1,0,0,120.0,181.0,199.0,216.42857142857142,216.16666666666666
2024-05-27,MBA15,251,2024,5,27,0,148,0,0,0,202.0,228.0,235.0,219.42857142857142,215.1
2024-05-28,MBA15,246,2024,5,28,1,149,0,0,0,251.0,230.0,227.0,222.71428571428572,217.86666666666667
2024-05-29,MBA15,237,2024,5,29,2,150,0,0,0,246.0,230.0,237.0,225.0,219.8
2024-05-30,MBA15,285,2024,5,30,3,151,0,0,0,237.0,270.0,244.0,226.0,220.5
2024-05-31,MBA15,282,2024,5,31,4,152,0,0,0,285.0,256.0,248.0,228.14285714285714,222.1
2024-06-01,MBA15,179,2024,6,1,5,153,1,0,0,282.0,120.0,191.0,231.85714285714286,223.96666666666667
2024-06-02,MBA15,208,2024,6,2,6,154,1,0,0,179.0,202.0,181.0,240.28571428571428,221.36666666666667
2024-06-03,MBA15,229,2024,6,3,0,155,0,0,0,208.0,251.0,228.0,241.14285714285714,220.8
2024-06-04,MBA15,217,2024,6,4,1,156,0,0,0,229.0,246.0,230.0,238.0,223.83333333333334
2024-06-05,MBA15,242,2024,6,5,2,157,0,0,0,217.0,237.0,230.0,233.85714285714286,224.33333333333334
2024-06-06,MBA15,290,2024,6,6,3,158,0,0,0,242.0,285.0,270.0,234.57142857142858,225.66666666666666
2024-06-07,MBA15,293,2024,6,7,4,159,0,0,0,290.0,282.0,256.0,235.28571428571428,228.36666666666667
2024-06-08,MBA15,216,2024,6,8,5,160,1,0,0,293.0,179.0,120.0,236.85714285714286,231.1
2024-06-09,MBA15,221,2024,6,9,6,161,1,0,0,216.0,208.0,202.0,242.14285714285714,229.46666666666667
2024-06-10,MBA15,279,2024,6,10,0,162,0,0,0,221.0,229.0,251.0,244.0,231.2
2024-06-11,MBA15,242,2024,6,11,1,163,0,0,0,279.0,217.0,246.0,251.14285714285714,232.43333333333334
2024-06-12,MBA15,274,2024,6,12,2,164,0,0,0,242.0,242.0,237.0,254.71428571428572,233.86666666666667
2024-06-13,MBA15,285,2024,6,13,3,165,0,0,0,274.0,290.0,285.0,259.2857142857143,235.16666666666666
2024-06-14,MBA15,281,2024,6,14,4,166,0,0,0,285.0,293.0,282.0,258.57142857142856,237.1
2024-06-15,MBA15,226,2024,6,15,5,167,1,0,0,281.0,216.0,179.0,256.85714285714283,238.56666666666666
2024-06-16,MBA15,213,2024,6,16,6,168,1,0,0,226.0,221.0,208.0,258.2857142857143,237.96666666666667
2024-06-17,MBA15,263,2024,6,17,0,169,0,0,0,213.0,279.0,229.0,257.14285714285717,236.8
2024-06-18,MBA15,283,2024,6,18,1,170,0,0,0,263.0,242.0,217.0,254.85714285714286,239.2
2024-06-19,MBA15,248,2024,6,19,2,171,0,0,0,283.0,274.0,242.0,260.7142857142857,242.6
2024-06-20,MBA15,221,2024,6,20,3,172,0,0,0,248.0,285.0,290.0,257.0,243.26666666666668
2024-06-21,MBA15,240,2024,6,21,4,173,0,0,0,221.0,281.0,293.0,247.85714285714286,242.96666666666667
2024-06-22,MBA15,171,2024,6,22,5,174,1,0,0,240.0,226.0,216.0,242.0,243.3
2024-06-23,MBA15,171,2024,6,23,6,175,1,0,0,171.0,213.0,221.0,234.14285714285714,240.0
2024-06-24,MBA15,236,2024,6,24,0,176,0,0,0,171.0,263.0,279.0,228.14285714285714,237.16666666666666
2024-06-25,MBA15,216,2024,6,25,1,177,0,0,0,236.0,283.0,242.0,224.28571428571428,241.03333333333333
2024-06-26,MBA15,229,2024,6,26,2,178,0,0,0,216.0,248.0,274.0,214.71428571428572,241.5
2024-06-27,MBA15,183,2024,6,27,3,179,0,0,0,229.0,221.0,285.0,212.0,240.76666666666668
2024-06-28,MBA15,242,2024,6,28,4,180,0,0,0,183.0,240.0,281.0,206.57142857142858,238.66666666666666
2024-06-29,MBA15,182,2024,6,29,5,181,1,0,0,242.0,171.0,226.0,206.85714285714286,238.83333333333334
2024-06-30,MBA15,163,2024,6,30,6,182,1,0,0,182.0,171.0,213.0,208.42857142857142,235.4
2024-07-01,MBA15,253,2024,7,1,0,183,0,0,0,163.0,236.0,263.0,207.28571428571428,231.43333333333334
2024-07-02,MBA15,260,2024,7,2,1,184,0,0,0,253.0,216.0,283.0,209.71428571428572,233.9
2024-07-03,MBA15,189,2024,7,3,2,185,0,0,0,260.0,229.0,248.0,216.0,235.63333333333333
2024-07-04,MBA15,212,2024,7,4,3,186,0,0,0,189.0,183.0,221.0,210.28571428571428,234.3
2024-07-05,MBA15,212,2024,7,5,4,187,0,0,0,212.0,242.0,240.0,214.42857142857142,234.13333333333333
2024-07-06,MBA15,160,2024,7,6,5,188,1,0,0,212.0,182.0,171.0,210.14285714285714,233.13333333333333
2024-07-07,MBA15,199,2024,7,7,6,189,1,0,0,160.0,163.0,171.0,207.0,228.8
2024-07-08,MBA15,229,2024,7,8,0,190,0,0,0,199.0,253.0,236.0,212.14285714285714,225.66666666666666
2024-07-09,MBA15,228,2024,7,9,1,191,0,0,0,229.0,260.0,216.0,208.71428571428572,226.1
2024-07-10,MBA15,179,2024,7,10,2,192,0,0,0,228.0,189.0,229.0,204.14285714285714,226.33333333333334
2024-07-11,MBA15,254,2024,7,11,3,193,0,0,0,179.0,212.0,183.0,202.71428571428572,223.0
2024-07-12,MBA15,202,2024,7,12,4,194,0,0,0,254.0,212.0,242.0,208.71428571428572,223.4
2024-07-13,MBA15,185,2024,7,13,5,195,1,0,0,202.0,160.0,182.0,207.28571428571428,221.0
2024-07-14,MBA15,190,2024,7,14,6,196,1,0,0,185.0,199.0,163.0,210.85714285714286,217.66666666666666
2024-07-15,MBA15,278,2024,7,15,0,197,0,0,0,190.0,229.0,253.0,209.57142857142858,214.63333333333333
2024-07-16,MBA15,202,2024,7,16,1,198,0,0,0,278.0,228.0,260.0,216.57142857142858,216.36666666666667
2024-07-17,MBA15,154,2024,7,17,2,199,0,0,0,202.0,179.0,189.0,212.85714285714286,216.0
2024-07-18,MBA15,248,2024,7,18,3,200,0,0,0,154.0,254.0,212.0,209.28571428571428,212.36666666666667
2024-07-19,MBA15,296,2024,7,19,4,201,0,0,0,248.0,202.0,212.0,208.42857142857142,211.2
2024-07-20,MBA15,217,2024,7,20,5,202,1,0,0,296.0,185.0,160.0,221.85714285714286,212.8
2024-07-21,MBA15,195,2024,7,21,6,203,1,0,0,217.0,190.0,199.0,226.42857142857142,212.66666666666666
2024-07-22,MBA15,233,2024,7,22,0,204,0,0,0,195.0,278.0,229.0,227.14285714285714,211.16666666666666
2024-07-23,MBA15,273,2024,7,23,1,205,0,0,0,233.0,202.0,228.0,220.71428571428572,213.23333333333332
2024-07-24,MBA15,221,2024,7,24,2,206,0,0,0,273.0,154.0,179.0,230.85714285714286,216.63333333333333
2024-07-25,MBA15,267,2024,7,25,3,207,0,0,0,221.0,248.0,254.0,240.42857142857142,216.13333333333333
2024-07-26,MBA15,270,2024,7,26,4,208,0,0,0,267.0,296.0,202.0,243.14285714285714,217.83333333333334
2024-07-27,MBA15,223,2024,7,27,5,209,1,0,0,270.0,217.0,185.0,239.42857142857142,219.2
2024-07-28,MBA15,266,2024,7,28,6,210,1,0,0,223.0,195.0,190.0,240.28571428571428,220.53333333333333
2024-07-29,MBA15,273,2024,7,29,0,211,0,0,0,266.0,233.0,278.0,250.42857142857142,221.33333333333334
2024-07-30,MBA15,246,2024,7,30,1,212,0,0,0,273.0,273.0,202.0,256.14285714285717,224.36666666666667
2024-07-31,MBA15,264,2024,7,31,2,213,0,0,0,246.0,221.0,154.0,252.28571428571428,227.13333333333333
2024-08-01,MBA15,210,2024,8,1,3,214,0,1,0,264.0,267.0,248.0,258.42857142857144,227.5
2024-08-02,MBA15,247,2024,8,2,4,215,0,1,0,210.0,270.0,296.0,250.28571428571428,225.83333333333334
2024-08-03,MBA15,200,2024,8,3,5,216,1,1,0,247.0,223.0,217.0,247.0,227.76666666666668
2024-08-04,MBA15,199,2024,8,4,6,217,1,1,0,200.0,266.0,195.0,243.71428571428572,227.36666666666667
2024-08-05,MBA15,282,2024,8,5,0,218,0,1,0,199.0,273.0,233.0,234.14285714285714,226.93333333333334
2024-08-06,MBA15,252,2024,8,6,1,219,0,1,0,282.0,246.0,273.0,235.42857142857142,231.0
2024-08-07,MBA15,320,2024,8,7,2,220,0,1,0,252.0,264.0,221.0,236.28571428571428,232.76666666666668
2024-08-08,MBA15,284,2024,8,8,3,221,0,1,0,320.0,210.0,267.0,244.28571428571428,235.8
2024-08-09,MBA15,287,2024,8,9,4,222,0,1,0,284.0,247.0,270.0,254.85714285714286,237.66666666666666
2024-08-10,MBA15,215,2024,8,10,5,223,1,1,0,287.0,200.0,223.0,260.57142857142856,241.26666666666668
2024-08-11,MBA15,230,2024,8,11,6,224,1,1,0,215.0,199.0,266.0,262.7142857142857,239.96666666666667
2024-08-12,MBA15,323,2024,8,12,0,225,0,1,0,230.0,282.0,273.0,267.14285714285717,240.9
2024-08-13,MBA15,266,2024,8,13,1,226,0,1,0,323.0,252.0,246.0,273.0,245.5
2024-08-14,MBA15,275,2024,8,14,2,227,0,1,0,266.0,320.0,264.0,275.0,248.03333333333333
2024-08-15,MBA15,290,2024,8,15,3,228,0,1,0,275.0,284.0,210.0,268.57142857142856,247.93333333333334
2024-08-16,MBA15,254,2024,8,16,4,229,0,1,0,290.0,287.0,247.0,269.42857142857144,250.86666666666667
2024-08-17,MBA15,213,2024,8,17,5,230,1,1,0,254.0,215.0,200.0,264.7142857142857,254.2
2024-08-18,MBA15,224,2024,8,18,6,231,1,1,0,213.0,230.0,199.0,264.42857142857144,253.03333333333333
2024-08-19,MBA15,341,2024,8,19,0,232,0,1,0,224.0,323.0,282.0,263.57142857142856,250.63333333333333
2024-08-20,MBA15,320,2024,8,20,1,233,0,1,0,341.0,266.0,252.0,266.14285714285717,254.76666666666668
2024-08-21,MBA15,319,2024,8,21,2,234,0,1,0,320.0,275.0,320.0,273.85714285714283,258.93333333333334
2024-08-22,MBA15,344,2024,8,22,3,235,0,1,0,319.0,290.0,284.0,280.14285714285717,261.8
2024-08-23,MBA15,308,2024,8,23,4,236,0,1,0,344.0,254.0,287.0,287.85714285714283,264.1666666666667
2024-08-24,MBA15,254,2024,8,24,5,237,1,1,0,308.0,213.0,215.0,295.57142857142856,267.06666666666666
2024-08-25,MBA15,240,2024,8,25,6,238,1,1,0,254.0,224.0,230.0,301.42857142857144,266.6333333333333
2024-08-26,MBA15,325,2024,8,26,0,239,0,1,0,240.0,341.0,323.0,303.7142857142857,265.6333333333333
2024-08-27,MBA15,293,2024,8,27,1,240,0,1,0,325.0,320.0,266.0,301.42857142857144,269.03333333333336
2024-08-28,MBA15,223,2024,8,28,2,241,0,1,0,293.0,319.0,275.0,297.57142857142856,269.93333333333334
2024-08-29,MBA15,310,2024,8,29,3,242,0,1,0,223.0,344.0,290.0,283.85714285714283,268.26666666666665
2024-08-30,MBA15,369,2024,8,30,4,243,0,1,0,310.0,308.0,254.0,279.0,270.4
2024-08-31,MBA15,270,2024,8,31,5,244,1,1,0,369.0,254.0,213.0,287.7142857142857,273.9
2024-09-01,MBA15,270,2024,9,1,6,245,1,1,0,270.0,240.0,224.0,290.0,275.9
2024-09-02,MBA15,359,2024,9,2,0,246,0,1,0,270.0,325.0,341.0,294.2857142857143,276.6666666666667
2024-09-03,MBA15,315,2024,9,3,1,247,0,1,0,359.0,293.0,320.0,299.14285714285717,281.96666666666664
2024-09-04,MBA15,317,2024,9,4,2,248,0,1,0,315.0,223.0,319.0,302.2857142857143,285.8333333333333
2024-09-05,MBA15,285,2024,9,5,3,249,0,1,0,317.0,310.0,344.0,315.7142857142857,287.0
2024-09-06,MBA15,295,2024,9,6,4,250,0,1,0,285.0,369.0,308.0,312.14285714285717,288.1
2024-09-07,MBA15,253,2024,9,7,5,251,1,1,0,295.0,270.0,254.0,301.57142857142856,287.26666666666665
2024-09-08,MBA15,268,2024,9,8,6,252,1,1,0,253.0,270.0,240.0,299.14285714285717,286.23333333333335
2024-09-09,MBA15,296,2024,9,9,0,253,0,1,0,268.0,359.0,325.0,298.85714285714283,285.6
2024-09-10,MBA15,283,2024,9,10,1,254,0,1,0,296.0,315.0,293.0,289.85714285714283,288.3
2024-09-11,MBA15,297,2024,9,11,2,255,0,1,0,283.0,317.0,223.0,285.2857142857143,290.06666666666666
2024-09-12,MBA15,316,2024,9,12,3,256,0,1,0,297.0,285.0,310.0,282.42857142857144,289.2
2024-09-13,MBA15,241,2024,9,13,4,257,0,1,0,316.0,295.0,369.0,286.85714285714283,290.8666666666667
2024-09-14,MBA15,162,2024,9,14,5,258,1,1,0,241.0,253.0,270.0,279.14285714285717,289.73333333333335
2024-09-15,MBA15,207,2024,9,15,6,259,1,1,0,162.0,268.0,270.0,266.14285714285717,285.46666666666664
2024-09-16,MBA15,243,2024,9,16,0,260,0,1,0,207.0,296.0,359.0,257.42857142857144,283.9
2024-09-17,MBA15,265,2024,9,17,1,261,0,1,0,243.0,283.0,315.0,249.85714285714286,284.9
2024-09-18,MBA15,275,2024,9,18,2,262,0,1,0,265.0,297.0,317.0,247.28571428571428,286.26666666666665
2024-09-19,MBA15,262,2024,9,19,3,263,0,1,0,275.0,316.0,285.0,244.14285714285714,284.06666666666666
2024-09-20,MBA15,323,2024,9,20,4,264,0,1,0,262.0,241.0,295.0,236.42857142857142,282.1333333333333
2024-09-21,MBA15,219,2024,9,21,5,265,1,1,0,323.0,162.0,253.0,248.14285714285714,282.26666666666665
2024-09-22,MBA15,217,2024,9,22,6,266,1,1,0,219.0,207.0,268.0,256.2857142857143,278.1
2024-09-23,MBA15,289,2024,9,23,0,267,0,1,0,217.0,243.0,296.0,257.7142857142857,275.06666666666666
2024-09-24,MBA15,230,2024,9,24,1,268,0,1,0,289.0,265.0,283.0,264.2857142857143,276.23333333333335
2024-09-25,MBA15,297,2024,9,25,2,269,0,1,0,230.0,275.0,297.0,259.2857142857143,275.9
2024-09-26,MBA15,260,2024,9,26,3,270,0,1,0,297.0,262.0,316.0,262.42857142857144,274.96666666666664
2024-09-27,MBA15,281,2024,9,27,4,271,0,1,0,260.0,323.0,241.0,262.14285714285717,273.8666666666667
2024-09-28,MBA15,174,2024,9,28,5,272,1,1,0,281.0,219.0,162.0,256.14285714285717,275.8
2024-09-29,MBA15,161,2024,9,29,6,273,1,1,0,174.0,217.0,207.0,249.71428571428572,271.26666666666665
2024-09-30,MBA15,280,2024,9,30,0,274,0,1,0,161.0,289.0,243.0,241.71428571428572,264.3333333333333
2024-10-01,MBA15,286,2024,10,1,1,275,0,0,0,280.0,230.0,265.0,240.42857142857142,264.6666666666667
2024-10-02,MBA15,250,2024,10,2,2,276,0,0,0,286.0,297.0,275.0,248.42857142857142,265.2
2024-10-03,MBA15,258,2024,10,3,3,277,0,0,0,250.0,260.0,262.0,241.71428571428572,261.56666666666666
2024-10-04,MBA15,339,2024,10,4,4,278,0,0,0,258.0,281.0,323.0,241.42857142857142,259.6666666666667
2024-10-05,MBA15,205,2024,10,5,5,279,1,0,0,339.0,174.0,219.0,249.71428571428572,260.4
2024-10-06,MBA15,295,2024,10,6,6,280,1,0,0,205.0,161.0,217.0,254.14285714285714,257.73333333333335
2024-10-07,MBA15,293,2024,10,7,0,281,0,0,0,295.0,280.0,289.0,273.2857142857143,257.73333333333335
2024-10-08,MBA15,362,2024,10,8,1,282,0,0,0,293.0,286.0,230.0,275.14285714285717,259.06666666666666
2024-10-09,MBA15,327,2024,10,9,2,283,0,0,0,362.0,250.0,297.0,286.0,262.2
2024-10-10,MBA15,366,2024,10,10,3,284,0,0,0,327.0,258.0,260.0,297.0,263.23333333333335
2024-10-11,MBA15,316,2024,10,11,4,285,0,0,0,366.0,339.0,281.0,312.42857142857144,266.0
2024-10-12,MBA15,252,2024,10,12,5,286,1,0,0,316.0,205.0,174.0,309.14285714285717,266.6333333333333
2024-10-13,MBA15,251,2024,10,13,6,287,1,0,0,252.0,295.0,161.0,315.85714285714283,264.5
2024-10-14,MBA15,274,2024,10,14,0,288,0,0,0,251.0,293.0,280.0,309.57142857142856,264.8333333333333
2024-10-15,MBA15,326,2024,10,15,1,289,0,0,0,274.0,362.0,286.0,306.85714285714283,268.56666666666666
2024-10-16,MBA15,270,2024,10,16,2,290,0,0,0,326.0,327.0,250.0,301.7142857142857,272.53333333333336
2024-10-17,MBA15,269,2024,10,17,3,291,0,0,0,270.0,366.0,258.0,293.57142857142856,273.43333333333334
2024-10-18,MBA15,235,2024,10,18,4,292,0,0,0,269.0,316.0,339.0,279.7142857142857,273.56666666666666
2024-10-19,MBA15,139,2024,10,19,5,293,1,0,0,235.0,252.0,205.0,268.14285714285717,272.23333333333335
2024-10-20,MBA15,191,2024,10,20,6,294,1,0,0,139.0,251.0,295.0,252.0,268.1333333333333
2024-10-21,MBA15,310,2024,10,21,0,295,0,0,0,191.0,274.0,293.0,243.42857142857142,263.73333333333335
2024-10-22,MBA15,263,2024,10,22,1,296,0,0,0,310.0,326.0,362.0,248.57142857142858,266.76666666666665
2024-10-23,MBA15,240,2024,10,23,2,297,0,0,0,263.0,270.0,327.0,239.57142857142858,268.3
2024-10-24,MBA15,233,2024,10,24,3,298,0,0,0,240.0,269.0,366.0,235.28571428571428,266.6666666666667
2024-10-25,MBA15,242,2024,10,25,4,299,0,0,0,233.0,235.0,316.0,230.14285714285714,266.76666666666665
2024-10-26,MBA15,199,2024,10,26,5,300,1,0,0,242.0,139.0,252.0,231.14285714285714,264.93333333333334
2024-10-27,MBA15,161,2024,10,27,6,301,1,0,0,199.0,191.0,251.0,239.71428571428572,262.9
2024-10-28,MBA15,276,2024,10,28,0,302,0,0,0,161.0,310.0,274.0,235.42857142857142,258.9
2024-10-29,MBA15,265,2024,10,29,1,303,0,0,0,276.0,263.0,326.0,230.57142857142858,262.3
2024-10-30,MBA15,267,2024,10,30,2,304,0,0,0,265.0,240.0,270.0,230.85714285714286,265.76666666666665
2024-10-31,MBA15,260,2024,10,31,3,305,0,0,0,267.0,233.0,269.0,234.71428571428572,265.3333333333333
2024-11-01,MBA15,249,2024,11,1,4,306,0,0,1,260.0,242.0,235.0,238.57142857142858,264.46666666666664
2024-11-02,MBA15,209,2024,11,2,5,307,1,0,1,249.0,199.0,139.0,239.57142857142858,264.43333333333334
2024-11-03,MBA15,208,2024,11,3,6,308,1,0,1,209.0,161.0,191.0,241.0,262.8
2024-11-04,MBA15,243,2024,11,4,0,309,0,0,1,208.0,276.0,310.0,247.71428571428572,258.43333333333334
2024-11-05,MBA15,238,2024,11,5,1,310,0,0,1,243.0,265.0,263.0,243.0,259.7
2024-11-06,MBA15,262,2024,11,6,2,311,0,0,1,238.0,267.0,240.0,239.14285714285714,257.8
2024-11-07,MBA15,310,2024,11,7,3,312,0,0,1,262.0,260.0,233.0,238.42857142857142,256.76666666666665
2024-11-08,MBA15,225,2024,11,8,4,313,0,0,1,310.0,249.0,242.0,245.57142857142858,255.03333333333333
2024-11-09,MBA15,170,2024,11,9,5,314,1,0,1,225.0,209.0,199.0,242.14285714285714,251.63333333333333
2024-11-10,MBA15,214,2024,11,10,6,315,1,0,1,170.0,208.0,161.0,236.57142857142858,245.1
2024-11-11,MBA15,277,2024,11,11,0,316,0,0,1,214.0,243.0,276.0,237.42857142857142,241.7
2024-11-12,MBA15,285,2024,11,12,1,317,0,0,1,277.0,238.0,265.0,242.28571428571428,242.53333333333333
2024-11-13,MBA15,292,2024,11,13,2,318,0,0,1,285.0,262.0,267.0,249.0,243.66666666666666
2024-11-14,MBA15,280,2024,11,14,3,319,0,0,1,292.0,310.0,260.0,253.28571428571428,244.26666666666668
2024-11-15,MBA15,345,2024,11,15,4,320,0,0,1,280.0,225.0,249.0,249.0,242.73333333333332
2024-11-16,MBA15,186,2024,11,16,5,321,1,0,1,345.0,170.0,209.0,266.14285714285717,245.23333333333332
2024-11-17,MBA15,211,2024,11,17,6,322,1,0,1,186.0,214.0,208.0,268.42857142857144,242.46666666666667
2024-11-18,MBA15,304,2024,11,18,0,323,0,0,1,211.0,277.0,243.0,268.0,241.66666666666666
2024-11-19,MBA15,252,2024,11,19,1,324,0,0,1,304.0,285.0,238.0,271.85714285714283,247.16666666666666
2024-11-20,MBA15,312,2024,11,20,2,325,0,0,1,252.0,292.0,262.0,267.14285714285717,249.2
2024-11-21,MBA15,389,2024,11,21,3,326,0,0,1,312.0,280.0,310.0,270.0,249.26666666666668
2024-11-22,MBA15,330,2024,11,22,4,327,0,0,1,389.0,345.0,225.0,285.57142857142856,253.46666666666667
2024-11-23,MBA15,266,2024,11,23,5,328,1,0,1,330.0,186.0,170.0,283.42857142857144,256.46666666666664
2024-11-24,MBA15,223,2024,11,24,6,329,1,0,1,266.0,211.0,214.0,294.85714285714283,257.56666666666666
2024-11-25,MBA15,319,2024,11,25,0,330,0,0,1,223.0,304.0,277.0,296.57142857142856,256.93333333333334
2024-11-26,MBA15,334,2024,11,26,1,331,0,0,1,319.0,252.0,285.0,298.7142857142857,260.93333333333334
2024-11-27,MBA15,340,2024,11,27,2,332,0,0,1,334.0,312.0,292.0,310.42857142857144,266.7
2024-11-28,MBA15,413,2024,11,28,3,333,0,0,1,340.0,389.0,280.0,314.42857142857144,268.8333333333333
2024-11-29,MBA15,385,2024,11,29,4,334,0,0,1,413.0,330.0,345.0,317.85714285714283,273.76666666666665
2024-11-30,MBA15,244,2024,11,30,5,335,1,0,1,385.0,266.0,186.0,325.7142857142857,277.7
2024-12-01,MBA15,292,2024,12,1,6,336,1,0,1,244.0,223.0,211.0,322.57142857142856,277.1666666666667
2024-12-02,MBA15,391,2024,12,2,0,337,0,0,1,292.0,319.0,304.0,332.42857142857144,278.6
2024-12-03,MBA15,421,2024,12,3,1,338,0,0,1,391.0,334.0,252.0,342.7142857142857,284.6666666666667
2024-12-04,MBA15,442,2024,12,4,2,339,0,0,1,421.0,340.0,312.0,355.14285714285717,291.76666666666665
2024-12-05,MBA15,327,2024,12,5,3,340,0,0,1,442.0,413.0,389.0,369.7142857142857,298.4
2024-12-06,MBA15,335,2024,12,6,4,341,0,0,1,327.0,385.0,330.0,357.42857142857144,301.3666666666667
2024-12-07,MBA15,243,2024,12,7,5,342,1,0,1,335.0,244.0,266.0,350.2857142857143,303.8
2024-12-08,MBA15,277,2024,12,8,6,343,1,0,1,243.0,292.0,223.0,350.14285714285717,301.56666666666666
2024-12-09,MBA15,388,2024,12,9,0,344,0,0,1,277.0,391.0,319.0,348.0,303.3
2024-12-10,MBA15,408,2024,12,10,1,345,0,0,1,388.0,421.0,334.0,347.57142857142856,310.56666666666666
2024-12-11,MBA15,359,2024,12,11,2,346,0,0,1,408.0,442.0,340.0,345.7142857142857,317.03333333333336
2024-12-12,MBA15,345,2024,12,12,3,347,0,0,1,359.0,327.0,413.0,333.85714285714283,319.76666666666665
2024-12-13,MBA15,362,2024,12,13,4,348,0,0,1,345.0,335.0,385.0,336.42857142857144,321.76666666666665
2024-12-14,MBA15,244,2024,12,14,5,349,1,0,1,362.0,243.0,244.0,340.2857142857143,324.1
2024-12-15,MBA15,335,2024,12,15,6,350,1,0,1,244.0,277.0,292.0,340.42857142857144,322.9
2024-12-16,MBA15,276,2024,12,16,0,351,0,0,1,335.0,388.0,391.0,348.7142857142857,322.56666666666666
2024-12-17,MBA15,344,2024,12,17,1,352,0,0,1,276.0,408.0,421.0,332.7142857142857,325.56666666666666
2024-12-18,MBA15,412,2024,12,18,2,353,0,0,1,344.0,359.0,442.0,323.57142857142856,330.0
2024-12-19,MBA15,327,2024,12,19,3,354,0,0,1,412.0,345.0,327.0,331.14285714285717,333.6
2024-12-20,MBA15,314,2024,12,20,4,355,0,0,1,327.0,362.0,335.0,328.57142857142856,336.1
2024-12-21,MBA15,234,2024,12,21,5,356,1,0,1,314.0,244.0,243.0,321.7142857142857,336.1666666666667
2024-12-22,MBA15,235,2024,12,22,6,357,1,0,1,234.0,335.0,277.0,320.2857142857143,331.0
2024-12-23,MBA15,356,2024,12,23,0,358,0,0,1,235.0,276.0,388.0,306.0,327.8333333333333
2024-12-24,MBA15,221,2024,12,24,1,359,0,0,1,356.0,344.0,408.0,317.42857142857144,330.8333333333333
2024-12-25,MBA15,350,2024,12,25,2,360,0,0,1,221.0,412.0,359.0,299.85714285714283,330.76666666666665
2024-12-26,MBA15,241,2024,12,26,3,361,0,0,1,350.0,327.0,345.0,291.0,331.8
2024-12-27,MBA15,277,2024,12,27,4,362,0,0,1,241.0,314.0,362.0,278.7142857142857,328.7
2024-12-28,MBA15,207,2024,12,28,5,363,1,0,1,277.0,234.0,244.0,273.42857142857144,326.6
2024-12-29,MBA15,230,2024,12,29,6,364,1,0,1,207.0,235.0,335.0,269.57142857142856,319.73333333333335
2024-12-30,MBA15,222,2024,12,30,0,365,0,0,1,230.0,356.0,276.0,268.85714285714283,314.56666666666666
2024-12-31,MBA15,286,2024,12,31,1,366,0,0,1,222.0,221.0,344.0,249.71428571428572,313.8333333333333
2025-01-01,MBA15,300,2025,1,1,2,1,0,0,0,286.0,350.0,412.0,259.0,313.6333333333333
2025-01-02,MBA15,202,2025,1,2,3,2,0,0,0,300.0,241.0,327.0,251.85714285714286,310.6
2025-01-03,MBA15,247,2025,1,3,4,3,0,0,0,202.0,277.0,314.0,246.28571428571428,303.3
2025-01-04,MBA15,172,2025,1,4,5,4,1,0,0,247.0,207.0,234.0,242.0,296.8
2025-01-05,MBA15,196,2025,1,5,6,5,1,0,0,172.0,230.0,235.0,237.0,291.6333333333333
2025-01-06,MBA15,242,2025,1,6,0,6,0,0,0,196.0,222.0,356.0,232.14285714285714,287.0
2025-01-07,MBA15,223,2025,1,7,1,7,0,0,0,242.0,286.0,221.0,235.0,286.96666666666664
2025-01-08,MBA15,256,2025,1,8,2,8,0,0,0,223.0,300.0,350.0,226.0,285.1666666666667
2025-01-09,MBA15,294,2025,1,9,3,9,0,0,0,256.0,202.0,241.0,219.71428571428572,280.76666666666665
2025-01-10,MBA15,237,2025,1,10,4,10,0,0,0,294.0,247.0,277.0,232.85714285714286,276.96666666666664
2025-01-11,MBA15,203,2025,1,11,5,11,1,0,0,237.0,172.0,207.0,231.42857142857142,272.9
2025-01-12,MBA15,158,2025,1,12,6,12,1,0,0,203.0,196.0,230.0,235.85714285714286,268.1666666666667
2025-01-13,MBA15,215,2025,1,13,0,13,0,0,0,158.0,242.0,222.0,230.42857142857142,261.3666666666667
2025-01-14,MBA15,256,2025,1,14,1,14,0,0,0,215.0,223.0,286.0,226.57142857142858,260.4
2025-01-15,MBA15,286,2025,1,15,2,15,0,0,0,256.0,256.0,300.0,231.28571428571428,257.76666666666665
2025-01-16,MBA15,253,2025,1,16,3,16,0,0,0,286.0,294.0,202.0,235.57142857142858,258.1
2025-01-17,MBA15,233,2025,1,17,4,17,0,0,0,253.0,237.0,247.0,229.71428571428572,255.06666666666666
2025-01-18,MBA15,187,2025,1,18,5,18,1,0,0,233.0,203.0,172.0,229.14285714285714,249.1
2025-01-19,MBA15,159,2025,1,19,6,19,1,0,0,187.0,158.0,196.0,226.85714285714286,244.43333333333334
2025-01-20,MBA15,260,2025,1,20,0,20,0,0,0,159.0,215.0,242.0,227.0,239.26666666666668
2025-01-21,MBA15,269,2025,1,21,1,21,0,0,0,260.0,256.0,223.0,233.42857142857142,240.13333333333333
2025-01-22,MBA15,230,2025,1,22,2,22,0,0,0,269.0,286.0,256.0,235.28571428571428,241.26666666666668
2025-01-23,MBA15,229,2025,1,23,3,23,0,0,0,230.0,253.0,294.0,227.28571428571428,237.06666666666666
2025-01-24,MBA15,251,2025,1,24,4,24,0,0,0,229.0,233.0,237.0,223.85714285714286,237.33333333333334
2025-01-25,MBA15,178,2025,1,25,5,25,1,0,0,251.0,187.0,203.0,226.42857142857142,234.03333333333333
2025-01-26,MBA15,186,2025,1,26,6,26,1,0,0,178.0,159.0,158.0,225.14285714285714,231.93333333333334
2025-01-27,MBA15,305,2025,1,27,0,27,0,0,0,186.0,260.0,215.0,229.0,228.9
2025-01-28,MBA15,236,2025,1,28,1,28,0,0,0,305.0,269.0,256.0,235.42857142857142,232.16666666666666
2025-01-29,MBA15,233,2025,1,29,2,29,0,0,0,236.0,230.0,286.0,230.71428571428572,232.36666666666667
2025-01-30,MBA15,224,2025,1,30,3,30,0,0,0,233.0,229.0,253.0,231.14285714285714,232.73333333333332
2025-01-31,MBA15,265,2025,1,31,4,31,0,0,0,224.0,251.0,233.0,230.42857142857142,230.66666666666666
2025-02-01,MBA15,184,2025,2,1,5,32,1,0,0,265.0,178.0,187.0,232.42857142857142,229.5
2025-02-02,MBA15,174,2025,2,2,6,33,1,0,0,184.0,186.0,159.0,233.28571428571428,228.9
2025-02-03,MBA15,282,2025,2,3,0,34,0,0,0,174.0,305.0,260.0,231.57142857142858,226.46666666666667
2025-02-04,MBA15,285,2025,2,4,1,35,0,0,0,282.0,236.0,269.0,228.28571428571428,230.13333333333333
2025-02-05,MBA15,226,2025,2,5,2,36,0,0,0,285.0,233.0,230.0,235.28571428571428,233.1
2025-02-06,MBA15,189,2025,2,6,3,37,0,0,0,226.0,224.0,229.0,234.28571428571428,232.56666666666666
2025-02-07,MBA15,273,2025,2,7,4,38,0,0,0,189.0,265.0,251.0,229.28571428571428,231.43333333333334
2025-02-08,MBA15,173,2025,2,8,5,39,1,0,0,273.0,184.0,178.0,230.42857142857142,232.0
2025-02-09,MBA15,206,2025,2,9,6,40,1,0,0,173.0,174.0,186.0,228.85714285714286,227.96666666666667
2025-02-10,MBA15,186,2025,2,10,0,41,0,0,0,206.0,282.0,305.0,233.42857142857142,226.93333333333334
2025-02-11,MBA15,270,2025,2,11,1,42,0,0,0,186.0,285.0,236.0,219.71428571428572,226.36666666666667
2025-02-12,MBA15,209,2025,2,12,2,43,0,0,0,270.0,226.0,233.0,217.57142857142858,230.1
2025-02-13,MBA15,266,2025,2,13,3,44,0,0,0,209.0,189.0,224.0,215.14285714285714,229.9
2025-02-14,MBA15,245,2025,2,14,4,45,0,0,0,266.0,273.0,265.0,226.14285714285714,230.23333333333332
2025-02-15,MBA15,167,2025,2,15,5,46,1,0,0,245.0,173.0,184.0,222.14285714285714,228.86666666666667
2025-02-16,MBA15,180,2025,2,16,6,47,1,0,0,167.0,206.0,174.0,221.28571428571428,226.0
2025-02-17,MBA15,265,2025,2,17,0,48,0,0,0,180.0,186.0,282.0,217.57142857142858,224.23333333333332
2025-02-18,MBA15,248,2025,2,18,1,49,0,0,0,265.0,270.0,285.0,228.85714285714286,226.83333333333334
2025-02-19,MBA15,262,2025,2,19,2,50,0,0,0,248.0,209.0,226.0,225.71428571428572,229.8
2025-02-20,MBA15,303,2025,2,20,3,51,0,0,0,262.0,266.0,189.0,233.28571428571428,229.86666666666667
2025-02-21,MBA15,199,2025,2,21,4,52,0,0,0,303.0,245.0,273.0,238.57142857142858,231.0
2025-02-22,MBA15,226,2025,2,22,5,53,1,0,0,199.0,167.0,173.0,232.0,229.96666666666667
2025-02-23,MBA15,192,2025,2,23,6,54,1,0,0,226.0,180.0,206.0,240.42857142857142,229.86666666666667
2025-02-24,MBA15,219,2025,2,24,0,55,0,0,0,192.0,265.0,186.0,242.14285714285714,227.9
2025-02-25,MBA15,206,2025,2,25,1,56,0,0,0,219.0,248.0,270.0,235.57142857142858,229.26666666666668
2025-02-26,MBA15,240,2025,2,26,2,57,0,0,0,206.0,262.0,209.0,229.57142857142858,229.93333333333334
2025-02-27,MBA15,272,2025,2,27,3,58,0,0,0,240.0,303.0,266.0,226.42857142857142,227.76666666666668
2025-02-28,MBA15,242,2025,2,28,4,59,0,0,0,272.0,199.0,245.0,222.0,228.96666666666667
2025-03-01,MBA15,224,2025,3,1,5,60,1,0,0,242.0,226.0,167.0,228.14285714285714,229.26666666666668
2025-03-02,MBA15,157,2025,3,2,6,61,1,0,0,224.0,192.0,180.0,227.85714285714286,229.26666666666668
2025-03-03,MBA15,245,2025,3,3,0,62,0,0,0,157.0,219.0,265.0,222.85714285714286,225.66666666666666
2025-03-04,MBA15,209,2025,3,4,1,63,0,0,0,245.0,206.0,248.0,226.57142857142858,227.7
2025-03-05,MBA15,256,2025,3,5,2,64,0,0,0,209.0,240.0,262.0,227.0,228.86666666666667
2025-03-06,MBA15,272,2025,3,6,3,65,0,0,0,256.0,272.0,303.0,229.28571428571428,228.0
2025-03-07,MBA15,233,2025,3,7,4,66,0,0,0,272.0,242.0,199.0,229.28571428571428,227.56666666666666
2025-03-08,MBA15,131,2025,3,8,5,67,1,0,0,233.0,224.0,226.0,228.0,227.8
2025-03-09,MBA15,195,2025,3,9,6,68,1,0,0,131.0,157.0,192.0,214.71428571428572,225.86666666666667
2025-03-10,MBA15,259,2025,3,10,0,69,0,0,0,195.0,245.0,219.0,220.14285714285714,223.26666666666668
2025-03-11,MBA15,258,2025,3,11,1,70,0,0,0,259.0,209.0,206.0,222.14285714285714,226.13333333333333
2025-03-12,MBA15,283,2025,3,12,2,71,0,0,0,258.0,256.0,240.0,229.14285714285714,227.86666666666667
2025-03-13,MBA15,214,2025,3,13,3,72,0,0,0,283.0,272.0,272.0,233.0,231.1
2025-03-14,MBA15,266,2025,3,14,4,73,0,0,0,214.0,233.0,242.0,224.71428571428572,229.23333333333332
2025-03-15,MBA15,217,2025,3,15,5,74,1,0,0,266.0,131.0,224.0,229.42857142857142,231.13333333333333
2025-03-16,MBA15,150,2025,3,16,6,75,1,0,0,217.0,195.0,157.0,241.71428571428572,229.5
2025-03-17,MBA15,256,2025,3,17,0,76,0,0,0,150.0,259.0,245.0,235.28571428571428,226.33333333333334
2025-03-18,MBA15,232,2025,3,18,1,77,0,0,0,256.0,258.0,209.0,234.85714285714286,229.3
2025-03-19,MBA15,244,2025,3,19,2,78,0,0,0,232.0,283.0,256.0,231.14285714285714,231.03333333333333
2025-03-20,MBA15,257,2025,3,20,3,79,0,0,0,244.0,214.0,272.0,225.57142857142858,230.33333333333334
2025-03-21,MBA15,232,2025,3,21,4,80,0,0,0,257.0,266.0,233.0,231.71428571428572,230.63333333333333
2025-03-22,MBA15,175,2025,3,22,5,81,1,0,0,232.0,217.0,131.0,226.85714285714286,229.63333333333333
2025-03-23,MBA15,191,2025,3,23,6,82,1,0,0,175.0,150.0,195.0,220.85714285714286,225.36666666666667
2025-03-24,MBA15,215,2025,3,24,0,83,0,0,0,191.0,256.0,259.0,226.71428571428572,225.1
2025-03-25,MBA15,215,2025,3,25,1,84,0,0,0,215.0,232.0,258.0,220.85714285714286,224.73333333333332
2025-03-26,MBA15,267,2025,3,26,2,85,0,0,0,215.0,244.0,283.0,218.42857142857142,225.5
2025-03-27,MBA15,213,2025,3,27,3,86,0,0,0,267.0,257.0,214.0,221.71428571428572,227.1
2025-03-28,MBA15,267,2025,3,28,4,87,0,0,0,213.0,232.0,266.0,215.42857142857142,227.33333333333334
2025-03-29,MBA15,202,2025,3,29,5,88,1,0,0,267.0,175.0,217.0,220.42857142857142,228.23333333333332
2025-03-30,MBA15,151,2025,3,30,6,89,1,0,0,202.0,191.0,150.0,224.28571428571428,225.9
2025-03-31,MBA15,227,2025,3,31,0,90,0,0,0,151.0,215.0,256.0,218.57142857142858,222.86666666666667
2025-04-01,MBA15,283,2025,4,1,1,91,0,0,0,227.0,215.0,232.0,220.28571428571428,222.96666666666667
2025-04-02,MBA15,218,2025,4,2,2,92,0,0,0,283.0,267.0,244.0,230.0,227.16666666666666
2025-04-03,MBA15,234,2025,4,3,3,93,0,0,0,218.0,213.0,257.0,223.0,226.26666666666668
2025-04-04,MBA15,261,2025,4,4,4,94,0,0,0,234.0,267.0,232.0,226.0,227.1
2025-04-05,MBA15,209,2025,4,5,5,95,1,0,0,261.0,202.0,175.0,225.14285714285714,227.26666666666668
2025-04-06,MBA15,186,2025,4,6,6,96,1,0,0,209.0,151.0,191.0,226.14285714285714,225.16666666666666
2025-04-07,MBA15,230,2025,4,7,0,97,0,0,0,186.0,227.0,215.0,231.14285714285714,223.6
2025-04-08,MBA15,290,2025,4,8,1,98,0,0,0,230.0,283.0,215.0,231.57142857142858,226.9
2025-04-09,MBA15,300,2025,4,9,2,99,0,0,0,290.0,218.0,267.0,232.57142857142858,230.06666666666666
2025-04-10,MBA15,277,2025,4,10,3,100,0,0,0,300.0,234.0,213.0,244.28571428571428,231.43333333333334
2025-04-11,MBA15,251,2025,4,11,4,101,0,0,0,277.0,261.0,267.0,250.42857142857142,232.06666666666666
2025-04-12,MBA15,173,2025,4,12,5,102,1,0,0,251.0,209.0,202.0,249.0,231.0
2025-04-13,MBA15,173,2025,4,13,6,103,1,0,0,173.0,186.0,151.0,243.85714285714286,229.63333333333333
2025-04-14,MBA15,264,2025,4,14,0,104,0,0,0,173.0,230.0,227.0,242.0,226.53333333333333
2025-04-15,MBA15,261,2025,4,15,1,105,0,0,0,264.0,290.0,283.0,246.85714285714286,228.1
2025-04-16,MBA15,290,2025,4,16,2,106,0,0,0,261.0,300.0,218.0,242.71428571428572,231.8
2025-04-17,MBA15,268,2025,4,17,3,107,0,0,0,290.0,277.0,234.0,241.28571428571428,232.93333333333334
2025-04-18,MBA15,204,2025,4,18,4,108,0,0,0,268.0,251.0,261.0,240.0,234.13333333333333
2025-04-19,MBA15,216,2025,4,19,5,109,1,0,0,204.0,173.0,209.0,233.28571428571428,232.8
2025-04-20,MBA15,169,2025,4,20,6,110,1,0,0,216.0,173.0,186.0,239.42857142857142,231.43333333333334
2025-04-21,MBA15,237,2025,4,21,0,111,0,0,0,169.0,264.0,230.0,238.85714285714286,229.33333333333334
2025-04-22,MBA15,256,2025,4,22,1,112,0,0,0,237.0,261.0,290.0,235.0,231.4
2025-04-23,MBA15,308,2025,4,23,2,113,0,0,0,256.0,290.0,300.0,234.28571428571428,233.56666666666666
2025-04-24,MBA15,342,2025,4,24,3,114,0,0,0,308.0,268.0,277.0,236.85714285714286,236.66666666666666
2025-04-25,MBA15,267,2025,4,25,4,115,0,0,0,342.0,204.0,251.0,247.42857142857142,240.9
2025-04-26,MBA15,188,2025,4,26,5,116,1,0,0,267.0,216.0,173.0,256.42857142857144,240.9
2025-04-27,MBA15,205,2025,4,27,6,117,1,0,0,188.0,169.0,173.0,252.42857142857142,240.06666666666666
2025-04-28,MBA15,276,2025,4,28,0,118,0,0,0,205.0,237.0,264.0,257.57142857142856,238.0
2025-04-29,MBA15,240,2025,4,29,1,119,0,0,0,276.0,256.0,261.0,263.14285714285717,240.46666666666667
2025-04-30,MBA15,303,2025,4,30,2,120,0,0,0,240.0,308.0,290.0,260.85714285714283,243.43333333333334
2025-05-01,MBA15,256,2025,5,1,3,121,0,0,0,303.0,342.0,268.0,260.14285714285717,245.96666666666667
2025-05-02,MBA15,264,2025,5,2,4,122,0,0,0,256.0,267.0,204.0,247.85714285714286,245.06666666666666
2025-05-03,MBA15,208,2025,5,3,5,123,1,0,0,264.0,188.0,216.0,247.42857142857142,246.6
2025-05-04,MBA15,203,2025,5,4,6,124,1,0,0,208.0,205.0,169.0,250.28571428571428,245.73333333333332
2025-05-05,MBA15,275,2025,5,5,0,125,0,0,0,203.0,276.0,237.0,250.0,243.8
2025-05-06,MBA15,231,2025,5,6,1,126,0,0,0,275.0,240.0,256.0,249.85714285714286,246.0
2025-05-07,MBA15,233,2025,5,7,2,127,0,0,0,231.0,303.0,308.0,248.57142857142858,247.5
2025-05-08,MBA15,217,2025,5,8,3,128,0,0,0,233.0,256.0,342.0,238.57142857142858,247.6
2025-05-09,MBA15,263,2025,5,9,4,129,0,0,0,217.0,264.0,267.0,233.0,245.16666666666666
2025-05-10,MBA15,211,2025,5,10,5,130,1,0,0,263.0,208.0,188.0,232.85714285714286,243.93333333333334
2025-05-11,MBA15,204,2025,5,11,6,131,1,0,0,211.0,203.0,205.0,233.28571428571428,241.73333333333332
2025-05-12,MBA15,301,2025,5,12,0,132,0,0,0,204.0,275.0,276.0,233.42857142857142,240.16666666666666
2025-05-13,MBA15,251,2025,5,13,1,133,0,0,0,301.0,231.0,240.0,237.14285714285714,244.43333333333334
2025-05-14,MBA15,272,2025,5,14,2,134,0,0,0,251.0,233.0,303.0,240.0,247.03333333333333
2025-05-15,MBA15,219,2025,5,15,3,135,0,0,0,272.0,217.0,256.0,245.57142857142858,247.3
2025-05-16,MBA15,241,2025,5,16,4,136,0,0,0,219.0,263.0,264.0,245.85714285714286,245.9
2025-05-17,MBA15,212,2025,5,17,5,137,1,0,0,241.0,211.0,208.0,242.71428571428572,244.26666666666668
2025-05-18,MBA15,216,2025,5,18,6,138,1,0,0,212.0,204.0,203.0,242.85714285714286,242.4
2025-05-19,MBA15,246,2025,5,19,0,139,0,0,0,216.0,301.0,275.0,244.57142857142858,242.8
2025-05-20,MBA15,253,2025,5,20,1,140,0,0,0,246.0,251.0,231.0,236.71428571428572,243.8
2025-05-21,MBA15,210,2025,5,21,2,141,0,0,0,253.0,272.0,233.0,237.0,246.6
2025-05-22,MBA15,247,2025,5,22,3,142,0,0,0,210.0,219.0,217.0,228.14285714285714,245.7
2025-05-23,MBA15,287,2025,5,23,4,143,0,0,0,247.0,241.0,263.0,232.14285714285714,245.4
2025-05-24,MBA15,216,2025,5,24,5,144,1,0,0,287.0,212.0,211.0,238.71428571428572,244.7
2025-05-25,MBA15,215,2025,5,25,6,145,1,0,0,216.0,216.0,204.0,239.28571428571428,240.5
2025-05-26,MBA15,267,2025,5,26,0,146,0,0,0,215.0,246.0,301.0,239.14285714285714,238.76666666666668
2025-05-27,MBA15,267,2025,5,27,1,147,0,0,0,267.0,253.0,251.0,242.14285714285714,241.4
2025-05-28,MBA15,248,2025,5,28,2,148,0,0,0,267.0,210.0,272.0,244.14285714285714,243.46666666666667
2025-05-29,MBA15,294,2025,5,29,3,149,0,0,0,248.0,247.0,219.0,249.57142857142858,242.53333333333333
2025-05-30,MBA15,288,2025,5,30,4,150,0,0,0,294.0,287.0,241.0,256.2857142857143,244.33333333333334
2025-05-31,MBA15,226,2025,5,31,5,151,1,0,0,288.0,216.0,212.0,256.42857142857144,243.83333333333334
2025-06-01,MBA15,202,2025,6,1,6,152,1,0,0,226.0,215.0,216.0,257.85714285714283,242.83333333333334
2025-06-02,MBA15,208,2025,6,2,0,153,0,0,0,202.0,267.0,246.0,256.0,240.76666666666668
2025-06-03,MBA15,320,2025,6,3,1,154,0,0,0,208.0,267.0,253.0,247.57142857142858,240.76666666666668
2025-06-04,MBA15,268,2025,6,4,2,155,0,0,0,320.0,248.0,210.0,255.14285714285714,244.66666666666666
2025-06-05,MBA15,257,2025,6,5,3,156,0,0,0,268.0,294.0,247.0,258.0,244.43333333333334
2025-06-06,MBA15,312,2025,6,6,4,157,0,0,0,257.0,288.0,287.0,252.71428571428572,245.3
2025-06-07,MBA15,213,2025,6,7,5,158,1,0,0,312.0,226.0,216.0,256.14285714285717,247.93333333333334
2025-06-08,MBA15,252,2025,6,8,6,159,1,0,0,213.0,202.0,215.0,254.28571428571428,247.8
2025-06-09,MBA15,311,2025,6,9,0,160,0,0,0,252.0,208.0,267.0,261.42857142857144,247.43333333333334
2025-06-10,MBA15,313,2025,6,10,1,161,0,0,0,311.0,320.0,267.0,276.14285714285717,250.76666666666668
2025-06-11,MBA15,242,2025,6,11,2,162,0,0,0,313.0,268.0,248.0,275.14285714285717,254.4
2025-06-12,MBA15,330,2025,6,12,3,163,0,0,0,242.0,257.0,294.0,271.42857142857144,252.43333333333334
2025-06-13,MBA15,296,2025,6,13,4,164,0,0,0,330.0,312.0,288.0,281.85714285714283,255.06666666666666
2025-06-14,MBA15,211,2025,6,14,5,165,1,0,0,296.0,213.0,226.0,279.57142857142856,255.86666666666667
2025-06-15,MBA15,223,2025,6,15,6,166,1,0,0,211.0,252.0,202.0,279.2857142857143,255.6
2025-06-16,MBA15,222,2025,6,16,0,167,0,0,0,223.0,311.0,208.0,275.14285714285717,255.0
2025-06-17,MBA15,294,2025,6,17,1,168,0,0,0,222.0,313.0,320.0,262.42857142857144,255.33333333333334
2025-06-18,MBA15,243,2025,6,18,2,169,0,0,0,294.0,242.0,268.0,259.7142857142857,257.93333333333334
2025-06-19,MBA15,231,2025,6,19,3,170,0,0,0,243.0,330.0,257.0,259.85714285714283,257.8333333333333
2025-06-20,MBA15,223,2025,6,20,4,171,0,0,0,231.0,296.0,312.0,245.71428571428572,257.1
2025-06-21,MBA15,238,2025,6,21,5,172,1,0,0,223.0,211.0,213.0,235.28571428571428,257.53333333333336
2025-06-22,MBA15,192,2025,6,22,6,173,1,0,0,238.0,223.0,252.0,239.14285714285714,257.23333333333335
2025-06-23,MBA15,317,2025,6,23,0,174,0,0,0,192.0,222.0,311.0,234.71428571428572,254.06666666666666
2025-06-24,MBA15,248,2025,6,24,1,175,0,0,0,317.0,294.0,313.0,248.28571428571428,257.43333333333334
2025-06-25,MBA15,210,2025,6,25,2,176,0,0,0,248.0,243.0,242.0,241.71428571428572,258.53333333333336
2025-06-26,MBA15,227,2025,6,26,3,177,0,0,0,210.0,231.0,330.0,237.0,256.6333333333333
2025-06-27,MBA15,300,2025,6,27,4,178,0,0,0,227.0,223.0,296.0,236.42857142857142,255.3
2025-06-28,MBA15,197,2025,6,28,5,179,1,0,0,300.0,238.0,211.0,247.42857142857142,257.03333333333336
2025-06-29,MBA15,187,2025,6,29,6,180,1,0,0,197.0,192.0,223.0,241.57142857142858,253.8
2025-06-30,MBA15,263,2025,6,30,0,181,0,0,0,187.0,317.0,222.0,240.85714285714286,250.43333333333334
2025-07-01,MBA15,273,2025,7,1,1,182,0,0,0,263.0,248.0,294.0,233.14285714285714,251.66666666666666
2025-07-02,MBA15,292,2025,7,2,2,183,0,0,0,273.0,210.0,243.0,236.71428571428572,254.03333333333333
2025-07-03,MBA15,302,2025,7,3,3,184,0,0,0,292.0,227.0,231.0,248.42857142857142,256.8333333333333
2025-07-04,MBA15,246,2025,7,4,4,185,0,0,0,302.0,300.0,223.0,259.14285714285717,256.23333333333335
2025-07-05,MBA15,167,2025,7,5,5,186,1,0,0,246.0,197.0,238.0,251.42857142857142,255.5
2025-07-06,MBA15,189,2025,7,6,6,187,1,0,0,167.0,187.0,192.0,247.14285714285714,252.5
2025-07-07,MBA15,265,2025,7,7,0,188,0,0,0,189.0,263.0,317.0,247.42857142857142,248.4
2025-07-08,MBA15,228,2025,7,8,1,189,0,0,0,265.0,273.0,248.0,247.71428571428572,250.13333333333333
2025-07-09,MBA15,228,2025,7,9,2,190,0,0,0,228.0,292.0,210.0,241.28571428571428,249.33333333333334
2025-07-10,MBA15,269,2025,7,10,3,191,0,0,0,228.0,302.0,227.0,232.14285714285714,246.56666666666666
2025-07-11,MBA15,258,2025,7,11,4,192,0,0,0,269.0,246.0,300.0,227.42857142857142,245.1
2025-07-12,MBA15,202,2025,7,12,5,193,1,0,0,258.0,167.0,197.0,229.14285714285714,245.63333333333333
2025-07-13,MBA15,183,2025,7,13,6,194,1,0,0,202.0,189.0,187.0,234.14285714285714,241.36666666666667
2025-07-14,MBA15,254,2025,7,14,0,195,0,0,0,183.0,265.0,263.0,233.28571428571428,237.6
2025-07-15,MBA15,233,2025,7,15,1,196,0,0,0,254.0,228.0,273.0,231.71428571428572,239.03333333333333
2025-07-16,MBA15,291,2025,7,16,2,197,0,0,0,233.0,228.0,292.0,232.42857142857142,239.36666666666667
2025-07-17,MBA15,297,2025,7,17,3,198,0,0,0,291.0,269.0,302.0,241.42857142857142,241.66666666666666
2025-07-18,MBA15,207,2025,7,18,4,199,0,0,0,297.0,258.0,246.0,245.42857142857142,241.76666666666668
2025-07-19,MBA15,183,2025,7,19,5,200,1,0,0,207.0,202.0,167.0,238.14285714285714,240.56666666666666
2025-07-20,MBA15,170,2025,7,20,6,201,1,0,0,183.0,183.0,189.0,235.42857142857142,238.96666666666667
2025-07-21,MBA15,248,2025,7,21,0,202,0,0,0,170.0,254.0,265.0,233.57142857142858,237.2
2025-07-22,MBA15,268,2025,7,22,1,203,0,0,0,248.0,233.0,228.0,232.71428571428572,237.53333333333333
2025-07-23,MBA15,225,2025,7,23,2,204,0,0,0,268.0,291.0,228.0,237.71428571428572,240.06666666666666
2025-07-24,MBA15,244,2025,7,24,3,205,0,0,0,225.0,297.0,269.0,228.28571428571428,237.0
2025-07-25,MBA15,243,2025,7,25,4,206,0,0,0,244.0,207.0,258.0,220.71428571428572,236.86666666666667
2025-07-26,MBA15,220,2025,7,26,5,207,1,0,0,243.0,183.0,202.0,225.85714285714286,237.96666666666667
2025-07-27,MBA15,218,2025,7,27,6,208,1,0,0,220.0,170.0,183.0,231.14285714285714,237.73333333333332
2025-07-28,MBA15,257,2025,7,28,0,209,0,0,0,218.0,248.0,254.0,238.0,235.0
2025-07-29,MBA15,290,2025,7,29,1,210,0,0,0,257.0,268.0,233.0,239.28571428571428,237.0
2025-07-30,MBA15,268,2025,7,30,2,211,0,0,0,290.0,225.0,291.0,242.42857142857142,240.43333333333334
2025-07-31,MBA15,279,2025,7,31,3,212,0,0,0,268.0,244.0,297.0,248.57142857142858,240.6
2025-08-01,MBA15,350,2025,8,1,4,213,0,1,0,279.0,243.0,207.0,253.57142857142858,240.8
2025-08-02,MBA15,264,2025,8,2,5,214,1,1,0,350.0,220.0,183.0,268.85714285714283,242.73333333333332
2025-08-03,MBA15,193,2025,8,3,6,215,1,1,0,264.0,218.0,170.0,275.14285714285717,241.46666666666667
2025-08-04,MBA15,329,2025,8,4,0,216,0,1,0,193.0,257.0,248.0,271.57142857142856,239.7
2025-08-05,MBA15,331,2025,8,5,1,217,0,1,0,329.0,290.0,268.0,281.85714285714283,245.1
2025-08-06,MBA15,263,2025,8,6,2,218,0,1,0,331.0,268.0,225.0,287.7142857142857,249.83333333333334
2025-08-07,MBA15,337,2025,8,7,3,219,0,1,0,263.0,279.0,244.0,287.0,249.76666666666668
2025-08-08,MBA15,367,2025,8,8,4,220,0,1,0,337.0,350.0,243.0,295.2857142857143,253.4
2025-08-09,MBA15,209,2025,8,9,5,221,1,1,0,367.0,264.0,220.0,297.7142857142857,258.03333333333336
2025-08-10,MBA15,217,2025,8,10,6,222,1,1,0,209.0,193.0,218.0,289.85714285714283,256.03333333333336
2025-08-11,MBA15,357,2025,8,11,0,223,0,1,0,217.0,329.0,257.0,293.2857142857143,254.66666666666666
2025-08-12,MBA15,332,2025,8,12,1,224,0,1,0,357.0,331.0,290.0,297.2857142857143,259.8333333333333
2025-08-13,MBA15,345,2025,8,13,2,225,0,1,0,332.0,263.0,268.0,297.42857142857144,264.8
2025-08-14,MBA15,340,2025,8,14,3,226,0,1,0,345.0,337.0,279.0,309.14285714285717,267.8333333333333
2025-08-15,MBA15,344,2025,8,15,4,227,0,1,0,340.0,367.0,350.0,309.57142857142856,271.4
2025-08-16,MBA15,215,2025,8,16,5,228,1,1,0,344.0,209.0,264.0,306.2857142857143,273.1666666666667
2025-08-17,MBA15,290,2025,8,17,6,229,1,1,0,215.0,217.0,193.0,307.14285714285717,270.43333333333334
2025-08-18,MBA15,383,2025,8,18,0,230,0,1,0,290.0,357.0,329.0,317.57142857142856,273.2
2025-08-19,MBA15,328,2025,8,19,1,231,0,1,0,383.0,332.0,331.0,321.2857142857143,279.8666666666667
2025-08-20,MBA15,338,2025,8,20,2,232,0,1,0,328.0,345.0,263.0,320.7142857142857,285.1333333333333
2025-08-21,MBA15,278,2025,8,21,3,233,0,1,0,338.0,340.0,337.0,319.7142857142857,288.1333333333333
2025-08-22,MBA15,364,2025,8,22,4,234,0,1,0,278.0,344.0,367.0,310.85714285714283,288.46666666666664
2025-08-23,MBA15,284,2025,8,23,5,235,1,1,0,364.0,215.0,209.0,313.7142857142857,293.1
2025-08-24,MBA15,265,2025,8,24,6,236,1,1,0,284.0,290.0,217.0,323.57142857142856,294.43333333333334
2025-08-25,MBA15,392,2025,8,25,0,237,0,1,0,265.0,383.0,357.0,320.0,295.1666666666667
2025-08-26,MBA15,333,2025,8,26,1,238,0,1,0,392.0,328.0,332.0,321.2857142857143,300.9
2025-08-27,MBA15,370,2025,8,27,2,239,0,1,0,333.0,338.0,345.0,322.0,304.73333333333335
2025-08-28,MBA15,305,2025,8,28,3,240,0,1,0,370.0,278.0,340.0,326.57142857142856,308.5
2025-08-29,MBA15,346,2025,8,29,4,241,0,1,0,305.0,364.0,344.0,330.42857142857144,309.0
2025-08-30,MBA15,262,2025,8,30,5,242,1,1,0,346.0,284.0,215.0,327.85714285714283,311.6
2025-08-31,MBA15,275,2025,8,31,6,243,1,1,0,262.0,265.0,290.0,324.7142857142857,311.03333333333336
2025-09-01,MBA15,330,2025,9,1,0,244,0,1,0,275.0,392.0,383.0,326.14285714285717,308.53333333333336
2025-09-02,MBA15,339,2025,9,2,1,245,0,1,0,330.0,333.0,328.0,317.2857142857143,310.73333333333335
2025-09-03,MBA15,378,2025,9,3,2,246,0,1,0,339.0,370.0,338.0,318.14285714285717,315.6
2025-09-04,MBA15,324,2025,9,4,3,247,0,1,0,378.0,305.0,278.0,319.2857142857143,317.23333333333335
2025-09-05,MBA15,275,2025,9,5,4,248,0,1,0,324.0,346.0,364.0,322.0,317.0
2025-09-06,MBA15,317,2025,9,6,5,249,1,1,0,275.0,262.0,284.0,311.85714285714283,317.4
2025-09-07,MBA15,304,2025,9,7,6,250,1,1,0,317.0,275.0,265.0,319.7142857142857,316.73333333333335
2025-09-08,MBA15,283,2025,9,8,0,251,0,1,0,304.0,330.0,392.0,323.85714285714283,314.6333333333333
2025-09-09,MBA15,361,2025,9,9,1,252,0,1,0,283.0,339.0,333.0,317.14285714285717,317.1
2025-09-10,MBA15,311,2025,9,10,2,253,0,1,0,361.0,378.0,370.0,320.2857142857143,321.9
2025-09-11,MBA15,339,2025,9,11,3,254,0,1,0,311.0,324.0,305.0,310.7142857142857,320.3666666666667
2025-09-12,MBA15,338,2025,9,12,4,255,0,1,0,339.0,275.0,346.0,312.85714285714283,320.6
2025-09-13,MBA15,243,2025,9,13,5,256,1,1,0,338.0,317.0,262.0,321.85714285714283,320.3666666666667
2025-09-14,MBA15,225,2025,9,14,6,257,1,1,0,243.0,304.0,275.0,311.2857142857143,317.1333333333333
2025-09-15,MBA15,292,2025,9,15,0,258,0,1,0,225.0,283.0,330.0,300.0,313.1666666666667
2025-09-16,MBA15,281,2025,9,16,1,259,0,1,0,292.0,361.0,339.0,301.2857142857143,315.73333333333335
2025-09-17,MBA15,282,2025,9,17,2,260,0,1,0,281.0,311.0,378.0,289.85714285714283,315.43333333333334
2025-09-18,MBA15,308,2025,9,18,3,261,0,1,0,282.0,339.0,324.0,285.7142857142857,312.06666666666666
2025-09-19,MBA15,282,2025,9,19,4,262,0,1,0,308.0,338.0,275.0,281.2857142857143,311.4
2025-09-20,MBA15,255,2025,9,20,5,263,1,1,0,282.0,243.0,317.0,273.2857142857143,309.53333333333336
2025-09-21,MBA15,276,2025,9,21,6,264,1,1,0,255.0,225.0,304.0,275.0,308.76666666666665
2025-09-22,MBA15,279,2025,9,22,0,265,0,1,0,276.0,292.0,283.0,282.2857142857143,305.8333333333333
2025-09-23,MBA15,306,2025,9,23,1,266,0,1,0,279.0,281.0,361.0,280.42857142857144,305.6666666666667
2025-09-24,MBA15,313,2025,9,24,2,267,0,1,0,306.0,282.0,311.0,284.0,307.03333333333336
2025-09-25,MBA15,310,2025,9,25,3,268,0,1,0,313.0,308.0,339.0,288.42857142857144,304.4
2025-09-26,MBA15,293,2025,9,26,4,269,0,1,0,310.0,282.0,338.0,288.7142857142857,303.6333333333333
2025-09-27,MBA15,243,2025,9,27,5,270,1,1,0,293.0,255.0,243.0,290.2857142857143,301.06666666666666
2025-09-28,MBA15,234,2025,9,28,6,271,1,1,0,243.0,276.0,225.0,288.57142857142856,299.0
2025-09-29,MBA15,242,2025,9,29,0,272,0,1,0,234.0,279.0,292.0,282.57142857142856,295.26666666666665
2025-09-30,MBA15,312,2025,9,30,1,273,0,1,0,242.0,306.0,281.0,277.2857142857143,294.6
2025-10-01,MBA15,335,2025,10,1,2,274,0,0,0,312.0,313.0,282.0,278.14285714285717,295.8333333333333
2025-10-02,MBA15,282,2025,10,2,3,275,0,0,0,335.0,310.0,308.0,281.2857142857143,296.0
2025-10-03,MBA15,321,2025,10,3,4,276,0,0,0,282.0,293.0,282.0,277.2857142857143,294.1
2025-10-04,MBA15,276,2025,10,4,5,277,1,0,0,321.0,243.0,255.0,281.2857142857143,292.2
2025-10-05,MBA15,257,2025,10,5,6,278,1,0,0,276.0,234.0,276.0,286.0,290.6
2025-10-06,MBA15,398,2025,10,6,0,279,0,0,0,257.0,242.0,279.0,289.2857142857143,290.0
2025-10-07,MBA15,466,2025,10,7,1,280,0,0,0,398.0,312.0,306.0,311.57142857142856,292.7
2025-10-08,MBA15,336,2025,10,8,2,281,0,0,0,466.0,335.0,313.0,333.57142857142856,298.1
2025-10-09,MBA15,314,2025,10,9,3,282,0,0,0,336.0,282.0,310.0,333.7142857142857,299.8666666666667
2025-10-10,MBA15,391,2025,10,10,4,283,0,0,0,314.0,321.0,293.0,338.2857142857143,298.3
2025-10-11,MBA15,314,2025,10,11,5,284,1,0,0,391.0,276.0,243.0,348.2857142857143,300.96666666666664
2025-10-12,MBA15,275,2025,10,12,6,285,1,0,0,314.0,257.0,234.0,353.7142857142857,300.1333333333333
2025-10-13,MBA15,418,2025,10,13,0,286,0,0,0,275.0,398.0,242.0,356.2857142857143,298.03333333333336
2025-10-14,MBA15,288,2025,10,14,1,287,0,0,0,418.0,466.0,312.0,359.14285714285717,303.8666666666667
2025-10-15,MBA15,358,2025,10,15,2,288,0,0,0,288.0,336.0,335.0,333.7142857142857,305.96666666666664
2025-10-16,MBA15,294,2025,10,16,3,289,0,0,0,358.0,314.0,282.0,336.85714285714283,308.1666666666667
2025-10-17,MBA15,368,2025,10,17,4,290,0,0,0,294.0,391.0,321.0,334.0,308.6
2025-10-18,MBA15,282,2025,10,18,5,291,1,0,0,368.0,314.0,276.0,330.7142857142857,311.46666666666664
2025-10-19,MBA15,200,2025,10,19,6,292,1,0,0,282.0,275.0,257.0,326.14285714285717,310.6
2025-10-20,MBA15,260,2025,10,20,0,293,0,0,0,200.0,418.0,398.0,315.42857142857144,307.8666666666667
2025-10-21,MBA15,292,2025,10,21,1,294,0,0,0,260.0,288.0,466.0,292.85714285714283,308.03333333333336
2025-10-22,MBA15,252,2025,10,22,2,295,0,0,0,292.0,358.0,336.0,293.42857142857144,308.56666666666666
2025-10-23,MBA15,263,2025,10,23,3,296,0,0,0,252.0,294.0,314.0,278.2857142857143,307.6666666666667
2025-10-24,MBA15,266,2025,10,24,4,297,0,0,0,263.0,368.0,391.0,273.85714285714283,306.23333333333335
2025-10-25,MBA15,158,2025,10,25,5,298,1,0,0,266.0,282.0,314.0,259.2857142857143,304.6666666666667
2025-10-26,MBA15,205,2025,10,26,6,299,1,0,0,158.0,200.0,275.0,241.57142857142858,299.6
2025-10-27,MBA15,244,2025,10,27,0,300,0,0,0,205.0,260.0,418.0,242.28571428571428,296.6666666666667
2025-10-28,MBA15,251,2025,10,28,1,301,0,0,0,244.0,292.0,288.0,240.0,296.7
2025-10-29,MBA15,314,2025,10,29,2,302,0,0,0,251.0,252.0,358.0,234.14285714285714,297.26666666666665
2025-10-30,MBA15,228,2025,10,30,3,303,0,0,0,314.0,263.0,294.0,243.0,299.6666666666667
2025-10-31,MBA15,296,2025,10,31,4,304,0,0,0,228.0,266.0,368.0,238.0,296.8666666666667
2025-11-01,MBA15,203,2025,11,1,5,305,1,0,1,296.0,158.0,282.0,242.28571428571428,295.56666666666666
2025-11-02,MBA15,204,2025,11,2,6,306,1,0,1,203.0,205.0,200.0,248.71428571428572,292.93333333333334
2025-11-03,MBA15,301,2025,11,3,0,307,0,0,1,204.0,244.0,260.0,248.57142857142858,289.03333333333336
2025-11-04,MBA15,288,2025,11,4,1,308,0,0,1,301.0,251.0,292.0,256.7142857142857,289.8666666666667
2025-11-05,MBA15,298,2025,11,5,2,309,0,0,1,288.0,314.0,252.0,262.0,290.9
2025-11-06,MBA15,314,2025,11,6,3,310,0,0,1,298.0,228.0,263.0,259.7142857142857,287.56666666666666
2025-11-07,MBA15,273,2025,11,7,4,311,0,0,1,314.0,296.0,266.0,272.0,282.5
2025-11-08,MBA15,206,2025,11,8,5,312,1,0,1,273.0,203.0,158.0,268.7142857142857,280.4
2025-11-09,MBA15,195,2025,11,9,6,313,1,0,1,206.0,204.0,205.0,269.14285714285717,276.8
2025-11-10,MBA15,265,2025,11,10,0,314,0,0,1,195.0,301.0,244.0,267.85714285714283,270.26666666666665
2025-11-11,MBA15,404,2025,11,11,1,315,0,0,1,265.0,288.0,251.0,262.7142857142857,268.6333333333333
2025-11-12,MBA15,348,2025,11,12,2,316,0,0,1,404.0,298.0,314.0,279.2857142857143,272.93333333333334
2025-11-13,MBA15,257,2025,11,13,3,317,0,0,1,348.0,314.0,228.0,286.42857142857144,270.6
2025-11-14,MBA15,262,2025,11,14,4,318,0,0,1,257.0,273.0,296.0,278.2857142857143,269.56666666666666
2025-11-15,MBA15,259,2025,11,15,5,319,1,0,1,262.0,206.0,203.0,276.7142857142857,266.3666666666667
2025-11-16,MBA15,265,2025,11,16,6,320,1,0,1,259.0,195.0,204.0,284.2857142857143,265.2
2025-11-17,MBA15,349,2025,11,17,0,321,0,0,1,265.0,265.0,301.0,294.2857142857143,261.76666666666665
2025-11-18,MBA15,323,2025,11,18,1,322,0,0,1,349.0,404.0,288.0,306.2857142857143,264.0
2025-11-19,MBA15,334,2025,11,19,2,323,0,0,1,323.0,348.0,298.0,294.7142857142857,268.1
2025-11-20,MBA15,358,2025,11,20,3,324,0,0,1,334.0,257.0,314.0,292.7142857142857,270.56666666666666
2025-11-21,MBA15,354,2025,11,21,4,325,0,0,1,358.0,262.0,273.0,307.14285714285717,272.76666666666665
2025-11-22,MBA15,202,2025,11,22,5,326,1,0,1,354.0,259.0,206.0,320.2857142857143,276.1666666666667
2025-11-23,MBA15,272,2025,11,23,6,327,1,0,1,202.0,265.0,195.0,312.14285714285717,274.1333333333333
2025-11-24,MBA15,331,2025,11,24,0,328,0,0,1,272.0,349.0,265.0,313.14285714285717,274.3333333333333
2025-11-25,MBA15,382,2025,11,25,1,329,0,0,1,331.0,323.0,404.0,310.57142857142856,280.1
2025-11-26,MBA15,515,2025,11,26,2,330,0,0,1,382.0,334.0,348.0,319.0,286.0
2025-11-27,MBA15,401,2025,11,27,3,331,0,0,1,515.0,358.0,257.0,344.85714285714283,295.03333333333336
2025-11-28,MBA15,374,2025,11,28,4,332,0,0,1,401.0,354.0,262.0,351.0,300.03333333333336
2025-11-29,MBA15,338,2025,11,29,5,333,1,0,1,374.0,202.0,259.0,353.85714285714283,302.03333333333336
2025-11-30,MBA15,325,2025,11,30,6,334,1,0,1,338.0,272.0,265.0,373.2857142857143,305.7
2025-12-01,MBA15,421,2025,12,1,0,335,0,0,1,325.0,331.0,349.0,380.85714285714283,306.6666666666667
2025-12-02,MBA15,433,2025,12,2,1,336,0,0,1,421.0,382.0,323.0,393.7142857142857,313.93333333333334
2025-12-03,MBA15,506,2025,12,3,2,337,0,0,1,433.0,515.0,334.0,401.0,321.56666666666666
2025-12-04,MBA15,352,2025,12,4,3,338,0,0,1,506.0,401.0,358.0,399.7142857142857,328.4
2025-12-05,MBA15,432,2025,12,5,4,339,0,0,1,352.0,374.0,354.0,392.7142857142857,330.53333333333336
2025-12-06,MBA15,281,2025,12,6,5,340,1,0,1,432.0,338.0,202.0,401.0,335.0
2025-12-07,MBA15,337,2025,12,7,6,341,1,0,1,281.0,325.0,272.0,392.85714285714283,333.9
2025-12-08,MBA15,363,2025,12,8,0,342,0,0,1,337.0,421.0,331.0,394.57142857142856,336.03333333333336
2025-12-09,MBA15,386,2025,12,9,1,343,0,0,1,363.0,433.0,382.0,386.2857142857143,341.26666666666665
2025-12-10,MBA15,390,2025,12,10,2,344,0,0,1,386.0,506.0,515.0,379.57142857142856,347.6333333333333
2025-12-11,MBA15,449,2025,12,11,3,345,0,0,1,390.0,352.0,401.0,363.0,351.8
2025-12-12,MBA15,442,2025,12,12,4,346,0,0,1,449.0,432.0,374.0,376.85714285714283,353.3
2025-12-13,MBA15,259,2025,12,13,5,347,1,0,1,442.0,281.0,338.0,378.2857142857143,356.43333333333334
2025-12-14,MBA15,304,2025,12,14,6,348,1,0,1,259.0,337.0,325.0,375.14285714285717,356.5
2025-12-15,MBA15,353,2025,12,15,0,349,0,0,1,304.0,363.0,421.0,370.42857142857144,357.9
2025-12-16,MBA15,324,2025,12,16,1,350,0,0,1,353.0,386.0,433.0,369.0,361.03333333333336
2025-12-17,MBA15,366,2025,12,17,2,351,0,0,1,324.0,390.0,506.0,360.14285714285717,363.0
2025-12-18,MBA15,357,2025,12,18,3,352,0,0,1,366.0,449.0,352.0,356.7142857142857,363.56666666666666
2025-12-19,MBA15,471,2025,12,19,4,353,0,0,1,357.0,442.0,432.0,343.57142857142856,364.7
2025-12-20,MBA15,292,2025,12,20,5,354,1,0,1,471.0,259.0,281.0,347.7142857142857,369.26666666666665
2025-12-21,MBA15,228,2025,12,21,6,355,1,0,1,292.0,304.0,337.0,352.42857142857144,367.06666666666666
2025-12-22,MBA15,324,2025,12,22,0,356,0,0,1,228.0,353.0,363.0,341.57142857142856,362.8666666666667
2025-12-23,MBA15,384,2025,12,23,1,357,0,0,1,324.0,324.0,386.0,337.42857142857144,366.93333333333334
2025-12-24,MBA15,420,2025,12,24,2,358,0,0,1,384.0,366.0,390.0,346.0,370.6666666666667
2025-12-25,MBA15,268,2025,12,25,3,359,0,0,1,420.0,357.0,449.0,353.7142857142857,373.6333333333333
2025-12-26,MBA15,252,2025,12,26,4,360,0,0,1,268.0,471.0,442.0,341.0,369.8333333333333
2025-12-27,MBA15,303,2025,12,27,5,361,1,0,1,252.0,292.0,259.0,309.7142857142857,361.06666666666666
2025-12-28,MBA15,255,2025,12,28,6,362,1,0,1,303.0,228.0,304.0,311.2857142857143,357.8
2025-12-29,MBA15,278,2025,12,29,0,363,0,0,1,255.0,324.0,353.0,315.14285714285717,353.8333333333333
2025-12-30,MBA15,326,2025,12,30,1,364,0,0,1,278.0,384.0,324.0,308.57142857142856,351.8333333333333
2025-12-31,MBA15,207,2025,12,31,2,365,0,0,1,326.0,420.0,366.0,300.2857142857143,351.8666666666667
2023-01-31,MBP14,158,2023,1,31,1,31,0,0,0,136.0,168.0,160.0,153.42857142857142,152.6
2023-02-01,MBP14,146,2023,2,1,2,32,0,0,0,158.0,169.0,212.0,152.0,153.73333333333332
2023-02-02,MBP14,160,2023,2,2,3,33,0,0,0,146.0,160.0,140.0,148.71428571428572,153.03333333333333
2023-02-03,MBP14,185,2023,2,3,4,34,0,0,0,160.0,185.0,189.0,148.71428571428572,152.4
2023-02-04,MBP14,118,2023,2,4,5,35,1,0,0,185.0,141.0,139.0,148.71428571428572,153.86666666666667
2023-02-05,MBP14,124,2023,2,5,6,36,1,0,0,118.0,115.0,129.0,145.42857142857142,152.4
2023-02-06,MBP14,163,2023,2,6,0,37,0,0,0,124.0,136.0,195.0,146.71428571428572,151.76666666666668
2023-02-07,MBP14,178,2023,2,7,1,38,0,0,0,163.0,158.0,168.0,150.57142857142858,152.93333333333334
2023-02-08,MBP14,118,2023,2,8,2,39,0,0,0,178.0,146.0,169.0,153.42857142857142,155.16666666666666
2023-02-09,MBP14,150,2023,2,9,3,40,0,0,0,118.0,160.0,160.0,149.42857142857142,154.0
2023-02-10,MBP14,166,2023,2,10,4,41,0,0,0,150.0,185.0,185.0,148.0,154.26666666666668
2023-02-11,MBP14,143,2023,2,11,5,42,1,0,0,166.0,118.0,141.0,145.28571428571428,154.03333333333333
2023-02-12,MBP14,118,2023,2,12,6,43,1,0,0,143.0,124.0,115.0,148.85714285714286,152.86666666666667
2023-02-13,MBP14,125,2023,2,13,0,44,0,0,0,118.0,163.0,136.0,148.0,151.6
2023-02-14,MBP14,174,2023,2,14,1,45,0,0,0,125.0,178.0,158.0,142.57142857142858,151.6
2023-02-15,MBP14,149,2023,2,15,2,46,0,0,0,174.0,118.0,146.0,142.0,153.96666666666667
2023-02-16,MBP14,139,2023,2,16,3,47,0,0,0,149.0,150.0,160.0,146.42857142857142,153.76666666666668
2023-02-17,MBP14,150,2023,2,17,4,48,0,0,0,139.0,166.0,185.0,144.85714285714286,153.06666666666666
2023-02-18,MBP14,122,2023,2,18,5,49,1,0,0,150.0,143.0,118.0,142.57142857142858,151.0
2023-02-19,MBP14,116,2023,2,19,6,50,1,0,0,122.0,118.0,124.0,139.57142857142858,150.4
2023-02-20,MBP14,119,2023,2,20,0,51,0,0,0,116.0,125.0,163.0,139.28571428571428,147.96666666666667
2023-02-21,MBP14,179,2023,2,21,1,52,0,0,0,119.0,174.0,178.0,138.42857142857142,147.3
2023-02-22,MBP14,187,2023,2,22,2,53,0,0,0,179.0,149.0,118.0,139.14285714285714,148.96666666666667
2023-02-23,MBP14,175,2023,2,23,3,54,0,0,0,187.0,139.0,150.0,144.57142857142858,148.7
2023-02-24,MBP14,140,2023,2,24,4,55,0,0,0,175.0,150.0,166.0,149.71428571428572,148.93333333333334
2023-02-25,MBP14,122,2023,2,25,5,56,1,0,0,140.0,122.0,143.0,148.28571428571428,147.96666666666667
2023-02-26,MBP14,125,2023,2,26,6,57,1,0,0,122.0,116.0,118.0,148.28571428571428,146.7
2023-02-27,MBP14,174,2023,2,27,0,58,0,0,0,125.0,119.0,125.0,149.57142857142858,144.7
2023-02-28,MBP14,175,2023,2,28,1,59,0,0,0,174.0,179.0,174.0,157.42857142857142,145.8
2023-03-01,MBP14,148,2023,3,1,2,60,0,0,0,175.0,187.0,149.0,156.85714285714286,147.8
2023-03-02,MBP14,164,2023,3,2,3,61,0,0,0,148.0,175.0,139.0,151.28571428571428,148.2
2023-03-03,MBP14,171,2023,3,3,4,62,0,0,0,164.0,140.0,150.0,149.71428571428572,148.4
2023-03-04,MBP14,147,2023,3,4,5,63,1,0,0,171.0,122.0,122.0,154.14285714285714,149.23333333333332
2023-03-05,MBP14,136,2023,3,5,6,64,1,0,0,147.0,125.0,116.0,157.71428571428572,148.8
2023-03-06,MBP14,178,2023,3,6,0,65,0,0,0,136.0,174.0,119.0,159.28571428571428,147.16666666666666
2023-03-07,MBP14,164,2023,3,7,1,66,0,0,0,178.0,175.0,179.0,159.85714285714286,149.16666666666666
2023-03-08,MBP14,190,2023,3,8,2,67,0,0,0,164.0,148.0,187.0,158.28571428571428,150.5
2023-03-09,MBP14,170,2023,3,9,3,68,0,0,0,190.0,164.0,175.0,164.28571428571428,151.4
2023-03-10,MBP14,146,2023,3,10,4,69,0,0,0,170.0,171.0,140.0,165.14285714285714,151.13333333333333
2023-03-11,MBP14,147,2023,3,11,5,70,1,0,0,146.0,147.0,122.0,161.57142857142858,152.06666666666666
2023-03-12,MBP14,136,2023,3,12,6,71,1,0,0,147.0,136.0,125.0,161.57142857142858,151.96666666666667
2023-03-13,MBP14,154,2023,3,13,0,72,0,0,0,136.0,178.0,174.0,161.57142857142858,150.96666666666667
2023-03-14,MBP14,153,2023,3,14,1,73,0,0,0,154.0,164.0,175.0,158.14285714285714,151.33333333333334
2023-03-15,MBP14,168,2023,3,15,2,74,0,0,0,153.0,190.0,148.0,156.57142857142858,152.5
2023-03-16,MBP14,172,2023,3,16,3,75,0,0,0,168.0,170.0,164.0,153.42857142857142,153.93333333333334
2023-03-17,MBP14,166,2023,3,17,4,76,0,0,0,172.0,146.0,171.0,153.71428571428572,153.86666666666667
2023-03-18,MBP14,130,2023,3,18,5,77,1,0,0,166.0,147.0,147.0,156.57142857142858,154.43333333333334
2023-03-19,MBP14,151,2023,3,19,6,78,1,0,0,130.0,136.0,136.0,154.14285714285714,154.13333333333333
2023-03-20,MBP14,184,2023,3,20,0,79,0,0,0,151.0,154.0,178.0,156.28571428571428,154.16666666666666
2023-03-21,MBP14,166,2023,3,21,1,80,0,0,0,184.0,153.0,164.0,160.57142857142858,156.23333333333332
2023-03-22,MBP14,181,2023,3,22,2,81,0,0,0,166.0,168.0,190.0,162.42857142857142,157.9
2023-03-23,MBP14,143,2023,3,23,3,82,0,0,0,181.0,172.0,170.0,164.28571428571428,159.96666666666667
2023-03-24,MBP14,171,2023,3,24,4,83,0,0,0,143.0,166.0,146.0,160.14285714285714,158.76666666666668
2023-03-25,MBP14,153,2023,3,25,5,84,1,0,0,171.0,130.0,147.0,160.85714285714286,158.23333333333332
2023-03-26,MBP14,123,2023,3,26,6,85,1,0,0,153.0,151.0,136.0,164.14285714285714,157.5
2023-03-27,MBP14,146,2023,3,27,0,86,0,0,0,123.0,184.0,154.0,160.14285714285714,156.93333333333334
2023-03-28,MBP14,150,2023,3,28,1,87,0,0,0,146.0,166.0,153.0,154.71428571428572,157.73333333333332
2023-03-29,MBP14,142,2023,3,29,2,88,0,0,0,150.0,181.0,168.0,152.42857142857142,158.56666666666666
2023-03-30,MBP14,148,2023,3,30,3,89,0,0,0,142.0,143.0,172.0,146.85714285714286,157.5
2023-03-31,MBP14,156,2023,3,31,4,90,0,0,0,148.0,171.0,166.0,147.57142857142858,156.6
2023-04-01,MBP14,105,2023,4,1,5,91,1,0,0,156.0,153.0,130.0,145.42857142857142,156.86666666666667
2023-04-02,MBP14,126,2023,4,2,6,92,1,0,0,105.0,123.0,151.0,138.57142857142858,154.9
2023-04-03,MBP14,181,2023,4,3,0,93,0,0,0,126.0,146.0,184.0,139.0,153.4
2023-04-04,MBP14,145,2023,4,4,1,94,0,0,0,181.0,150.0,166.0,144.0,154.53333333333333
2023-04-05,MBP14,193,2023,4,5,2,95,0,0,0,145.0,142.0,181.0,143.28571428571428,154.83333333333334
2023-04-06,MBP14,173,2023,4,6,3,96,0,0,0,193.0,148.0,143.0,150.57142857142858,155.33333333333334
2023-04-07,MBP14,183,2023,4,7,4,97,0,0,0,173.0,156.0,171.0,154.14285714285714,155.63333333333333
2023-04-08,MBP14,116,2023,4,8,5,98,1,0,0,183.0,105.0,153.0,158.0,155.4
2023-04-09,MBP14,139,2023,4,9,6,99,1,0,0,116.0,126.0,123.0,159.57142857142858,153.6
2023-04-10,MBP14,142,2023,4,10,0,100,0,0,0,139.0,181.0,146.0,161.42857142857142,153.36666666666667
2023-04-11,MBP14,181,2023,4,11,1,101,0,0,0,142.0,145.0,150.0,155.85714285714286,153.2
2023-04-12,MBP14,167,2023,4,12,2,102,0,0,0,181.0,193.0,142.0,161.0,154.7
2023-04-13,MBP14,174,2023,4,13,3,103,0,0,0,167.0,173.0,148.0,157.28571428571428,155.13333333333333
2023-04-14,MBP14,140,2023,4,14,4,104,0,0,0,174.0,183.0,156.0,157.42857142857142,155.83333333333334
2023-04-15,MBP14,113,2023,4,15,5,105,1,0,0,140.0,116.0,105.0,151.28571428571428,154.9
2023-04-16,MBP14,135,2023,4,16,6,106,1,0,0,113.0,139.0,126.0,150.85714285714286,152.93333333333334
2023-04-17,MBP14,145,2023,4,17,0,107,0,0,0,135.0,142.0,181.0,150.28571428571428,151.9
2023-04-18,MBP14,173,2023,4,18,1,108,0,0,0,145.0,181.0,145.0,150.71428571428572,152.4
2023-04-19,MBP14,137,2023,4,19,2,109,0,0,0,173.0,167.0,193.0,149.57142857142858,153.13333333333333
2023-04-20,MBP14,180,2023,4,20,3,110,0,0,0,137.0,174.0,173.0,145.28571428571428,151.56666666666666
2023-04-21,MBP14,139,2023,4,21,4,111,0,0,0,180.0,140.0,183.0,146.14285714285714,152.03333333333333
2023-04-22,MBP14,135,2023,4,22,5,112,1,0,0,139.0,113.0,116.0,146.0,150.63333333333333
2023-04-23,MBP14,136,2023,4,23,6,113,1,0,0,135.0,135.0,139.0,149.14285714285714,150.36666666666667
2023-04-24,MBP14,150,2023,4,24,0,114,0,0,0,136.0,145.0,142.0,149.28571428571428,149.2
2023-04-25,MBP14,175,2023,4,25,1,115,0,0,0,150.0,173.0,181.0,150.0,149.1
2023-04-26,MBP14,169,2023,4,26,2,116,0,0,0,175.0,137.0,167.0,150.28571428571428,150.83333333333334
2023-04-27,MBP14,153,2023,4,27,3,117,0,0,0,169.0,180.0,174.0,154.85714285714286,151.6
2023-04-28,MBP14,144,2023,4,28,4,118,0,0,0,153.0,139.0,140.0,151.0,151.7
2023-04-29,MBP14,97,2023,4,29,5,119,1,0,0,144.0,135.0,113.0,151.71428571428572,151.76666666666668
2023-04-30,MBP14,132,2023,4,30,6,120,1,0,0,97.0,136.0,135.0,146.28571428571428,150.06666666666666
2023-05-01,MBP14,133,2023,5,1,0,121,0,0,0,132.0,150.0,145.0,145.71428571428572,149.26666666666668
2023-05-02,MBP14,166,2023,5,2,1,122,0,0,0,133.0,175.0,173.0,143.28571428571428,150.2
2023-05-03,MBP14,159,2023,5,3,2,123,0,0,0,166.0,169.0,137.0,142.0,151.53333333333333
2023-05-04,MBP14,177,2023,5,4,3,124,0,0,0,159.0,153.0,180.0,140.57142857142858,150.8
2023-05-05,MBP14,158,2023,5,5,4,125,0,0,0,177.0,144.0,139.0,144.0,151.86666666666667
2023-05-06,MBP14,122,2023,5,6,5,126,1,0,0,158.0,97.0,135.0,146.0,150.7
2023-05-07,MBP14,138,2023,5,7,6,127,1,0,0,122.0,132.0,136.0,149.57142857142858,149.0
2023-05-08,MBP14,171,2023,5,8,0,128,0,0,0,138.0,133.0,150.0,150.42857142857142,147.5
2023-05-09,MBP14,170,2023,5,9,1,129,0,0,0,171.0,166.0,175.0,155.85714285714286,149.33333333333334
2023-05-10,MBP14,174,2023,5,10,2,130,0,0,0,170.0,159.0,169.0,156.42857142857142,150.36666666666667
2023-05-11,MBP14,134,2023,5,11,3,131,0,0,0,174.0,177.0,153.0,158.57142857142858,151.43333333333334
2023-05-12,MBP14,179,2023,5,12,4,132,0,0,0,134.0,158.0,144.0,152.42857142857142,149.86666666666667
2023-05-13,MBP14,137,2023,5,13,5,133,1,0,0,179.0,122.0,97.0,155.42857142857142,150.26666666666668
2023-05-14,MBP14,112,2023,5,14,6,134,1,0,0,137.0,138.0,132.0,157.57142857142858,149.03333333333333
2023-05-15,MBP14,160,2023,5,15,0,135,0,0,0,112.0,171.0,133.0,153.85714285714286,148.1
2023-05-16,MBP14,165,2023,5,16,1,136,0,0,0,160.0,170.0,166.0,152.28571428571428,149.66666666666666
2023-05-17,MBP14,163,2023,5,17,2,137,0,0,0,165.0,174.0,159.0,151.57142857142858,150.66666666666666
2023-05-18,MBP14,173,2023,5,18,3,138,0,0,0,163.0,134.0,177.0,150.0,151.26666666666668
2023-05-19,MBP14,196,2023,5,19,4,139,0,0,0,173.0,179.0,158.0,155.57142857142858,151.26666666666668
2023-05-20,MBP14,146,2023,5,20,5,140,1,0,0,196.0,137.0,122.0,158.0,153.23333333333332
2023-05-21,MBP14,110,2023,5,21,6,141,1,0,0,146.0,112.0,138.0,159.28571428571428,152.1
2023-05-22,MBP14,182,2023,5,22,0,142,0,0,0,110.0,160.0,171.0,159.0,151.13333333333333
2023-05-23,MBP14,197,2023,5,23,1,143,0,0,0,182.0,165.0,170.0,162.14285714285714,152.7
2023-05-24,MBP14,179,2023,5,24,2,144,0,0,0,197.0,163.0,174.0,166.71428571428572,154.73333333333332
2023-05-25,MBP14,195,2023,5,25,3,145,0,0,0,179.0,173.0,134.0,169.0,155.7
2023-05-26,MBP14,216,2023,5,26,4,146,0,0,0,195.0,196.0,179.0,172.14285714285714,156.36666666666667
2023-05-27,MBP14,152,2023,5,27,5,147,1,0,0,216.0,146.0,137.0,175.0,157.93333333333334
2023-05-28,MBP14,140,2023,5,28,6,148,1,0,0,152.0,110.0,112.0,175.85714285714286,157.9
2023-05-29,MBP14,200,2023,5,29,0,149,0,0,0,140.0,182.0,160.0,180.14285714285714,157.76666666666668
2023-05-30,MBP14,183,2023,5,30,1,150,0,0,0,200.0,197.0,165.0,182.71428571428572,161.2
2023-05-31,MBP14,182,2023,5,31,2,151,0,0,0,183.0,179.0,163.0,180.71428571428572,162.9
2023-06-01,MBP14,175,2023,6,1,3,152,0,0,0,182.0,195.0,173.0,181.14285714285714,164.53333333333333
2023-06-02,MBP14,218,2023,6,2,4,153,0,0,0,175.0,216.0,196.0,178.28571428571428,164.83333333333334
2023-06-03,MBP14,129,2023,6,3,5,154,1,0,0,218.0,152.0,146.0,178.57142857142858,166.8
2023-06-04,MBP14,171,2023,6,4,6,155,1,0,0,129.0,140.0,110.0,175.28571428571428,165.2
2023-06-05,MBP14,199,2023,6,5,0,156,0,0,0,171.0,200.0,182.0,179.71428571428572,165.63333333333333
2023-06-06,MBP14,157,2023,6,6,1,157,0,0,0,199.0,183.0,197.0,179.57142857142858,168.2
2023-06-07,MBP14,197,2023,6,7,2,158,0,0,0,157.0,182.0,179.0,175.85714285714286,168.83333333333334
2023-06-08,MBP14,142,2023,6,8,3,159,0,0,0,197.0,175.0,195.0,178.0,169.7
2023-06-09,MBP14,204,2023,6,9,4,160,0,0,0,142.0,218.0,216.0,173.28571428571428,168.76666666666668
2023-06-10,MBP14,162,2023,6,10,5,161,1,0,0,204.0,129.0,152.0,171.28571428571428,169.76666666666668
2023-06-11,MBP14,136,2023,6,11,6,162,1,0,0,162.0,171.0,140.0,176.0,170.7
2023-06-12,MBP14,191,2023,6,12,0,163,0,0,0,136.0,199.0,200.0,171.0,169.26666666666668
2023-06-13,MBP14,232,2023,6,13,1,164,0,0,0,191.0,157.0,183.0,169.85714285714286,171.06666666666666
2023-06-14,MBP14,175,2023,6,14,2,165,0,0,0,232.0,197.0,182.0,180.57142857142858,175.06666666666666
2023-06-15,MBP14,162,2023,6,15,3,166,0,0,0,175.0,142.0,175.0,177.42857142857142,175.56666666666666
2023-06-16,MBP14,217,2023,6,16,4,167,0,0,0,162.0,204.0,218.0,180.28571428571428,175.46666666666667
2023-06-17,MBP14,175,2023,6,17,5,168,1,0,0,217.0,162.0,129.0,182.14285714285714,177.26666666666668
2023-06-18,MBP14,140,2023,6,18,6,169,1,0,0,175.0,136.0,171.0,184.0,177.33333333333334
2023-06-19,MBP14,202,2023,6,19,0,170,0,0,0,140.0,191.0,199.0,184.57142857142858,175.46666666666667
2023-06-20,MBP14,208,2023,6,20,1,171,0,0,0,202.0,232.0,157.0,186.14285714285714,177.33333333333334
2023-06-21,MBP14,162,2023,6,21,2,172,0,0,0,208.0,175.0,197.0,182.71428571428572,180.6
2023-06-22,MBP14,166,2023,6,22,3,173,0,0,0,162.0,162.0,142.0,180.85714285714286,179.93333333333334
2023-06-23,MBP14,201,2023,6,23,4,174,0,0,0,166.0,217.0,204.0,181.42857142857142,178.9
2023-06-24,MBP14,161,2023,6,24,5,175,1,0,0,201.0,175.0,162.0,179.14285714285714,179.63333333333333
2023-06-25,MBP14,142,2023,6,25,6,176,1,0,0,161.0,140.0,136.0,177.14285714285714,178.5
2023-06-26,MBP14,153,2023,6,26,0,177,0,0,0,142.0,202.0,191.0,177.42857142857142,176.03333333333333
2023-06-27,MBP14,211,2023,6,27,1,178,0,0,0,153.0,208.0,232.0,170.42857142857142,176.06666666666666
2023-06-28,MBP14,159,2023,6,28,2,179,0,0,0,211.0,162.0,175.0,170.85714285714286,178.43333333333334
2023-06-29,MBP14,163,2023,6,29,3,180,0,0,0,159.0,166.0,162.0,170.42857142857142,177.06666666666666
2023-06-30,MBP14,176,2023,6,30,4,181,0,0,0,163.0,201.0,217.0,170.0,176.4
2023-07-01,MBP14,154,2023,7,1,5,182,1,0,0,176.0,161.0,175.0,166.42857142857142,176.2
2023-07-02,MBP14,143,2023,7,2,6,183,1,0,0,154.0,142.0,140.0,165.42857142857142,175.5
2023-07-03,MBP14,176,2023,7,3,0,184,0,0,0,143.0,153.0,202.0,165.57142857142858,173.0
2023-07-04,MBP14,177,2023,7,4,1,185,0,0,0,176.0,211.0,208.0,168.85714285714286,174.56666666666666
2023-07-05,MBP14,169,2023,7,5,2,186,0,0,0,177.0,159.0,162.0,164.0,174.76666666666668
2023-07-06,MBP14,179,2023,7,6,3,187,0,0,0,169.0,163.0,166.0,165.42857142857142,173.76666666666668
2023-07-07,MBP14,117,2023,7,7,4,188,0,0,0,179.0,176.0,201.0,167.71428571428572,174.5
2023-07-08,MBP14,125,2023,7,8,5,189,1,0,0,117.0,154.0,161.0,159.28571428571428,171.83333333333334
2023-07-09,MBP14,134,2023,7,9,6,190,1,0,0,125.0,143.0,142.0,155.14285714285714,171.26666666666668
2023-07-10,MBP14,145,2023,7,10,0,191,0,0,0,134.0,176.0,153.0,153.85714285714286,168.93333333333334
2023-07-11,MBP14,177,2023,7,11,1,192,0,0,0,145.0,177.0,211.0,149.42857142857142,168.36666666666667
2023-07-12,MBP14,165,2023,7,12,2,193,0,0,0,177.0,169.0,159.0,149.42857142857142,169.73333333333332
2023-07-13,MBP14,206,2023,7,13,3,194,0,0,0,165.0,179.0,163.0,148.85714285714286,168.86666666666667
2023-07-14,MBP14,203,2023,7,14,4,195,0,0,0,206.0,117.0,176.0,152.71428571428572,168.0
2023-07-15,MBP14,125,2023,7,15,5,196,1,0,0,203.0,125.0,154.0,165.0,168.93333333333334
2023-07-16,MBP14,130,2023,7,16,6,197,1,0,0,125.0,134.0,143.0,165.0,167.7
2023-07-17,MBP14,171,2023,7,17,0,198,0,0,0,130.0,145.0,176.0,164.42857142857142,164.8
2023-07-18,MBP14,164,2023,7,18,1,199,0,0,0,171.0,177.0,177.0,168.14285714285714,164.66666666666666
2023-07-19,MBP14,178,2023,7,19,2,200,0,0,0,164.0,165.0,169.0,166.28571428571428,165.46666666666667
2023-07-20,MBP14,159,2023,7,20,3,201,0,0,0,178.0,206.0,179.0,168.14285714285714,164.66666666666666
2023-07-21,MBP14,152,2023,7,21,4,202,0,0,0,159.0,203.0,117.0,161.42857142857142,163.03333333333333
2023-07-22,MBP14,147,2023,7,22,5,203,1,0,0,152.0,125.0,125.0,154.14285714285714,162.7
2023-07-23,MBP14,147,2023,7,23,6,204,1,0,0,147.0,130.0,134.0,157.28571428571428,162.06666666666666
2023-07-24,MBP14,161,2023,7,24,0,205,0,0,0,147.0,171.0,145.0,159.71428571428572,160.26666666666668
2023-07-25,MBP14,199,2023,7,25,1,206,0,0,0,161.0,164.0,177.0,158.28571428571428,160.26666666666668
2023-07-26,MBP14,167,2023,7,26,2,207,0,0,0,199.0,178.0,165.0,163.28571428571428,162.16666666666666
2023-07-27,MBP14,188,2023,7,27,3,208,0,0,0,167.0,159.0,206.0,161.71428571428572,162.63333333333333
2023-07-28,MBP14,202,2023,7,28,4,209,0,0,0,188.0,152.0,203.0,165.85714285714286,161.86666666666667
2023-07-29,MBP14,142,2023,7,29,5,210,1,0,0,202.0,147.0,125.0,173.0,163.3
2023-07-30,MBP14,152,2023,7,30,6,211,1,0,0,142.0,147.0,130.0,172.28571428571428,162.6
2023-07-31,MBP14,176,2023,7,31,0,212,0,0,0,152.0,161.0,171.0,173.0,161.8
2023-08-01,MBP14,185,2023,8,1,1,213,0,1,0,176.0,199.0,164.0,175.14285714285714,162.53333333333333
2023-08-02,MBP14,186,2023,8,2,2,214,0,1,0,185.0,167.0,178.0,173.14285714285714,163.93333333333334
2023-08-03,MBP14,176,2023,8,3,3,215,0,1,0,186.0,188.0,159.0,175.85714285714286,164.26666666666668
2023-08-04,MBP14,190,2023,8,4,4,216,0,1,0,176.0,202.0,152.0,174.14285714285714,164.23333333333332
2023-08-05,MBP14,124,2023,8,5,5,217,1,1,0,190.0,142.0,147.0,172.42857142857142,164.93333333333334
2023-08-06,MBP14,144,2023,8,6,6,218,1,1,0,124.0,152.0,147.0,169.85714285714286,163.1
2023-08-07,MBP14,193,2023,8,7,0,219,0,1,0,144.0,176.0,161.0,168.71428571428572,164.0
2023-08-08,MBP14,195,2023,8,8,1,220,0,1,0,193.0,185.0,199.0,171.14285714285714,166.26666666666668
2023-08-09,MBP14,198,2023,8,9,2,221,0,1,0,195.0,186.0,167.0,172.57142857142858,168.3
2023-08-10,MBP14,204,2023,8,10,3,222,0,1,0,198.0,176.0,188.0,174.28571428571428,170.06666666666666
2023-08-11,MBP14,219,2023,8,11,4,223,0,1,0,204.0,190.0,202.0,178.28571428571428,170.96666666666667
2023-08-12,MBP14,178,2023,8,12,5,224,1,1,0,219.0,124.0,142.0,182.42857142857142,172.76666666666668
2023-08-13,MBP14,150,2023,8,13,6,225,1,1,0,178.0,144.0,152.0,190.14285714285714,171.83333333333334
2023-08-14,MBP14,182,2023,8,14,0,226,0,1,0,150.0,193.0,176.0,191.0,170.06666666666666
2023-08-15,MBP14,187,2023,8,15,1,227,0,1,0,182.0,195.0,185.0,189.42857142857142,171.96666666666667
2023-08-16,MBP14,203,2023,8,16,2,228,0,1,0,187.0,198.0,186.0,188.28571428571428,173.86666666666667
2023-08-17,MBP14,208,2023,8,17,3,229,0,1,0,203.0,204.0,176.0,189.0,174.93333333333334
2023-08-18,MBP14,198,2023,8,18,4,230,0,1,0,208.0,219.0,190.0,189.57142857142858,176.4
2023-08-19,MBP14,143,2023,8,19,5,231,1,1,0,198.0,178.0,124.0,186.57142857142858,177.06666666666666
2023-08-20,MBP14,161,2023,8,20,6,232,1,1,0,143.0,150.0,144.0,181.57142857142858,176.53333333333333
2023-08-21,MBP14,226,2023,8,21,0,233,0,1,0,161.0,182.0,193.0,183.14285714285714,176.83333333333334
2023-08-22,MBP14,238,2023,8,22,1,234,0,1,0,226.0,187.0,195.0,189.42857142857142,179.46666666666667
2023-08-23,MBP14,208,2023,8,23,2,235,0,1,0,238.0,203.0,198.0,196.71428571428572,182.5
2023-08-24,MBP14,213,2023,8,24,3,236,0,1,0,208.0,208.0,204.0,197.42857142857142,184.06666666666666
2023-08-25,MBP14,200,2023,8,25,4,237,0,1,0,213.0,198.0,219.0,198.14285714285714,184.53333333333333
2023-08-26,MBP14,173,2023,8,26,5,238,1,1,0,200.0,143.0,178.0,198.42857142857142,185.63333333333333
2023-08-27,MBP14,156,2023,8,27,6,239,1,1,0,173.0,161.0,150.0,202.71428571428572,185.13333333333333
2023-08-28,MBP14,241,2023,8,28,0,240,0,1,0,156.0,226.0,182.0,202.0,183.6
2023-08-29,MBP14,177,2023,8,29,1,241,0,1,0,241.0,238.0,187.0,204.14285714285714,186.9
2023-08-30,MBP14,215,2023,8,30,2,242,0,1,0,177.0,208.0,203.0,195.42857142857142,187.73333333333332
2023-08-31,MBP14,233,2023,8,31,3,243,0,1,0,215.0,213.0,208.0,196.42857142857142,189.03333333333333
2023-09-01,MBP14,229,2023,9,1,4,244,0,1,0,233.0,200.0,198.0,199.28571428571428,190.63333333333333
2023-09-02,MBP14,229,2023,9,2,5,245,1,1,0,229.0,173.0,143.0,203.42857142857142,192.06666666666666
2023-09-03,MBP14,180,2023,9,3,6,246,1,1,0,229.0,156.0,161.0,211.42857142857142,193.83333333333334
2023-09-04,MBP14,195,2023,9,4,0,247,0,1,0,180.0,241.0,226.0,214.85714285714286,193.5
2023-09-05,MBP14,219,2023,9,5,1,248,0,1,0,195.0,177.0,238.0,208.28571428571428,195.86666666666667
2023-09-06,MBP14,173,2023,9,6,2,249,0,1,0,219.0,215.0,208.0,214.28571428571428,198.36666666666667
2023-09-07,MBP14,217,2023,9,7,3,250,0,1,0,173.0,233.0,213.0,208.28571428571428,197.7
2023-09-08,MBP14,196,2023,9,8,4,251,0,1,0,217.0,229.0,200.0,206.0,198.43333333333334
2023-09-09,MBP14,185,2023,9,9,5,252,1,1,0,196.0,229.0,173.0,201.28571428571428,198.36666666666667
2023-09-10,MBP14,155,2023,9,10,6,253,1,1,0,185.0,180.0,156.0,195.0,197.73333333333332
2023-09-11,MBP14,210,2023,9,11,0,254,0,1,0,155.0,195.0,241.0,191.42857142857142,195.6
2023-09-12,MBP14,195,2023,9,12,1,255,0,1,0,210.0,219.0,177.0,193.57142857142858,196.66666666666666
2023-09-13,MBP14,254,2023,9,13,2,256,0,1,0,195.0,173.0,215.0,190.14285714285714,198.16666666666666
2023-09-14,MBP14,200,2023,9,14,3,257,0,1,0,254.0,217.0,233.0,201.71428571428572,200.56666666666666
2023-09-15,MBP14,252,2023,9,15,4,258,0,1,0,200.0,196.0,229.0,199.28571428571428,201.0
2023-09-16,MBP14,174,2023,9,16,5,259,1,1,0,252.0,185.0,229.0,207.28571428571428,202.63333333333333
2023-09-17,MBP14,166,2023,9,17,6,260,1,1,0,174.0,155.0,180.0,205.71428571428572,201.5
2023-09-18,MBP14,210,2023,9,18,0,261,0,1,0,166.0,210.0,195.0,207.28571428571428,200.43333333333334
2023-09-19,MBP14,209,2023,9,19,1,262,0,1,0,210.0,195.0,219.0,207.28571428571428,202.66666666666666
2023-09-20,MBP14,152,2023,9,20,2,263,0,1,0,209.0,254.0,173.0,209.28571428571428,204.26666666666668
2023-09-21,MBP14,190,2023,9,21,3,264,0,1,0,152.0,200.0,217.0,194.71428571428572,201.8
2023-09-22,MBP14,214,2023,9,22,4,265,0,1,0,190.0,252.0,196.0,193.28571428571428,200.2
2023-09-23,MBP14,148,2023,9,23,5,266,1,1,0,214.0,174.0,185.0,187.85714285714286,200.4
2023-09-24,MBP14,123,2023,9,24,6,267,1,1,0,148.0,166.0,155.0,184.14285714285714,198.23333333333332
2023-09-25,MBP14,188,2023,9,25,0,268,0,1,0,123.0,210.0,210.0,178.0,195.66666666666666
2023-09-26,MBP14,227,2023,9,26,1,269,0,1,0,188.0,209.0,195.0,174.85714285714286,196.16666666666666
2023-09-27,MBP14,215,2023,9,27,2,270,0,1,0,227.0,152.0,254.0,177.42857142857142,198.53333333333333
2023-09-28,MBP14,184,2023,9,28,3,271,0,1,0,215.0,190.0,200.0,186.42857142857142,197.66666666666666
2023-09-29,MBP14,205,2023,9,29,4,272,0,1,0,184.0,214.0,252.0,185.57142857142858,197.9
2023-09-30,MBP14,135,2023,9,30,5,273,1,1,0,205.0,148.0,174.0,184.28571428571428,197.56666666666666
2023-10-01,MBP14,112,2023,10,1,6,274,1,0,0,135.0,123.0,166.0,182.42857142857142,194.3
2023-10-02,MBP14,161,2023,10,2,0,275,0,0,0,112.0,188.0,210.0,180.85714285714286,190.4
2023-10-03,MBP14,213,2023,10,3,1,276,0,0,0,161.0,227.0,209.0,177.0,188.13333333333333
2023-10-04,MBP14,173,2023,10,4,2,277,0,0,0,213.0,215.0,152.0,175.0,189.23333333333332
2023-10-05,MBP14,172,2023,10,5,3,278,0,0,0,173.0,184.0,190.0,169.0,188.5
2023-10-06,MBP14,170,2023,10,6,4,279,0,0,0,172.0,205.0,214.0,167.28571428571428,186.93333333333334
2023-10-07,MBP14,167,2023,10,7,5,280,1,0,0,170.0,135.0,148.0,162.28571428571428,186.83333333333334
2023-10-08,MBP14,162,2023,10,8,6,281,1,0,0,167.0,112.0,123.0,166.85714285714286,185.16666666666666
2023-10-09,MBP14,221,2023,10,9,0,282,0,0,0,162.0,161.0,188.0,174.0,184.03333333333333
2023-10-10,MBP14,171,2023,10,10,1,283,0,0,0,221.0,213.0,227.0,182.57142857142858,185.23333333333332
2023-10-11,MBP14,180,2023,10,11,2,284,0,0,0,171.0,173.0,215.0,176.57142857142858,185.76666666666668
2023-10-12,MBP14,141,2023,10,12,3,285,0,0,0,180.0,172.0,184.0,177.57142857142858,184.76666666666668
2023-10-13,MBP14,203,2023,10,13,4,286,0,0,0,141.0,170.0,205.0,173.14285714285714,182.96666666666667
2023-10-14,MBP14,114,2023,10,14,5,287,1,0,0,203.0,167.0,135.0,177.85714285714286,181.26666666666668
2023-10-15,MBP14,136,2023,10,15,6,288,1,0,0,114.0,162.0,112.0,170.28571428571428,178.4
2023-10-16,MBP14,149,2023,10,16,0,289,0,0,0,136.0,221.0,161.0,166.57142857142858,174.53333333333333
2023-10-17,MBP14,159,2023,10,17,1,290,0,0,0,149.0,171.0,213.0,156.28571428571428,173.7
2023-10-18,MBP14,154,2023,10,18,2,291,0,0,0,159.0,180.0,173.0,154.57142857142858,173.46666666666667
2023-10-19,MBP14,158,2023,10,19,3,292,0,0,0,154.0,141.0,172.0,150.85714285714286,171.6
2023-10-20,MBP14,160,2023,10,20,4,293,0,0,0,158.0,203.0,170.0,153.28571428571428,169.9
2023-10-21,MBP14,123,2023,10,21,5,294,1,0,0,160.0,114.0,167.0,147.14285714285714,170.16666666666666
2023-10-22,MBP14,145,2023,10,22,6,295,1,0,0,123.0,136.0,162.0,148.42857142857142,167.93333333333334
2023-10-23,MBP14,148,2023,10,23,0,296,0,0,0,145.0,149.0,221.0,149.71428571428572,165.63333333333333
2023-10-24,MBP14,175,2023,10,24,1,297,0,0,0,148.0,159.0,171.0,149.57142857142858,165.63333333333333
2023-10-25,MBP14,196,2023,10,25,2,298,0,0,0,175.0,154.0,180.0,151.85714285714286,167.36666666666667
2023-10-26,MBP14,161,2023,10,26,3,299,0,0,0,196.0,158.0,141.0,157.85714285714286,167.63333333333333
2023-10-27,MBP14,157,2023,10,27,4,300,0,0,0,161.0,160.0,203.0,158.28571428571428,165.43333333333334
2023-10-28,MBP14,129,2023,10,28,5,301,1,0,0,157.0,123.0,114.0,157.85714285714286,163.5
2023-10-29,MBP14,152,2023,10,29,6,302,1,0,0,129.0,145.0,136.0,158.71428571428572,161.66666666666666
2023-10-30,MBP14,177,2023,10,30,0,303,0,0,0,152.0,148.0,149.0,159.71428571428572,159.9
2023-10-31,MBP14,163,2023,10,31,1,304,0,0,0,177.0,175.0,159.0,163.85714285714286,161.3
2023-11-01,MBP14,185,2023,11,1,2,305,0,0,1,163.0,196.0,154.0,162.14285714285714,163.0
2023-11-02,MBP14,153,2023,11,2,3,306,0,0,1,185.0,161.0,158.0,160.57142857142858,163.8
2023-11-03,MBP14,192,2023,11,3,4,307,0,0,1,153.0,157.0,160.0,159.42857142857142,161.8
2023-11-04,MBP14,145,2023,11,4,5,308,1,0,1,192.0,129.0,123.0,164.42857142857142,162.43333333333334
2023-11-05,MBP14,134,2023,11,5,6,309,1,0,1,145.0,152.0,145.0,166.71428571428572,161.53333333333333
2023-11-06,MBP14,163,2023,11,6,0,310,0,0,1,134.0,177.0,148.0,164.14285714285714,160.33333333333334
2023-11-07,MBP14,164,2023,11,7,1,311,0,0,1,163.0,163.0,175.0,162.14285714285714,160.2
2023-11-08,MBP14,197,2023,11,8,2,312,0,0,1,164.0,185.0,196.0,162.28571428571428,160.26666666666668
2023-11-09,MBP14,215,2023,11,9,3,313,0,0,1,197.0,153.0,161.0,164.0,159.46666666666667
2023-11-10,MBP14,175,2023,11,10,4,314,0,0,1,215.0,192.0,157.0,172.85714285714286,160.93333333333334
2023-11-11,MBP14,157,2023,11,11,5,315,1,0,1,175.0,145.0,129.0,170.42857142857142,160.76666666666668
2023-11-12,MBP14,113,2023,11,12,6,316,1,0,1,157.0,134.0,152.0,172.14285714285714,161.3
2023-11-13,MBP14,184,2023,11,13,0,317,0,0,1,113.0,163.0,177.0,169.14285714285714,158.3
2023-11-14,MBP14,200,2023,11,14,1,318,0,0,1,184.0,164.0,163.0,172.14285714285714,160.63333333333333
2023-11-15,MBP14,182,2023,11,15,2,319,0,0,1,200.0,197.0,185.0,177.28571428571428,162.76666666666668
2023-11-16,MBP14,184,2023,11,16,3,320,0,0,1,182.0,215.0,153.0,175.14285714285714,163.86666666666667
2023-11-17,MBP14,194,2023,11,17,4,321,0,0,1,184.0,175.0,192.0,170.71428571428572,164.7
2023-11-18,MBP14,171,2023,11,18,5,322,1,0,1,194.0,157.0,145.0,173.42857142857142,166.03333333333333
2023-11-19,MBP14,165,2023,11,19,6,323,1,0,1,171.0,113.0,134.0,175.42857142857142,166.46666666666667
2023-11-20,MBP14,162,2023,11,20,0,324,0,0,1,165.0,184.0,163.0,182.85714285714286,166.63333333333333
2023-11-21,MBP14,168,2023,11,21,1,325,0,0,1,162.0,200.0,164.0,179.71428571428572,167.93333333333334
2023-11-22,MBP14,213,2023,11,22,2,326,0,0,1,168.0,182.0,197.0,175.14285714285714,168.7
2023-11-23,MBP14,246,2023,11,23,3,327,0,0,1,213.0,184.0,215.0,179.57142857142858,170.86666666666667
2023-11-24,MBP14,159,2023,11,24,4,328,0,0,1,246.0,194.0,175.0,188.42857142857142,173.23333333333332
2023-11-25,MBP14,175,2023,11,25,5,329,1,0,1,159.0,171.0,157.0,183.42857142857142,172.0
2023-11-26,MBP14,177,2023,11,26,6,330,1,0,1,175.0,165.0,113.0,184.0,172.46666666666667
2023-11-27,MBP14,288,2023,11,27,0,331,0,0,1,177.0,162.0,184.0,185.71428571428572,173.13333333333333
2023-11-28,MBP14,239,2023,11,28,1,332,0,0,1,288.0,168.0,200.0,203.71428571428572,178.43333333333334
2023-11-29,MBP14,265,2023,11,29,2,333,0,0,1,239.0,213.0,182.0,213.85714285714286,181.33333333333334
2023-11-30,MBP14,260,2023,11,30,3,334,0,0,1,265.0,246.0,184.0,221.28571428571428,184.26666666666668
2023-12-01,MBP14,192,2023,12,1,4,335,0,0,1,260.0,159.0,194.0,223.28571428571428,187.5
2023-12-02,MBP14,219,2023,12,2,5,336,1,0,1,192.0,175.0,171.0,228.0,187.73333333333332
2023-12-03,MBP14,207,2023,12,3,6,337,1,0,1,219.0,177.0,165.0,234.28571428571428,189.93333333333334
2023-12-04,MBP14,278,2023,12,4,0,338,0,0,1,207.0,288.0,162.0,238.57142857142858,190.43333333333334
2023-12-05,MBP14,386,2023,12,5,1,339,0,0,1,278.0,239.0,168.0,237.14285714285714,194.86666666666667
2023-12-06,MBP14,197,2023,12,6,2,340,0,0,1,386.0,265.0,213.0,258.14285714285717,203.26666666666668
2023-12-07,MBP14,317,2023,12,7,3,341,0,0,1,197.0,260.0,246.0,248.42857142857142,204.4
2023-12-08,MBP14,253,2023,12,8,4,342,0,0,1,317.0,192.0,159.0,256.57142857142856,209.5
2023-12-09,MBP14,209,2023,12,9,5,343,1,0,1,253.0,219.0,175.0,265.2857142857143,211.36666666666667
2023-12-10,MBP14,200,2023,12,10,6,344,1,0,1,209.0,207.0,177.0,263.85714285714283,211.16666666666666
2023-12-11,MBP14,245,2023,12,11,0,345,0,0,1,200.0,278.0,288.0,262.85714285714283,212.0
2023-12-12,MBP14,238,2023,12,12,1,346,0,0,1,245.0,386.0,239.0,258.14285714285717,214.93333333333334
2023-12-13,MBP14,264,2023,12,13,2,347,0,0,1,238.0,197.0,265.0,237.0,219.1
2023-12-14,MBP14,205,2023,12,14,3,348,0,0,1,264.0,317.0,260.0,246.57142857142858,221.76666666666668
2023-12-15,MBP14,270,2023,12,15,4,349,0,0,1,205.0,253.0,192.0,230.57142857142858,221.93333333333334
2023-12-16,MBP14,180,2023,12,16,5,350,1,0,1,270.0,209.0,219.0,233.0,224.86666666666667
2023-12-17,MBP14,161,2023,12,17,6,351,1,0,1,180.0,200.0,207.0,228.85714285714286,224.73333333333332
2023-12-18,MBP14,225,2023,12,18,0,352,0,0,1,161.0,245.0,278.0,223.28571428571428,223.63333333333333
2023-12-19,MBP14,269,2023,12,19,1,353,0,0,1,225.0,238.0,386.0,220.42857142857142,225.43333333333334
2023-12-20,MBP14,216,2023,12,20,2,354,0,0,1,269.0,264.0,197.0,224.85714285714286,228.9
2023-12-21,MBP14,236,2023,12,21,3,355,0,0,1,216.0,205.0,317.0,218.0,230.7
2023-12-22,MBP14,203,2023,12,22,4,356,0,0,1,236.0,270.0,253.0,222.42857142857142,232.96666666666667
2023-12-23,MBP14,185,2023,12,23,5,357,1,0,1,203.0,180.0,209.0,212.85714285714286,232.63333333333333
2023-12-24,MBP14,180,2023,12,24,6,358,1,0,1,185.0,161.0,200.0,213.57142857142858,230.6
2023-12-25,MBP14,259,2023,12,25,0,359,0,0,1,180.0,225.0,245.0,216.28571428571428,231.3
2023-12-26,MBP14,204,2023,12,26,1,360,0,0,1,259.0,269.0,238.0,221.14285714285714,234.1
2023-12-27,MBP14,222,2023,12,27,2,361,0,0,1,204.0,216.0,264.0,211.85714285714286,235.0
2023-12-28,MBP14,204,2023,12,28,3,362,0,0,1,222.0,236.0,205.0,212.71428571428572,232.8
2023-12-29,MBP14,230,2023,12,29,4,363,0,0,1,204.0,203.0,270.0,208.14285714285714,231.63333333333333
2023-12-30,MBP14,139,2023,12,30,5,364,1,0,1,230.0,185.0,180.0,212.0,230.46666666666667
2023-12-31,MBP14,163,2023,12,31,6,365,1,0,1,139.0,180.0,161.0,205.42857142857142,226.43333333333334
2024-01-01,MBP14,166,2024,1,1,0,1,0,0,0,163.0,259.0,225.0,203.0,225.46666666666667
2024-01-02,MBP14,169,2024,1,2,1,2,0,0,0,166.0,204.0,269.0,189.71428571428572,223.7
2024-01-03,MBP14,172,2024,1,3,2,3,0,0,0,169.0,222.0,216.0,184.71428571428572,222.43333333333334
2024-01-04,MBP14,176,2024,1,4,3,4,0,0,0,172.0,204.0,236.0,177.57142857142858,218.9
2024-01-05,MBP14,168,2024,1,5,4,5,0,0,0,176.0,230.0,203.0,173.57142857142858,211.9
2024-01-06,MBP14,135,2024,1,6,5,6,1,0,0,168.0,139.0,185.0,164.71428571428572,210.93333333333334
2024-01-07,MBP14,157,2024,1,7,6,7,1,0,0,135.0,163.0,180.0,164.14285714285714,204.86666666666667
2024-01-08,MBP14,191,2024,1,8,0,8,0,0,0,157.0,166.0,259.0,163.28571428571428,201.66666666666666
2024-01-09,MBP14,188,2024,1,9,1,9,0,0,0,191.0,169.0,204.0,166.85714285714286,201.06666666666666
2024-01-10,MBP14,161,2024,1,10,2,10,0,0,0,188.0,172.0,222.0,169.57142857142858,200.66666666666666
2024-01-11,MBP14,152,2024,1,11,3,11,0,0,0,161.0,176.0,204.0,168.0,197.86666666666667
2024-01-12,MBP14,190,2024,1,12,4,12,0,0,0,152.0,168.0,230.0,164.57142857142858,195.0
2024-01-13,MBP14,146,2024,1,13,5,13,1,0,0,190.0,135.0,139.0,167.71428571428572,192.53333333333333
2024-01-14,MBP14,155,2024,1,14,6,14,1,0,0,146.0,157.0,163.0,169.28571428571428,190.56666666666666
2024-01-15,MBP14,158,2024,1,15,0,15,0,0,0,155.0,191.0,166.0,169.0,186.73333333333332
2024-01-16,MBP14,166,2024,1,16,1,16,0,0,0,158.0,188.0,169.0,164.28571428571428,186.0
2024-01-17,MBP14,137,2024,1,17,2,17,0,0,0,166.0,161.0,172.0,161.14285714285714,186.16666666666666
2024-01-18,MBP14,163,2024,1,18,3,18,0,0,0,137.0,152.0,176.0,157.71428571428572,183.23333333333332
2024-01-19,MBP14,191,2024,1,19,4,19,0,0,0,163.0,190.0,168.0,159.28571428571428,179.7
2024-01-20,MBP14,125,2024,1,20,5,20,1,0,0,191.0,146.0,135.0,159.42857142857142,178.86666666666667
2024-01-21,MBP14,142,2024,1,21,6,21,1,0,0,125.0,155.0,157.0,156.42857142857142,175.16666666666666
2024-01-22,MBP14,167,2024,1,22,0,22,0,0,0,142.0,158.0,191.0,154.57142857142858,173.13333333333333
2024-01-23,MBP14,178,2024,1,23,1,23,0,0,0,167.0,166.0,188.0,155.85714285714286,172.53333333333333
2024-01-24,MBP14,147,2024,1,24,2,24,0,0,0,178.0,137.0,161.0,157.57142857142858,172.46666666666667
2024-01-25,MBP14,173,2024,1,25,3,25,0,0,0,147.0,163.0,152.0,159.0,168.73333333333332
2024-01-26,MBP14,110,2024,1,26,4,26,0,0,0,173.0,191.0,190.0,160.42857142857142,167.7
2024-01-27,MBP14,129,2024,1,27,5,27,1,0,0,110.0,125.0,146.0,148.85714285714286,163.96666666666667
2024-01-28,MBP14,106,2024,1,28,6,28,1,0,0,129.0,142.0,155.0,149.42857142857142,161.46666666666667
2024-01-29,MBP14,196,2024,1,29,0,29,0,0,0,106.0,167.0,158.0,144.28571428571428,157.33333333333334
2024-01-30,MBP14,187,2024,1,30,1,30,0,0,0,196.0,178.0,166.0,148.42857142857142,159.23333333333332
2024-01-31,MBP14,181,2024,1,31,2,31,0,0,0,187.0,147.0,137.0,149.71428571428572,160.03333333333333
2024-02-01,MBP14,202,2024,2,1,3,32,0,0,0,181.0,173.0,163.0,154.57142857142858,160.53333333333333
2024-02-02,MBP14,152,2024,2,2,4,33,0,0,0,202.0,110.0,191.0,158.71428571428572,161.63333333333333
2024-02-03,MBP14,160,2024,2,3,5,34,1,0,0,152.0,129.0,125.0,164.71428571428572,160.96666666666667
2024-02-04,MBP14,147,2024,2,4,6,35,1,0,0,160.0,106.0,142.0,169.14285714285714,160.43333333333334
2024-02-05,MBP14,166,2024,2,5,0,36,0,0,0,147.0,196.0,167.0,175.0,159.73333333333332
2024-02-06,MBP14,195,2024,2,6,1,37,0,0,0,166.0,187.0,178.0,170.71428571428572,160.76666666666668
2024-02-07,MBP14,149,2024,2,7,2,38,0,0,0,195.0,181.0,147.0,171.85714285714286,162.03333333333333
2024-02-08,MBP14,154,2024,2,8,3,39,0,0,0,149.0,202.0,173.0,167.28571428571428,160.63333333333333
2024-02-09,MBP14,159,2024,2,9,4,40,0,0,0,154.0,152.0,110.0,160.42857142857142,159.5
2024-02-10,MBP14,124,2024,2,10,5,41,1,0,0,159.0,160.0,129.0,161.42857142857142,159.43333333333334
2024-02-11,MBP14,116,2024,2,11,6,42,1,0,0,124.0,147.0,106.0,156.28571428571428,158.5
2024-02-12,MBP14,197,2024,2,12,0,43,0,0,0,116.0,166.0,196.0,151.85714285714286,156.03333333333333
2024-02-13,MBP14,166,2024,2,13,1,44,0,0,0,197.0,195.0,187.0,156.28571428571428,157.73333333333332
2024-02-14,MBP14,179,2024,2,14,2,45,0,0,0,166.0,149.0,181.0,152.14285714285714,158.1
2024-02-15,MBP14,160,2024,2,15,3,46,0,0,0,179.0,154.0,202.0,156.42857142857142,158.8
2024-02-16,MBP14,134,2024,2,16,4,47,0,0,0,160.0,159.0,152.0,157.28571428571428,158.6
2024-02-17,MBP14,137,2024,2,17,5,48,1,0,0,134.0,124.0,160.0,153.71428571428572,158.5
2024-02-18,MBP14,102,2024,2,18,6,49,1,0,0,137.0,116.0,147.0,155.57142857142858,157.63333333333333
2024-02-19,MBP14,170,2024,2,19,0,50,0,0,0,102.0,197.0,166.0,153.57142857142858,154.66666666666666
2024-02-20,MBP14,143,2024,2,20,1,51,0,0,0,170.0,166.0,195.0,149.71428571428572,156.16666666666666
2024-02-21,MBP14,213,2024,2,21,2,52,0,0,0,143.0,179.0,149.0,146.42857142857142,156.2
2024-02-22,MBP14,190,2024,2,22,3,53,0,0,0,213.0,160.0,154.0,151.28571428571428,157.73333333333332
2024-02-23,MBP14,174,2024,2,23,4,54,0,0,0,190.0,134.0,159.0,155.57142857142858,158.13333333333333
2024-02-24,MBP14,153,2024,2,24,5,55,1,0,0,174.0,137.0,124.0,161.28571428571428,159.03333333333333
2024-02-25,MBP14,119,2024,2,25,6,56,1,0,0,153.0,102.0,116.0,163.57142857142858,158.36666666666667
2024-02-26,MBP14,183,2024,2,26,0,57,0,0,0,119.0,170.0,197.0,166.0,158.66666666666666
2024-02-27,MBP14,176,2024,2,27,1,58,0,0,0,183.0,143.0,166.0,167.85714285714286,160.46666666666667
2024-02-28,MBP14,177,2024,2,28,2,59,0,0,0,176.0,213.0,179.0,172.57142857142858,162.8
2024-02-29,MBP14,198,2024,2,29,3,60,0,0,0,177.0,190.0,160.0,167.42857142857142,162.16666666666666
2024-03-01,MBP14,187,2024,3,1,4,61,0,0,0,198.0,174.0,134.0,168.57142857142858,162.53333333333333
2024-03-02,MBP14,137,2024,3,2,5,62,1,0,0,187.0,153.0,137.0,170.42857142857142,162.73333333333332
2024-03-03,MBP14,107,2024,3,3,6,63,1,0,0,137.0,119.0,102.0,168.14285714285714,160.56666666666666
2024-03-04,MBP14,152,2024,3,4,0,64,0,0,0,107.0,183.0,170.0,166.42857142857142,159.06666666666666
2024-03-05,MBP14,170,2024,3,5,1,65,0,0,0,152.0,176.0,143.0,162.0,158.8
2024-03-06,MBP14,174,2024,3,6,2,66,0,0,0,170.0,177.0,213.0,161.14285714285714,159.56666666666666
2024-03-07,MBP14,149,2024,3,7,3,67,0,0,0,174.0,198.0,190.0,160.71428571428572,159.83333333333334
2024-03-08,MBP14,222,2024,3,8,4,68,0,0,0,149.0,187.0,174.0,153.71428571428572,158.3
2024-03-09,MBP14,157,2024,3,9,5,69,1,0,0,222.0,137.0,153.0,158.71428571428572,160.73333333333332
2024-03-10,MBP14,143,2024,3,10,6,70,1,0,0,157.0,107.0,119.0,161.57142857142858,160.83333333333334
2024-03-11,MBP14,174,2024,3,11,0,71,0,0,0,143.0,152.0,183.0,166.71428571428572,160.3
2024-03-12,MBP14,168,2024,3,12,1,72,0,0,0,174.0,170.0,176.0,169.85714285714286,161.96666666666667
2024-03-13,MBP14,153,2024,3,13,2,73,0,0,0,168.0,174.0,177.0,169.57142857142858,163.7
2024-03-14,MBP14,174,2024,3,14,3,74,0,0,0,153.0,149.0,198.0,166.57142857142858,162.23333333333332
2024-03-15,MBP14,178,2024,3,15,4,75,0,0,0,174.0,222.0,187.0,170.14285714285714,162.5
2024-03-16,MBP14,113,2024,3,16,5,76,1,0,0,178.0,157.0,137.0,163.85714285714286,162.46666666666667
2024-03-17,MBP14,139,2024,3,17,6,77,1,0,0,113.0,143.0,107.0,157.57142857142858,160.9
2024-03-18,MBP14,169,2024,3,18,0,78,0,0,0,139.0,174.0,152.0,157.0,161.06666666666666
2024-03-19,MBP14,133,2024,3,19,1,79,0,0,0,169.0,168.0,170.0,156.28571428571428,162.13333333333333
2024-03-20,MBP14,155,2024,3,20,2,80,0,0,0,133.0,153.0,174.0,151.28571428571428,163.16666666666666
2024-03-21,MBP14,164,2024,3,21,3,81,0,0,0,155.0,174.0,149.0,151.57142857142858,162.66666666666666
2024-03-22,MBP14,212,2024,3,22,4,82,0,0,0,164.0,178.0,222.0,150.14285714285714,163.36666666666667
2024-03-23,MBP14,142,2024,3,23,5,83,1,0,0,212.0,113.0,157.0,155.0,163.33333333333334
2024-03-24,MBP14,112,2024,3,24,6,84,1,0,0,142.0,139.0,143.0,159.14285714285714,161.73333333333332
2024-03-25,MBP14,183,2024,3,25,0,85,0,0,0,112.0,169.0,174.0,155.28571428571428,159.66666666666666
2024-03-26,MBP14,141,2024,3,26,1,86,0,0,0,183.0,133.0,168.0,157.28571428571428,160.66666666666666
2024-03-27,MBP14,195,2024,3,27,2,87,0,0,0,141.0,155.0,153.0,158.42857142857142,161.4
2024-03-28,MBP14,163,2024,3,28,3,88,0,0,0,195.0,164.0,174.0,164.14285714285714,161.8
2024-03-29,MBP14,171,2024,3,29,4,89,0,0,0,163.0,212.0,178.0,164.0,161.36666666666667
2024-03-30,MBP14,155,2024,3,30,5,90,1,0,0,171.0,142.0,113.0,158.14285714285714,161.16666666666666
2024-03-31,MBP14,113,2024,3,31,6,91,1,0,0,155.0,112.0,139.0,160.0,159.73333333333332
2024-04-01,MBP14,144,2024,4,1,0,92,0,0,0,113.0,183.0,169.0,160.14285714285714,157.26666666666668
2024-04-02,MBP14,161,2024,4,2,1,93,0,0,0,144.0,141.0,133.0,154.57142857142858,157.5
2024-04-03,MBP14,194,2024,4,3,2,94,0,0,0,161.0,195.0,155.0,157.42857142857142,159.3
2024-04-04,MBP14,141,2024,4,4,3,95,0,0,0,194.0,163.0,164.0,157.28571428571428,160.7
2024-04-05,MBP14,114,2024,4,5,4,96,0,0,0,141.0,171.0,212.0,154.14285714285714,159.73333333333332
2024-04-06,MBP14,126,2024,4,6,5,97,1,0,0,114.0,155.0,142.0,146.0,157.73333333333332
2024-04-07,MBP14,142,2024,4,7,6,98,1,0,0,126.0,113.0,112.0,141.85714285714286,156.96666666666667
2024-04-08,MBP14,198,2024,4,8,0,99,0,0,0,142.0,144.0,183.0,146.0,154.3
2024-04-09,MBP14,163,2024,4,9,1,100,0,0,0,198.0,161.0,141.0,153.71428571428572,155.66666666666666
2024-04-10,MBP14,164,2024,4,10,2,101,0,0,0,163.0,194.0,195.0,154.0,156.33333333333334
2024-04-11,MBP14,197,2024,4,11,3,102,0,0,0,164.0,141.0,163.0,149.71428571428572,156.0
2024-04-12,MBP14,134,2024,4,12,4,103,0,0,0,197.0,114.0,171.0,157.71428571428572,156.96666666666667
2024-04-13,MBP14,128,2024,4,13,5,104,1,0,0,134.0,126.0,155.0,160.57142857142858,156.33333333333334
2024-04-14,MBP14,137,2024,4,14,6,105,1,0,0,128.0,142.0,113.0,160.85714285714286,154.8
2024-04-15,MBP14,183,2024,4,15,0,106,0,0,0,137.0,198.0,144.0,160.14285714285714,153.43333333333334
2024-04-16,MBP14,163,2024,4,16,1,107,0,0,0,183.0,163.0,161.0,158.0,155.76666666666668
2024-04-17,MBP14,174,2024,4,17,2,108,0,0,0,163.0,164.0,194.0,158.0,156.56666666666666
2024-04-18,MBP14,122,2024,4,18,3,109,0,0,0,174.0,197.0,141.0,159.42857142857142,156.73333333333332
2024-04-19,MBP14,160,2024,4,19,4,110,0,0,0,122.0,134.0,114.0,148.71428571428572,156.36666666666667
2024-04-20,MBP14,141,2024,4,20,5,111,1,0,0,160.0,128.0,126.0,152.42857142857142,156.53333333333333
2024-04-21,MBP14,118,2024,4,21,6,112,1,0,0,141.0,137.0,142.0,154.28571428571428,155.76666666666668
2024-04-22,MBP14,175,2024,4,22,0,113,0,0,0,118.0,183.0,198.0,151.57142857142858,152.63333333333333
2024-04-23,MBP14,183,2024,4,23,1,114,0,0,0,175.0,163.0,163.0,150.42857142857142,153.73333333333332
2024-04-24,MBP14,166,2024,4,24,2,115,0,0,0,183.0,174.0,164.0,153.28571428571428,156.1
2024-04-25,MBP14,177,2024,4,25,3,116,0,0,0,166.0,122.0,197.0,152.14285714285714,155.53333333333333
2024-04-26,MBP14,153,2024,4,26,4,117,0,0,0,177.0,160.0,134.0,160.0,156.73333333333332
2024-04-27,MBP14,131,2024,4,27,5,118,1,0,0,153.0,141.0,128.0,159.0,155.33333333333334
2024-04-28,MBP14,144,2024,4,28,6,119,1,0,0,131.0,118.0,137.0,157.57142857142858,154.26666666666668
2024-04-29,MBP14,177,2024,4,29,0,120,0,0,0,144.0,175.0,183.0,161.28571428571428,153.36666666666667
2024-04-30,MBP14,161,2024,4,30,1,121,0,0,0,177.0,183.0,163.0,161.57142857142858,154.1
2024-05-01,MBP14,178,2024,5,1,2,122,0,0,0,161.0,166.0,174.0,158.42857142857142,155.7
2024-05-02,MBP14,189,2024,5,2,3,123,0,0,0,178.0,177.0,122.0,160.14285714285714,156.83333333333334
2024-05-03,MBP14,131,2024,5,3,4,124,0,0,0,189.0,153.0,160.0,161.85714285714286,157.76666666666668
2024-05-04,MBP14,153,2024,5,4,5,125,1,0,0,131.0,131.0,141.0,158.71428571428572,155.66666666666666
2024-05-05,MBP14,129,2024,5,5,6,126,1,0,0,153.0,144.0,118.0,161.85714285714286,156.06666666666666
2024-05-06,MBP14,183,2024,5,6,0,127,0,0,0,129.0,177.0,175.0,159.71428571428572,156.56666666666666
2024-05-07,MBP14,199,2024,5,7,1,128,0,0,0,183.0,161.0,183.0,160.57142857142858,158.46666666666667
2024-05-08,MBP14,145,2024,5,8,2,129,0,0,0,199.0,178.0,166.0,166.0,160.36666666666667
2024-05-09,MBP14,159,2024,5,9,3,130,0,0,0,145.0,189.0,177.0,161.28571428571428,158.6
2024-05-10,MBP14,168,2024,5,10,4,131,0,0,0,159.0,131.0,153.0,157.0,158.46666666666667
2024-05-11,MBP14,122,2024,5,11,5,132,1,0,0,168.0,153.0,131.0,162.28571428571428,158.6
2024-05-12,MBP14,163,2024,5,12,6,133,1,0,0,122.0,129.0,144.0,157.85714285714286,156.1
2024-05-13,MBP14,157,2024,5,13,0,134,0,0,0,163.0,183.0,177.0,162.71428571428572,157.06666666666666
2024-05-14,MBP14,163,2024,5,14,1,135,0,0,0,157.0,199.0,161.0,159.0,158.03333333333333
2024-05-15,MBP14,180,2024,5,15,2,136,0,0,0,163.0,145.0,178.0,153.85714285714286,158.9
2024-05-16,MBP14,151,2024,5,16,3,137,0,0,0,180.0,159.0,189.0,158.85714285714286,158.8
2024-05-17,MBP14,168,2024,5,17,4,138,0,0,0,151.0,168.0,131.0,157.71428571428572,158.4
2024-05-18,MBP14,142,2024,5,18,5,139,1,0,0,168.0,122.0,153.0,157.71428571428572,158.2
2024-05-19,MBP14,132,2024,5,19,6,140,1,0,0,142.0,163.0,129.0,160.57142857142858,158.86666666666667
2024-05-20,MBP14,176,2024,5,20,0,141,0,0,0,132.0,157.0,183.0,156.14285714285714,157.93333333333334
2024-05-21,MBP14,168,2024,5,21,1,142,0,0,0,176.0,163.0,199.0,158.85714285714286,159.1
2024-05-22,MBP14,148,2024,5,22,2,143,0,0,0,168.0,180.0,145.0,159.57142857142858,160.76666666666668
2024-05-23,MBP14,188,2024,5,23,3,144,0,0,0,148.0,151.0,159.0,155.0,159.86666666666667
2024-05-24,MBP14,221,2024,5,24,4,145,0,0,0,188.0,168.0,168.0,160.28571428571428,160.03333333333333
2024-05-25,MBP14,143,2024,5,25,5,146,1,0,0,221.0,142.0,122.0,167.85714285714286,161.86666666666667
2024-05-26,MBP14,147,2024,5,26,6,147,1,0,0,143.0,132.0,163.0,168.0,160.73333333333332
2024-05-27,MBP14,203,2024,5,27,0,148,0,0,0,147.0,176.0,157.0,170.14285714285714,160.53333333333333
2024-05-28,MBP14,160,2024,5,28,1,149,0,0,0,203.0,168.0,163.0,174.0,162.93333333333334
2024-05-29,MBP14,229,2024,5,29,2,150,0,0,0,160.0,148.0,180.0,172.85714285714286,163.46666666666667
2024-05-30,MBP14,197,2024,5,30,3,151,0,0,0,229.0,188.0,151.0,184.42857142857142,165.2
2024-05-31,MBP14,231,2024,5,31,4,152,0,0,0,197.0,221.0,168.0,185.71428571428572,166.4
2024-06-01,MBP14,137,2024,6,1,5,153,1,0,0,231.0,143.0,142.0,187.14285714285714,168.16666666666666
2024-06-02,MBP14,185,2024,6,2,6,154,1,0,0,137.0,147.0,132.0,186.28571428571428,166.43333333333334
2024-06-03,MBP14,216,2024,6,3,0,155,0,0,0,185.0,203.0,176.0,191.71428571428572,168.23333333333332
2024-06-04,MBP14,212,2024,6,4,1,156,0,0,0,216.0,160.0,168.0,193.57142857142858,170.33333333333334
2024-06-05,MBP14,205,2024,6,5,2,157,0,0,0,212.0,229.0,148.0,201.0,173.1
2024-06-06,MBP14,194,2024,6,6,3,158,0,0,0,205.0,197.0,188.0,197.57142857142858,173.83333333333334
2024-06-07,MBP14,230,2024,6,7,4,159,0,0,0,194.0,231.0,221.0,197.14285714285714,173.66666666666666
2024-06-08,MBP14,158,2024,6,8,5,160,1,0,0,230.0,137.0,143.0,197.0,176.5
2024-06-09,MBP14,119,2024,6,9,6,161,1,0,0,158.0,185.0,147.0,200.0,176.46666666666667
2024-06-10,MBP14,174,2024,6,10,0,162,0,0,0,119.0,216.0,203.0,190.57142857142858,174.83333333333334
2024-06-11,MBP14,195,2024,6,11,1,163,0,0,0,174.0,212.0,160.0,184.57142857142858,176.56666666666666
2024-06-12,MBP14,206,2024,6,12,2,164,0,0,0,195.0,205.0,229.0,182.14285714285714,177.63333333333333
2024-06-13,MBP14,197,2024,6,13,3,165,0,0,0,206.0,194.0,197.0,182.28571428571428,179.26666666666668
2024-06-14,MBP14,226,2024,6,14,4,166,0,0,0,197.0,230.0,231.0,182.71428571428572,180.4
2024-06-15,MBP14,116,2024,6,15,5,167,1,0,0,226.0,158.0,137.0,182.14285714285714,181.93333333333334
2024-06-16,MBP14,153,2024,6,16,6,168,1,0,0,116.0,119.0,185.0,176.14285714285714,180.76666666666668
2024-06-17,MBP14,151,2024,6,17,0,169,0,0,0,153.0,174.0,216.0,181.0,180.26666666666668
2024-06-18,MBP14,208,2024,6,18,1,170,0,0,0,151.0,195.0,212.0,177.71428571428572,180.56666666666666
2024-06-19,MBP14,187,2024,6,19,2,171,0,0,0,208.0,206.0,205.0,179.57142857142858,183.1
2024-06-20,MBP14,197,2024,6,20,3,172,0,0,0,187.0,197.0,194.0,176.85714285714286,183.46666666666667
2024-06-21,MBP14,167,2024,6,21,4,173,0,0,0,197.0,226.0,230.0,176.85714285714286,184.43333333333334
2024-06-22,MBP14,165,2024,6,22,5,174,1,0,0,167.0,116.0,158.0,168.42857142857142,185.06666666666666
2024-06-23,MBP14,160,2024,6,23,6,175,1,0,0,165.0,153.0,119.0,175.42857142857142,184.3
2024-06-24,MBP14,196,2024,6,24,0,176,0,0,0,160.0,151.0,174.0,176.42857142857142,182.26666666666668
2024-06-25,MBP14,179,2024,6,25,1,177,0,0,0,196.0,208.0,195.0,182.85714285714286,184.03333333333333
2024-06-26,MBP14,193,2024,6,26,2,178,0,0,0,179.0,187.0,206.0,178.71428571428572,185.1
2024-06-27,MBP14,165,2024,6,27,3,179,0,0,0,193.0,197.0,197.0,179.57142857142858,184.76666666666668
2024-06-28,MBP14,198,2024,6,28,4,180,0,0,0,165.0,167.0,226.0,175.0,184.93333333333334
2024-06-29,MBP14,166,2024,6,29,5,181,1,0,0,198.0,165.0,116.0,179.42857142857142,183.9
2024-06-30,MBP14,156,2024,6,30,6,182,1,0,0,166.0,160.0,153.0,179.57142857142858,182.86666666666667
2024-07-01,MBP14,163,2024,7,1,0,183,0,0,0,156.0,196.0,151.0,179.0,180.36666666666667
2024-07-02,MBP14,186,2024,7,2,1,184,0,0,0,163.0,179.0,208.0,174.28571428571428,181.23333333333332
2024-07-03,MBP14,150,2024,7,3,2,185,0,0,0,186.0,193.0,187.0,175.28571428571428,181.26666666666668
2024-07-04,MBP14,190,2024,7,4,3,186,0,0,0,150.0,165.0,197.0,169.14285714285714,179.06666666666666
2024-07-05,MBP14,188,2024,7,5,4,187,0,0,0,190.0,198.0,167.0,172.71428571428572,178.33333333333334
2024-07-06,MBP14,107,2024,7,6,5,188,1,0,0,188.0,166.0,165.0,171.28571428571428,177.76666666666668
2024-07-07,MBP14,119,2024,7,7,6,189,1,0,0,107.0,156.0,160.0,162.85714285714286,174.86666666666667
2024-07-08,MBP14,172,2024,7,8,0,190,0,0,0,119.0,163.0,196.0,157.57142857142858,171.16666666666666
2024-07-09,MBP14,172,2024,7,9,1,191,0,0,0,172.0,186.0,179.0,158.85714285714286,171.63333333333333
2024-07-10,MBP14,153,2024,7,10,2,192,0,0,0,172.0,150.0,193.0,156.85714285714286,173.4
2024-07-11,MBP14,188,2024,7,11,3,193,0,0,0,153.0,190.0,165.0,157.28571428571428,172.7
2024-07-12,MBP14,185,2024,7,12,4,194,0,0,0,188.0,188.0,198.0,157.0,172.46666666666667
2024-07-13,MBP14,136,2024,7,13,5,195,1,0,0,185.0,107.0,166.0,156.57142857142858,171.76666666666668
2024-07-14,MBP14,127,2024,7,14,6,196,1,0,0,136.0,119.0,156.0,160.71428571428572,169.73333333333332
2024-07-15,MBP14,205,2024,7,15,0,197,0,0,0,127.0,172.0,163.0,161.85714285714286,166.43333333333334
2024-07-16,MBP14,219,2024,7,16,1,198,0,0,0,205.0,172.0,186.0,166.57142857142858,169.4
2024-07-17,MBP14,173,2024,7,17,2,199,0,0,0,219.0,153.0,150.0,173.28571428571428,171.6
2024-07-18,MBP14,171,2024,7,18,3,200,0,0,0,173.0,188.0,190.0,176.14285714285714,172.33333333333334
2024-07-19,MBP14,196,2024,7,19,4,201,0,0,0,171.0,185.0,188.0,173.71428571428572,171.1
2024-07-20,MBP14,138,2024,7,20,5,202,1,0,0,196.0,136.0,107.0,175.28571428571428,171.4
2024-07-21,MBP14,142,2024,7,21,6,203,1,0,0,138.0,127.0,119.0,175.57142857142858,169.43333333333334
2024-07-22,MBP14,205,2024,7,22,0,204,0,0,0,142.0,205.0,172.0,177.71428571428572,168.6
2024-07-23,MBP14,146,2024,7,23,1,205,0,0,0,205.0,219.0,172.0,177.71428571428572,169.93333333333334
2024-07-24,MBP14,221,2024,7,24,2,206,0,0,0,146.0,173.0,153.0,167.28571428571428,169.46666666666667
2024-07-25,MBP14,193,2024,7,25,3,207,0,0,0,221.0,171.0,188.0,174.14285714285714,170.3
2024-07-26,MBP14,184,2024,7,26,4,208,0,0,0,193.0,196.0,185.0,177.28571428571428,170.76666666666668
2024-07-27,MBP14,149,2024,7,27,5,209,1,0,0,184.0,138.0,136.0,175.57142857142858,170.46666666666667
2024-07-28,MBP14,151,2024,7,28,6,210,1,0,0,149.0,142.0,127.0,177.14285714285714,169.93333333333334
2024-07-29,MBP14,157,2024,7,29,0,211,0,0,0,151.0,205.0,205.0,178.42857142857142,168.36666666666667
2024-07-30,MBP14,235,2024,7,30,1,212,0,0,0,157.0,146.0,219.0,171.57142857142858,168.06666666666666
2024-07-31,MBP14,202,2024,7,31,2,213,0,0,0,235.0,221.0,173.0,184.28571428571428,170.7
2024-08-01,MBP14,213,2024,8,1,3,214,0,1,0,202.0,193.0,171.0,181.57142857142858,172.0
2024-08-02,MBP14,228,2024,8,2,4,215,0,1,0,213.0,184.0,196.0,184.42857142857142,172.9
2024-08-03,MBP14,140,2024,8,3,5,216,1,1,0,228.0,149.0,138.0,190.71428571428572,175.5
2024-08-04,MBP14,170,2024,8,4,6,217,1,1,0,140.0,151.0,142.0,189.42857142857142,173.83333333333334
2024-08-05,MBP14,203,2024,8,5,0,218,0,1,0,170.0,157.0,205.0,192.14285714285714,173.23333333333332
2024-08-06,MBP14,233,2024,8,6,1,219,0,1,0,203.0,235.0,146.0,198.71428571428572,176.43333333333334
2024-08-07,MBP14,159,2024,8,7,2,220,0,1,0,233.0,202.0,221.0,198.42857142857142,180.23333333333332
2024-08-08,MBP14,213,2024,8,8,3,221,0,1,0,159.0,213.0,193.0,192.28571428571428,179.8
2024-08-09,MBP14,202,2024,8,9,4,222,0,1,0,213.0,228.0,184.0,192.28571428571428,181.16666666666666
2024-08-10,MBP14,178,2024,8,10,5,223,1,1,0,202.0,140.0,149.0,188.57142857142858,182.8
2024-08-11,MBP14,181,2024,8,11,6,224,1,1,0,178.0,170.0,151.0,194.0,182.46666666666667
2024-08-12,MBP14,204,2024,8,12,0,225,0,1,0,181.0,203.0,157.0,195.57142857142858,182.33333333333334
2024-08-13,MBP14,206,2024,8,13,1,226,0,1,0,204.0,233.0,235.0,195.71428571428572,184.6
2024-08-14,MBP14,224,2024,8,14,2,227,0,1,0,206.0,159.0,202.0,191.85714285714286,187.23333333333332
2024-08-15,MBP14,204,2024,8,15,3,228,0,1,0,224.0,213.0,213.0,201.14285714285714,187.86666666666667
2024-08-16,MBP14,253,2024,8,16,4,229,0,1,0,204.0,202.0,228.0,199.85714285714286,187.36666666666667
2024-08-17,MBP14,171,2024,8,17,5,230,1,1,0,253.0,178.0,140.0,207.14285714285714,190.03333333333333
2024-08-18,MBP14,117,2024,8,18,6,231,1,1,0,171.0,181.0,170.0,206.14285714285714,190.03333333333333
2024-08-19,MBP14,223,2024,8,19,0,232,0,1,0,117.0,204.0,203.0,197.0,187.4
2024-08-20,MBP14,206,2024,8,20,1,233,0,1,0,223.0,206.0,233.0,199.71428571428572,190.23333333333332
2024-08-21,MBP14,190,2024,8,21,2,234,0,1,0,206.0,224.0,159.0,199.71428571428572,192.36666666666667
2024-08-22,MBP14,202,2024,8,22,3,235,0,1,0,190.0,204.0,213.0,194.85714285714286,191.86666666666667
2024-08-23,MBP14,241,2024,8,23,4,236,0,1,0,202.0,253.0,202.0,194.57142857142858,193.73333333333332
2024-08-24,MBP14,213,2024,8,24,5,237,1,1,0,241.0,171.0,178.0,192.85714285714286,194.4
2024-08-25,MBP14,191,2024,8,25,6,238,1,1,0,213.0,117.0,181.0,198.85714285714286,195.06666666666666
2024-08-26,MBP14,221,2024,8,26,0,239,0,1,0,191.0,223.0,204.0,209.42857142857142,195.3
2024-08-27,MBP14,252,2024,8,27,1,240,0,1,0,221.0,206.0,206.0,209.14285714285714,197.7
2024-08-28,MBP14,226,2024,8,28,2,241,0,1,0,252.0,190.0,224.0,215.71428571428572,201.06666666666666
2024-08-29,MBP14,219,2024,8,29,3,242,0,1,0,226.0,202.0,204.0,220.85714285714286,203.36666666666667
2024-08-30,MBP14,205,2024,8,30,4,243,0,1,0,219.0,241.0,253.0,223.28571428571428,202.83333333333334
2024-08-31,MBP14,145,2024,8,31,5,244,1,1,0,205.0,213.0,171.0,218.14285714285714,202.93333333333334
2024-09-01,MBP14,175,2024,9,1,6,245,1,1,0,145.0,191.0,117.0,208.42857142857142,200.66666666666666
2024-09-02,MBP14,241,2024,9,2,0,246,0,1,0,175.0,221.0,223.0,206.14285714285714,198.9
2024-09-03,MBP14,233,2024,9,3,1,247,0,1,0,241.0,252.0,206.0,209.0,202.26666666666668
2024-09-04,MBP14,223,2024,9,4,2,248,0,1,0,233.0,226.0,190.0,206.28571428571428,204.36666666666667
2024-09-05,MBP14,207,2024,9,5,3,249,0,1,0,223.0,219.0,202.0,205.85714285714286,205.03333333333333
2024-09-06,MBP14,249,2024,9,6,4,250,0,1,0,207.0,205.0,241.0,204.14285714285714,204.16666666666666
2024-09-07,MBP14,150,2024,9,7,5,251,1,1,0,249.0,145.0,213.0,210.42857142857142,207.16666666666666
2024-09-08,MBP14,193,2024,9,8,6,252,1,1,0,150.0,175.0,191.0,211.14285714285714,205.06666666666666
2024-09-09,MBP14,200,2024,9,9,0,253,0,1,0,193.0,241.0,221.0,213.71428571428572,204.76666666666668
2024-09-10,MBP14,205,2024,9,10,1,254,0,1,0,200.0,233.0,252.0,207.85714285714286,205.5
2024-09-11,MBP14,185,2024,9,11,2,255,0,1,0,205.0,223.0,226.0,203.85714285714286,206.3
2024-09-12,MBP14,209,2024,9,12,3,256,0,1,0,185.0,207.0,219.0,198.42857142857142,205.66666666666666
2024-09-13,MBP14,246,2024,9,13,4,257,0,1,0,209.0,249.0,205.0,198.71428571428572,205.76666666666668
2024-09-14,MBP14,180,2024,9,14,5,258,1,1,0,246.0,150.0,145.0,198.28571428571428,206.5
2024-09-15,MBP14,187,2024,9,15,6,259,1,1,0,180.0,193.0,175.0,202.57142857142858,205.7
2024-09-16,MBP14,229,2024,9,16,0,260,0,1,0,187.0,200.0,241.0,201.71428571428572,203.5
2024-09-17,MBP14,185,2024,9,17,1,261,0,1,0,229.0,205.0,233.0,205.85714285714286,205.43333333333334
2024-09-18,MBP14,203,2024,9,18,2,262,0,1,0,185.0,185.0,223.0,203.0,207.7
2024-09-19,MBP14,190,2024,9,19,3,263,0,1,0,203.0,209.0,207.0,205.57142857142858,207.03333333333333
2024-09-20,MBP14,241,2024,9,20,4,264,0,1,0,190.0,246.0,249.0,202.85714285714286,206.5
2024-09-21,MBP14,136,2024,9,21,5,265,1,1,0,241.0,180.0,150.0,202.14285714285714,208.2
2024-09-22,MBP14,175,2024,9,22,6,266,1,1,0,136.0,187.0,193.0,195.85714285714286,206.0
2024-09-23,MBP14,224,2024,9,23,0,267,0,1,0,175.0,229.0,200.0,194.14285714285714,203.8
2024-09-24,MBP14,245,2024,9,24,1,268,0,1,0,224.0,185.0,205.0,193.42857142857142,204.16666666666666
2024-09-25,MBP14,190,2024,9,25,2,269,0,1,0,245.0,203.0,185.0,202.0,205.96666666666667
2024-09-26,MBP14,215,2024,9,26,3,270,0,1,0,190.0,190.0,209.0,200.14285714285714,204.93333333333334
2024-09-27,MBP14,250,2024,9,27,4,271,0,1,0,215.0,241.0,246.0,203.71428571428572,203.7
2024-09-28,MBP14,140,2024,9,28,5,272,1,1,0,250.0,136.0,180.0,205.0,204.5
2024-09-29,MBP14,122,2024,9,29,6,273,1,1,0,140.0,175.0,187.0,205.57142857142858,201.86666666666667
2024-09-30,MBP14,149,2024,9,30,0,274,0,1,0,122.0,224.0,229.0,198.0,199.1
2024-10-01,MBP14,224,2024,10,1,1,275,0,0,0,149.0,245.0,185.0,187.28571428571428,199.23333333333332
2024-10-02,MBP14,164,2024,10,2,2,276,0,0,0,224.0,190.0,203.0,184.28571428571428,200.86666666666667
2024-10-03,MBP14,208,2024,10,3,3,277,0,0,0,164.0,215.0,190.0,180.57142857142858,198.3
2024-10-04,MBP14,237,2024,10,4,4,278,0,0,0,208.0,250.0,241.0,179.57142857142858,197.46666666666667
2024-10-05,MBP14,184,2024,10,5,5,279,1,0,0,237.0,140.0,136.0,177.71428571428572,197.93333333333334
2024-10-06,MBP14,195,2024,10,6,6,280,1,0,0,184.0,122.0,175.0,184.0,197.16666666666666
2024-10-07,MBP14,254,2024,10,7,0,281,0,0,0,195.0,149.0,224.0,194.42857142857142,195.36666666666667
2024-10-08,MBP14,292,2024,10,8,1,282,0,0,0,254.0,224.0,245.0,209.42857142857142,198.83333333333334
2024-10-09,MBP14,227,2024,10,9,2,283,0,0,0,292.0,164.0,190.0,219.14285714285714,202.13333333333333
2024-10-10,MBP14,236,2024,10,10,3,284,0,0,0,227.0,208.0,215.0,228.14285714285714,203.03333333333333
2024-10-11,MBP14,231,2024,10,11,4,285,0,0,0,236.0,237.0,250.0,232.14285714285714,204.06666666666666
2024-10-12,MBP14,213,2024,10,12,5,286,1,0,0,231.0,184.0,140.0,231.28571428571428,205.6
2024-10-13,MBP14,208,2024,10,13,6,287,1,0,0,213.0,195.0,122.0,235.42857142857142,205.73333333333332
2024-10-14,MBP14,248,2024,10,14,0,288,0,0,0,208.0,254.0,149.0,237.28571428571428,204.46666666666667
2024-10-15,MBP14,258,2024,10,15,1,289,0,0,0,248.0,292.0,224.0,236.42857142857142,206.73333333333332
2024-10-16,MBP14,186,2024,10,16,2,290,0,0,0,258.0,227.0,164.0,231.57142857142858,209.1
2024-10-17,MBP14,250,2024,10,17,3,291,0,0,0,186.0,236.0,208.0,225.71428571428572,207.66666666666666
2024-10-18,MBP14,238,2024,10,18,4,292,0,0,0,250.0,231.0,237.0,227.71428571428572,209.83333333333334
2024-10-19,MBP14,164,2024,10,19,5,293,1,0,0,238.0,213.0,184.0,228.71428571428572,211.0
2024-10-20,MBP14,179,2024,10,20,6,294,1,0,0,164.0,208.0,195.0,221.71428571428572,210.13333333333333
2024-10-21,MBP14,145,2024,10,21,0,295,0,0,0,179.0,248.0,254.0,217.57142857142858,208.06666666666666
2024-10-22,MBP14,170,2024,10,22,1,296,0,0,0,145.0,258.0,292.0,202.85714285714286,208.36666666666667
2024-10-23,MBP14,165,2024,10,23,2,297,0,0,0,170.0,186.0,227.0,190.28571428571428,208.2
2024-10-24,MBP14,197,2024,10,24,3,298,0,0,0,165.0,250.0,236.0,187.28571428571428,206.23333333333332
2024-10-25,MBP14,159,2024,10,25,4,299,0,0,0,197.0,238.0,231.0,179.71428571428572,204.63333333333333
2024-10-26,MBP14,154,2024,10,26,5,300,1,0,0,159.0,164.0,213.0,168.42857142857142,203.6
2024-10-27,MBP14,164,2024,10,27,6,301,1,0,0,154.0,179.0,208.0,167.0,201.56666666666666
2024-10-28,MBP14,198,2024,10,28,0,302,0,0,0,164.0,145.0,248.0,164.85714285714286,198.7
2024-10-29,MBP14,190,2024,10,29,1,303,0,0,0,198.0,170.0,258.0,172.42857142857142,200.63333333333333
2024-10-30,MBP14,163,2024,10,30,2,304,0,0,0,190.0,165.0,186.0,175.28571428571428,202.9
2024-10-31,MBP14,167,2024,10,31,3,305,0,0,0,163.0,197.0,250.0,175.0,203.36666666666667
2024-11-01,MBP14,215,2024,11,1,4,306,0,0,1,167.0,159.0,238.0,170.71428571428572,201.46666666666667
2024-11-02,MBP14,159,2024,11,2,5,307,1,0,1,215.0,154.0,164.0,178.71428571428572,203.16666666666666
2024-11-03,MBP14,145,2024,11,3,6,308,1,0,1,159.0,164.0,179.0,179.42857142857142,201.53333333333333
2024-11-04,MBP14,181,2024,11,4,0,309,0,0,1,145.0,198.0,145.0,176.71428571428572,198.46666666666667
2024-11-05,MBP14,146,2024,11,5,1,310,0,0,1,181.0,190.0,170.0,174.28571428571428,198.36666666666667
2024-11-06,MBP14,169,2024,11,6,2,311,0,0,1,146.0,163.0,165.0,168.0,196.73333333333332
2024-11-07,MBP14,241,2024,11,7,3,312,0,0,1,169.0,167.0,197.0,168.85714285714286,193.9
2024-11-08,MBP14,168,2024,11,8,4,313,0,0,1,241.0,215.0,159.0,179.42857142857142,192.2
2024-11-09,MBP14,159,2024,11,9,5,314,1,0,1,168.0,159.0,154.0,172.71428571428572,190.23333333333332
2024-11-10,MBP14,176,2024,11,10,6,315,1,0,1,159.0,145.0,164.0,172.71428571428572,187.66666666666666
2024-11-11,MBP14,175,2024,11,11,0,316,0,0,1,176.0,181.0,198.0,177.14285714285714,185.83333333333334
2024-11-12,MBP14,214,2024,11,12,1,317,0,0,1,175.0,146.0,190.0,176.28571428571428,184.56666666666666
2024-11-13,MBP14,237,2024,11,13,2,318,0,0,1,214.0,169.0,163.0,186.0,184.76666666666668
2024-11-14,MBP14,216,2024,11,14,3,319,0,0,1,237.0,241.0,167.0,195.71428571428572,184.4
2024-11-15,MBP14,295,2024,11,15,4,320,0,0,1,216.0,168.0,215.0,192.14285714285714,183.0
2024-11-16,MBP14,138,2024,11,16,5,321,1,0,1,295.0,159.0,159.0,210.28571428571428,186.63333333333333
2024-11-17,MBP14,198,2024,11,17,6,322,1,0,1,138.0,176.0,145.0,207.28571428571428,182.9
2024-11-18,MBP14,226,2024,11,18,0,323,0,0,1,198.0,175.0,181.0,210.42857142857142,181.56666666666666
2024-11-19,MBP14,257,2024,11,19,1,324,0,0,1,226.0,214.0,146.0,217.71428571428572,183.63333333333333
2024-11-20,MBP14,252,2024,11,20,2,325,0,0,1,257.0,237.0,169.0,223.85714285714286,186.23333333333332
2024-11-21,MBP14,222,2024,11,21,3,326,0,0,1,252.0,216.0,241.0,226.0,189.8
2024-11-22,MBP14,254,2024,11,22,4,327,0,0,1,222.0,295.0,168.0,226.85714285714286,191.53333333333333
2024-11-23,MBP14,151,2024,11,23,5,328,1,0,1,254.0,138.0,159.0,221.0,194.5
2024-11-24,MBP14,211,2024,11,24,6,329,1,0,1,151.0,198.0,176.0,222.85714285714286,192.96666666666667
2024-11-25,MBP14,268,2024,11,25,0,330,0,0,1,211.0,226.0,175.0,224.71428571428572,194.7
2024-11-26,MBP14,282,2024,11,26,1,331,0,0,1,268.0,257.0,214.0,230.71428571428572,198.5
2024-11-27,MBP14,299,2024,11,27,2,332,0,0,1,282.0,252.0,237.0,234.28571428571428,202.43333333333334
2024-11-28,MBP14,280,2024,11,28,3,333,0,0,1,299.0,222.0,216.0,241.0,205.8
2024-11-29,MBP14,276,2024,11,29,4,334,0,0,1,280.0,254.0,295.0,249.28571428571428,208.8
2024-11-30,MBP14,189,2024,11,30,5,335,1,0,1,276.0,151.0,138.0,252.42857142857142,212.56666666666666
2024-12-01,MBP14,194,2024,12,1,6,336,1,0,1,189.0,211.0,198.0,257.85714285714283,213.3
2024-12-02,MBP14,316,2024,12,2,0,337,0,0,1,194.0,268.0,226.0,255.42857142857142,212.6
2024-12-03,MBP14,326,2024,12,3,1,338,0,0,1,316.0,282.0,257.0,262.2857142857143,217.83333333333334
2024-12-04,MBP14,270,2024,12,4,2,339,0,0,1,326.0,299.0,252.0,268.57142857142856,223.86666666666667
2024-12-05,MBP14,280,2024,12,5,3,340,0,0,1,270.0,280.0,222.0,264.42857142857144,226.83333333333334
2024-12-06,MBP14,248,2024,12,6,4,341,0,0,1,280.0,276.0,254.0,264.42857142857144,231.3
2024-12-07,MBP14,245,2024,12,7,5,342,1,0,1,248.0,189.0,151.0,260.42857142857144,233.93333333333334
2024-12-08,MBP14,231,2024,12,8,6,343,1,0,1,245.0,194.0,211.0,268.42857142857144,234.06666666666666
2024-12-09,MBP14,339,2024,12,9,0,344,0,0,1,231.0,316.0,268.0,273.7142857142857,236.16666666666666
2024-12-10,MBP14,245,2024,12,10,1,345,0,0,1,339.0,326.0,282.0,277.0,242.16666666666666
2024-12-11,MBP14,259,2024,12,11,2,346,0,0,1,245.0,270.0,299.0,265.42857142857144,244.46666666666667
2024-12-12,MBP14,276,2024,12,12,3,347,0,0,1,259.0,280.0,280.0,263.85714285714283,247.26666666666668
2024-12-13,MBP14,286,2024,12,13,4,348,0,0,1,276.0,248.0,276.0,263.2857142857143,249.33333333333334
2024-12-14,MBP14,198,2024,12,14,5,349,1,0,1,286.0,245.0,189.0,268.7142857142857,250.96666666666667
2024-12-15,MBP14,179,2024,12,15,6,350,1,0,1,198.0,231.0,194.0,262.0,250.36666666666667
2024-12-16,MBP14,283,2024,12,16,0,351,0,0,1,179.0,339.0,316.0,254.57142857142858,246.5
2024-12-17,MBP14,274,2024,12,17,1,352,0,0,1,283.0,245.0,326.0,246.57142857142858,251.33333333333334
2024-12-18,MBP14,221,2024,12,18,2,353,0,0,1,274.0,259.0,270.0,250.71428571428572,253.86666666666667
2024-12-19,MBP14,284,2024,12,19,3,354,0,0,1,221.0,276.0,280.0,245.28571428571428,253.7
2024-12-20,MBP14,274,2024,12,20,4,355,0,0,1,284.0,286.0,248.0,246.42857142857142,254.6
2024-12-21,MBP14,186,2024,12,21,5,356,1,0,1,274.0,198.0,245.0,244.71428571428572,255.33333333333334
2024-12-22,MBP14,181,2024,12,22,6,357,1,0,1,186.0,179.0,231.0,243.0,254.13333333333333
2024-12-23,MBP14,244,2024,12,23,0,358,0,0,1,181.0,283.0,339.0,243.28571428571428,251.7
2024-12-24,MBP14,202,2024,12,24,1,359,0,0,1,244.0,274.0,245.0,237.71428571428572,254.8
2024-12-25,MBP14,222,2024,12,25,2,360,0,0,1,202.0,221.0,259.0,227.42857142857142,254.5
2024-12-26,MBP14,161,2024,12,26,3,361,0,0,1,222.0,284.0,276.0,227.57142857142858,252.96666666666667
2024-12-27,MBP14,237,2024,12,27,4,362,0,0,1,161.0,274.0,286.0,210.0,248.93333333333334
2024-12-28,MBP14,133,2024,12,28,5,363,1,0,1,237.0,186.0,198.0,204.71428571428572,246.86666666666667
2024-12-29,MBP14,190,2024,12,29,6,364,1,0,1,133.0,181.0,179.0,197.14285714285714,241.96666666666667
2024-12-30,MBP14,197,2024,12,30,0,365,0,0,1,190.0,244.0,283.0,198.42857142857142,239.1
2024-12-31,MBP14,197,2024,12,31,1,366,0,0,1,197.0,202.0,274.0,191.71428571428572,239.36666666666667
2025-01-01,MBP14,167,2025,1,1,2,1,0,0,0,197.0,222.0,221.0,191.0,239.46666666666667
2025-01-02,MBP14,174,2025,1,2,3,2,0,0,0,167.0,161.0,284.0,183.14285714285714,234.5
2025-01-03,MBP14,211,2025,1,3,4,3,0,0,0,174.0,237.0,274.0,185.0,229.43333333333334
2025-01-04,MBP14,98,2025,1,4,5,4,1,0,0,211.0,133.0,186.0,181.28571428571428,227.46666666666667
2025-01-05,MBP14,161,2025,1,5,6,5,1,0,0,98.0,190.0,181.0,176.28571428571428,221.4
2025-01-06,MBP14,188,2025,1,6,0,6,0,0,0,161.0,197.0,244.0,172.14285714285714,218.5
2025-01-07,MBP14,155,2025,1,7,1,7,0,0,0,188.0,197.0,202.0,170.85714285714286,216.6
2025-01-08,MBP14,157,2025,1,8,2,8,0,0,0,155.0,167.0,222.0,164.85714285714286,214.06666666666666
2025-01-09,MBP14,217,2025,1,9,3,9,0,0,0,157.0,174.0,161.0,163.42857142857142,208.0
2025-01-10,MBP14,160,2025,1,10,4,10,0,0,0,217.0,211.0,237.0,169.57142857142858,207.06666666666666
2025-01-11,MBP14,120,2025,1,11,5,11,1,0,0,160.0,98.0,133.0,162.28571428571428,203.76666666666668
2025-01-12,MBP14,159,2025,1,12,6,12,1,0,0,120.0,161.0,190.0,165.42857142857142,198.56666666666666
2025-01-13,MBP14,188,2025,1,13,0,13,0,0,0,159.0,188.0,197.0,165.14285714285714,194.33333333333334
2025-01-14,MBP14,161,2025,1,14,1,14,0,0,0,188.0,155.0,197.0,165.14285714285714,194.0
2025-01-15,MBP14,186,2025,1,15,2,15,0,0,0,161.0,157.0,167.0,166.0,193.4
2025-01-16,MBP14,159,2025,1,16,3,16,0,0,0,186.0,217.0,174.0,170.14285714285714,190.16666666666666
2025-01-17,MBP14,205,2025,1,17,4,17,0,0,0,159.0,160.0,211.0,161.85714285714286,186.33333333333334
2025-01-18,MBP14,158,2025,1,18,5,18,1,0,0,205.0,120.0,98.0,168.28571428571428,185.8
2025-01-19,MBP14,149,2025,1,19,6,19,1,0,0,158.0,159.0,161.0,173.71428571428572,181.6
2025-01-20,MBP14,189,2025,1,20,0,20,0,0,0,149.0,188.0,188.0,172.28571428571428,177.43333333333334
2025-01-21,MBP14,219,2025,1,21,1,21,0,0,0,189.0,161.0,155.0,172.42857142857142,177.53333333333333
2025-01-22,MBP14,181,2025,1,22,2,22,0,0,0,219.0,186.0,157.0,180.71428571428572,178.8
2025-01-23,MBP14,155,2025,1,23,3,23,0,0,0,181.0,159.0,217.0,180.0,176.7
2025-01-24,MBP14,191,2025,1,24,4,24,0,0,0,155.0,205.0,160.0,179.42857142857142,175.13333333333333
2025-01-25,MBP14,175,2025,1,25,5,25,1,0,0,191.0,158.0,120.0,177.42857142857142,174.1
2025-01-26,MBP14,123,2025,1,26,6,26,1,0,0,175.0,149.0,159.0,179.85714285714286,174.56666666666666
2025-01-27,MBP14,173,2025,1,27,0,27,0,0,0,123.0,189.0,188.0,176.14285714285714,170.76666666666668
2025-01-28,MBP14,190,2025,1,28,1,28,0,0,0,173.0,219.0,161.0,173.85714285714286,172.1
2025-01-29,MBP14,180,2025,1,29,2,29,0,0,0,190.0,181.0,186.0,169.71428571428572,172.1
2025-01-30,MBP14,160,2025,1,30,3,30,0,0,0,180.0,155.0,159.0,169.57142857142858,171.53333333333333
2025-01-31,MBP14,206,2025,1,31,4,31,0,0,0,160.0,191.0,205.0,170.28571428571428,170.3
2025-02-01,MBP14,179,2025,2,1,5,32,1,0,0,206.0,175.0,158.0,172.42857142857142,171.6
2025-02-02,MBP14,144,2025,2,2,6,33,1,0,0,179.0,123.0,149.0,173.0,171.76666666666668
2025-02-03,MBP14,162,2025,2,3,0,34,0,0,0,144.0,173.0,189.0,176.0,169.53333333333333
2025-02-04,MBP14,148,2025,2,4,1,35,0,0,0,162.0,190.0,219.0,174.42857142857142,171.66666666666666
2025-02-05,MBP14,187,2025,2,5,2,36,0,0,0,148.0,180.0,181.0,168.42857142857142,171.23333333333332
2025-02-06,MBP14,206,2025,2,6,3,37,0,0,0,187.0,160.0,155.0,169.42857142857142,171.2
2025-02-07,MBP14,192,2025,2,7,4,38,0,0,0,206.0,206.0,191.0,176.0,172.9
2025-02-08,MBP14,140,2025,2,8,5,39,1,0,0,192.0,179.0,175.0,174.0,174.06666666666666
2025-02-09,MBP14,130,2025,2,9,6,40,1,0,0,140.0,144.0,123.0,168.42857142857142,171.5
2025-02-10,MBP14,158,2025,2,10,0,41,0,0,0,130.0,162.0,173.0,166.42857142857142,170.5
2025-02-11,MBP14,200,2025,2,11,1,42,0,0,0,158.0,148.0,190.0,165.85714285714286,171.76666666666668
2025-02-12,MBP14,202,2025,2,12,2,43,0,0,0,200.0,187.0,180.0,173.28571428571428,173.13333333333333
2025-02-13,MBP14,148,2025,2,13,3,44,0,0,0,202.0,206.0,160.0,175.42857142857142,173.6
2025-02-14,MBP14,216,2025,2,14,4,45,0,0,0,148.0,192.0,206.0,167.14285714285714,173.16666666666666
2025-02-15,MBP14,150,2025,2,15,5,46,1,0,0,216.0,140.0,179.0,170.57142857142858,174.16666666666666
2025-02-16,MBP14,164,2025,2,16,6,47,1,0,0,150.0,130.0,144.0,172.0,173.86666666666667
2025-02-17,MBP14,153,2025,2,17,0,48,0,0,0,164.0,158.0,162.0,176.85714285714286,172.5
2025-02-18,MBP14,152,2025,2,18,1,49,0,0,0,153.0,200.0,148.0,176.14285714285714,172.33333333333334
2025-02-19,MBP14,179,2025,2,19,2,50,0,0,0,152.0,202.0,187.0,169.28571428571428,172.43333333333334
2025-02-20,MBP14,193,2025,2,20,3,51,0,0,0,179.0,148.0,206.0,166.0,172.1
2025-02-21,MBP14,221,2025,2,21,4,52,0,0,0,193.0,216.0,192.0,172.42857142857142,171.23333333333332
2025-02-22,MBP14,153,2025,2,22,5,53,1,0,0,221.0,150.0,140.0,173.14285714285714,172.56666666666666
2025-02-23,MBP14,137,2025,2,23,6,54,1,0,0,153.0,164.0,130.0,173.57142857142858,172.5
2025-02-24,MBP14,160,2025,2,24,0,55,0,0,0,137.0,153.0,158.0,169.71428571428572,170.7
2025-02-25,MBP14,209,2025,2,25,1,56,0,0,0,160.0,152.0,200.0,170.71428571428572,170.2
2025-02-26,MBP14,161,2025,2,26,2,57,0,0,0,209.0,179.0,202.0,178.85714285714286,173.06666666666666
2025-02-27,MBP14,218,2025,2,27,3,58,0,0,0,161.0,193.0,148.0,176.28571428571428,172.66666666666666
2025-02-28,MBP14,176,2025,2,28,4,59,0,0,0,218.0,221.0,216.0,179.85714285714286,173.6
2025-03-01,MBP14,168,2025,3,1,5,60,1,0,0,176.0,153.0,150.0,173.42857142857142,173.46666666666667
2025-03-02,MBP14,152,2025,3,2,6,61,1,0,0,168.0,137.0,164.0,175.57142857142858,173.73333333333332
2025-03-03,MBP14,179,2025,3,3,0,62,0,0,0,152.0,160.0,153.0,177.71428571428572,171.93333333333334
2025-03-04,MBP14,171,2025,3,4,1,63,0,0,0,179.0,209.0,152.0,180.42857142857142,171.93333333333334
2025-03-05,MBP14,175,2025,3,5,2,64,0,0,0,171.0,161.0,179.0,175.0,172.83333333333334
2025-03-06,MBP14,192,2025,3,6,3,65,0,0,0,175.0,218.0,193.0,177.0,173.26666666666668
2025-03-07,MBP14,184,2025,3,7,4,66,0,0,0,192.0,176.0,221.0,173.28571428571428,174.73333333333332
2025-03-08,MBP14,131,2025,3,8,5,67,1,0,0,184.0,168.0,153.0,174.42857142857142,174.63333333333333
2025-03-09,MBP14,138,2025,3,9,6,68,1,0,0,131.0,152.0,137.0,169.14285714285714,172.13333333333333
2025-03-10,MBP14,184,2025,3,10,0,69,0,0,0,138.0,179.0,160.0,167.14285714285714,170.33333333333334
2025-03-11,MBP14,136,2025,3,11,1,70,0,0,0,184.0,171.0,209.0,167.85714285714286,171.8
2025-03-12,MBP14,193,2025,3,12,2,71,0,0,0,136.0,175.0,161.0,162.85714285714286,172.0
2025-03-13,MBP14,161,2025,3,13,3,72,0,0,0,193.0,192.0,218.0,165.42857142857142,173.16666666666666
2025-03-14,MBP14,157,2025,3,14,4,73,0,0,0,161.0,184.0,176.0,161.0,171.86666666666667
2025-03-15,MBP14,113,2025,3,15,5,74,1,0,0,157.0,131.0,168.0,157.14285714285714,170.36666666666667
2025-03-16,MBP14,111,2025,3,16,6,75,1,0,0,113.0,138.0,152.0,154.57142857142858,169.2
2025-03-17,MBP14,153,2025,3,17,0,76,0,0,0,111.0,184.0,179.0,150.71428571428572,165.7
2025-03-18,MBP14,167,2025,3,18,1,77,0,0,0,153.0,136.0,171.0,146.28571428571428,165.8
2025-03-19,MBP14,226,2025,3,19,2,78,0,0,0,167.0,193.0,175.0,150.71428571428572,165.9
2025-03-20,MBP14,171,2025,3,20,3,79,0,0,0,226.0,161.0,192.0,155.42857142857142,168.33333333333334
2025-03-21,MBP14,187,2025,3,21,4,80,0,0,0,171.0,157.0,184.0,156.85714285714286,168.96666666666667
2025-03-22,MBP14,148,2025,3,22,5,81,1,0,0,187.0,113.0,131.0,161.14285714285714,169.23333333333332
2025-03-23,MBP14,144,2025,3,23,6,82,1,0,0,148.0,111.0,138.0,166.14285714285714,167.73333333333332
2025-03-24,MBP14,181,2025,3,24,0,83,0,0,0,144.0,153.0,184.0,170.85714285714286,165.16666666666666
2025-03-25,MBP14,157,2025,3,25,1,84,0,0,0,181.0,167.0,136.0,174.85714285714286,166.1
2025-03-26,MBP14,215,2025,3,26,2,85,0,0,0,157.0,226.0,193.0,173.42857142857142,166.76666666666668
2025-03-27,MBP14,223,2025,3,27,3,86,0,0,0,215.0,171.0,161.0,171.85714285714286,168.6
2025-03-28,MBP14,146,2025,3,28,4,87,0,0,0,223.0,187.0,157.0,179.28571428571428,169.06666666666666
2025-03-29,MBP14,124,2025,3,29,5,88,1,0,0,146.0,148.0,113.0,173.42857142857142,168.56666666666666
2025-03-30,MBP14,137,2025,3,30,6,89,1,0,0,124.0,144.0,111.0,170.0,165.43333333333334
2025-03-31,MBP14,162,2025,3,31,0,90,0,0,0,137.0,181.0,153.0,169.0,164.13333333333333
2025-04-01,MBP14,194,2025,4,1,1,91,0,0,0,162.0,157.0,167.0,166.28571428571428,163.93333333333334
2025-04-02,MBP14,167,2025,4,2,2,92,0,0,0,194.0,215.0,226.0,171.57142857142858,165.33333333333334
2025-04-03,MBP14,231,2025,4,3,3,93,0,0,0,167.0,223.0,171.0,164.71428571428572,164.93333333333334
2025-04-04,MBP14,209,2025,4,4,4,94,0,0,0,231.0,146.0,187.0,165.85714285714286,166.93333333333334
2025-04-05,MBP14,145,2025,4,5,5,95,1,0,0,209.0,124.0,148.0,174.85714285714286,168.06666666666666
2025-04-06,MBP14,159,2025,4,6,6,96,1,0,0,145.0,137.0,144.0,177.85714285714286,166.5
2025-04-07,MBP14,208,2025,4,7,0,97,0,0,0,159.0,162.0,181.0,181.0,165.66666666666666
2025-04-08,MBP14,171,2025,4,8,1,98,0,0,0,208.0,194.0,157.0,187.57142857142858,168.23333333333332
2025-04-09,MBP14,165,2025,4,9,2,99,0,0,0,171.0,167.0,215.0,184.28571428571428,169.33333333333334
2025-04-10,MBP14,185,2025,4,10,3,100,0,0,0,165.0,231.0,223.0,184.0,168.7
2025-04-11,MBP14,202,2025,4,11,4,101,0,0,0,185.0,209.0,146.0,177.42857142857142,170.33333333333334
2025-04-12,MBP14,144,2025,4,12,5,102,1,0,0,202.0,145.0,124.0,176.42857142857142,170.63333333333333
2025-04-13,MBP14,115,2025,4,13,6,103,1,0,0,144.0,159.0,137.0,176.28571428571428,170.06666666666666
2025-04-14,MBP14,166,2025,4,14,0,104,0,0,0,115.0,208.0,162.0,170.0,168.66666666666666
2025-04-15,MBP14,182,2025,4,15,1,105,0,0,0,166.0,171.0,194.0,164.0,170.43333333333334
2025-04-16,MBP14,182,2025,4,16,2,106,0,0,0,182.0,165.0,167.0,165.57142857142858,172.8
2025-04-17,MBP14,227,2025,4,17,3,107,0,0,0,182.0,185.0,231.0,168.0,173.76666666666668
2025-04-18,MBP14,153,2025,4,18,4,108,0,0,0,227.0,202.0,209.0,174.0,175.76666666666668
2025-04-19,MBP14,151,2025,4,19,5,109,1,0,0,153.0,144.0,145.0,167.0,173.33333333333334
2025-04-20,MBP14,167,2025,4,20,6,110,1,0,0,151.0,115.0,159.0,168.0,172.66666666666666
2025-04-21,MBP14,234,2025,4,21,0,111,0,0,0,167.0,166.0,208.0,175.42857142857142,172.0
2025-04-22,MBP14,175,2025,4,22,1,112,0,0,0,234.0,182.0,171.0,185.14285714285714,174.86666666666667
2025-04-23,MBP14,195,2025,4,23,2,113,0,0,0,175.0,182.0,165.0,184.14285714285714,175.9
2025-04-24,MBP14,196,2025,4,24,3,114,0,0,0,195.0,227.0,185.0,186.0,176.36666666666667
2025-04-25,MBP14,188,2025,4,25,4,115,0,0,0,196.0,153.0,202.0,181.57142857142858,177.66666666666666
2025-04-26,MBP14,140,2025,4,26,5,116,1,0,0,188.0,151.0,144.0,186.57142857142858,176.76666666666668
2025-04-27,MBP14,150,2025,4,27,6,117,1,0,0,140.0,167.0,115.0,185.0,174.0
2025-04-28,MBP14,128,2025,4,28,0,118,0,0,0,150.0,234.0,166.0,182.57142857142858,174.13333333333333
2025-04-29,MBP14,199,2025,4,29,1,119,0,0,0,128.0,175.0,182.0,167.42857142857142,174.26666666666668
2025-04-30,MBP14,187,2025,4,30,2,120,0,0,0,199.0,195.0,182.0,170.85714285714286,176.33333333333334
2025-05-01,MBP14,179,2025,5,1,3,121,0,0,0,187.0,196.0,227.0,169.71428571428572,177.16666666666666
2025-05-02,MBP14,229,2025,5,2,4,122,0,0,0,179.0,188.0,153.0,167.28571428571428,176.66666666666666
2025-05-03,MBP14,131,2025,5,3,5,123,1,0,0,229.0,140.0,151.0,173.14285714285714,178.73333333333332
2025-05-04,MBP14,135,2025,5,4,6,124,1,0,0,131.0,150.0,167.0,171.85714285714286,175.4
2025-05-05,MBP14,228,2025,5,5,0,125,0,0,0,135.0,128.0,234.0,169.71428571428572,172.93333333333334
2025-05-06,MBP14,166,2025,5,6,1,126,0,0,0,228.0,199.0,175.0,184.0,175.7
2025-05-07,MBP14,172,2025,5,7,2,127,0,0,0,166.0,187.0,195.0,179.28571428571428,175.93333333333334
2025-05-08,MBP14,181,2025,5,8,3,128,0,0,0,172.0,179.0,196.0,177.14285714285714,174.73333333333332
2025-05-09,MBP14,203,2025,5,9,4,129,0,0,0,181.0,229.0,188.0,177.42857142857142,175.06666666666666
2025-05-10,MBP14,146,2025,5,10,5,130,1,0,0,203.0,131.0,140.0,173.71428571428572,176.33333333333334
2025-05-11,MBP14,121,2025,5,11,6,131,1,0,0,146.0,135.0,150.0,175.85714285714286,175.03333333333333
2025-05-12,MBP14,173,2025,5,12,0,132,0,0,0,121.0,228.0,128.0,173.85714285714286,172.33333333333334
2025-05-13,MBP14,172,2025,5,13,1,133,0,0,0,173.0,166.0,199.0,166.0,173.3
2025-05-14,MBP14,184,2025,5,14,2,134,0,0,0,172.0,172.0,187.0,166.85714285714286,175.2
2025-05-15,MBP14,195,2025,5,15,3,135,0,0,0,184.0,181.0,179.0,168.57142857142858,175.8
2025-05-16,MBP14,195,2025,5,16,4,136,0,0,0,195.0,203.0,229.0,170.57142857142858,176.23333333333332
2025-05-17,MBP14,113,2025,5,17,5,137,1,0,0,195.0,146.0,131.0,169.42857142857142,176.66666666666666
2025-05-18,MBP14,163,2025,5,18,6,138,1,0,0,113.0,121.0,135.0,164.71428571428572,172.86666666666667
2025-05-19,MBP14,193,2025,5,19,0,139,0,0,0,163.0,173.0,228.0,170.71428571428572,173.2
2025-05-20,MBP14,220,2025,5,20,1,140,0,0,0,193.0,172.0,166.0,173.57142857142858,174.6
2025-05-21,MBP14,199,2025,5,21,2,141,0,0,0,220.0,184.0,172.0,180.42857142857142,176.36666666666667
2025-05-22,MBP14,215,2025,5,22,3,142,0,0,0,199.0,195.0,181.0,182.57142857142858,175.2
2025-05-23,MBP14,202,2025,5,23,4,143,0,0,0,215.0,195.0,203.0,185.42857142857142,176.53333333333333
2025-05-24,MBP14,173,2025,5,24,5,144,1,0,0,202.0,113.0,146.0,186.42857142857142,176.76666666666668
2025-05-25,MBP14,159,2025,5,25,6,145,1,0,0,173.0,163.0,121.0,195.0,176.0
2025-05-26,MBP14,193,2025,5,26,0,146,0,0,0,159.0,193.0,173.0,194.42857142857142,175.03333333333333
2025-05-27,MBP14,250,2025,5,27,1,147,0,0,0,193.0,220.0,172.0,194.42857142857142,176.8
2025-05-28,MBP14,219,2025,5,28,2,148,0,0,0,250.0,199.0,184.0,198.71428571428572,180.13333333333333
2025-05-29,MBP14,214,2025,5,29,3,149,0,0,0,219.0,215.0,195.0,201.57142857142858,183.16666666666666
2025-05-30,MBP14,171,2025,5,30,4,150,0,0,0,214.0,202.0,195.0,201.42857142857142,183.66666666666666
2025-05-31,MBP14,133,2025,5,31,5,151,1,0,0,171.0,173.0,113.0,197.0,183.13333333333333
2025-06-01,MBP14,164,2025,6,1,6,152,1,0,0,133.0,159.0,163.0,191.28571428571428,181.6
2025-06-02,MBP14,210,2025,6,2,0,153,0,0,0,164.0,193.0,193.0,192.0,179.43333333333334
2025-06-03,MBP14,193,2025,6,3,1,154,0,0,0,210.0,250.0,220.0,194.42857142857142,182.06666666666666
2025-06-04,MBP14,213,2025,6,4,2,155,0,0,0,193.0,219.0,199.0,186.28571428571428,184.0
2025-06-05,MBP14,251,2025,6,5,3,156,0,0,0,213.0,214.0,215.0,185.42857142857142,183.5
2025-06-06,MBP14,229,2025,6,6,4,157,0,0,0,251.0,171.0,202.0,190.71428571428572,186.33333333333334
2025-06-07,MBP14,142,2025,6,7,5,158,1,0,0,229.0,133.0,173.0,199.0,188.23333333333332
2025-06-08,MBP14,162,2025,6,8,6,159,1,0,0,142.0,164.0,159.0,200.28571428571428,186.93333333333334
2025-06-09,MBP14,192,2025,6,9,0,160,0,0,0,162.0,210.0,193.0,200.0,185.56666666666666
2025-06-10,MBP14,203,2025,6,10,1,161,0,0,0,192.0,193.0,250.0,197.42857142857142,187.1
2025-06-11,MBP14,202,2025,6,11,2,162,0,0,0,203.0,213.0,219.0,198.85714285714286,189.83333333333334
2025-06-12,MBP14,200,2025,6,12,3,163,0,0,0,202.0,251.0,214.0,197.28571428571428,190.8
2025-06-13,MBP14,179,2025,6,13,4,164,0,0,0,200.0,229.0,171.0,190.0,191.73333333333332
2025-06-14,MBP14,160,2025,6,14,5,165,1,0,0,179.0,142.0,133.0,182.85714285714286,191.56666666666666
2025-06-15,MBP14,150,2025,6,15,6,166,1,0,0,160.0,162.0,164.0,185.42857142857142,190.4
2025-06-16,MBP14,134,2025,6,16,0,167,0,0,0,150.0,192.0,210.0,183.71428571428572,188.9
2025-06-17,MBP14,256,2025,6,17,1,168,0,0,0,134.0,203.0,193.0,175.42857142857142,189.6
2025-06-18,MBP14,231,2025,6,18,2,169,0,0,0,256.0,202.0,213.0,183.0,192.7
2025-06-19,MBP14,193,2025,6,19,3,170,0,0,0,231.0,200.0,251.0,187.14285714285714,193.96666666666667
2025-06-20,MBP14,201,2025,6,20,4,171,0,0,0,193.0,179.0,229.0,186.14285714285714,193.06666666666666
2025-06-21,MBP14,132,2025,6,21,5,172,1,0,0,201.0,160.0,142.0,189.28571428571428,193.13333333333333
2025-06-22,MBP14,184,2025,6,22,6,173,1,0,0,132.0,150.0,162.0,185.28571428571428,190.36666666666667
2025-06-23,MBP14,241,2025,6,23,0,174,0,0,0,184.0,134.0,192.0,190.14285714285714,189.76666666666668
2025-06-24,MBP14,199,2025,6,24,1,175,0,0,0,241.0,256.0,203.0,205.42857142857142,192.03333333333333
2025-06-25,MBP14,218,2025,6,25,2,176,0,0,0,199.0,231.0,202.0,197.28571428571428,193.36666666666667
2025-06-26,MBP14,197,2025,6,26,3,177,0,0,0,218.0,193.0,200.0,195.42857142857142,194.2
2025-06-27,MBP14,161,2025,6,27,4,178,0,0,0,197.0,201.0,179.0,196.0,192.43333333333334
2025-06-28,MBP14,140,2025,6,28,5,179,1,0,0,161.0,132.0,160.0,190.28571428571428,190.5
2025-06-29,MBP14,149,2025,6,29,6,180,1,0,0,140.0,184.0,150.0,191.42857142857142,188.03333333333333
2025-06-30,MBP14,179,2025,6,30,0,181,0,0,0,149.0,241.0,134.0,186.42857142857142,187.3
2025-07-01,MBP14,184,2025,7,1,1,182,0,0,0,179.0,199.0,256.0,177.57142857142858,188.83333333333334
2025-07-02,MBP14,187,2025,7,2,2,183,0,0,0,184.0,218.0,231.0,175.42857142857142,189.5
2025-07-03,MBP14,187,2025,7,3,3,184,0,0,0,187.0,197.0,193.0,171.0,188.73333333333332
2025-07-04,MBP14,190,2025,7,4,4,185,0,0,0,187.0,161.0,201.0,169.57142857142858,188.53333333333333
2025-07-05,MBP14,127,2025,7,5,5,186,1,0,0,190.0,140.0,132.0,173.71428571428572,187.76666666666668
2025-07-06,MBP14,133,2025,7,6,6,187,1,0,0,127.0,149.0,184.0,171.85714285714286,183.63333333333333
2025-07-07,MBP14,160,2025,7,7,0,188,0,0,0,133.0,179.0,241.0,169.57142857142858,180.43333333333334
2025-07-08,MBP14,211,2025,7,8,1,189,0,0,0,160.0,184.0,199.0,166.85714285714286,181.03333333333333
2025-07-09,MBP14,141,2025,7,9,2,190,0,0,0,211.0,187.0,218.0,170.71428571428572,182.66666666666666
2025-07-10,MBP14,216,2025,7,10,3,191,0,0,0,141.0,187.0,197.0,164.14285714285714,180.96666666666667
2025-07-11,MBP14,222,2025,7,11,4,192,0,0,0,216.0,190.0,161.0,168.28571428571428,181.4
2025-07-12,MBP14,142,2025,7,12,5,193,1,0,0,222.0,127.0,140.0,172.85714285714286,182.06666666666666
2025-07-13,MBP14,101,2025,7,13,6,194,1,0,0,142.0,133.0,149.0,175.0,180.13333333333333
2025-07-14,MBP14,183,2025,7,14,0,195,0,0,0,101.0,160.0,179.0,170.42857142857142,177.53333333333333
2025-07-15,MBP14,191,2025,7,15,1,196,0,0,0,183.0,211.0,184.0,173.71428571428572,178.3
2025-07-16,MBP14,169,2025,7,16,2,197,0,0,0,191.0,141.0,187.0,170.85714285714286,179.66666666666666
2025-07-17,MBP14,182,2025,7,17,3,198,0,0,0,169.0,216.0,187.0,174.85714285714286,180.83333333333334
2025-07-18,MBP14,230,2025,7,18,4,199,0,0,0,182.0,222.0,190.0,170.0,178.36666666666667
2025-07-19,MBP14,163,2025,7,19,5,200,1,0,0,230.0,142.0,127.0,171.14285714285714,178.33333333333334
2025-07-20,MBP14,135,2025,7,20,6,201,1,0,0,163.0,101.0,133.0,174.14285714285714,177.33333333333334
2025-07-21,MBP14,159,2025,7,21,0,202,0,0,0,135.0,183.0,160.0,179.0,175.13333333333333
2025-07-22,MBP14,190,2025,7,22,1,203,0,0,0,159.0,191.0,211.0,175.57142857142858,176.03333333333333
2025-07-23,MBP14,194,2025,7,23,2,204,0,0,0,190.0,169.0,141.0,175.42857142857142,176.23333333333332
2025-07-24,MBP14,213,2025,7,24,3,205,0,0,0,194.0,182.0,216.0,179.0,174.66666666666666
2025-07-25,MBP14,189,2025,7,25,4,206,0,0,0,213.0,230.0,222.0,183.42857142857142,175.13333333333333
2025-07-26,MBP14,167,2025,7,26,5,207,1,0,0,189.0,163.0,142.0,177.57142857142858,174.16666666666666
2025-07-27,MBP14,195,2025,7,27,6,208,1,0,0,167.0,135.0,101.0,178.14285714285714,173.16666666666666
2025-07-28,MBP14,226,2025,7,28,0,209,0,0,0,195.0,159.0,183.0,186.71428571428572,174.3
2025-07-29,MBP14,207,2025,7,29,1,210,0,0,0,226.0,190.0,191.0,196.28571428571428,177.16666666666666
2025-07-30,MBP14,205,2025,7,30,2,211,0,0,0,207.0,194.0,169.0,198.71428571428572,179.1
2025-07-31,MBP14,202,2025,7,31,3,212,0,0,0,205.0,213.0,182.0,200.28571428571428,179.96666666666667
2025-08-01,MBP14,243,2025,8,1,4,213,0,1,0,202.0,189.0,230.0,198.71428571428572,180.56666666666666
2025-08-02,MBP14,154,2025,8,2,5,214,1,1,0,243.0,167.0,163.0,206.42857142857142,182.43333333333334
2025-08-03,MBP14,168,2025,8,3,6,215,1,1,0,154.0,195.0,135.0,204.57142857142858,181.33333333333334
2025-08-04,MBP14,220,2025,8,4,0,216,0,1,0,168.0,226.0,159.0,200.71428571428572,180.6
2025-08-05,MBP14,207,2025,8,5,1,217,0,1,0,220.0,207.0,190.0,199.85714285714286,183.7
2025-08-06,MBP14,186,2025,8,6,2,218,0,1,0,207.0,205.0,194.0,199.85714285714286,186.16666666666666
2025-08-07,MBP14,233,2025,8,7,3,219,0,1,0,186.0,202.0,213.0,197.14285714285714,187.03333333333333
2025-08-08,MBP14,225,2025,8,8,4,220,0,1,0,233.0,243.0,189.0,201.57142857142858,187.76666666666668
2025-08-09,MBP14,187,2025,8,9,5,221,1,1,0,225.0,154.0,167.0,199.0,190.56666666666666
2025-08-10,MBP14,167,2025,8,10,6,222,1,1,0,187.0,168.0,195.0,203.71428571428572,189.6
2025-08-11,MBP14,267,2025,8,11,0,223,0,1,0,167.0,220.0,226.0,203.57142857142858,187.76666666666668
2025-08-12,MBP14,210,2025,8,12,1,224,0,1,0,267.0,207.0,207.0,210.28571428571428,191.93333333333334
2025-08-13,MBP14,285,2025,8,13,2,225,0,1,0,210.0,186.0,205.0,210.71428571428572,195.56666666666666
2025-08-14,MBP14,188,2025,8,14,3,226,0,1,0,285.0,233.0,202.0,224.85714285714286,198.96666666666667
2025-08-15,MBP14,253,2025,8,15,4,227,0,1,0,188.0,225.0,243.0,218.42857142857142,198.86666666666667
2025-08-16,MBP14,198,2025,8,16,5,228,1,1,0,253.0,187.0,154.0,222.42857142857142,201.66666666666666
2025-08-17,MBP14,170,2025,8,17,6,229,1,1,0,198.0,167.0,168.0,224.0,202.2
2025-08-18,MBP14,258,2025,8,18,0,230,0,1,0,170.0,267.0,220.0,224.42857142857142,200.2
2025-08-19,MBP14,284,2025,8,19,1,231,0,1,0,258.0,210.0,207.0,223.14285714285714,203.36666666666667
2025-08-20,MBP14,182,2025,8,20,2,232,0,1,0,284.0,285.0,186.0,233.71428571428572,208.33333333333334
2025-08-21,MBP14,264,2025,8,21,3,233,0,1,0,182.0,188.0,233.0,219.0,209.1
2025-08-22,MBP14,175,2025,8,22,4,234,0,1,0,264.0,253.0,225.0,229.85714285714286,211.56666666666666
2025-08-23,MBP14,171,2025,8,23,5,235,1,1,0,175.0,198.0,187.0,218.71428571428572,210.93333333333334
2025-08-24,MBP14,233,2025,8,24,6,236,1,1,0,171.0,170.0,167.0,214.85714285714286,209.53333333333333
2025-08-25,MBP14,235,2025,8,25,0,237,0,1,0,233.0,258.0,267.0,223.85714285714286,211.0
2025-08-26,MBP14,217,2025,8,26,1,238,0,1,0,235.0,284.0,210.0,220.57142857142858,213.26666666666668
2025-08-27,MBP14,247,2025,8,27,2,239,0,1,0,217.0,182.0,285.0,211.0,214.0
2025-08-28,MBP14,316,2025,8,28,3,240,0,1,0,247.0,264.0,188.0,220.28571428571428,214.7
2025-08-29,MBP14,198,2025,8,29,4,241,0,1,0,316.0,175.0,253.0,227.71428571428572,218.33333333333334
2025-08-30,MBP14,171,2025,8,30,5,242,1,1,0,198.0,171.0,198.0,231.0,218.1
2025-08-31,MBP14,230,2025,8,31,6,243,1,1,0,171.0,233.0,170.0,231.0,217.06666666666666
2025-09-01,MBP14,308,2025,9,1,0,244,0,1,0,230.0,235.0,258.0,230.57142857142858,216.63333333333333
2025-09-02,MBP14,248,2025,9,2,1,245,0,1,0,308.0,217.0,284.0,241.0,221.76666666666668
2025-09-03,MBP14,213,2025,9,3,2,246,0,1,0,248.0,247.0,182.0,245.42857142857142,224.43333333333334
2025-09-04,MBP14,312,2025,9,4,3,247,0,1,0,213.0,316.0,264.0,240.57142857142858,224.2
2025-09-05,MBP14,296,2025,9,5,4,248,0,1,0,312.0,198.0,175.0,240.0,227.7
2025-09-06,MBP14,207,2025,9,6,5,249,1,1,0,296.0,171.0,171.0,254.0,231.36666666666667
2025-09-07,MBP14,171,2025,9,7,6,250,1,1,0,207.0,230.0,233.0,259.14285714285717,230.5
2025-09-08,MBP14,243,2025,9,8,0,251,0,1,0,171.0,308.0,235.0,250.71428571428572,228.7
2025-09-09,MBP14,238,2025,9,9,1,252,0,1,0,243.0,248.0,217.0,241.42857142857142,230.56666666666666
2025-09-10,MBP14,251,2025,9,10,2,253,0,1,0,238.0,213.0,247.0,240.0,232.93333333333334
2025-09-11,MBP14,281,2025,9,11,3,254,0,1,0,251.0,312.0,316.0,245.42857142857142,232.4
2025-09-12,MBP14,263,2025,9,12,4,255,0,1,0,281.0,296.0,198.0,241.0,234.76666666666668
2025-09-13,MBP14,159,2025,9,13,5,256,1,1,0,263.0,207.0,171.0,236.28571428571428,234.03333333333333
2025-09-14,MBP14,211,2025,9,14,6,257,1,1,0,159.0,171.0,230.0,229.42857142857142,233.06666666666666
2025-09-15,MBP14,241,2025,9,15,0,258,0,1,0,211.0,243.0,308.0,235.14285714285714,231.66666666666666
2025-09-16,MBP14,249,2025,9,16,1,259,0,1,0,241.0,238.0,248.0,234.85714285714286,233.1
2025-09-17,MBP14,268,2025,9,17,2,260,0,1,0,249.0,251.0,213.0,236.42857142857142,235.73333333333332
2025-09-18,MBP14,196,2025,9,18,3,261,0,1,0,268.0,281.0,312.0,238.85714285714286,236.06666666666666
2025-09-19,MBP14,223,2025,9,19,4,262,0,1,0,196.0,263.0,296.0,226.71428571428572,233.13333333333333
2025-09-20,MBP14,161,2025,9,20,5,263,1,1,0,223.0,159.0,207.0,221.0,234.5
2025-09-21,MBP14,138,2025,9,21,6,264,1,1,0,161.0,211.0,171.0,221.28571428571428,231.06666666666666
2025-09-22,MBP14,228,2025,9,22,0,265,0,1,0,138.0,241.0,243.0,210.85714285714286,229.83333333333334
2025-09-23,MBP14,282,2025,9,23,1,266,0,1,0,228.0,249.0,238.0,209.0,231.73333333333332
2025-09-24,MBP14,167,2025,9,24,2,267,0,1,0,282.0,268.0,251.0,213.71428571428572,233.36666666666667
2025-09-25,MBP14,212,2025,9,25,3,268,0,1,0,167.0,196.0,281.0,199.28571428571428,231.1
2025-09-26,MBP14,228,2025,9,26,4,269,0,1,0,212.0,223.0,263.0,201.57142857142858,230.93333333333334
2025-09-27,MBP14,165,2025,9,27,5,270,1,1,0,228.0,161.0,159.0,202.28571428571428,230.3
2025-09-28,MBP14,159,2025,9,28,6,271,1,1,0,165.0,138.0,211.0,202.85714285714286,225.26666666666668
2025-09-29,MBP14,175,2025,9,29,0,272,0,1,0,159.0,228.0,241.0,205.85714285714286,223.96666666666667
2025-09-30,MBP14,211,2025,9,30,1,273,0,1,0,175.0,282.0,249.0,198.28571428571428,224.1
2025-10-01,MBP14,200,2025,10,1,2,274,0,0,0,211.0,167.0,268.0,188.14285714285714,223.46666666666667
2025-10-02,MBP14,166,2025,10,2,3,275,0,0,0,200.0,212.0,196.0,192.85714285714286,219.86666666666667
2025-10-03,MBP14,265,2025,10,3,4,276,0,0,0,166.0,228.0,223.0,186.28571428571428,217.13333333333333
2025-10-04,MBP14,206,2025,10,4,5,277,1,0,0,265.0,165.0,161.0,191.57142857142858,218.86666666666667
2025-10-05,MBP14,193,2025,10,5,6,278,1,0,0,206.0,159.0,138.0,197.42857142857142,215.33333333333334
2025-10-06,MBP14,263,2025,10,6,0,279,0,0,0,193.0,175.0,228.0,202.28571428571428,211.9
2025-10-07,MBP14,298,2025,10,7,1,280,0,0,0,263.0,211.0,282.0,214.85714285714286,213.76666666666668
2025-10-08,MBP14,277,2025,10,8,2,281,0,0,0,298.0,200.0,167.0,227.28571428571428,218.0
2025-10-09,MBP14,303,2025,10,9,3,282,0,0,0,277.0,166.0,212.0,238.28571428571428,219.13333333333333
2025-10-10,MBP14,264,2025,10,10,4,283,0,0,0,303.0,265.0,228.0,257.85714285714283,221.3
2025-10-11,MBP14,243,2025,10,11,5,284,1,0,0,264.0,206.0,165.0,257.7142857142857,221.73333333333332
2025-10-12,MBP14,213,2025,10,12,6,285,1,0,0,243.0,193.0,159.0,263.0,220.46666666666667
2025-10-13,MBP14,265,2025,10,13,0,286,0,0,0,213.0,263.0,175.0,265.85714285714283,218.8
2025-10-14,MBP14,211,2025,10,14,1,287,0,0,0,265.0,298.0,211.0,266.14285714285717,222.33333333333334
2025-10-15,MBP14,248,2025,10,15,2,288,0,0,0,211.0,277.0,200.0,253.71428571428572,222.33333333333334
2025-10-16,MBP14,207,2025,10,16,3,289,0,0,0,248.0,303.0,166.0,249.57142857142858,222.56666666666666
2025-10-17,MBP14,204,2025,10,17,4,290,0,0,0,207.0,264.0,265.0,235.85714285714286,221.16666666666666
2025-10-18,MBP14,149,2025,10,18,5,291,1,0,0,204.0,243.0,206.0,227.28571428571428,219.03333333333333
2025-10-19,MBP14,140,2025,10,19,6,292,1,0,0,149.0,213.0,193.0,213.85714285714286,217.46666666666667
2025-10-20,MBP14,254,2025,10,20,0,293,0,0,0,140.0,265.0,263.0,203.42857142857142,214.7
2025-10-21,MBP14,222,2025,10,21,1,294,0,0,0,254.0,211.0,298.0,201.85714285714286,217.8
2025-10-22,MBP14,236,2025,10,22,2,295,0,0,0,222.0,248.0,277.0,203.42857142857142,220.6
2025-10-23,MBP14,164,2025,10,23,3,296,0,0,0,236.0,207.0,303.0,201.71428571428572,220.86666666666667
2025-10-24,MBP14,194,2025,10,24,4,297,0,0,0,164.0,204.0,264.0,195.57142857142858,216.93333333333334
2025-10-25,MBP14,126,2025,10,25,5,298,1,0,0,194.0,149.0,243.0,194.14285714285714,217.83333333333334
2025-10-26,MBP14,136,2025,10,26,6,299,1,0,0,126.0,140.0,213.0,190.85714285714286,214.96666666666667
2025-10-27,MBP14,172,2025,10,27,0,300,0,0,0,136.0,254.0,265.0,190.28571428571428,211.9
2025-10-28,MBP14,222,2025,10,28,1,301,0,0,0,172.0,222.0,211.0,178.57142857142858,212.13333333333333
2025-10-29,MBP14,185,2025,10,29,2,302,0,0,0,222.0,236.0,248.0,178.57142857142858,214.23333333333332
2025-10-30,MBP14,220,2025,10,30,3,303,0,0,0,185.0,164.0,207.0,171.28571428571428,214.56666666666666
2025-10-31,MBP14,210,2025,10,31,4,304,0,0,0,220.0,194.0,204.0,179.28571428571428,214.86666666666667
2025-11-01,MBP14,194,2025,11,1,5,305,1,0,1,210.0,126.0,149.0,181.57142857142858,215.2
2025-11-02,MBP14,126,2025,11,2,6,306,1,0,1,194.0,136.0,140.0,191.28571428571428,216.13333333333333
2025-11-03,MBP14,229,2025,11,3,0,307,0,0,1,126.0,172.0,254.0,189.85714285714286,211.5
2025-11-04,MBP14,228,2025,11,4,1,308,0,0,1,229.0,222.0,222.0,198.0,212.26666666666668
2025-11-05,MBP14,179,2025,11,5,2,309,0,0,1,228.0,185.0,236.0,198.85714285714286,213.43333333333334
2025-11-06,MBP14,229,2025,11,6,3,310,0,0,1,179.0,220.0,164.0,198.0,210.63333333333333
2025-11-07,MBP14,214,2025,11,7,4,311,0,0,1,229.0,210.0,194.0,199.28571428571428,208.33333333333334
2025-11-08,MBP14,156,2025,11,8,5,312,1,0,1,214.0,194.0,126.0,199.85714285714286,206.23333333333332
2025-11-09,MBP14,147,2025,11,9,6,313,1,0,1,156.0,126.0,136.0,194.42857142857142,201.33333333333334
2025-11-10,MBP14,195,2025,11,10,0,314,0,0,1,147.0,229.0,172.0,197.42857142857142,197.43333333333334
2025-11-11,MBP14,269,2025,11,11,1,315,0,0,1,195.0,228.0,222.0,192.57142857142858,195.83333333333334
2025-11-12,MBP14,219,2025,11,12,2,316,0,0,1,269.0,179.0,185.0,198.42857142857142,197.7
2025-11-13,MBP14,243,2025,11,13,3,317,0,0,1,219.0,229.0,220.0,204.14285714285714,196.16666666666666
2025-11-14,MBP14,204,2025,11,14,4,318,0,0,1,243.0,214.0,210.0,206.14285714285714,197.23333333333332
2025-11-15,MBP14,161,2025,11,15,5,319,1,0,1,204.0,156.0,194.0,204.71428571428572,195.76666666666668
2025-11-16,MBP14,203,2025,11,16,6,320,1,0,1,161.0,147.0,126.0,205.42857142857142,194.23333333333332
2025-11-17,MBP14,198,2025,11,17,0,321,0,0,1,203.0,195.0,229.0,213.42857142857142,194.2
2025-11-18,MBP14,229,2025,11,18,1,322,0,0,1,198.0,269.0,228.0,213.85714285714286,195.83333333333334
2025-11-19,MBP14,246,2025,11,19,2,323,0,0,1,229.0,219.0,179.0,208.14285714285714,198.8
2025-11-20,MBP14,253,2025,11,20,3,324,0,0,1,246.0,243.0,229.0,212.0,198.53333333333333
2025-11-21,MBP14,248,2025,11,21,4,325,0,0,1,253.0,204.0,214.0,213.42857142857142,199.56666666666666
2025-11-22,MBP14,209,2025,11,22,5,326,1,0,1,248.0,161.0,156.0,219.71428571428572,199.96666666666667
2025-11-23,MBP14,219,2025,11,23,6,327,1,0,1,209.0,203.0,147.0,226.57142857142858,201.46666666666667
2025-11-24,MBP14,290,2025,11,24,0,328,0,0,1,219.0,198.0,195.0,228.85714285714286,202.3
2025-11-25,MBP14,238,2025,11,25,1,329,0,0,1,290.0,229.0,269.0,242.0,207.76666666666668
2025-11-26,MBP14,265,2025,11,26,2,330,0,0,1,238.0,246.0,219.0,243.28571428571428,211.16666666666666
2025-11-27,MBP14,318,2025,11,27,3,331,0,0,1,265.0,253.0,243.0,246.0,214.26666666666668
2025-11-28,MBP14,311,2025,11,28,4,332,0,0,1,318.0,248.0,204.0,255.28571428571428,217.46666666666667
2025-11-29,MBP14,183,2025,11,29,5,333,1,0,1,311.0,209.0,161.0,264.2857142857143,221.66666666666666
2025-11-30,MBP14,231,2025,11,30,6,334,1,0,1,183.0,219.0,203.0,260.57142857142856,220.43333333333334
2025-12-01,MBP14,221,2025,12,1,0,335,0,0,1,231.0,290.0,198.0,262.2857142857143,221.13333333333333
2025-12-02,MBP14,293,2025,12,2,1,336,0,0,1,221.0,238.0,229.0,252.42857142857142,222.03333333333333
2025-12-03,MBP14,360,2025,12,3,2,337,0,0,1,293.0,265.0,246.0,260.2857142857143,227.6
2025-12-04,MBP14,261,2025,12,4,3,338,0,0,1,360.0,318.0,253.0,273.85714285714283,231.96666666666667
2025-12-05,MBP14,266,2025,12,5,4,339,0,0,1,261.0,311.0,248.0,265.7142857142857,233.06666666666666
2025-12-06,MBP14,249,2025,12,6,5,340,1,0,1,266.0,183.0,209.0,259.2857142857143,235.96666666666667
2025-12-07,MBP14,186,2025,12,7,6,341,1,0,1,249.0,231.0,219.0,268.7142857142857,236.63333333333333
2025-12-08,MBP14,272,2025,12,8,0,342,0,0,1,186.0,221.0,290.0,262.2857142857143,235.7
2025-12-09,MBP14,314,2025,12,9,1,343,0,0,1,272.0,293.0,238.0,269.57142857142856,239.56666666666666
2025-12-10,MBP14,270,2025,12,10,2,344,0,0,1,314.0,360.0,265.0,272.57142857142856,245.13333333333333
2025-12-11,MBP14,282,2025,12,11,3,345,0,0,1,270.0,261.0,318.0,259.7142857142857,247.63333333333333
2025-12-12,MBP14,313,2025,12,12,4,346,0,0,1,282.0,266.0,311.0,262.7142857142857,248.06666666666666
2025-12-13,MBP14,231,2025,12,13,5,347,1,0,1,313.0,249.0,183.0,269.42857142857144,251.2
2025-12-14,MBP14,225,2025,12,14,6,348,1,0,1,231.0,186.0,231.0,266.85714285714283,250.8
2025-12-15,MBP14,267,2025,12,15,0,349,0,0,1,225.0,272.0,221.0,272.42857142857144,251.5
2025-12-16,MBP14,287,2025,12,16,1,350,0,0,1,267.0,314.0,293.0,271.7142857142857,255.03333333333333
2025-12-17,MBP14,267,2025,12,17,2,351,0,0,1,287.0,270.0,360.0,267.85714285714283,257.8333333333333
2025-12-18,MBP14,282,2025,12,18,3,352,0,0,1,267.0,282.0,261.0,267.42857142857144,260.1333333333333
2025-12-19,MBP14,247,2025,12,19,4,353,0,0,1,282.0,313.0,266.0,267.42857142857144,261.9
2025-12-20,MBP14,196,2025,12,20,5,354,1,0,1,247.0,231.0,249.0,258.0,261.93333333333334
2025-12-21,MBP14,173,2025,12,21,6,355,1,0,1,196.0,225.0,186.0,253.0,260.03333333333336
2025-12-22,MBP14,249,2025,12,22,0,356,0,0,1,173.0,267.0,272.0,245.57142857142858,257.53333333333336
2025-12-23,MBP14,222,2025,12,23,1,357,0,0,1,249.0,287.0,314.0,243.0,258.8666666666667
2025-12-24,MBP14,210,2025,12,24,2,358,0,0,1,222.0,267.0,270.0,233.71428571428572,258.96666666666664
2025-12-25,MBP14,246,2025,12,25,3,359,0,0,1,210.0,282.0,282.0,225.57142857142858,256.3
2025-12-26,MBP14,240,2025,12,26,4,360,0,0,1,246.0,247.0,313.0,220.42857142857142,256.56666666666666
2025-12-27,MBP14,195,2025,12,27,5,361,1,0,1,240.0,196.0,231.0,219.42857142857142,255.73333333333332
2025-12-28,MBP14,166,2025,12,28,6,362,1,0,1,195.0,173.0,225.0,219.28571428571428,251.63333333333333
2025-12-29,MBP14,235,2025,12,29,0,363,0,0,1,166.0,249.0,267.0,218.28571428571428,246.8
2025-12-30,MBP14,235,2025,12,30,1,364,0,0,1,235.0,222.0,287.0,216.28571428571428,248.53333333333333
2025-12-31,MBP14,229,2025,12,31,2,365,0,0,1,235.0,210.0,267.0,218.14285714285714,248.66666666666666
2023-01-31,MBP16,118,2023,1,31,1,31,0,0,0,105.0,104.0,107.0,96.42857142857143,96.9
2023-02-01,MBP16,111,2023,2,1,2,32,0,0,0,118.0,101.0,116.0,98.42857142857143,98.43333333333334
2023-02-02,MBP16,93,2023,2,2,3,33,0,0,0,111.0,118.0,114.0,99.85714285714286,98.63333333333334
2023-02-03,MBP16,134,2023,2,3,4,34,0,0,0,93.0,102.0,89.0,96.28571428571429,98.13333333333334
2023-02-04,MBP16,82,2023,2,4,5,35,1,0,0,134.0,69.0,88.0,100.85714285714286,99.16666666666667
2023-02-05,MBP16,92,2023,2,5,6,36,1,0,0,82.0,76.0,79.0,102.71428571428571,99.33333333333333
2023-02-06,MBP16,101,2023,2,6,0,37,0,0,0,92.0,105.0,104.0,105.0,98.9
2023-02-07,MBP16,110,2023,2,7,1,38,0,0,0,101.0,118.0,104.0,104.42857142857143,98.9
2023-02-08,MBP16,114,2023,2,8,2,39,0,0,0,110.0,111.0,101.0,103.28571428571429,100.03333333333333
2023-02-09,MBP16,118,2023,2,9,3,40,0,0,0,114.0,93.0,118.0,103.71428571428571,100.7
2023-02-10,MBP16,116,2023,2,10,4,41,0,0,0,118.0,134.0,102.0,107.28571428571429,101.03333333333333
2023-02-11,MBP16,88,2023,2,11,5,42,1,0,0,116.0,82.0,69.0,104.71428571428571,101.33333333333333
2023-02-12,MBP16,77,2023,2,12,6,43,1,0,0,88.0,92.0,76.0,105.57142857142857,100.33333333333333
2023-02-13,MBP16,96,2023,2,13,0,44,0,0,0,77.0,101.0,105.0,103.42857142857143,99.96666666666667
2023-02-14,MBP16,107,2023,2,14,1,45,0,0,0,96.0,110.0,118.0,102.71428571428571,100.26666666666667
2023-02-15,MBP16,115,2023,2,15,2,46,0,0,0,107.0,114.0,111.0,102.28571428571429,101.0
2023-02-16,MBP16,100,2023,2,16,3,47,0,0,0,115.0,118.0,93.0,102.42857142857143,101.46666666666667
2023-02-17,MBP16,116,2023,2,17,4,48,0,0,0,100.0,116.0,134.0,99.85714285714286,101.23333333333333
2023-02-18,MBP16,94,2023,2,18,5,49,1,0,0,116.0,88.0,82.0,99.85714285714286,101.23333333333333
2023-02-19,MBP16,71,2023,2,19,6,50,1,0,0,94.0,77.0,92.0,100.71428571428571,100.56666666666666
2023-02-20,MBP16,93,2023,2,20,0,51,0,0,0,71.0,96.0,101.0,99.85714285714286,99.96666666666667
2023-02-21,MBP16,102,2023,2,21,1,52,0,0,0,93.0,107.0,110.0,99.42857142857143,100.13333333333334
2023-02-22,MBP16,107,2023,2,22,2,53,0,0,0,102.0,115.0,114.0,98.71428571428571,100.9
2023-02-23,MBP16,97,2023,2,23,3,54,0,0,0,107.0,100.0,118.0,97.57142857142857,101.0
2023-02-24,MBP16,120,2023,2,24,4,55,0,0,0,97.0,116.0,116.0,97.14285714285714,100.76666666666667
2023-02-25,MBP16,84,2023,2,25,5,56,1,0,0,120.0,94.0,88.0,97.71428571428571,101.4
2023-02-26,MBP16,80,2023,2,26,6,57,1,0,0,84.0,71.0,77.0,96.28571428571429,100.26666666666667
2023-02-27,MBP16,86,2023,2,27,0,58,0,0,0,80.0,93.0,96.0,97.57142857142857,99.53333333333333
2023-02-28,MBP16,87,2023,2,28,1,59,0,0,0,86.0,102.0,107.0,96.57142857142857,100.1
2023-03-01,MBP16,107,2023,3,1,2,60,0,0,0,87.0,107.0,115.0,94.42857142857143,100.46666666666667
2023-03-02,MBP16,77,2023,3,2,3,61,0,0,0,107.0,97.0,100.0,94.42857142857143,100.53333333333333
2023-03-03,MBP16,116,2023,3,3,4,62,0,0,0,77.0,120.0,116.0,91.57142857142857,99.16666666666667
2023-03-04,MBP16,78,2023,3,4,5,63,1,0,0,116.0,84.0,94.0,91.0,99.33333333333333
2023-03-05,MBP16,111,2023,3,5,6,64,1,0,0,78.0,80.0,71.0,90.14285714285714,98.83333333333333
2023-03-06,MBP16,132,2023,3,6,0,65,0,0,0,111.0,86.0,93.0,94.57142857142857,98.06666666666666
2023-03-07,MBP16,101,2023,3,7,1,66,0,0,0,132.0,87.0,102.0,101.14285714285714,99.73333333333333
2023-03-08,MBP16,102,2023,3,8,2,67,0,0,0,101.0,107.0,107.0,103.14285714285714,100.03333333333333
2023-03-09,MBP16,116,2023,3,9,3,68,0,0,0,102.0,77.0,97.0,102.42857142857143,100.06666666666666
2023-03-10,MBP16,125,2023,3,10,4,69,0,0,0,116.0,116.0,120.0,108.0,100.26666666666667
2023-03-11,MBP16,64,2023,3,11,5,70,1,0,0,125.0,78.0,84.0,109.28571428571429,100.63333333333334
2023-03-12,MBP16,63,2023,3,12,6,71,1,0,0,64.0,111.0,80.0,107.28571428571429,98.83333333333333
2023-03-13,MBP16,96,2023,3,13,0,72,0,0,0,63.0,132.0,86.0,100.42857142857143,97.06666666666666
2023-03-14,MBP16,111,2023,3,14,1,73,0,0,0,96.0,101.0,87.0,95.28571428571429,97.33333333333333
2023-03-15,MBP16,110,2023,3,15,2,74,0,0,0,111.0,102.0,107.0,96.71428571428571,98.46666666666667
2023-03-16,MBP16,117,2023,3,16,3,75,0,0,0,110.0,116.0,77.0,97.85714285714286,98.93333333333334
2023-03-17,MBP16,89,2023,3,17,4,76,0,0,0,117.0,125.0,116.0,98.0,99.26666666666667
2023-03-18,MBP16,58,2023,3,18,5,77,1,0,0,89.0,64.0,78.0,92.85714285714286,98.4
2023-03-19,MBP16,88,2023,3,19,6,78,1,0,0,58.0,63.0,111.0,92.0,97.0
2023-03-20,MBP16,93,2023,3,20,0,79,0,0,0,88.0,96.0,132.0,95.57142857142857,96.06666666666666
2023-03-21,MBP16,78,2023,3,21,1,80,0,0,0,93.0,111.0,101.0,95.14285714285714,96.03333333333333
2023-03-22,MBP16,105,2023,3,22,2,81,0,0,0,78.0,110.0,102.0,90.42857142857143,96.26666666666667
2023-03-23,MBP16,113,2023,3,23,3,82,0,0,0,105.0,117.0,116.0,89.71428571428571,96.66666666666667
2023-03-24,MBP16,102,2023,3,24,4,83,0,0,0,113.0,89.0,125.0,89.14285714285714,97.03333333333333
2023-03-25,MBP16,76,2023,3,25,5,84,1,0,0,102.0,58.0,64.0,91.0,96.86666666666666
2023-03-26,MBP16,78,2023,3,26,6,85,1,0,0,76.0,88.0,63.0,93.57142857142857,96.16666666666667
2023-03-27,MBP16,99,2023,3,27,0,86,0,0,0,78.0,93.0,96.0,92.14285714285714,94.76666666666667
2023-03-28,MBP16,87,2023,3,28,1,87,0,0,0,99.0,78.0,111.0,93.0,95.26666666666667
2023-03-29,MBP16,95,2023,3,29,2,88,0,0,0,87.0,105.0,110.0,94.28571428571429,95.5
2023-03-30,MBP16,110,2023,3,30,3,89,0,0,0,95.0,113.0,117.0,92.85714285714286,95.8
2023-03-31,MBP16,107,2023,3,31,4,90,0,0,0,110.0,102.0,89.0,92.42857142857143,96.56666666666666
2023-04-01,MBP16,82,2023,4,1,5,91,1,0,0,107.0,76.0,58.0,93.14285714285714,96.56666666666666
2023-04-02,MBP16,70,2023,4,2,6,92,1,0,0,82.0,78.0,88.0,94.0,96.73333333333333
2023-04-03,MBP16,101,2023,4,3,0,93,0,0,0,70.0,99.0,93.0,92.85714285714286,95.2
2023-04-04,MBP16,76,2023,4,4,1,94,0,0,0,101.0,87.0,78.0,93.14285714285714,95.96666666666667
2023-04-05,MBP16,106,2023,4,5,2,95,0,0,0,76.0,95.0,105.0,91.57142857142857,94.8
2023-04-06,MBP16,121,2023,4,6,3,96,0,0,0,106.0,110.0,113.0,93.14285714285714,93.93333333333334
2023-04-07,MBP16,85,2023,4,7,4,97,0,0,0,121.0,107.0,102.0,94.71428571428571,94.6
2023-04-08,MBP16,74,2023,4,8,5,98,1,0,0,85.0,82.0,76.0,91.57142857142857,94.03333333333333
2023-04-09,MBP16,83,2023,4,9,6,99,1,0,0,74.0,70.0,78.0,90.42857142857143,92.63333333333334
2023-04-10,MBP16,119,2023,4,10,0,100,0,0,0,83.0,101.0,99.0,92.28571428571429,91.23333333333333
2023-04-11,MBP16,98,2023,4,11,1,101,0,0,0,119.0,76.0,87.0,94.85714285714286,93.06666666666666
2023-04-12,MBP16,95,2023,4,12,2,102,0,0,0,98.0,106.0,95.0,98.0,94.23333333333333
2023-04-13,MBP16,79,2023,4,13,3,103,0,0,0,95.0,121.0,110.0,96.42857142857143,94.2
2023-04-14,MBP16,105,2023,4,14,4,104,0,0,0,79.0,85.0,107.0,90.42857142857143,93.13333333333334
2023-04-15,MBP16,100,2023,4,15,5,105,1,0,0,105.0,74.0,82.0,93.28571428571429,92.96666666666667
2023-04-16,MBP16,83,2023,4,16,6,106,1,0,0,100.0,83.0,70.0,97.0,92.4
2023-04-17,MBP16,103,2023,4,17,0,107,0,0,0,83.0,119.0,101.0,97.0,92.2
2023-04-18,MBP16,108,2023,4,18,1,108,0,0,0,103.0,98.0,76.0,94.71428571428571,93.7
2023-04-19,MBP16,103,2023,4,19,2,109,0,0,0,108.0,95.0,106.0,96.14285714285714,94.36666666666666
2023-04-20,MBP16,93,2023,4,20,3,110,0,0,0,103.0,79.0,121.0,97.28571428571429,94.7
2023-04-21,MBP16,114,2023,4,21,4,111,0,0,0,93.0,105.0,85.0,99.28571428571429,95.2
2023-04-22,MBP16,82,2023,4,22,5,112,1,0,0,114.0,100.0,74.0,100.57142857142857,95.5
2023-04-23,MBP16,80,2023,4,23,6,113,1,0,0,82.0,83.0,83.0,98.0,94.46666666666667
2023-04-24,MBP16,92,2023,4,24,0,114,0,0,0,80.0,103.0,119.0,97.57142857142857,93.73333333333333
2023-04-25,MBP16,120,2023,4,25,1,115,0,0,0,92.0,108.0,98.0,96.0,94.26666666666667
2023-04-26,MBP16,112,2023,4,26,2,116,0,0,0,120.0,103.0,95.0,97.71428571428571,95.66666666666667
2023-04-27,MBP16,97,2023,4,27,3,117,0,0,0,112.0,93.0,79.0,99.0,96.1
2023-04-28,MBP16,116,2023,4,28,4,118,0,0,0,97.0,114.0,105.0,99.57142857142857,96.43333333333334
2023-04-29,MBP16,75,2023,4,29,5,119,1,0,0,116.0,82.0,100.0,99.85714285714286,97.13333333333334
2023-04-30,MBP16,73,2023,4,30,6,120,1,0,0,75.0,80.0,83.0,98.85714285714286,95.96666666666667
2023-05-01,MBP16,94,2023,5,1,0,121,0,0,0,73.0,92.0,103.0,97.85714285714286,94.83333333333333
2023-05-02,MBP16,82,2023,5,2,1,122,0,0,0,94.0,120.0,108.0,98.14285714285714,95.23333333333333
2023-05-03,MBP16,110,2023,5,3,2,123,0,0,0,82.0,112.0,103.0,92.71428571428571,95.63333333333334
2023-05-04,MBP16,81,2023,5,4,3,124,0,0,0,110.0,97.0,93.0,92.42857142857143,95.93333333333334
2023-05-05,MBP16,88,2023,5,5,4,125,0,0,0,81.0,116.0,114.0,90.14285714285714,96.1
2023-05-06,MBP16,60,2023,5,6,5,126,1,0,0,88.0,75.0,82.0,86.14285714285714,95.5
2023-05-07,MBP16,79,2023,5,7,6,127,1,0,0,60.0,73.0,80.0,84.0,93.46666666666667
2023-05-08,MBP16,102,2023,5,8,0,128,0,0,0,79.0,94.0,92.0,84.85714285714286,93.26666666666667
2023-05-09,MBP16,100,2023,5,9,1,129,0,0,0,102.0,82.0,120.0,86.0,94.2
2023-05-10,MBP16,91,2023,5,10,2,130,0,0,0,100.0,110.0,112.0,88.57142857142857,94.76666666666667
2023-05-11,MBP16,89,2023,5,11,3,131,0,0,0,91.0,81.0,97.0,85.85714285714286,93.83333333333333
2023-05-12,MBP16,110,2023,5,12,4,132,0,0,0,89.0,88.0,116.0,87.0,93.53333333333333
2023-05-13,MBP16,75,2023,5,13,5,133,1,0,0,110.0,60.0,75.0,90.14285714285714,94.03333333333333
2023-05-14,MBP16,84,2023,5,14,6,134,1,0,0,75.0,79.0,73.0,92.28571428571429,93.9
2023-05-15,MBP16,93,2023,5,15,0,135,0,0,0,84.0,102.0,94.0,93.0,93.2
2023-05-16,MBP16,107,2023,5,16,1,136,0,0,0,93.0,100.0,82.0,91.71428571428571,92.96666666666667
2023-05-17,MBP16,121,2023,5,17,2,137,0,0,0,107.0,91.0,110.0,92.71428571428571,93.76666666666667
2023-05-18,MBP16,113,2023,5,18,3,138,0,0,0,121.0,89.0,81.0,97.0,94.36666666666666
2023-05-19,MBP16,100,2023,5,19,4,139,0,0,0,113.0,110.0,88.0,100.42857142857143,94.53333333333333
2023-05-20,MBP16,84,2023,5,20,5,140,1,0,0,100.0,75.0,60.0,99.0,94.43333333333334
2023-05-21,MBP16,80,2023,5,21,6,141,1,0,0,84.0,84.0,79.0,100.28571428571429,94.13333333333334
2023-05-22,MBP16,107,2023,5,22,0,142,0,0,0,80.0,93.0,102.0,99.71428571428571,93.0
2023-05-23,MBP16,103,2023,5,23,1,143,0,0,0,107.0,107.0,100.0,101.71428571428571,93.83333333333333
2023-05-24,MBP16,106,2023,5,24,2,144,0,0,0,103.0,121.0,91.0,101.14285714285714,94.6
2023-05-25,MBP16,112,2023,5,25,3,145,0,0,0,106.0,113.0,89.0,99.0,95.06666666666666
2023-05-26,MBP16,97,2023,5,26,4,146,0,0,0,112.0,100.0,110.0,98.85714285714286,94.8
2023-05-27,MBP16,75,2023,5,27,5,147,1,0,0,97.0,84.0,75.0,98.42857142857143,94.3
2023-05-28,MBP16,72,2023,5,28,6,148,1,0,0,75.0,80.0,84.0,97.14285714285714,93.56666666666666
2023-05-29,MBP16,91,2023,5,29,0,149,0,0,0,72.0,107.0,93.0,96.0,92.1
2023-05-30,MBP16,97,2023,5,30,1,150,0,0,0,91.0,103.0,107.0,93.71428571428571,92.63333333333334
2023-05-31,MBP16,116,2023,5,31,2,151,0,0,0,97.0,106.0,121.0,92.85714285714286,93.43333333333334
2023-06-01,MBP16,103,2023,6,1,3,152,0,0,0,116.0,112.0,113.0,94.28571428571429,94.16666666666667
2023-06-02,MBP16,123,2023,6,2,4,153,0,0,0,103.0,97.0,100.0,93.0,94.86666666666666
2023-06-03,MBP16,91,2023,6,3,5,154,1,0,0,123.0,75.0,84.0,96.71428571428571,95.3
2023-06-04,MBP16,69,2023,6,4,6,155,1,0,0,91.0,72.0,80.0,99.0,95.63333333333334
2023-06-05,MBP16,128,2023,6,5,0,156,0,0,0,69.0,91.0,107.0,98.57142857142857,95.0
2023-06-06,MBP16,130,2023,6,6,1,157,0,0,0,128.0,97.0,103.0,103.85714285714286,97.26666666666667
2023-06-07,MBP16,105,2023,6,7,2,158,0,0,0,130.0,116.0,106.0,108.57142857142857,98.96666666666667
2023-06-08,MBP16,125,2023,6,8,3,159,0,0,0,105.0,103.0,112.0,107.0,99.06666666666666
2023-06-09,MBP16,107,2023,6,9,4,160,0,0,0,125.0,123.0,97.0,110.14285714285714,99.9
2023-06-10,MBP16,93,2023,6,10,5,161,1,0,0,107.0,91.0,75.0,107.85714285714286,100.43333333333334
2023-06-11,MBP16,78,2023,6,11,6,162,1,0,0,93.0,69.0,72.0,108.14285714285714,100.56666666666666
2023-06-12,MBP16,93,2023,6,12,0,163,0,0,0,78.0,128.0,91.0,109.42857142857143,99.5
2023-06-13,MBP16,113,2023,6,13,1,164,0,0,0,93.0,130.0,97.0,104.42857142857143,100.1
2023-06-14,MBP16,116,2023,6,14,2,165,0,0,0,113.0,105.0,116.0,102.0,101.06666666666666
2023-06-15,MBP16,111,2023,6,15,3,166,0,0,0,116.0,125.0,103.0,103.57142857142857,101.83333333333333
2023-06-16,MBP16,100,2023,6,16,4,167,0,0,0,111.0,107.0,123.0,101.57142857142857,101.96666666666667
2023-06-17,MBP16,85,2023,6,17,5,168,1,0,0,100.0,93.0,91.0,100.57142857142857,101.26666666666667
2023-06-18,MBP16,91,2023,6,18,6,169,1,0,0,85.0,78.0,69.0,99.42857142857143,100.33333333333333
2023-06-19,MBP16,113,2023,6,19,0,170,0,0,0,91.0,93.0,128.0,101.28571428571429,100.03333333333333
2023-06-20,MBP16,115,2023,6,20,1,171,0,0,0,113.0,113.0,130.0,104.14285714285714,101.0
2023-06-21,MBP16,103,2023,6,21,2,172,0,0,0,115.0,116.0,105.0,104.42857142857143,102.16666666666667
2023-06-22,MBP16,126,2023,6,22,3,173,0,0,0,103.0,111.0,125.0,102.57142857142857,102.03333333333333
2023-06-23,MBP16,94,2023,6,23,4,174,0,0,0,126.0,100.0,107.0,104.71428571428571,102.8
2023-06-24,MBP16,89,2023,6,24,5,175,1,0,0,94.0,85.0,93.0,103.85714285714286,102.4
2023-06-25,MBP16,96,2023,6,25,6,176,1,0,0,89.0,91.0,78.0,104.42857142857143,101.63333333333334
2023-06-26,MBP16,114,2023,6,26,0,177,0,0,0,96.0,113.0,93.0,105.14285714285714,101.6
2023-06-27,MBP16,105,2023,6,27,1,178,0,0,0,114.0,115.0,113.0,105.28571428571429,102.9
2023-06-28,MBP16,100,2023,6,28,2,179,0,0,0,105.0,103.0,116.0,103.85714285714286,104.0
2023-06-29,MBP16,120,2023,6,29,3,180,0,0,0,100.0,126.0,111.0,103.42857142857143,104.3
2023-06-30,MBP16,88,2023,6,30,4,181,0,0,0,120.0,94.0,100.0,102.57142857142857,105.06666666666666
2023-07-01,MBP16,72,2023,7,1,5,182,1,0,0,88.0,89.0,85.0,101.71428571428571,104.13333333333334
2023-07-02,MBP16,78,2023,7,2,6,183,1,0,0,72.0,96.0,91.0,99.28571428571429,103.1
2023-07-03,MBP16,121,2023,7,3,0,184,0,0,0,78.0,114.0,113.0,96.71428571428571,101.6
2023-07-04,MBP16,110,2023,7,4,1,185,0,0,0,121.0,105.0,115.0,97.71428571428571,102.6
2023-07-05,MBP16,93,2023,7,5,2,186,0,0,0,110.0,100.0,103.0,98.42857142857143,103.96666666666667
2023-07-06,MBP16,102,2023,7,6,3,187,0,0,0,93.0,120.0,126.0,97.42857142857143,102.8
2023-07-07,MBP16,98,2023,7,7,4,188,0,0,0,102.0,88.0,94.0,94.85714285714286,101.86666666666666
2023-07-08,MBP16,75,2023,7,8,5,189,1,0,0,98.0,72.0,89.0,96.28571428571429,101.63333333333334
2023-07-09,MBP16,91,2023,7,9,6,190,1,0,0,75.0,78.0,96.0,96.71428571428571,99.96666666666667
2023-07-10,MBP16,89,2023,7,10,0,191,0,0,0,91.0,121.0,114.0,98.57142857142857,99.43333333333334
2023-07-11,MBP16,127,2023,7,11,1,192,0,0,0,89.0,110.0,105.0,94.0,99.3
2023-07-12,MBP16,117,2023,7,12,2,193,0,0,0,127.0,93.0,100.0,96.42857142857143,100.93333333333334
2023-07-13,MBP16,121,2023,7,13,3,194,0,0,0,117.0,102.0,120.0,99.85714285714286,101.73333333333333
2023-07-14,MBP16,101,2023,7,14,4,195,0,0,0,121.0,98.0,88.0,102.57142857142857,102.0
2023-07-15,MBP16,81,2023,7,15,5,196,1,0,0,101.0,75.0,72.0,103.0,101.5
2023-07-16,MBP16,69,2023,7,16,6,197,1,0,0,81.0,91.0,78.0,103.85714285714286,100.5
2023-07-17,MBP16,101,2023,7,17,0,198,0,0,0,69.0,89.0,121.0,100.71428571428571,99.46666666666667
2023-07-18,MBP16,115,2023,7,18,1,199,0,0,0,101.0,127.0,110.0,102.42857142857143,100.0
2023-07-19,MBP16,126,2023,7,19,2,200,0,0,0,115.0,117.0,93.0,100.71428571428571,100.8
2023-07-20,MBP16,95,2023,7,20,3,201,0,0,0,126.0,121.0,102.0,102.0,101.23333333333333
2023-07-21,MBP16,105,2023,7,21,4,202,0,0,0,95.0,101.0,98.0,98.28571428571429,100.56666666666666
2023-07-22,MBP16,84,2023,7,22,5,203,1,0,0,105.0,81.0,75.0,98.85714285714286,100.63333333333334
2023-07-23,MBP16,72,2023,7,23,6,204,1,0,0,84.0,69.0,91.0,99.28571428571429,99.23333333333333
2023-07-24,MBP16,120,2023,7,24,0,205,0,0,0,72.0,101.0,89.0,99.71428571428571,98.5
2023-07-25,MBP16,103,2023,7,25,1,206,0,0,0,120.0,115.0,127.0,102.42857142857143,99.53333333333333
2023-07-26,MBP16,111,2023,7,26,2,207,0,0,0,103.0,126.0,117.0,100.71428571428571,99.76666666666667
2023-07-27,MBP16,108,2023,7,27,3,208,0,0,0,111.0,95.0,121.0,98.57142857142857,99.66666666666667
2023-07-28,MBP16,104,2023,7,28,4,209,0,0,0,108.0,105.0,101.0,100.42857142857143,99.76666666666667
2023-07-29,MBP16,90,2023,7,29,5,210,1,0,0,104.0,84.0,81.0,100.28571428571429,99.9
2023-07-30,MBP16,88,2023,7,30,6,211,1,0,0,90.0,72.0,69.0,101.14285714285714,98.9
2023-07-31,MBP16,113,2023,7,31,0,212,0,0,0,88.0,120.0,101.0,103.42857142857143,98.9
2023-08-01,MBP16,108,2023,8,1,1,213,0,1,0,113.0,103.0,115.0,102.42857142857143,100.26666666666667
2023-08-02,MBP16,124,2023,8,2,2,214,0,1,0,108.0,111.0,126.0,103.14285714285714,101.26666666666667
2023-08-03,MBP16,145,2023,8,3,3,215,0,1,0,124.0,108.0,95.0,105.0,101.36666666666666
2023-08-04,MBP16,124,2023,8,4,4,216,0,1,0,145.0,104.0,105.0,110.28571428571429,102.53333333333333
2023-08-05,MBP16,106,2023,8,5,5,217,1,1,0,124.0,90.0,84.0,113.14285714285714,103.56666666666666
2023-08-06,MBP16,80,2023,8,6,6,218,1,1,0,106.0,88.0,72.0,115.42857142857143,103.7
2023-08-07,MBP16,128,2023,8,7,0,219,0,1,0,80.0,113.0,120.0,114.28571428571429,103.1
2023-08-08,MBP16,110,2023,8,8,1,220,0,1,0,128.0,108.0,103.0,116.42857142857143,104.86666666666666
2023-08-09,MBP16,105,2023,8,9,2,221,0,1,0,110.0,124.0,111.0,116.71428571428571,105.5
2023-08-10,MBP16,117,2023,8,10,3,222,0,1,0,105.0,145.0,108.0,114.0,106.03333333333333
2023-08-11,MBP16,148,2023,8,11,4,223,0,1,0,117.0,124.0,104.0,110.0,105.7
2023-08-12,MBP16,113,2023,8,12,5,224,1,1,0,148.0,106.0,90.0,113.42857142857143,106.73333333333333
2023-08-13,MBP16,105,2023,8,13,6,225,1,1,0,113.0,80.0,88.0,114.42857142857143,106.46666666666667
2023-08-14,MBP16,108,2023,8,14,0,226,0,1,0,105.0,128.0,113.0,118.0,106.6
2023-08-15,MBP16,131,2023,8,15,1,227,0,1,0,108.0,110.0,108.0,115.14285714285714,107.5
2023-08-16,MBP16,140,2023,8,16,2,228,0,1,0,131.0,105.0,124.0,118.14285714285714,109.56666666666666
2023-08-17,MBP16,139,2023,8,17,3,229,0,1,0,140.0,117.0,145.0,123.14285714285714,110.86666666666666
2023-08-18,MBP16,106,2023,8,18,4,230,0,1,0,139.0,148.0,124.0,126.28571428571429,111.66666666666667
2023-08-19,MBP16,95,2023,8,19,5,231,1,1,0,106.0,113.0,106.0,120.28571428571429,111.0
2023-08-20,MBP16,106,2023,8,20,6,232,1,1,0,95.0,105.0,80.0,117.71428571428571,111.0
2023-08-21,MBP16,148,2023,8,21,0,233,0,1,0,106.0,108.0,128.0,117.85714285714286,111.03333333333333
2023-08-22,MBP16,103,2023,8,22,1,234,0,1,0,148.0,131.0,110.0,123.57142857142857,113.16666666666667
2023-08-23,MBP16,137,2023,8,23,2,235,0,1,0,103.0,140.0,105.0,119.57142857142857,114.2
2023-08-24,MBP16,143,2023,8,24,3,236,0,1,0,137.0,139.0,117.0,119.14285714285714,114.76666666666667
2023-08-25,MBP16,155,2023,8,25,4,237,0,1,0,143.0,106.0,148.0,119.71428571428571,116.1
2023-08-26,MBP16,118,2023,8,26,5,238,1,1,0,155.0,95.0,113.0,126.71428571428571,117.56666666666666
2023-08-27,MBP16,116,2023,8,27,6,239,1,1,0,118.0,106.0,105.0,130.0,117.9
2023-08-28,MBP16,127,2023,8,28,0,240,0,1,0,116.0,148.0,108.0,131.42857142857142,118.3
2023-08-29,MBP16,109,2023,8,29,1,241,0,1,0,127.0,103.0,131.0,128.42857142857142,119.53333333333333
2023-08-30,MBP16,134,2023,8,30,2,242,0,1,0,109.0,137.0,140.0,129.28571428571428,120.23333333333333
2023-08-31,MBP16,157,2023,8,31,3,243,0,1,0,134.0,143.0,139.0,128.85714285714286,120.93333333333334
2023-09-01,MBP16,164,2023,9,1,4,244,0,1,0,157.0,155.0,106.0,130.85714285714286,122.56666666666666
2023-09-02,MBP16,117,2023,9,2,5,245,1,1,0,164.0,118.0,95.0,132.14285714285714,123.9
2023-09-03,MBP16,113,2023,9,3,6,246,1,1,0,117.0,116.0,106.0,132.0,122.96666666666667
2023-09-04,MBP16,145,2023,9,4,0,247,0,1,0,113.0,127.0,148.0,131.57142857142858,122.6
2023-09-05,MBP16,129,2023,9,5,1,248,0,1,0,145.0,109.0,103.0,134.14285714285714,123.9
2023-09-06,MBP16,135,2023,9,6,2,249,0,1,0,129.0,134.0,137.0,137.0,125.53333333333333
2023-09-07,MBP16,164,2023,9,7,3,250,0,1,0,135.0,157.0,143.0,137.14285714285714,125.76666666666667
2023-09-08,MBP16,120,2023,9,8,4,251,0,1,0,164.0,164.0,155.0,138.14285714285714,127.56666666666666
2023-09-09,MBP16,124,2023,9,9,5,252,1,1,0,120.0,117.0,118.0,131.85714285714286,128.06666666666666
2023-09-10,MBP16,100,2023,9,10,6,253,1,1,0,124.0,113.0,116.0,132.85714285714286,128.3
2023-09-11,MBP16,154,2023,9,11,0,254,0,1,0,100.0,145.0,127.0,131.0,126.7
2023-09-12,MBP16,110,2023,9,12,1,255,0,1,0,154.0,129.0,109.0,132.28571428571428,128.06666666666666
2023-09-13,MBP16,140,2023,9,13,2,256,0,1,0,110.0,135.0,134.0,129.57142857142858,128.23333333333332
2023-09-14,MBP16,118,2023,9,14,3,257,0,1,0,140.0,164.0,157.0,130.28571428571428,129.3
2023-09-15,MBP16,107,2023,9,15,4,258,0,1,0,118.0,120.0,164.0,123.71428571428571,128.86666666666667
2023-09-16,MBP16,101,2023,9,16,5,259,1,1,0,107.0,124.0,117.0,121.85714285714286,127.76666666666667
2023-09-17,MBP16,110,2023,9,17,6,260,1,1,0,101.0,100.0,113.0,118.57142857142857,126.5
2023-09-18,MBP16,113,2023,9,18,0,261,0,1,0,110.0,154.0,145.0,120.0,126.63333333333334
2023-09-19,MBP16,102,2023,9,19,1,262,0,1,0,113.0,110.0,129.0,114.14285714285714,127.23333333333333
2023-09-20,MBP16,122,2023,9,20,2,263,0,1,0,102.0,140.0,135.0,113.0,127.1
2023-09-21,MBP16,121,2023,9,21,3,264,0,1,0,122.0,118.0,164.0,110.42857142857143,126.23333333333333
2023-09-22,MBP16,129,2023,9,22,4,265,0,1,0,121.0,107.0,120.0,110.85714285714286,126.83333333333333
2023-09-23,MBP16,103,2023,9,23,5,266,1,1,0,129.0,101.0,124.0,114.0,126.56666666666666
2023-09-24,MBP16,91,2023,9,24,6,267,1,1,0,103.0,110.0,100.0,114.28571428571429,125.23333333333333
2023-09-25,MBP16,145,2023,9,25,0,268,0,1,0,91.0,113.0,154.0,111.57142857142857,123.1
2023-09-26,MBP16,120,2023,9,26,1,269,0,1,0,145.0,102.0,110.0,116.14285714285714,124.0
2023-09-27,MBP16,112,2023,9,27,2,270,0,1,0,120.0,122.0,140.0,118.71428571428571,124.13333333333334
2023-09-28,MBP16,93,2023,9,28,3,271,0,1,0,112.0,121.0,118.0,117.28571428571429,123.63333333333334
2023-09-29,MBP16,111,2023,9,29,4,272,0,1,0,93.0,129.0,107.0,113.28571428571429,123.1
2023-09-30,MBP16,84,2023,9,30,5,273,1,1,0,111.0,103.0,101.0,110.71428571428571,122.33333333333333
2023-10-01,MBP16,98,2023,10,1,6,274,1,0,0,84.0,91.0,110.0,108.0,119.9
2023-10-02,MBP16,119,2023,10,2,0,275,0,0,0,98.0,145.0,113.0,109.0,117.7
2023-10-03,MBP16,96,2023,10,3,1,276,0,0,0,119.0,120.0,102.0,105.28571428571429,117.76666666666667
2023-10-04,MBP16,113,2023,10,4,2,277,0,0,0,96.0,112.0,122.0,101.85714285714286,117.2
2023-10-05,MBP16,119,2023,10,5,3,278,0,0,0,113.0,93.0,121.0,102.0,116.13333333333334
2023-10-06,MBP16,130,2023,10,6,4,279,0,0,0,119.0,111.0,129.0,105.71428571428571,115.8
2023-10-07,MBP16,94,2023,10,7,5,280,1,0,0,130.0,84.0,103.0,108.42857142857143,115.63333333333334
2023-10-08,MBP16,92,2023,10,8,6,281,1,0,0,94.0,98.0,91.0,109.85714285714286,113.3
2023-10-09,MBP16,109,2023,10,9,0,282,0,0,0,92.0,119.0,145.0,109.0,112.36666666666666
2023-10-10,MBP16,113,2023,10,10,1,283,0,0,0,109.0,96.0,120.0,107.57142857142857,111.86666666666666
2023-10-11,MBP16,124,2023,10,11,2,284,0,0,0,113.0,113.0,112.0,110.0,112.3
2023-10-12,MBP16,90,2023,10,12,3,285,0,0,0,124.0,119.0,93.0,111.57142857142857,111.3
2023-10-13,MBP16,103,2023,10,13,4,286,0,0,0,90.0,130.0,111.0,107.42857142857143,110.63333333333334
2023-10-14,MBP16,75,2023,10,14,5,287,1,0,0,103.0,94.0,84.0,103.57142857142857,109.4
2023-10-15,MBP16,86,2023,10,15,6,288,1,0,0,75.0,92.0,98.0,100.85714285714286,107.96666666666667
2023-10-16,MBP16,122,2023,10,16,0,289,0,0,0,86.0,109.0,119.0,100.0,107.26666666666667
2023-10-17,MBP16,99,2023,10,17,1,290,0,0,0,122.0,113.0,96.0,101.85714285714286,107.96666666666667
2023-10-18,MBP16,76,2023,10,18,2,291,0,0,0,99.0,124.0,113.0,99.85714285714286,107.6
2023-10-19,MBP16,101,2023,10,19,3,292,0,0,0,76.0,90.0,119.0,93.0,106.36666666666666
2023-10-20,MBP16,118,2023,10,20,4,293,0,0,0,101.0,103.0,130.0,94.57142857142857,106.33333333333333
2023-10-21,MBP16,87,2023,10,21,5,294,1,0,0,118.0,75.0,94.0,96.71428571428571,106.2
2023-10-22,MBP16,86,2023,10,22,6,295,1,0,0,87.0,86.0,92.0,98.42857142857143,105.06666666666666
2023-10-23,MBP16,103,2023,10,23,0,296,0,0,0,86.0,122.0,109.0,98.42857142857143,103.63333333333334
2023-10-24,MBP16,90,2023,10,24,1,297,0,0,0,103.0,99.0,113.0,95.71428571428571,103.63333333333334
2023-10-25,MBP16,113,2023,10,25,2,298,0,0,0,90.0,76.0,124.0,94.42857142857143,103.6
2023-10-26,MBP16,96,2023,10,26,3,299,0,0,0,113.0,101.0,90.0,99.71428571428571,102.53333333333333
2023-10-27,MBP16,135,2023,10,27,4,300,0,0,0,96.0,118.0,103.0,99.0,101.73333333333333
2023-10-28,MBP16,88,2023,10,28,5,301,1,0,0,135.0,87.0,75.0,101.42857142857143,102.5
2023-10-29,MBP16,77,2023,10,29,6,302,1,0,0,88.0,86.0,86.0,101.57142857142857,102.33333333333333
2023-10-30,MBP16,100,2023,10,30,0,303,0,0,0,77.0,103.0,122.0,100.28571428571429,101.2
2023-10-31,MBP16,107,2023,10,31,1,304,0,0,0,100.0,90.0,99.0,99.85714285714286,101.73333333333333
2023-11-01,MBP16,106,2023,11,1,2,305,0,0,1,107.0,113.0,76.0,102.28571428571429,102.03333333333333
2023-11-02,MBP16,124,2023,11,2,3,306,0,0,1,106.0,96.0,101.0,101.28571428571429,101.6
2023-11-03,MBP16,112,2023,11,3,4,307,0,0,1,124.0,135.0,118.0,105.28571428571429,102.53333333333333
2023-11-04,MBP16,78,2023,11,4,5,308,1,0,1,112.0,88.0,87.0,102.0,102.5
2023-11-05,MBP16,106,2023,11,5,6,309,1,0,1,78.0,77.0,86.0,100.57142857142857,101.13333333333334
2023-11-06,MBP16,113,2023,11,6,0,310,0,0,1,106.0,100.0,103.0,104.71428571428571,100.33333333333333
2023-11-07,MBP16,124,2023,11,7,1,311,0,0,1,113.0,107.0,90.0,106.57142857142857,100.96666666666667
2023-11-08,MBP16,107,2023,11,8,2,312,0,0,1,124.0,106.0,113.0,109.0,102.03333333333333
2023-11-09,MBP16,121,2023,11,9,3,313,0,0,1,107.0,124.0,96.0,109.14285714285714,101.96666666666667
2023-11-10,MBP16,122,2023,11,10,4,314,0,0,1,121.0,112.0,135.0,108.71428571428571,102.23333333333333
2023-11-11,MBP16,71,2023,11,11,5,315,1,0,1,122.0,78.0,88.0,110.14285714285714,102.16666666666667
2023-11-12,MBP16,116,2023,11,12,6,316,1,0,1,71.0,106.0,77.0,109.14285714285714,101.53333333333333
2023-11-13,MBP16,142,2023,11,13,0,317,0,0,1,116.0,113.0,100.0,110.57142857142857,101.96666666666667
2023-11-14,MBP16,119,2023,11,14,1,318,0,0,1,142.0,124.0,107.0,114.71428571428571,104.2
2023-11-15,MBP16,110,2023,11,15,2,319,0,0,1,119.0,107.0,106.0,114.0,105.3
2023-11-16,MBP16,134,2023,11,16,3,320,0,0,1,110.0,121.0,124.0,114.42857142857143,104.9
2023-11-17,MBP16,132,2023,11,17,4,321,0,0,1,134.0,122.0,112.0,116.28571428571429,106.06666666666666
2023-11-18,MBP16,107,2023,11,18,5,322,1,0,1,132.0,71.0,78.0,117.71428571428571,107.93333333333334
2023-11-19,MBP16,107,2023,11,19,6,323,1,0,1,107.0,116.0,106.0,122.85714285714286,108.13333333333334
2023-11-20,MBP16,146,2023,11,20,0,324,0,0,1,107.0,142.0,113.0,121.57142857142857,107.76666666666667
2023-11-21,MBP16,164,2023,11,21,1,325,0,0,1,146.0,119.0,124.0,122.14285714285714,109.73333333333333
2023-11-22,MBP16,152,2023,11,22,2,326,0,0,1,164.0,110.0,107.0,128.57142857142858,112.33333333333333
2023-11-23,MBP16,126,2023,11,23,3,327,0,0,1,152.0,134.0,121.0,134.57142857142858,113.96666666666667
2023-11-24,MBP16,171,2023,11,24,4,328,0,0,1,126.0,132.0,122.0,133.42857142857142,115.16666666666667
2023-11-25,MBP16,138,2023,11,25,5,329,1,0,1,171.0,107.0,71.0,139.0,117.1
2023-11-26,MBP16,161,2023,11,26,6,330,1,0,1,138.0,107.0,116.0,143.42857142857142,118.5
2023-11-27,MBP16,132,2023,11,27,0,331,0,0,1,161.0,146.0,142.0,151.14285714285714,119.36666666666666
2023-11-28,MBP16,159,2023,11,28,1,332,0,0,1,132.0,164.0,119.0,149.14285714285714,120.83333333333333
2023-11-29,MBP16,117,2023,11,29,2,333,0,0,1,159.0,152.0,110.0,148.42857142857142,123.56666666666666
2023-11-30,MBP16,169,2023,11,30,3,334,0,0,1,117.0,126.0,134.0,143.42857142857142,124.13333333333334
2023-12-01,MBP16,149,2023,12,1,4,335,0,0,1,169.0,171.0,132.0,149.57142857142858,126.2
2023-12-02,MBP16,153,2023,12,2,5,336,1,0,1,149.0,138.0,107.0,146.42857142857142,127.63333333333334
2023-12-03,MBP16,113,2023,12,3,6,337,1,0,1,153.0,161.0,107.0,148.57142857142858,128.6
2023-12-04,MBP16,129,2023,12,4,0,338,0,0,1,113.0,132.0,146.0,141.71428571428572,128.63333333333333
2023-12-05,MBP16,153,2023,12,5,1,339,0,0,1,129.0,159.0,164.0,141.28571428571428,130.33333333333334
2023-12-06,MBP16,124,2023,12,6,2,340,0,0,1,153.0,117.0,152.0,140.42857142857142,131.9
2023-12-07,MBP16,177,2023,12,7,3,341,0,0,1,124.0,169.0,126.0,141.42857142857142,132.26666666666668
2023-12-08,MBP16,122,2023,12,8,4,342,0,0,1,177.0,149.0,171.0,142.57142857142858,134.03333333333333
2023-12-09,MBP16,125,2023,12,9,5,343,1,0,1,122.0,153.0,138.0,138.71428571428572,134.53333333333333
2023-12-10,MBP16,93,2023,12,10,6,344,1,0,1,125.0,113.0,161.0,134.71428571428572,134.66666666666666
2023-12-11,MBP16,153,2023,12,11,0,345,0,0,1,93.0,129.0,132.0,131.85714285714286,133.7
2023-12-12,MBP16,189,2023,12,12,1,346,0,0,1,153.0,153.0,159.0,135.28571428571428,136.43333333333334
2023-12-13,MBP16,163,2023,12,13,2,347,0,0,1,189.0,124.0,117.0,140.42857142857142,138.86666666666667
2023-12-14,MBP16,139,2023,12,14,3,348,0,0,1,163.0,177.0,169.0,146.0,139.56666666666666
2023-12-15,MBP16,153,2023,12,15,4,349,0,0,1,139.0,122.0,149.0,140.57142857142858,140.23333333333332
2023-12-16,MBP16,117,2023,12,16,5,350,1,0,1,153.0,125.0,153.0,145.0,141.66666666666666
2023-12-17,MBP16,122,2023,12,17,6,351,1,0,1,117.0,93.0,113.0,143.85714285714286,141.1
2023-12-18,MBP16,123,2023,12,18,0,352,0,0,1,122.0,153.0,129.0,148.0,140.76666666666668
2023-12-19,MBP16,155,2023,12,19,1,353,0,0,1,123.0,189.0,153.0,143.71428571428572,141.3
2023-12-20,MBP16,96,2023,12,20,2,354,0,0,1,155.0,163.0,124.0,138.85714285714286,142.9
2023-12-21,MBP16,129,2023,12,21,3,355,0,0,1,96.0,139.0,177.0,129.28571428571428,141.23333333333332
2023-12-22,MBP16,130,2023,12,22,4,356,0,0,1,129.0,153.0,122.0,127.85714285714286,140.06666666666666
2023-12-23,MBP16,113,2023,12,23,5,357,1,0,1,130.0,117.0,125.0,124.57142857142857,139.33333333333334
2023-12-24,MBP16,103,2023,12,24,6,358,1,0,1,113.0,122.0,93.0,124.0,138.9
2023-12-25,MBP16,109,2023,12,25,0,359,0,0,1,103.0,123.0,153.0,121.28571428571429,136.63333333333333
2023-12-26,MBP16,114,2023,12,26,1,360,0,0,1,109.0,155.0,189.0,119.28571428571429,135.66666666666666
2023-12-27,MBP16,130,2023,12,27,2,361,0,0,1,114.0,96.0,163.0,113.42857142857143,134.1
2023-12-28,MBP16,124,2023,12,28,3,362,0,0,1,130.0,129.0,139.0,118.28571428571429,134.03333333333333
2023-12-29,MBP16,114,2023,12,29,4,363,0,0,1,124.0,130.0,153.0,117.57142857142857,132.86666666666667
2023-12-30,MBP16,88,2023,12,30,5,364,1,0,1,114.0,113.0,117.0,115.28571428571429,132.76666666666668
2023-12-31,MBP16,100,2023,12,31,6,365,1,0,1,88.0,103.0,122.0,111.71428571428571,130.06666666666666
2024-01-01,MBP16,99,2024,1,1,0,1,0,0,0,100.0,109.0,123.0,111.28571428571429,128.43333333333334
2024-01-02,MBP16,104,2024,1,2,1,2,0,0,0,99.0,114.0,155.0,109.85714285714286,126.63333333333334
2024-01-03,MBP16,132,2024,1,3,2,3,0,0,0,104.0,130.0,96.0,108.42857142857143,126.33333333333333
2024-01-04,MBP16,87,2024,1,4,3,4,0,0,0,132.0,124.0,129.0,108.71428571428571,126.43333333333334
2024-01-05,MBP16,82,2024,1,5,4,5,0,0,0,87.0,114.0,130.0,103.42857142857143,124.23333333333333
2024-01-06,MBP16,89,2024,1,6,5,6,1,0,0,82.0,88.0,113.0,98.85714285714286,122.83333333333333
2024-01-07,MBP16,75,2024,1,7,6,7,1,0,0,89.0,100.0,103.0,99.0,119.9
2024-01-08,MBP16,101,2024,1,8,0,8,0,0,0,75.0,99.0,109.0,95.42857142857143,118.33333333333333
2024-01-09,MBP16,95,2024,1,9,1,9,0,0,0,101.0,104.0,114.0,95.71428571428571,117.53333333333333
2024-01-10,MBP16,102,2024,1,10,2,10,0,0,0,95.0,132.0,130.0,94.42857142857143,117.6
2024-01-11,MBP16,125,2024,1,11,3,11,0,0,0,102.0,87.0,124.0,90.14285714285714,115.9
2024-01-12,MBP16,115,2024,1,12,4,12,0,0,0,125.0,82.0,114.0,95.57142857142857,113.76666666666667
2024-01-13,MBP16,90,2024,1,13,5,13,1,0,0,115.0,89.0,88.0,100.28571428571429,112.16666666666667
2024-01-14,MBP16,67,2024,1,14,6,14,1,0,0,90.0,75.0,100.0,100.42857142857143,110.53333333333333
2024-01-15,MBP16,91,2024,1,15,0,15,0,0,0,67.0,101.0,99.0,99.28571428571429,107.66666666666667
2024-01-16,MBP16,69,2024,1,16,1,16,0,0,0,91.0,95.0,104.0,97.85714285714286,106.8
2024-01-17,MBP16,95,2024,1,17,2,17,0,0,0,69.0,102.0,132.0,94.14285714285714,105.03333333333333
2024-01-18,MBP16,117,2024,1,18,3,18,0,0,0,95.0,125.0,87.0,93.14285714285714,104.1
2024-01-19,MBP16,112,2024,1,19,4,19,0,0,0,117.0,115.0,82.0,92.0,102.83333333333333
2024-01-20,MBP16,79,2024,1,20,5,20,1,0,0,112.0,90.0,89.0,91.57142857142857,103.36666666666666
2024-01-21,MBP16,81,2024,1,21,6,21,1,0,0,79.0,67.0,75.0,90.0,101.7
2024-01-22,MBP16,96,2024,1,22,0,22,0,0,0,81.0,91.0,101.0,92.0,100.06666666666666
2024-01-23,MBP16,108,2024,1,23,1,23,0,0,0,96.0,69.0,95.0,92.71428571428571,99.5
2024-01-24,MBP16,115,2024,1,24,2,24,0,0,0,108.0,95.0,102.0,98.28571428571429,99.66666666666667
2024-01-25,MBP16,85,2024,1,25,3,25,0,0,0,115.0,117.0,125.0,101.14285714285714,99.86666666666666
2024-01-26,MBP16,109,2024,1,26,4,26,0,0,0,85.0,112.0,115.0,96.57142857142857,98.9
2024-01-27,MBP16,90,2024,1,27,5,27,1,0,0,109.0,79.0,90.0,96.14285714285714,98.2
2024-01-28,MBP16,77,2024,1,28,6,28,1,0,0,90.0,81.0,67.0,97.71428571428571,97.06666666666666
2024-01-29,MBP16,114,2024,1,29,0,29,0,0,0,77.0,96.0,91.0,97.14285714285714,95.83333333333333
2024-01-30,MBP16,141,2024,1,30,1,30,0,0,0,114.0,108.0,69.0,99.71428571428571,96.7
2024-01-31,MBP16,104,2024,1,31,2,31,0,0,0,141.0,115.0,95.0,104.42857142857143,98.06666666666666
2024-02-01,MBP16,110,2024,2,1,3,32,0,0,0,104.0,85.0,117.0,102.85714285714286,98.23333333333333
2024-02-02,MBP16,96,2024,2,2,4,33,0,0,0,110.0,109.0,112.0,106.42857142857143,98.43333333333334
2024-02-03,MBP16,83,2024,2,3,5,34,1,0,0,96.0,90.0,79.0,104.57142857142857,97.23333333333333
2024-02-04,MBP16,86,2024,2,4,6,35,1,0,0,83.0,77.0,81.0,103.57142857142857,97.1
2024-02-05,MBP16,108,2024,2,5,0,36,0,0,0,86.0,114.0,96.0,104.85714285714286,97.23333333333333
2024-02-06,MBP16,92,2024,2,6,1,37,0,0,0,108.0,141.0,108.0,104.0,97.86666666666666
2024-02-07,MBP16,108,2024,2,7,2,38,0,0,0,92.0,104.0,115.0,97.0,98.43333333333334
2024-02-08,MBP16,124,2024,2,8,3,39,0,0,0,108.0,110.0,85.0,97.57142857142857,98.66666666666667
2024-02-09,MBP16,111,2024,2,9,4,40,0,0,0,124.0,96.0,109.0,99.57142857142857,99.63333333333334
2024-02-10,MBP16,91,2024,2,10,5,41,1,0,0,111.0,83.0,90.0,101.71428571428571,99.93333333333334
2024-02-11,MBP16,79,2024,2,11,6,42,1,0,0,91.0,86.0,77.0,102.85714285714286,98.8
2024-02-12,MBP16,115,2024,2,12,0,43,0,0,0,79.0,108.0,114.0,101.85714285714286,97.6
2024-02-13,MBP16,109,2024,2,13,1,44,0,0,0,115.0,92.0,141.0,102.85714285714286,98.43333333333334
2024-02-14,MBP16,93,2024,2,14,2,45,0,0,0,109.0,108.0,104.0,105.28571428571429,99.83333333333333
2024-02-15,MBP16,109,2024,2,15,3,46,0,0,0,93.0,124.0,110.0,103.14285714285714,99.9
2024-02-16,MBP16,93,2024,2,16,4,47,0,0,0,109.0,111.0,96.0,101.0,101.23333333333333
2024-02-17,MBP16,75,2024,2,17,5,48,1,0,0,93.0,91.0,83.0,98.42857142857143,101.16666666666667
2024-02-18,MBP16,83,2024,2,18,6,49,1,0,0,75.0,79.0,86.0,96.14285714285714,99.76666666666667
2024-02-19,MBP16,109,2024,2,19,0,50,0,0,0,83.0,115.0,108.0,96.71428571428571,98.8
2024-02-20,MBP16,90,2024,2,20,1,51,0,0,0,109.0,109.0,92.0,95.85714285714286,99.8
2024-02-21,MBP16,119,2024,2,21,2,52,0,0,0,90.0,93.0,108.0,93.14285714285714,100.1
2024-02-22,MBP16,113,2024,2,22,3,53,0,0,0,119.0,109.0,124.0,96.85714285714286,100.86666666666666
2024-02-23,MBP16,96,2024,2,23,4,54,0,0,0,113.0,93.0,111.0,97.42857142857143,101.03333333333333
2024-02-24,MBP16,66,2024,2,24,5,55,1,0,0,96.0,75.0,91.0,97.85714285714286,100.4
2024-02-25,MBP16,80,2024,2,25,6,56,1,0,0,66.0,83.0,79.0,96.57142857142857,99.76666666666667
2024-02-26,MBP16,100,2024,2,26,0,57,0,0,0,80.0,109.0,115.0,96.14285714285714,98.8
2024-02-27,MBP16,107,2024,2,27,1,58,0,0,0,100.0,90.0,109.0,94.85714285714286,99.13333333333334
2024-02-28,MBP16,101,2024,2,28,2,59,0,0,0,107.0,119.0,93.0,97.28571428571429,100.13333333333334
2024-02-29,MBP16,80,2024,2,29,3,60,0,0,0,101.0,113.0,109.0,94.71428571428571,99.7
2024-03-01,MBP16,100,2024,3,1,4,61,0,0,0,80.0,96.0,93.0,90.0,97.66666666666667
2024-03-02,MBP16,78,2024,3,2,5,62,1,0,0,100.0,66.0,75.0,90.57142857142857,97.53333333333333
2024-03-03,MBP16,88,2024,3,3,6,63,1,0,0,78.0,80.0,83.0,92.28571428571429,96.46666666666667
2024-03-04,MBP16,97,2024,3,4,0,64,0,0,0,88.0,100.0,109.0,93.42857142857143,96.2
2024-03-05,MBP16,127,2024,3,5,1,65,0,0,0,97.0,107.0,90.0,93.0,96.66666666666667
2024-03-06,MBP16,81,2024,3,6,2,66,0,0,0,127.0,101.0,119.0,95.85714285714286,98.03333333333333
2024-03-07,MBP16,122,2024,3,7,3,67,0,0,0,81.0,80.0,113.0,93.0,97.13333333333334
2024-03-08,MBP16,103,2024,3,8,4,68,0,0,0,122.0,100.0,96.0,99.0,98.13333333333334
2024-03-09,MBP16,90,2024,3,9,5,69,1,0,0,103.0,78.0,66.0,99.42857142857143,97.96666666666667
2024-03-10,MBP16,82,2024,3,10,6,70,1,0,0,90.0,88.0,80.0,101.14285714285714,96.83333333333333
2024-03-11,MBP16,120,2024,3,11,0,71,0,0,0,82.0,97.0,100.0,100.28571428571429,95.86666666666666
2024-03-12,MBP16,101,2024,3,12,1,72,0,0,0,120.0,127.0,107.0,103.57142857142857,96.83333333333333
2024-03-13,MBP16,92,2024,3,13,2,73,0,0,0,101.0,81.0,101.0,99.85714285714286,97.56666666666666
2024-03-14,MBP16,123,2024,3,14,3,74,0,0,0,92.0,122.0,80.0,101.42857142857143,96.8
2024-03-15,MBP16,104,2024,3,15,4,75,0,0,0,123.0,103.0,100.0,101.57142857142857,97.26666666666667
2024-03-16,MBP16,84,2024,3,16,5,76,1,0,0,104.0,90.0,78.0,101.71428571428571,97.63333333333334
2024-03-17,MBP16,94,2024,3,17,6,77,1,0,0,84.0,82.0,88.0,100.85714285714286,96.8
2024-03-18,MBP16,92,2024,3,18,0,78,0,0,0,94.0,120.0,97.0,102.57142857142857,96.83333333333333
2024-03-19,MBP16,113,2024,3,19,1,79,0,0,0,92.0,101.0,127.0,98.57142857142857,97.4
2024-03-20,MBP16,98,2024,3,20,2,80,0,0,0,113.0,92.0,81.0,100.28571428571429,98.4
2024-03-21,MBP16,104,2024,3,21,3,81,0,0,0,98.0,123.0,122.0,101.14285714285714,98.03333333333333
2024-03-22,MBP16,106,2024,3,22,4,82,0,0,0,104.0,104.0,103.0,98.42857142857143,98.5
2024-03-23,MBP16,67,2024,3,23,5,83,1,0,0,106.0,84.0,90.0,98.71428571428571,98.06666666666666
2024-03-24,MBP16,74,2024,3,24,6,84,1,0,0,67.0,94.0,82.0,96.28571428571429,96.53333333333333
2024-03-25,MBP16,123,2024,3,25,0,85,0,0,0,74.0,92.0,120.0,93.42857142857143,95.8
2024-03-26,MBP16,117,2024,3,26,1,86,0,0,0,123.0,113.0,101.0,97.85714285714286,97.7
2024-03-27,MBP16,105,2024,3,27,2,87,0,0,0,117.0,98.0,92.0,98.42857142857143,98.93333333333334
2024-03-28,MBP16,109,2024,3,28,3,88,0,0,0,105.0,104.0,123.0,99.42857142857143,99.1
2024-03-29,MBP16,102,2024,3,29,4,89,0,0,0,109.0,106.0,104.0,100.14285714285714,99.16666666666667
2024-03-30,MBP16,95,2024,3,30,5,90,1,0,0,102.0,67.0,84.0,99.57142857142857,99.2
2024-03-31,MBP16,80,2024,3,31,6,91,1,0,0,95.0,74.0,94.0,103.57142857142857,99.7
2024-04-01,MBP16,109,2024,4,1,0,92,0,0,0,80.0,123.0,92.0,104.42857142857143,99.03333333333333
2024-04-02,MBP16,120,2024,4,2,1,93,0,0,0,109.0,117.0,113.0,102.42857142857143,100.06666666666666
2024-04-03,MBP16,96,2024,4,3,2,94,0,0,0,120.0,105.0,98.0,102.85714285714286,101.13333333333334
2024-04-04,MBP16,125,2024,4,4,3,95,0,0,0,96.0,109.0,104.0,101.57142857142857,101.1
2024-04-05,MBP16,86,2024,4,5,4,96,0,0,0,125.0,102.0,106.0,103.85714285714286,101.03333333333333
2024-04-06,MBP16,98,2024,4,6,5,97,1,0,0,86.0,95.0,67.0,101.57142857142857,101.2
2024-04-07,MBP16,78,2024,4,7,6,98,1,0,0,98.0,80.0,74.0,102.0,100.4
2024-04-08,MBP16,103,2024,4,8,0,99,0,0,0,78.0,109.0,123.0,101.71428571428571,99.56666666666666
2024-04-09,MBP16,82,2024,4,9,1,100,0,0,0,103.0,120.0,117.0,100.85714285714286,100.0
2024-04-10,MBP16,100,2024,4,10,2,101,0,0,0,82.0,96.0,105.0,95.42857142857143,100.0
2024-04-11,MBP16,92,2024,4,11,3,102,0,0,0,100.0,125.0,109.0,96.0,99.33333333333333
2024-04-12,MBP16,98,2024,4,12,4,103,0,0,0,92.0,86.0,102.0,91.28571428571429,99.03333333333333
2024-04-13,MBP16,80,2024,4,13,5,104,1,0,0,98.0,98.0,95.0,93.0,99.23333333333333
2024-04-14,MBP16,91,2024,4,14,6,105,1,0,0,80.0,78.0,80.0,90.42857142857143,97.8
2024-04-15,MBP16,108,2024,4,15,0,106,0,0,0,91.0,103.0,109.0,92.28571428571429,97.36666666666666
2024-04-16,MBP16,110,2024,4,16,1,107,0,0,0,108.0,82.0,120.0,93.0,98.16666666666667
2024-04-17,MBP16,92,2024,4,17,2,108,0,0,0,110.0,100.0,96.0,97.0,98.7
2024-04-18,MBP16,95,2024,4,18,3,109,0,0,0,92.0,92.0,125.0,95.85714285714286,98.7
2024-04-19,MBP16,128,2024,4,19,4,110,0,0,0,95.0,98.0,86.0,96.28571428571429,98.1
2024-04-20,MBP16,74,2024,4,20,5,111,1,0,0,128.0,80.0,98.0,100.57142857142857,99.1
2024-04-21,MBP16,98,2024,4,21,6,112,1,0,0,74.0,91.0,78.0,99.71428571428571,98.1
2024-04-22,MBP16,103,2024,4,22,0,113,0,0,0,98.0,108.0,103.0,100.71428571428571,97.83333333333333
2024-04-23,MBP16,106,2024,4,23,1,114,0,0,0,103.0,110.0,82.0,100.0,99.03333333333333
2024-04-24,MBP16,119,2024,4,24,2,115,0,0,0,106.0,92.0,100.0,99.42857142857143,100.1
2024-04-25,MBP16,122,2024,4,25,3,116,0,0,0,119.0,95.0,92.0,103.28571428571429,99.96666666666667
2024-04-26,MBP16,104,2024,4,26,4,117,0,0,0,122.0,128.0,98.0,107.14285714285714,100.13333333333334
2024-04-27,MBP16,78,2024,4,27,5,118,1,0,0,104.0,74.0,80.0,103.71428571428571,100.1
2024-04-28,MBP16,81,2024,4,28,6,119,1,0,0,78.0,98.0,91.0,104.28571428571429,99.06666666666666
2024-04-29,MBP16,110,2024,4,29,0,120,0,0,0,81.0,103.0,108.0,101.85714285714286,98.36666666666666
2024-04-30,MBP16,117,2024,4,30,1,121,0,0,0,110.0,106.0,110.0,102.85714285714286,98.86666666666666
2024-05-01,MBP16,106,2024,5,1,2,122,0,0,0,117.0,119.0,92.0,104.42857142857143,100.1
2024-05-02,MBP16,114,2024,5,2,3,123,0,0,0,106.0,122.0,95.0,102.57142857142857,100.0
2024-05-03,MBP16,127,2024,5,3,4,124,0,0,0,114.0,104.0,128.0,101.42857142857143,99.8
2024-05-04,MBP16,85,2024,5,4,5,125,1,0,0,127.0,78.0,74.0,104.71428571428571,100.83333333333333
2024-05-05,MBP16,85,2024,5,5,6,126,1,0,0,85.0,81.0,98.0,105.71428571428571,99.5
2024-05-06,MBP16,87,2024,5,6,0,127,0,0,0,85.0,110.0,103.0,106.28571428571429,99.46666666666667
2024-05-07,MBP16,72,2024,5,7,1,128,0,0,0,87.0,117.0,106.0,103.0,99.1
2024-05-08,MBP16,111,2024,5,8,2,129,0,0,0,72.0,106.0,119.0,96.57142857142857,98.9
2024-05-09,MBP16,105,2024,5,9,3,130,0,0,0,111.0,114.0,122.0,97.28571428571429,99.16666666666667
2024-05-10,MBP16,99,2024,5,10,4,131,0,0,0,105.0,127.0,104.0,96.0,99.93333333333334
2024-05-11,MBP16,84,2024,5,11,5,132,1,0,0,99.0,85.0,78.0,92.0,99.9
2024-05-12,MBP16,81,2024,5,12,6,133,1,0,0,84.0,85.0,81.0,91.85714285714286,99.63333333333334
2024-05-13,MBP16,121,2024,5,13,0,134,0,0,0,81.0,87.0,110.0,91.28571428571429,99.06666666666666
2024-05-14,MBP16,108,2024,5,14,1,135,0,0,0,121.0,72.0,117.0,96.14285714285714,100.43333333333334
2024-05-15,MBP16,97,2024,5,15,2,136,0,0,0,108.0,111.0,106.0,101.28571428571429,101.0
2024-05-16,MBP16,120,2024,5,16,3,137,0,0,0,97.0,105.0,114.0,99.28571428571429,100.63333333333334
2024-05-17,MBP16,104,2024,5,17,4,138,0,0,0,120.0,99.0,127.0,101.42857142857143,100.96666666666667
2024-05-18,MBP16,88,2024,5,18,5,139,1,0,0,104.0,84.0,85.0,102.14285714285714,101.36666666666666
2024-05-19,MBP16,79,2024,5,19,6,140,1,0,0,88.0,81.0,85.0,102.71428571428571,101.13333333333334
2024-05-20,MBP16,100,2024,5,20,0,141,0,0,0,79.0,121.0,87.0,102.42857142857143,99.5
2024-05-21,MBP16,110,2024,5,21,1,142,0,0,0,100.0,108.0,72.0,99.42857142857143,100.36666666666666
2024-05-22,MBP16,110,2024,5,22,2,143,0,0,0,110.0,97.0,111.0,99.71428571428571,100.76666666666667
2024-05-23,MBP16,117,2024,5,23,3,144,0,0,0,110.0,120.0,105.0,101.57142857142857,101.0
2024-05-24,MBP16,107,2024,5,24,4,145,0,0,0,117.0,104.0,99.0,101.14285714285714,101.36666666666666
2024-05-25,MBP16,67,2024,5,25,5,146,1,0,0,107.0,88.0,84.0,101.57142857142857,100.96666666666667
2024-05-26,MBP16,83,2024,5,26,6,147,1,0,0,67.0,79.0,81.0,98.57142857142857,99.13333333333334
2024-05-27,MBP16,124,2024,5,27,0,148,0,0,0,83.0,100.0,121.0,99.14285714285714,98.43333333333334
2024-05-28,MBP16,110,2024,5,28,1,149,0,0,0,124.0,110.0,108.0,102.57142857142857,99.96666666666667
2024-05-29,MBP16,112,2024,5,29,2,150,0,0,0,110.0,110.0,97.0,102.57142857142857,100.93333333333334
2024-05-30,MBP16,130,2024,5,30,3,151,0,0,0,112.0,117.0,120.0,102.85714285714286,101.0
2024-05-31,MBP16,107,2024,5,31,4,152,0,0,0,130.0,107.0,104.0,104.71428571428571,101.43333333333334
2024-06-01,MBP16,75,2024,6,1,5,153,1,0,0,107.0,67.0,88.0,104.71428571428571,101.46666666666667
2024-06-02,MBP16,90,2024,6,2,6,154,1,0,0,75.0,83.0,79.0,105.85714285714286,100.16666666666667
2024-06-03,MBP16,113,2024,6,3,0,155,0,0,0,90.0,124.0,100.0,106.85714285714286,98.93333333333334
2024-06-04,MBP16,107,2024,6,4,1,156,0,0,0,113.0,110.0,110.0,105.28571428571429,99.86666666666666
2024-06-05,MBP16,119,2024,6,5,2,157,0,0,0,107.0,112.0,110.0,104.85714285714286,100.6
2024-06-06,MBP16,129,2024,6,6,3,158,0,0,0,119.0,130.0,117.0,105.85714285714286,101.66666666666667
2024-06-07,MBP16,122,2024,6,7,4,159,0,0,0,129.0,107.0,107.0,105.71428571428571,103.56666666666666
2024-06-08,MBP16,98,2024,6,8,5,160,1,0,0,122.0,75.0,67.0,107.85714285714286,103.93333333333334
2024-06-09,MBP16,115,2024,6,9,6,161,1,0,0,98.0,90.0,83.0,111.14285714285714,103.7
2024-06-10,MBP16,117,2024,6,10,0,162,0,0,0,115.0,113.0,124.0,114.71428571428571,104.23333333333333
2024-06-11,MBP16,125,2024,6,11,1,163,0,0,0,117.0,107.0,110.0,115.28571428571429,105.33333333333333
2024-06-12,MBP16,113,2024,6,12,2,164,0,0,0,125.0,119.0,112.0,117.85714285714286,106.8
2024-06-13,MBP16,108,2024,6,13,3,165,0,0,0,113.0,129.0,130.0,117.0,106.53333333333333
2024-06-14,MBP16,111,2024,6,14,4,166,0,0,0,108.0,122.0,107.0,114.0,106.53333333333333
2024-06-15,MBP16,86,2024,6,15,5,167,1,0,0,111.0,98.0,75.0,112.42857142857143,107.0
2024-06-16,MBP16,95,2024,6,16,6,168,1,0,0,86.0,115.0,90.0,110.71428571428571,105.86666666666666
2024-06-17,MBP16,150,2024,6,17,0,169,0,0,0,95.0,117.0,113.0,107.85714285714286,105.56666666666666
2024-06-18,MBP16,106,2024,6,18,1,170,0,0,0,150.0,125.0,107.0,112.57142857142857,107.63333333333334
2024-06-19,MBP16,109,2024,6,19,2,171,0,0,0,106.0,113.0,119.0,109.85714285714286,108.53333333333333
2024-06-20,MBP16,113,2024,6,20,3,172,0,0,0,109.0,108.0,129.0,109.28571428571429,108.83333333333333
2024-06-21,MBP16,118,2024,6,21,4,173,0,0,0,113.0,111.0,122.0,110.0,108.93333333333334
2024-06-22,MBP16,89,2024,6,22,5,174,1,0,0,118.0,86.0,98.0,111.0,109.2
2024-06-23,MBP16,99,2024,6,23,6,175,1,0,0,89.0,95.0,115.0,111.42857142857143,108.26666666666667
2024-06-24,MBP16,78,2024,6,24,0,176,0,0,0,99.0,150.0,117.0,112.0,108.0
2024-06-25,MBP16,79,2024,6,25,1,177,0,0,0,78.0,106.0,125.0,101.71428571428571,108.36666666666666
2024-06-26,MBP16,103,2024,6,26,2,178,0,0,0,79.0,109.0,113.0,97.85714285714286,108.23333333333333
2024-06-27,MBP16,123,2024,6,27,3,179,0,0,0,103.0,113.0,108.0,97.0,107.53333333333333
2024-06-28,MBP16,88,2024,6,28,4,180,0,0,0,123.0,118.0,111.0,98.42857142857143,107.96666666666667
2024-06-29,MBP16,53,2024,6,29,5,181,1,0,0,88.0,89.0,86.0,94.14285714285714,107.16666666666667
2024-06-30,MBP16,89,2024,6,30,6,182,1,0,0,53.0,99.0,95.0,89.0,104.6
2024-07-01,MBP16,111,2024,7,1,0,183,0,0,0,89.0,78.0,150.0,87.57142857142857,104.0
2024-07-02,MBP16,94,2024,7,2,1,184,0,0,0,111.0,79.0,106.0,92.28571428571429,105.2
2024-07-03,MBP16,95,2024,7,3,2,185,0,0,0,94.0,103.0,109.0,94.42857142857143,105.33333333333333
2024-07-04,MBP16,95,2024,7,4,3,186,0,0,0,95.0,123.0,113.0,93.28571428571429,104.73333333333333
2024-07-05,MBP16,109,2024,7,5,4,187,0,0,0,95.0,88.0,118.0,89.28571428571429,104.33333333333333
2024-07-06,MBP16,77,2024,7,6,5,188,1,0,0,109.0,53.0,89.0,92.28571428571429,104.0
2024-07-07,MBP16,88,2024,7,7,6,189,1,0,0,77.0,89.0,99.0,95.71428571428571,102.26666666666667
2024-07-08,MBP16,71,2024,7,8,0,190,0,0,0,88.0,111.0,78.0,95.57142857142857,101.13333333333334
2024-07-09,MBP16,97,2024,7,9,1,191,0,0,0,71.0,94.0,79.0,89.85714285714286,100.23333333333333
2024-07-10,MBP16,94,2024,7,10,2,192,0,0,0,97.0,95.0,103.0,90.28571428571429,99.63333333333334
2024-07-11,MBP16,105,2024,7,11,3,193,0,0,0,94.0,95.0,123.0,90.14285714285714,98.86666666666666
2024-07-12,MBP16,102,2024,7,12,4,194,0,0,0,105.0,109.0,88.0,91.57142857142857,98.2
2024-07-13,MBP16,92,2024,7,13,5,195,1,0,0,102.0,77.0,53.0,90.57142857142857,97.83333333333333
2024-07-14,MBP16,66,2024,7,14,6,196,1,0,0,92.0,88.0,89.0,92.71428571428571,97.3
2024-07-15,MBP16,110,2024,7,15,0,197,0,0,0,66.0,71.0,111.0,89.57142857142857,95.8
2024-07-16,MBP16,118,2024,7,16,1,198,0,0,0,110.0,97.0,94.0,95.14285714285714,96.6
2024-07-17,MBP16,135,2024,7,17,2,199,0,0,0,118.0,94.0,95.0,98.14285714285714,97.36666666666666
2024-07-18,MBP16,105,2024,7,18,3,200,0,0,0,135.0,105.0,95.0,104.0,96.86666666666666
2024-07-19,MBP16,116,2024,7,19,4,201,0,0,0,105.0,102.0,109.0,104.0,96.83333333333333
2024-07-20,MBP16,68,2024,7,20,5,202,1,0,0,116.0,92.0,77.0,106.0,97.06666666666666
2024-07-21,MBP16,62,2024,7,21,6,203,1,0,0,68.0,66.0,88.0,102.57142857142857,95.56666666666666
2024-07-22,MBP16,125,2024,7,22,0,204,0,0,0,62.0,110.0,71.0,102.0,93.7
2024-07-23,MBP16,114,2024,7,23,1,205,0,0,0,125.0,118.0,97.0,104.14285714285714,94.9
2024-07-24,MBP16,131,2024,7,24,2,206,0,0,0,114.0,135.0,94.0,103.57142857142857,95.4
2024-07-25,MBP16,97,2024,7,25,3,207,0,0,0,131.0,105.0,105.0,103.0,97.16666666666667
2024-07-26,MBP16,124,2024,7,26,4,208,0,0,0,97.0,116.0,102.0,101.85714285714286,97.76666666666667
2024-07-27,MBP16,111,2024,7,27,5,209,1,0,0,124.0,68.0,92.0,103.0,98.46666666666667
2024-07-28,MBP16,96,2024,7,28,6,210,1,0,0,111.0,62.0,66.0,109.14285714285714,98.06666666666666
2024-07-29,MBP16,123,2024,7,29,0,211,0,0,0,96.0,125.0,110.0,114.0,98.33333333333333
2024-07-30,MBP16,120,2024,7,30,1,212,0,0,0,123.0,114.0,118.0,113.71428571428571,100.66666666666667
2024-07-31,MBP16,98,2024,7,31,2,213,0,0,0,120.0,131.0,135.0,114.57142857142857,101.7
2024-08-01,MBP16,142,2024,8,1,3,214,0,1,0,98.0,97.0,105.0,109.85714285714286,101.26666666666667
2024-08-02,MBP16,114,2024,8,2,4,215,0,1,0,142.0,124.0,116.0,116.28571428571429,102.86666666666666
2024-08-03,MBP16,102,2024,8,3,5,216,1,1,0,114.0,111.0,68.0,114.85714285714286,103.5
2024-08-04,MBP16,79,2024,8,4,6,217,1,1,0,102.0,96.0,62.0,113.57142857142857,103.73333333333333
2024-08-05,MBP16,109,2024,8,5,0,218,0,1,0,79.0,123.0,125.0,111.14285714285714,102.73333333333333
2024-08-06,MBP16,150,2024,8,6,1,219,0,1,0,109.0,120.0,114.0,109.14285714285714,103.8
2024-08-07,MBP16,124,2024,8,7,2,220,0,1,0,150.0,98.0,131.0,113.42857142857143,105.86666666666666
2024-08-08,MBP16,153,2024,8,8,3,221,0,1,0,124.0,142.0,97.0,117.14285714285714,107.63333333333334
2024-08-09,MBP16,130,2024,8,9,4,222,0,1,0,153.0,114.0,124.0,118.71428571428571,109.5
2024-08-10,MBP16,80,2024,8,10,5,223,1,1,0,130.0,102.0,111.0,121.0,110.7
2024-08-11,MBP16,114,2024,8,11,6,224,1,1,0,80.0,79.0,96.0,117.85714285714286,109.86666666666666
2024-08-12,MBP16,125,2024,8,12,0,225,0,1,0,114.0,109.0,123.0,122.85714285714286,110.26666666666667
2024-08-13,MBP16,147,2024,8,13,1,226,0,1,0,125.0,150.0,120.0,125.14285714285714,111.36666666666666
2024-08-14,MBP16,137,2024,8,14,2,227,0,1,0,147.0,124.0,98.0,124.71428571428571,114.06666666666666
2024-08-15,MBP16,112,2024,8,15,3,228,0,1,0,137.0,153.0,142.0,126.57142857142857,114.96666666666667
2024-08-16,MBP16,141,2024,8,16,4,229,0,1,0,112.0,130.0,114.0,120.71428571428571,114.76666666666667
2024-08-17,MBP16,136,2024,8,17,5,230,1,1,0,141.0,80.0,102.0,122.28571428571429,114.96666666666667
2024-08-18,MBP16,115,2024,8,18,6,231,1,1,0,136.0,114.0,79.0,130.28571428571428,116.0
2024-08-19,MBP16,140,2024,8,19,0,232,0,1,0,115.0,125.0,109.0,130.42857142857142,115.96666666666667
2024-08-20,MBP16,160,2024,8,20,1,233,0,1,0,140.0,147.0,150.0,132.57142857142858,118.36666666666666
2024-08-21,MBP16,146,2024,8,21,2,234,0,1,0,160.0,137.0,124.0,134.42857142857142,121.63333333333334
2024-08-22,MBP16,146,2024,8,22,3,235,0,1,0,146.0,112.0,153.0,135.71428571428572,122.33333333333333
2024-08-23,MBP16,124,2024,8,23,4,236,0,1,0,146.0,141.0,130.0,140.57142857142858,123.4
2024-08-24,MBP16,114,2024,8,24,5,237,1,1,0,124.0,136.0,80.0,138.14285714285714,123.16666666666667
2024-08-25,MBP16,125,2024,8,25,6,238,1,1,0,114.0,115.0,114.0,135.0,123.73333333333333
2024-08-26,MBP16,129,2024,8,26,0,239,0,1,0,125.0,140.0,125.0,136.42857142857142,123.76666666666667
2024-08-27,MBP16,168,2024,8,27,1,240,0,1,0,129.0,160.0,147.0,134.85714285714286,124.36666666666666
2024-08-28,MBP16,142,2024,8,28,2,241,0,1,0,168.0,146.0,137.0,136.0,126.76666666666667
2024-08-29,MBP16,128,2024,8,29,3,242,0,1,0,142.0,146.0,112.0,135.42857142857142,127.4
2024-08-30,MBP16,160,2024,8,30,4,243,0,1,0,128.0,124.0,141.0,132.85714285714286,127.66666666666667
2024-08-31,MBP16,107,2024,8,31,5,244,1,1,0,160.0,114.0,136.0,138.0,129.73333333333332
2024-09-01,MBP16,120,2024,9,1,6,245,1,1,0,107.0,125.0,115.0,137.0,128.56666666666666
2024-09-02,MBP16,137,2024,9,2,0,246,0,1,0,120.0,129.0,140.0,136.28571428571428,128.76666666666668
2024-09-03,MBP16,140,2024,9,3,1,247,0,1,0,137.0,168.0,160.0,137.42857142857142,129.93333333333334
2024-09-04,MBP16,149,2024,9,4,2,248,0,1,0,140.0,142.0,146.0,133.42857142857142,131.96666666666667
2024-09-05,MBP16,145,2024,9,5,3,249,0,1,0,149.0,128.0,146.0,134.42857142857142,133.3
2024-09-06,MBP16,106,2024,9,6,4,250,0,1,0,145.0,160.0,124.0,136.85714285714286,133.13333333333333
2024-09-07,MBP16,93,2024,9,7,5,251,1,1,0,106.0,107.0,114.0,129.14285714285714,132.53333333333333
2024-09-08,MBP16,118,2024,9,8,6,252,1,1,0,93.0,120.0,125.0,127.14285714285714,130.53333333333333
2024-09-09,MBP16,135,2024,9,9,0,253,0,1,0,118.0,137.0,129.0,126.85714285714286,130.13333333333333
2024-09-10,MBP16,127,2024,9,10,1,254,0,1,0,135.0,140.0,168.0,126.57142857142857,131.96666666666667
2024-09-11,MBP16,113,2024,9,11,2,255,0,1,0,127.0,149.0,142.0,124.71428571428571,132.4
2024-09-12,MBP16,116,2024,9,12,3,256,0,1,0,113.0,145.0,128.0,119.57142857142857,132.0
2024-09-13,MBP16,100,2024,9,13,4,257,0,1,0,116.0,106.0,160.0,115.42857142857143,130.96666666666667
2024-09-14,MBP16,100,2024,9,14,5,258,1,1,0,100.0,93.0,107.0,114.57142857142857,129.73333333333332
2024-09-15,MBP16,93,2024,9,15,6,259,1,1,0,100.0,118.0,120.0,115.57142857142857,129.33333333333334
2024-09-16,MBP16,114,2024,9,16,0,260,0,1,0,93.0,135.0,137.0,112.0,127.73333333333333
2024-09-17,MBP16,127,2024,9,17,1,261,0,1,0,114.0,127.0,140.0,109.0,127.0
2024-09-18,MBP16,132,2024,9,18,2,262,0,1,0,127.0,113.0,149.0,109.0,127.4
2024-09-19,MBP16,157,2024,9,19,3,263,0,1,0,132.0,116.0,145.0,111.71428571428571,127.13333333333334
2024-09-20,MBP16,102,2024,9,20,4,264,0,1,0,157.0,100.0,106.0,117.57142857142857,127.03333333333333
2024-09-21,MBP16,109,2024,9,21,5,265,1,1,0,102.0,100.0,93.0,117.85714285714286,125.56666666666666
2024-09-22,MBP16,106,2024,9,22,6,266,1,1,0,109.0,93.0,118.0,119.14285714285714,124.33333333333333
2024-09-23,MBP16,110,2024,9,23,0,267,0,1,0,106.0,114.0,135.0,121.0,123.73333333333333
2024-09-24,MBP16,124,2024,9,24,1,268,0,1,0,110.0,127.0,127.0,120.42857142857143,123.6
2024-09-25,MBP16,113,2024,9,25,2,269,0,1,0,124.0,132.0,113.0,120.0,123.56666666666666
2024-09-26,MBP16,121,2024,9,26,3,270,0,1,0,113.0,157.0,116.0,117.28571428571429,123.03333333333333
2024-09-27,MBP16,139,2024,9,27,4,271,0,1,0,121.0,102.0,100.0,112.14285714285714,121.46666666666667
2024-09-28,MBP16,97,2024,9,28,5,272,1,1,0,139.0,109.0,100.0,117.42857142857143,121.36666666666666
2024-09-29,MBP16,95,2024,9,29,6,273,1,1,0,97.0,106.0,93.0,115.71428571428571,120.33333333333333
2024-09-30,MBP16,109,2024,9,30,0,274,0,1,0,95.0,110.0,114.0,114.14285714285714,118.16666666666667
2024-10-01,MBP16,102,2024,10,1,1,275,0,0,0,109.0,124.0,127.0,114.0,118.23333333333333
2024-10-02,MBP16,124,2024,10,2,2,276,0,0,0,102.0,113.0,132.0,110.85714285714286,117.63333333333334
2024-10-03,MBP16,149,2024,10,3,3,277,0,0,0,124.0,121.0,157.0,112.42857142857143,117.2
2024-10-04,MBP16,110,2024,10,4,4,278,0,0,0,149.0,139.0,102.0,116.42857142857143,117.5
2024-10-05,MBP16,94,2024,10,5,5,279,1,0,0,110.0,97.0,109.0,112.28571428571429,116.2
2024-10-06,MBP16,113,2024,10,6,6,280,1,0,0,94.0,95.0,106.0,111.85714285714286,114.5
2024-10-07,MBP16,131,2024,10,7,0,281,0,0,0,113.0,109.0,110.0,114.42857142857143,114.73333333333333
2024-10-08,MBP16,137,2024,10,8,1,282,0,0,0,131.0,102.0,124.0,117.57142857142857,116.0
2024-10-09,MBP16,146,2024,10,9,2,283,0,0,0,137.0,124.0,113.0,122.57142857142857,116.63333333333334
2024-10-10,MBP16,129,2024,10,10,3,284,0,0,0,146.0,149.0,121.0,125.71428571428571,117.0
2024-10-11,MBP16,135,2024,10,11,4,285,0,0,0,129.0,110.0,139.0,122.85714285714286,117.06666666666666
2024-10-12,MBP16,126,2024,10,12,5,286,1,0,0,135.0,94.0,97.0,126.42857142857143,117.8
2024-10-13,MBP16,95,2024,10,13,6,287,1,0,0,126.0,113.0,95.0,131.0,118.13333333333334
2024-10-14,MBP16,114,2024,10,14,0,288,0,0,0,95.0,131.0,109.0,128.42857142857142,117.96666666666667
2024-10-15,MBP16,125,2024,10,15,1,289,0,0,0,114.0,137.0,102.0,126.0,118.43333333333334
2024-10-16,MBP16,141,2024,10,16,2,290,0,0,0,125.0,146.0,124.0,124.28571428571429,119.5
2024-10-17,MBP16,122,2024,10,17,3,291,0,0,0,141.0,129.0,149.0,123.57142857142857,120.4
2024-10-18,MBP16,114,2024,10,18,4,292,0,0,0,122.0,135.0,110.0,122.57142857142857,120.23333333333333
2024-10-19,MBP16,91,2024,10,19,5,293,1,0,0,114.0,126.0,94.0,119.57142857142857,119.63333333333334
2024-10-20,MBP16,70,2024,10,20,6,294,1,0,0,91.0,95.0,113.0,114.57142857142857,117.43333333333334
2024-10-21,MBP16,115,2024,10,21,0,295,0,0,0,70.0,114.0,131.0,111.0,116.36666666666666
2024-10-22,MBP16,113,2024,10,22,1,296,0,0,0,115.0,125.0,137.0,111.14285714285714,116.56666666666666
2024-10-23,MBP16,103,2024,10,23,2,297,0,0,0,113.0,141.0,146.0,109.42857142857143,116.8
2024-10-24,MBP16,122,2024,10,24,3,298,0,0,0,103.0,122.0,129.0,104.0,116.56666666666666
2024-10-25,MBP16,94,2024,10,25,4,299,0,0,0,122.0,114.0,135.0,104.0,116.5
2024-10-26,MBP16,96,2024,10,26,5,300,1,0,0,94.0,91.0,126.0,101.14285714285714,115.86666666666666
2024-10-27,MBP16,86,2024,10,27,6,301,1,0,0,96.0,70.0,95.0,101.85714285714286,115.03333333333333
2024-10-28,MBP16,105,2024,10,28,0,302,0,0,0,86.0,115.0,114.0,104.14285714285714,113.26666666666667
2024-10-29,MBP16,110,2024,10,29,1,303,0,0,0,105.0,113.0,125.0,102.71428571428571,113.53333333333333
2024-10-30,MBP16,109,2024,10,30,2,304,0,0,0,110.0,103.0,141.0,102.28571428571429,114.03333333333333
2024-10-31,MBP16,127,2024,10,31,3,305,0,0,0,109.0,122.0,122.0,103.14285714285714,114.03333333333333
2024-11-01,MBP16,97,2024,11,1,4,306,0,0,1,127.0,94.0,114.0,103.85714285714286,114.86666666666666
2024-11-02,MBP16,79,2024,11,2,5,307,1,0,1,97.0,96.0,91.0,104.28571428571429,113.96666666666667
2024-11-03,MBP16,98,2024,11,3,6,308,1,0,1,79.0,86.0,70.0,101.85714285714286,111.63333333333334
2024-11-04,MBP16,106,2024,11,4,0,309,0,0,1,98.0,105.0,115.0,103.57142857142857,111.23333333333333
2024-11-05,MBP16,127,2024,11,5,1,310,0,0,1,106.0,110.0,113.0,103.71428571428571,111.63333333333334
2024-11-06,MBP16,140,2024,11,6,2,311,0,0,1,127.0,109.0,103.0,106.14285714285714,112.1
2024-11-07,MBP16,112,2024,11,7,3,312,0,0,1,140.0,127.0,122.0,110.57142857142857,112.4
2024-11-08,MBP16,128,2024,11,8,4,313,0,0,1,112.0,97.0,94.0,108.42857142857143,111.56666666666666
2024-11-09,MBP16,80,2024,11,9,5,314,1,0,1,128.0,79.0,96.0,112.85714285714286,110.96666666666667
2024-11-10,MBP16,102,2024,11,10,6,315,1,0,1,80.0,98.0,86.0,113.0,109.33333333333333
2024-11-11,MBP16,126,2024,11,11,0,316,0,0,1,102.0,106.0,105.0,113.57142857142857,108.23333333333333
2024-11-12,MBP16,132,2024,11,12,1,317,0,0,1,126.0,127.0,110.0,116.42857142857143,108.23333333333333
2024-11-13,MBP16,117,2024,11,13,2,318,0,0,1,132.0,140.0,109.0,117.14285714285714,109.46666666666667
2024-11-14,MBP16,103,2024,11,14,3,319,0,0,1,117.0,112.0,127.0,113.85714285714286,109.56666666666666
2024-11-15,MBP16,139,2024,11,15,4,320,0,0,1,103.0,128.0,97.0,112.57142857142857,108.83333333333333
2024-11-16,MBP16,77,2024,11,16,5,321,1,0,1,139.0,80.0,79.0,114.14285714285714,108.76666666666667
2024-11-17,MBP16,101,2024,11,17,6,322,1,0,1,77.0,102.0,98.0,113.71428571428571,107.26666666666667
2024-11-18,MBP16,153,2024,11,18,0,323,0,0,1,101.0,126.0,106.0,113.57142857142857,106.83333333333333
2024-11-19,MBP16,143,2024,11,19,1,324,0,0,1,153.0,132.0,127.0,117.42857142857143,108.9
2024-11-20,MBP16,176,2024,11,20,2,325,0,0,1,143.0,117.0,140.0,119.0,111.33333333333333
2024-11-21,MBP16,163,2024,11,21,3,326,0,0,1,176.0,103.0,112.0,127.42857142857143,113.36666666666666
2024-11-22,MBP16,136,2024,11,22,4,327,0,0,1,163.0,139.0,128.0,136.0,115.03333333333333
2024-11-23,MBP16,116,2024,11,23,5,328,1,0,1,136.0,77.0,80.0,135.57142857142858,116.13333333333334
2024-11-24,MBP16,117,2024,11,24,6,329,1,0,1,116.0,101.0,102.0,141.14285714285714,115.93333333333334
2024-11-25,MBP16,125,2024,11,25,0,330,0,0,1,117.0,153.0,126.0,143.42857142857142,116.7
2024-11-26,MBP16,138,2024,11,26,1,331,0,0,1,125.0,143.0,132.0,139.42857142857142,117.66666666666667
2024-11-27,MBP16,147,2024,11,27,2,332,0,0,1,138.0,176.0,117.0,138.71428571428572,119.4
2024-11-28,MBP16,121,2024,11,28,3,333,0,0,1,147.0,163.0,103.0,134.57142857142858,120.8
2024-11-29,MBP16,162,2024,11,29,4,334,0,0,1,121.0,136.0,139.0,128.57142857142858,121.16666666666667
2024-11-30,MBP16,122,2024,11,30,5,335,1,0,1,162.0,116.0,77.0,132.28571428571428,122.93333333333334
2024-12-01,MBP16,101,2024,12,1,6,336,1,0,1,122.0,117.0,101.0,133.14285714285714,122.76666666666667
2024-12-02,MBP16,173,2024,12,2,0,337,0,0,1,101.0,125.0,153.0,130.85714285714286,122.9
2024-12-03,MBP16,180,2024,12,3,1,338,0,0,1,173.0,138.0,143.0,137.71428571428572,126.03333333333333
2024-12-04,MBP16,170,2024,12,4,2,339,0,0,1,180.0,147.0,176.0,143.71428571428572,128.76666666666668
2024-12-05,MBP16,159,2024,12,5,3,340,0,0,1,170.0,121.0,163.0,147.0,130.9
2024-12-06,MBP16,177,2024,12,6,4,341,0,0,1,159.0,162.0,136.0,152.42857142857142,131.96666666666667
2024-12-07,MBP16,138,2024,12,7,5,342,1,0,1,177.0,122.0,116.0,154.57142857142858,133.2
2024-12-08,MBP16,132,2024,12,8,6,343,1,0,1,138.0,101.0,117.0,156.85714285714286,134.06666666666666
2024-12-09,MBP16,148,2024,12,9,0,344,0,0,1,132.0,173.0,125.0,161.28571428571428,134.2
2024-12-10,MBP16,168,2024,12,10,1,345,0,0,1,148.0,180.0,138.0,157.71428571428572,136.46666666666667
2024-12-11,MBP16,185,2024,12,11,2,346,0,0,1,168.0,170.0,147.0,156.0,138.66666666666666
2024-12-12,MBP16,148,2024,12,12,3,347,0,0,1,185.0,159.0,121.0,158.14285714285714,140.63333333333333
2024-12-13,MBP16,198,2024,12,13,4,348,0,0,1,148.0,177.0,162.0,156.57142857142858,141.16666666666666
2024-12-14,MBP16,113,2024,12,14,5,349,1,0,1,198.0,138.0,122.0,159.57142857142858,143.86666666666667
2024-12-15,MBP16,120,2024,12,15,6,350,1,0,1,113.0,132.0,101.0,156.0,144.2
2024-12-16,MBP16,140,2024,12,16,0,351,0,0,1,120.0,148.0,173.0,154.28571428571428,143.56666666666666
2024-12-17,MBP16,154,2024,12,17,1,352,0,0,1,140.0,168.0,180.0,153.14285714285714,145.66666666666666
2024-12-18,MBP16,117,2024,12,18,2,353,0,0,1,154.0,185.0,170.0,151.14285714285714,147.43333333333334
2024-12-19,MBP16,136,2024,12,19,3,354,0,0,1,117.0,148.0,159.0,141.42857142857142,146.23333333333332
2024-12-20,MBP16,124,2024,12,20,4,355,0,0,1,136.0,198.0,177.0,139.71428571428572,146.0
2024-12-21,MBP16,110,2024,12,21,5,356,1,0,1,124.0,113.0,138.0,129.14285714285714,144.26666666666668
2024-12-22,MBP16,119,2024,12,22,6,357,1,0,1,110.0,120.0,132.0,128.71428571428572,142.5
2024-12-23,MBP16,146,2024,12,23,0,358,0,0,1,119.0,140.0,148.0,128.57142857142858,141.93333333333334
2024-12-24,MBP16,96,2024,12,24,1,359,0,0,1,146.0,154.0,168.0,129.42857142857142,142.93333333333334
2024-12-25,MBP16,164,2024,12,25,2,360,0,0,1,96.0,117.0,185.0,121.14285714285714,142.23333333333332
2024-12-26,MBP16,134,2024,12,26,3,361,0,0,1,164.0,136.0,148.0,127.85714285714286,143.53333333333333
2024-12-27,MBP16,115,2024,12,27,4,362,0,0,1,134.0,124.0,198.0,127.57142857142857,143.4
2024-12-28,MBP16,99,2024,12,28,5,363,1,0,1,115.0,110.0,113.0,126.28571428571429,142.33333333333334
2024-12-29,MBP16,97,2024,12,29,6,364,1,0,1,99.0,119.0,120.0,124.71428571428571,141.6
2024-12-30,MBP16,112,2024,12,30,0,365,0,0,1,97.0,146.0,140.0,121.57142857142857,139.43333333333334
2024-12-31,MBP16,123,2024,12,31,1,366,0,0,1,112.0,96.0,154.0,116.71428571428571,139.1
2025-01-01,MBP16,99,2025,1,1,2,1,0,0,0,123.0,164.0,117.0,120.57142857142857,139.83333333333334
2025-01-02,MBP16,102,2025,1,2,3,2,0,0,0,99.0,134.0,136.0,111.28571428571429,137.36666666666667
2025-01-03,MBP16,98,2025,1,3,4,3,0,0,0,102.0,115.0,124.0,106.71428571428571,134.76666666666668
2025-01-04,MBP16,69,2025,1,4,5,4,1,0,0,98.0,99.0,110.0,104.28571428571429,132.36666666666667
2025-01-05,MBP16,84,2025,1,5,6,5,1,0,0,69.0,97.0,119.0,100.0,129.36666666666667
2025-01-06,MBP16,115,2025,1,6,0,6,0,0,0,84.0,112.0,146.0,98.14285714285714,126.26666666666667
2025-01-07,MBP16,114,2025,1,7,1,7,0,0,0,115.0,123.0,96.0,98.57142857142857,125.5
2025-01-08,MBP16,118,2025,1,8,2,8,0,0,0,114.0,99.0,164.0,97.28571428571429,124.9
2025-01-09,MBP16,111,2025,1,9,3,9,0,0,0,118.0,102.0,134.0,100.0,123.9
2025-01-10,MBP16,100,2025,1,10,4,10,0,0,0,111.0,98.0,115.0,101.28571428571429,122.0
2025-01-11,MBP16,91,2025,1,11,5,11,1,0,0,100.0,69.0,99.0,101.57142857142857,119.16666666666667
2025-01-12,MBP16,69,2025,1,12,6,12,1,0,0,91.0,84.0,97.0,104.71428571428571,117.26666666666667
2025-01-13,MBP16,96,2025,1,13,0,13,0,0,0,69.0,115.0,112.0,102.57142857142857,112.96666666666667
2025-01-14,MBP16,95,2025,1,14,1,14,0,0,0,96.0,114.0,123.0,99.85714285714286,112.4
2025-01-15,MBP16,121,2025,1,15,2,15,0,0,0,95.0,118.0,99.0,97.14285714285714,111.56666666666666
2025-01-16,MBP16,119,2025,1,16,3,16,0,0,0,121.0,111.0,102.0,97.57142857142857,110.93333333333334
2025-01-17,MBP16,114,2025,1,17,4,17,0,0,0,119.0,100.0,98.0,98.71428571428571,109.76666666666667
2025-01-18,MBP16,94,2025,1,18,5,18,1,0,0,114.0,91.0,69.0,100.71428571428571,109.66666666666667
2025-01-19,MBP16,74,2025,1,19,6,19,1,0,0,94.0,69.0,84.0,101.14285714285714,108.26666666666667
2025-01-20,MBP16,112,2025,1,20,0,20,0,0,0,74.0,96.0,115.0,101.85714285714286,106.6
2025-01-21,MBP16,106,2025,1,21,1,21,0,0,0,112.0,95.0,114.0,104.14285714285714,106.66666666666667
2025-01-22,MBP16,118,2025,1,22,2,22,0,0,0,106.0,121.0,118.0,105.71428571428571,106.23333333333333
2025-01-23,MBP16,106,2025,1,23,3,23,0,0,0,118.0,119.0,111.0,105.28571428571429,105.3
2025-01-24,MBP16,102,2025,1,24,4,24,0,0,0,106.0,114.0,100.0,103.42857142857143,105.63333333333334
2025-01-25,MBP16,88,2025,1,25,5,25,1,0,0,102.0,94.0,91.0,101.71428571428571,103.56666666666666
2025-01-26,MBP16,92,2025,1,26,6,26,1,0,0,88.0,74.0,69.0,100.85714285714286,102.03333333333333
2025-01-27,MBP16,99,2025,1,27,0,27,0,0,0,92.0,112.0,96.0,103.42857142857143,101.26666666666667
2025-01-28,MBP16,107,2025,1,28,1,28,0,0,0,99.0,106.0,95.0,101.57142857142857,101.26666666666667
2025-01-29,MBP16,94,2025,1,29,2,29,0,0,0,107.0,118.0,121.0,101.71428571428571,101.6
2025-01-30,MBP16,75,2025,1,30,3,30,0,0,0,94.0,106.0,119.0,98.28571428571429,101.0
2025-01-31,MBP16,110,2025,1,31,4,31,0,0,0,75.0,102.0,114.0,93.85714285714286,99.4
2025-02-01,MBP16,89,2025,2,1,5,32,1,0,0,110.0,88.0,94.0,95.0,99.76666666666667
2025-02-02,MBP16,86,2025,2,2,6,33,1,0,0,89.0,92.0,74.0,95.14285714285714,99.33333333333333
2025-02-03,MBP16,82,2025,2,3,0,34,0,0,0,86.0,99.0,112.0,94.28571428571429,98.93333333333334
2025-02-04,MBP16,103,2025,2,4,1,35,0,0,0,82.0,107.0,106.0,91.85714285714286,99.36666666666666
2025-02-05,MBP16,79,2025,2,5,2,36,0,0,0,103.0,94.0,118.0,91.28571428571429,100.0
2025-02-06,MBP16,125,2025,2,6,3,37,0,0,0,79.0,75.0,106.0,89.14285714285714,98.8
2025-02-07,MBP16,93,2025,2,7,4,38,0,0,0,125.0,110.0,102.0,96.28571428571429,99.16666666666667
2025-02-08,MBP16,95,2025,2,8,5,39,1,0,0,93.0,89.0,88.0,93.85714285714286,98.33333333333333
2025-02-09,MBP16,92,2025,2,9,6,40,1,0,0,95.0,86.0,92.0,94.71428571428571,97.8
2025-02-10,MBP16,96,2025,2,10,0,41,0,0,0,92.0,82.0,99.0,95.57142857142857,97.53333333333333
2025-02-11,MBP16,93,2025,2,11,1,42,0,0,0,96.0,103.0,107.0,97.57142857142857,97.7
2025-02-12,MBP16,112,2025,2,12,2,43,0,0,0,93.0,79.0,94.0,96.14285714285714,98.5
2025-02-13,MBP16,97,2025,2,13,3,44,0,0,0,112.0,125.0,75.0,100.85714285714286,99.03333333333333
2025-02-14,MBP16,109,2025,2,14,4,45,0,0,0,97.0,93.0,110.0,96.85714285714286,99.1
2025-02-15,MBP16,78,2025,2,15,5,46,1,0,0,109.0,95.0,89.0,99.14285714285714,98.7
2025-02-16,MBP16,65,2025,2,16,6,47,1,0,0,78.0,92.0,86.0,96.71428571428571,97.33333333333333
2025-02-17,MBP16,79,2025,2,17,0,48,0,0,0,65.0,96.0,82.0,92.85714285714286,95.7
2025-02-18,MBP16,110,2025,2,18,1,49,0,0,0,79.0,93.0,103.0,90.42857142857143,95.2
2025-02-19,MBP16,100,2025,2,19,2,50,0,0,0,110.0,112.0,79.0,92.85714285714286,96.4
2025-02-20,MBP16,100,2025,2,20,3,51,0,0,0,100.0,97.0,125.0,91.14285714285714,96.0
2025-02-21,MBP16,116,2025,2,21,4,52,0,0,0,100.0,109.0,93.0,91.57142857142857,95.8
2025-02-22,MBP16,95,2025,2,22,5,53,1,0,0,116.0,78.0,95.0,92.57142857142857,95.73333333333333
2025-02-23,MBP16,80,2025,2,23,6,54,1,0,0,95.0,65.0,92.0,95.0,95.36666666666666
2025-02-24,MBP16,103,2025,2,24,0,55,0,0,0,80.0,79.0,96.0,97.14285714285714,94.63333333333334
2025-02-25,MBP16,114,2025,2,25,1,56,0,0,0,103.0,110.0,93.0,100.57142857142857,95.13333333333334
2025-02-26,MBP16,90,2025,2,26,2,57,0,0,0,114.0,100.0,112.0,101.14285714285714,95.86666666666666
2025-02-27,MBP16,110,2025,2,27,3,58,0,0,0,90.0,100.0,97.0,99.71428571428571,95.56666666666666
2025-02-28,MBP16,115,2025,2,28,4,59,0,0,0,110.0,116.0,109.0,101.14285714285714,95.66666666666667
2025-03-01,MBP16,90,2025,3,1,5,60,1,0,0,115.0,95.0,78.0,101.0,96.36666666666666
2025-03-02,MBP16,64,2025,3,2,6,61,1,0,0,90.0,80.0,65.0,100.28571428571429,96.86666666666666
2025-03-03,MBP16,98,2025,3,3,0,62,0,0,0,64.0,103.0,79.0,98.0,95.33333333333333
2025-03-04,MBP16,96,2025,3,4,1,63,0,0,0,98.0,114.0,110.0,97.28571428571429,95.63333333333334
2025-03-05,MBP16,109,2025,3,5,2,64,0,0,0,96.0,90.0,100.0,94.71428571428571,95.96666666666667
2025-03-06,MBP16,114,2025,3,6,3,65,0,0,0,109.0,110.0,100.0,97.42857142857143,96.86666666666666
2025-03-07,MBP16,127,2025,3,7,4,66,0,0,0,114.0,115.0,116.0,98.0,97.23333333333333
2025-03-08,MBP16,78,2025,3,8,5,67,1,0,0,127.0,90.0,95.0,99.71428571428571,98.83333333333333
2025-03-09,MBP16,78,2025,3,9,6,68,1,0,0,78.0,64.0,80.0,98.0,97.26666666666667
2025-03-10,MBP16,122,2025,3,10,0,69,0,0,0,78.0,98.0,103.0,100.0,96.76666666666667
2025-03-11,MBP16,111,2025,3,11,1,70,0,0,0,122.0,96.0,114.0,103.42857142857143,97.66666666666667
2025-03-12,MBP16,124,2025,3,12,2,71,0,0,0,111.0,109.0,90.0,105.57142857142857,98.3
2025-03-13,MBP16,111,2025,3,13,3,72,0,0,0,124.0,114.0,110.0,107.71428571428571,99.23333333333333
2025-03-14,MBP16,93,2025,3,14,4,73,0,0,0,111.0,127.0,115.0,107.28571428571429,99.83333333333333
2025-03-15,MBP16,70,2025,3,15,5,74,1,0,0,93.0,78.0,90.0,102.42857142857143,99.2
2025-03-16,MBP16,68,2025,3,16,6,75,1,0,0,70.0,78.0,64.0,101.28571428571429,98.3
2025-03-17,MBP16,116,2025,3,17,0,76,0,0,0,68.0,122.0,98.0,99.85714285714286,96.93333333333334
2025-03-18,MBP16,123,2025,3,18,1,77,0,0,0,116.0,111.0,96.0,99.0,98.2
2025-03-19,MBP16,131,2025,3,19,2,78,0,0,0,123.0,124.0,109.0,100.71428571428571,100.13333333333334
2025-03-20,MBP16,119,2025,3,20,3,79,0,0,0,131.0,111.0,114.0,101.71428571428571,101.86666666666666
2025-03-21,MBP16,123,2025,3,21,4,80,0,0,0,119.0,93.0,127.0,102.85714285714286,102.16666666666667
2025-03-22,MBP16,77,2025,3,22,5,81,1,0,0,123.0,70.0,78.0,107.14285714285714,102.93333333333334
2025-03-23,MBP16,72,2025,3,23,6,82,1,0,0,77.0,68.0,78.0,108.14285714285714,102.16666666666667
2025-03-24,MBP16,119,2025,3,24,0,83,0,0,0,72.0,116.0,122.0,108.71428571428571,100.7
2025-03-25,MBP16,113,2025,3,25,1,84,0,0,0,119.0,123.0,111.0,109.14285714285714,101.5
2025-03-26,MBP16,109,2025,3,26,2,85,0,0,0,113.0,131.0,124.0,107.71428571428571,102.6
2025-03-27,MBP16,113,2025,3,27,3,86,0,0,0,109.0,119.0,111.0,104.57142857142857,102.8
2025-03-28,MBP16,112,2025,3,28,4,87,0,0,0,113.0,123.0,93.0,103.71428571428571,102.76666666666667
2025-03-29,MBP16,96,2025,3,29,5,88,1,0,0,112.0,77.0,70.0,102.14285714285714,103.5
2025-03-30,MBP16,96,2025,3,30,6,89,1,0,0,96.0,72.0,68.0,104.85714285714286,103.03333333333333
2025-03-31,MBP16,115,2025,3,31,0,90,0,0,0,96.0,119.0,116.0,108.28571428571429,102.4
2025-04-01,MBP16,119,2025,4,1,1,91,0,0,0,115.0,113.0,123.0,107.71428571428571,103.23333333333333
2025-04-02,MBP16,114,2025,4,2,2,92,0,0,0,119.0,109.0,131.0,108.57142857142857,105.06666666666666
2025-04-03,MBP16,102,2025,4,3,3,93,0,0,0,114.0,113.0,119.0,109.28571428571429,105.6
2025-04-04,MBP16,117,2025,4,4,4,94,0,0,0,102.0,112.0,123.0,107.71428571428571,105.8
2025-04-05,MBP16,69,2025,4,5,5,95,1,0,0,117.0,96.0,77.0,108.42857142857143,106.06666666666666
2025-04-06,MBP16,94,2025,4,6,6,96,1,0,0,69.0,96.0,72.0,104.57142857142857,104.56666666666666
2025-04-07,MBP16,92,2025,4,7,0,97,0,0,0,94.0,115.0,119.0,104.28571428571429,103.46666666666667
2025-04-08,MBP16,111,2025,4,8,1,98,0,0,0,92.0,119.0,113.0,101.0,103.93333333333334
2025-04-09,MBP16,97,2025,4,9,2,99,0,0,0,111.0,114.0,109.0,99.85714285714286,105.03333333333333
2025-04-10,MBP16,115,2025,4,10,3,100,0,0,0,97.0,102.0,113.0,97.42857142857143,104.2
2025-04-11,MBP16,107,2025,4,11,4,101,0,0,0,115.0,117.0,112.0,99.28571428571429,104.33333333333333
2025-04-12,MBP16,67,2025,4,12,5,102,1,0,0,107.0,69.0,96.0,97.85714285714286,103.76666666666667
2025-04-13,MBP16,87,2025,4,13,6,103,1,0,0,67.0,94.0,96.0,97.57142857142857,102.3
2025-04-14,MBP16,100,2025,4,14,0,104,0,0,0,87.0,92.0,115.0,96.57142857142857,102.1
2025-04-15,MBP16,119,2025,4,15,1,105,0,0,0,100.0,111.0,119.0,97.71428571428571,103.1
2025-04-16,MBP16,108,2025,4,16,2,106,0,0,0,119.0,97.0,114.0,98.85714285714286,104.8
2025-04-17,MBP16,113,2025,4,17,3,107,0,0,0,108.0,115.0,102.0,100.42857142857143,104.53333333333333
2025-04-18,MBP16,95,2025,4,18,4,108,0,0,0,113.0,107.0,117.0,100.14285714285714,104.2
2025-04-19,MBP16,77,2025,4,19,5,109,1,0,0,95.0,67.0,69.0,98.42857142857143,103.0
2025-04-20,MBP16,79,2025,4,20,6,110,1,0,0,77.0,87.0,94.0,99.85714285714286,101.6
2025-04-21,MBP16,119,2025,4,21,0,111,0,0,0,79.0,100.0,92.0,98.71428571428571,100.13333333333334
2025-04-22,MBP16,130,2025,4,22,1,112,0,0,0,119.0,119.0,111.0,101.42857142857143,101.53333333333333
2025-04-23,MBP16,97,2025,4,23,2,113,0,0,0,130.0,108.0,97.0,103.0,103.46666666666667
2025-04-24,MBP16,122,2025,4,24,3,114,0,0,0,97.0,113.0,115.0,101.42857142857143,102.73333333333333
2025-04-25,MBP16,80,2025,4,25,4,115,0,0,0,122.0,95.0,107.0,102.71428571428571,103.03333333333333
2025-04-26,MBP16,71,2025,4,26,5,116,1,0,0,80.0,77.0,67.0,100.57142857142857,102.06666666666666
2025-04-27,MBP16,74,2025,4,27,6,117,1,0,0,71.0,79.0,87.0,99.71428571428571,100.66666666666667
2025-04-28,MBP16,90,2025,4,28,0,118,0,0,0,74.0,119.0,100.0,99.0,99.4
2025-04-29,MBP16,87,2025,4,29,1,119,0,0,0,90.0,130.0,119.0,94.85714285714286,99.2
2025-04-30,MBP16,113,2025,4,30,2,120,0,0,0,87.0,97.0,108.0,88.71428571428571,98.9
2025-05-01,MBP16,105,2025,5,1,3,121,0,0,0,113.0,122.0,113.0,91.0,98.83333333333333
2025-05-02,MBP16,113,2025,5,2,4,122,0,0,0,105.0,80.0,95.0,88.57142857142857,98.36666666666666
2025-05-03,MBP16,90,2025,5,3,5,123,1,0,0,113.0,71.0,77.0,93.28571428571429,98.33333333333333
2025-05-04,MBP16,86,2025,5,4,6,124,1,0,0,90.0,74.0,79.0,96.0,97.93333333333334
2025-05-05,MBP16,116,2025,5,5,0,125,0,0,0,86.0,90.0,119.0,97.71428571428571,96.9
2025-05-06,MBP16,107,2025,5,6,1,126,0,0,0,116.0,87.0,130.0,101.42857142857143,98.46666666666667
2025-05-07,MBP16,93,2025,5,7,2,127,0,0,0,107.0,113.0,97.0,104.28571428571429,98.9
2025-05-08,MBP16,122,2025,5,8,3,128,0,0,0,93.0,105.0,122.0,101.42857142857143,98.93333333333334
2025-05-09,MBP16,100,2025,5,9,4,129,0,0,0,122.0,113.0,80.0,103.85714285714286,99.3
2025-05-10,MBP16,74,2025,5,10,5,130,1,0,0,100.0,90.0,71.0,102.0,99.4
2025-05-11,MBP16,82,2025,5,11,6,131,1,0,0,74.0,86.0,74.0,99.71428571428571,98.03333333333333
2025-05-12,MBP16,96,2025,5,12,0,132,0,0,0,82.0,116.0,90.0,99.14285714285714,97.2
2025-05-13,MBP16,103,2025,5,13,1,133,0,0,0,96.0,107.0,87.0,96.28571428571429,98.16666666666667
2025-05-14,MBP16,113,2025,5,14,2,134,0,0,0,103.0,93.0,113.0,95.71428571428571,98.7
2025-05-15,MBP16,113,2025,5,15,3,135,0,0,0,113.0,122.0,105.0,98.57142857142857,99.13333333333334
2025-05-16,MBP16,97,2025,5,16,4,136,0,0,0,113.0,100.0,113.0,97.28571428571429,98.93333333333334
2025-05-17,MBP16,79,2025,5,17,5,137,1,0,0,97.0,74.0,90.0,96.85714285714286,98.56666666666666
2025-05-18,MBP16,95,2025,5,18,6,138,1,0,0,79.0,82.0,86.0,97.57142857142857,97.43333333333334
2025-05-19,MBP16,116,2025,5,19,0,139,0,0,0,95.0,96.0,116.0,99.42857142857143,97.43333333333334
2025-05-20,MBP16,138,2025,5,20,1,140,0,0,0,116.0,103.0,107.0,102.28571428571429,98.73333333333333
2025-05-21,MBP16,126,2025,5,21,2,141,0,0,0,138.0,113.0,93.0,107.28571428571429,100.7
2025-05-22,MBP16,126,2025,5,22,3,142,0,0,0,126.0,113.0,122.0,109.14285714285714,100.93333333333334
2025-05-23,MBP16,93,2025,5,23,4,143,0,0,0,126.0,97.0,100.0,111.0,100.8
2025-05-24,MBP16,95,2025,5,24,5,144,1,0,0,93.0,79.0,74.0,110.42857142857143,100.66666666666667
2025-05-25,MBP16,87,2025,5,25,6,145,1,0,0,95.0,95.0,82.0,112.71428571428571,99.76666666666667
2025-05-26,MBP16,107,2025,5,26,0,146,0,0,0,87.0,116.0,96.0,111.57142857142857,100.0
2025-05-27,MBP16,117,2025,5,27,1,147,0,0,0,107.0,138.0,103.0,110.28571428571429,101.2
2025-05-28,MBP16,129,2025,5,28,2,148,0,0,0,117.0,126.0,113.0,107.28571428571429,102.63333333333334
2025-05-29,MBP16,124,2025,5,29,3,149,0,0,0,129.0,126.0,113.0,107.71428571428571,103.93333333333334
2025-05-30,MBP16,105,2025,5,30,4,150,0,0,0,124.0,93.0,97.0,107.42857142857143,105.16666666666667
2025-05-31,MBP16,100,2025,5,31,5,151,1,0,0,105.0,95.0,79.0,109.14285714285714,104.9
2025-06-01,MBP16,85,2025,6,1,6,152,1,0,0,100.0,87.0,95.0,109.85714285714286,104.73333333333333
2025-06-02,MBP16,124,2025,6,2,0,153,0,0,0,85.0,107.0,116.0,109.57142857142857,103.8
2025-06-03,MBP16,117,2025,6,3,1,154,0,0,0,124.0,117.0,138.0,112.0,104.93333333333334
2025-06-04,MBP16,119,2025,6,4,2,155,0,0,0,117.0,129.0,126.0,112.0,105.96666666666667
2025-06-05,MBP16,134,2025,6,5,3,156,0,0,0,119.0,124.0,126.0,110.57142857142857,106.06666666666666
2025-06-06,MBP16,108,2025,6,6,4,157,0,0,0,134.0,105.0,93.0,112.0,106.96666666666667
2025-06-07,MBP16,118,2025,6,7,5,158,1,0,0,108.0,100.0,95.0,112.42857142857143,107.46666666666667
2025-06-08,MBP16,75,2025,6,8,6,159,1,0,0,118.0,85.0,87.0,115.0,107.33333333333333
2025-06-09,MBP16,115,2025,6,9,0,160,0,0,0,75.0,124.0,107.0,113.57142857142857,106.5
2025-06-10,MBP16,130,2025,6,10,1,161,0,0,0,115.0,117.0,117.0,112.28571428571429,107.86666666666666
2025-06-11,MBP16,133,2025,6,11,2,162,0,0,0,130.0,119.0,129.0,114.14285714285714,109.46666666666667
2025-06-12,MBP16,122,2025,6,12,3,163,0,0,0,133.0,134.0,124.0,116.14285714285714,110.7
2025-06-13,MBP16,122,2025,6,13,4,164,0,0,0,122.0,108.0,105.0,114.42857142857143,111.33333333333333
2025-06-14,MBP16,99,2025,6,14,5,165,1,0,0,122.0,118.0,100.0,116.42857142857143,111.63333333333334
2025-06-15,MBP16,91,2025,6,15,6,166,1,0,0,99.0,75.0,85.0,113.71428571428571,111.16666666666667
2025-06-16,MBP16,141,2025,6,16,0,167,0,0,0,91.0,115.0,124.0,116.0,110.96666666666667
2025-06-17,MBP16,132,2025,6,17,1,168,0,0,0,141.0,130.0,117.0,119.71428571428571,113.03333333333333
2025-06-18,MBP16,131,2025,6,18,2,169,0,0,0,132.0,133.0,119.0,120.0,114.26666666666667
2025-06-19,MBP16,104,2025,6,19,3,170,0,0,0,131.0,122.0,134.0,119.71428571428571,114.76666666666667
2025-06-20,MBP16,116,2025,6,20,4,171,0,0,0,104.0,122.0,108.0,117.14285714285714,113.63333333333334
2025-06-21,MBP16,87,2025,6,21,5,172,1,0,0,116.0,99.0,118.0,116.28571428571429,113.3
2025-06-22,MBP16,78,2025,6,22,6,173,1,0,0,87.0,91.0,75.0,114.57142857142857,112.0
2025-06-23,MBP16,119,2025,6,23,0,174,0,0,0,78.0,141.0,115.0,112.71428571428571,111.5
2025-06-24,MBP16,106,2025,6,24,1,175,0,0,0,119.0,132.0,130.0,109.57142857142857,112.3
2025-06-25,MBP16,122,2025,6,25,2,176,0,0,0,106.0,131.0,133.0,105.85714285714286,112.93333333333334
2025-06-26,MBP16,98,2025,6,26,3,177,0,0,0,122.0,104.0,122.0,104.57142857142857,113.43333333333334
2025-06-27,MBP16,135,2025,6,27,4,178,0,0,0,98.0,116.0,122.0,103.71428571428571,112.8
2025-06-28,MBP16,77,2025,6,28,5,179,1,0,0,135.0,87.0,99.0,106.42857142857143,113.0
2025-06-29,MBP16,88,2025,6,29,6,180,1,0,0,77.0,78.0,91.0,105.0,111.43333333333334
2025-06-30,MBP16,121,2025,6,30,0,181,0,0,0,88.0,119.0,141.0,106.42857142857143,110.86666666666666
2025-07-01,MBP16,103,2025,7,1,1,182,0,0,0,121.0,106.0,132.0,106.71428571428571,111.56666666666666
2025-07-02,MBP16,121,2025,7,2,2,183,0,0,0,103.0,122.0,131.0,106.28571428571429,112.16666666666667
2025-07-03,MBP16,94,2025,7,3,3,184,0,0,0,121.0,98.0,104.0,106.14285714285714,112.06666666666666
2025-07-04,MBP16,129,2025,7,4,4,185,0,0,0,94.0,135.0,116.0,105.57142857142857,111.3
2025-07-05,MBP16,85,2025,7,5,5,186,1,0,0,129.0,77.0,87.0,104.71428571428571,111.63333333333334
2025-07-06,MBP16,79,2025,7,6,6,187,1,0,0,85.0,88.0,78.0,105.85714285714286,110.0
2025-07-07,MBP16,106,2025,7,7,0,188,0,0,0,79.0,121.0,119.0,104.57142857142857,109.03333333333333
2025-07-08,MBP16,121,2025,7,8,1,189,0,0,0,106.0,103.0,106.0,102.42857142857143,108.63333333333334
2025-07-09,MBP16,102,2025,7,9,2,190,0,0,0,121.0,121.0,122.0,105.0,110.16666666666667
2025-07-10,MBP16,100,2025,7,10,3,191,0,0,0,102.0,94.0,98.0,102.28571428571429,109.73333333333333
2025-07-11,MBP16,108,2025,7,11,4,192,0,0,0,100.0,129.0,135.0,103.14285714285714,108.73333333333333
2025-07-12,MBP16,73,2025,7,12,5,193,1,0,0,108.0,85.0,77.0,100.14285714285714,107.9
2025-07-13,MBP16,105,2025,7,13,6,194,1,0,0,73.0,79.0,88.0,98.42857142857143,106.26666666666667
2025-07-14,MBP16,104,2025,7,14,0,195,0,0,0,105.0,106.0,121.0,102.14285714285714,105.7
2025-07-15,MBP16,123,2025,7,15,1,196,0,0,0,104.0,121.0,103.0,101.85714285714286,105.86666666666666
2025-07-16,MBP16,115,2025,7,16,2,197,0,0,0,123.0,102.0,121.0,102.14285714285714,106.93333333333334
2025-07-17,MBP16,99,2025,7,17,3,198,0,0,0,115.0,100.0,94.0,104.0,106.06666666666666
2025-07-18,MBP16,113,2025,7,18,4,199,0,0,0,99.0,108.0,129.0,103.85714285714286,104.96666666666667
2025-07-19,MBP16,96,2025,7,19,5,200,1,0,0,113.0,73.0,85.0,104.57142857142857,104.36666666666666
2025-07-20,MBP16,86,2025,7,20,6,201,1,0,0,96.0,105.0,79.0,107.85714285714286,104.1
2025-07-21,MBP16,131,2025,7,21,0,202,0,0,0,86.0,104.0,106.0,105.14285714285714,103.1
2025-07-22,MBP16,129,2025,7,22,1,203,0,0,0,131.0,123.0,121.0,109.0,104.56666666666666
2025-07-23,MBP16,129,2025,7,23,2,204,0,0,0,129.0,115.0,102.0,109.85714285714286,106.26666666666667
2025-07-24,MBP16,110,2025,7,24,3,205,0,0,0,129.0,99.0,100.0,111.85714285714286,106.6
2025-07-25,MBP16,102,2025,7,25,4,206,0,0,0,110.0,113.0,108.0,113.42857142857143,106.73333333333333
2025-07-26,MBP16,85,2025,7,26,5,207,1,0,0,102.0,96.0,73.0,111.85714285714286,106.06666666666666
2025-07-27,MBP16,94,2025,7,27,6,208,1,0,0,85.0,86.0,105.0,110.28571428571429,105.63333333333334
2025-07-28,MBP16,128,2025,7,28,0,209,0,0,0,94.0,131.0,104.0,111.42857142857143,104.26666666666667
2025-07-29,MBP16,89,2025,7,29,1,210,0,0,0,128.0,129.0,123.0,111.0,105.96666666666667
2025-07-30,MBP16,122,2025,7,30,2,211,0,0,0,89.0,129.0,115.0,105.28571428571429,106.0
2025-07-31,MBP16,125,2025,7,31,3,212,0,0,0,122.0,110.0,99.0,104.28571428571429,106.03333333333333
2025-08-01,MBP16,120,2025,8,1,4,213,0,1,0,125.0,102.0,113.0,106.42857142857143,106.76666666666667
2025-08-02,MBP16,111,2025,8,2,5,214,1,1,0,120.0,85.0,96.0,109.0,106.73333333333333
2025-08-03,MBP16,102,2025,8,3,6,215,1,1,0,111.0,94.0,86.0,112.71428571428571,107.3
2025-08-04,MBP16,147,2025,8,4,0,216,0,1,0,102.0,128.0,131.0,113.85714285714286,106.4
2025-08-05,MBP16,125,2025,8,5,1,217,0,1,0,147.0,89.0,129.0,116.57142857142857,108.46666666666667
2025-08-06,MBP16,144,2025,8,6,2,218,0,1,0,125.0,122.0,129.0,121.71428571428571,110.0
2025-08-07,MBP16,156,2025,8,7,3,219,0,1,0,144.0,125.0,110.0,124.85714285714286,111.26666666666667
2025-08-08,MBP16,152,2025,8,8,4,220,0,1,0,156.0,120.0,102.0,129.28571428571428,112.43333333333334
2025-08-09,MBP16,89,2025,8,9,5,221,1,1,0,152.0,111.0,85.0,133.85714285714286,114.1
2025-08-10,MBP16,100,2025,8,10,6,222,1,1,0,89.0,102.0,94.0,130.71428571428572,113.73333333333333
2025-08-11,MBP16,129,2025,8,11,0,223,0,1,0,100.0,147.0,128.0,130.42857142857142,113.46666666666667
2025-08-12,MBP16,144,2025,8,12,1,224,0,1,0,129.0,125.0,89.0,127.85714285714286,115.33333333333333
2025-08-13,MBP16,148,2025,8,13,2,225,0,1,0,144.0,144.0,122.0,130.57142857142858,116.63333333333334
2025-08-14,MBP16,124,2025,8,14,3,226,0,1,0,148.0,156.0,125.0,131.14285714285714,118.1
2025-08-15,MBP16,140,2025,8,15,4,227,0,1,0,124.0,152.0,120.0,126.57142857142857,118.13333333333334
2025-08-16,MBP16,82,2025,8,16,5,228,1,1,0,140.0,89.0,111.0,124.85714285714286,118.96666666666667
2025-08-17,MBP16,128,2025,8,17,6,229,1,1,0,82.0,100.0,102.0,123.85714285714286,118.4
2025-08-18,MBP16,133,2025,8,18,0,230,0,1,0,128.0,129.0,147.0,127.85714285714286,118.9
2025-08-19,MBP16,144,2025,8,19,1,231,0,1,0,133.0,144.0,125.0,128.42857142857142,120.13333333333334
2025-08-20,MBP16,138,2025,8,20,2,232,0,1,0,144.0,148.0,144.0,128.42857142857142,122.06666666666666
2025-08-21,MBP16,164,2025,8,21,3,233,0,1,0,138.0,124.0,156.0,127.0,122.3
2025-08-22,MBP16,96,2025,8,22,4,234,0,1,0,164.0,140.0,152.0,132.71428571428572,123.46666666666667
2025-08-23,MBP16,112,2025,8,23,5,235,1,1,0,96.0,82.0,89.0,126.42857142857143,122.36666666666666
2025-08-24,MBP16,111,2025,8,24,6,236,1,1,0,112.0,128.0,100.0,130.71428571428572,122.43333333333334
2025-08-25,MBP16,138,2025,8,25,0,237,0,1,0,111.0,133.0,129.0,128.28571428571428,122.73333333333333
2025-08-26,MBP16,177,2025,8,26,1,238,0,1,0,138.0,144.0,144.0,129.0,124.5
2025-08-27,MBP16,131,2025,8,27,2,239,0,1,0,177.0,138.0,148.0,133.71428571428572,127.26666666666667
2025-08-28,MBP16,160,2025,8,28,3,240,0,1,0,131.0,164.0,124.0,132.71428571428572,127.36666666666666
2025-08-29,MBP16,153,2025,8,29,4,241,0,1,0,160.0,96.0,140.0,132.14285714285714,129.73333333333332
2025-08-30,MBP16,130,2025,8,30,5,242,1,1,0,153.0,112.0,82.0,140.28571428571428,130.76666666666668
2025-08-31,MBP16,104,2025,8,31,6,243,1,1,0,130.0,111.0,128.0,142.85714285714286,130.93333333333334
2025-09-01,MBP16,133,2025,9,1,0,244,0,1,0,104.0,138.0,133.0,141.85714285714286,130.4
2025-09-02,MBP16,165,2025,9,2,1,245,0,1,0,133.0,177.0,144.0,141.14285714285714,131.13333333333333
2025-09-03,MBP16,152,2025,9,3,2,246,0,1,0,165.0,131.0,138.0,139.42857142857142,133.23333333333332
2025-09-04,MBP16,118,2025,9,4,3,247,0,1,0,152.0,160.0,164.0,142.42857142857142,133.4
2025-09-05,MBP16,134,2025,9,5,4,248,0,1,0,118.0,153.0,96.0,136.42857142857142,133.16666666666666
2025-09-06,MBP16,116,2025,9,6,5,249,1,1,0,134.0,130.0,112.0,133.71428571428572,132.83333333333334
2025-09-07,MBP16,121,2025,9,7,6,250,1,1,0,116.0,104.0,111.0,131.71428571428572,131.5
2025-09-08,MBP16,130,2025,9,8,0,251,0,1,0,121.0,133.0,138.0,134.14285714285714,130.46666666666667
2025-09-09,MBP16,91,2025,9,9,1,252,0,1,0,130.0,165.0,177.0,133.71428571428572,131.83333333333334
2025-09-10,MBP16,148,2025,9,10,2,253,0,1,0,91.0,152.0,131.0,123.14285714285714,131.53333333333333
2025-09-11,MBP16,118,2025,9,11,3,254,0,1,0,148.0,118.0,160.0,122.57142857142857,132.16666666666666
2025-09-12,MBP16,104,2025,9,12,4,255,0,1,0,118.0,134.0,153.0,122.57142857142857,131.3
2025-09-13,MBP16,70,2025,9,13,5,256,1,1,0,104.0,116.0,130.0,118.28571428571429,129.83333333333334
2025-09-14,MBP16,115,2025,9,14,6,257,1,1,0,70.0,121.0,104.0,111.71428571428571,128.03333333333333
2025-09-15,MBP16,136,2025,9,15,0,258,0,1,0,115.0,130.0,133.0,110.85714285714286,127.2
2025-09-16,MBP16,129,2025,9,16,1,259,0,1,0,136.0,91.0,165.0,111.71428571428571,129.0
2025-09-17,MBP16,154,2025,9,17,2,260,0,1,0,129.0,148.0,152.0,117.14285714285714,129.03333333333333
2025-09-18,MBP16,141,2025,9,18,3,261,0,1,0,154.0,118.0,118.0,118.0,129.73333333333332
2025-09-19,MBP16,155,2025,9,19,4,262,0,1,0,141.0,104.0,134.0,121.28571428571429,129.63333333333333
2025-09-20,MBP16,83,2025,9,20,5,263,1,1,0,155.0,70.0,116.0,128.57142857142858,130.2
2025-09-21,MBP16,98,2025,9,21,6,264,1,1,0,83.0,115.0,121.0,130.42857142857142,127.5
2025-09-22,MBP16,102,2025,9,22,0,265,0,1,0,98.0,136.0,130.0,128.0,127.56666666666666
2025-09-23,MBP16,122,2025,9,23,1,266,0,1,0,102.0,129.0,91.0,123.14285714285714,127.23333333333333
2025-09-24,MBP16,120,2025,9,24,2,267,0,1,0,122.0,154.0,148.0,122.14285714285714,127.6
2025-09-25,MBP16,132,2025,9,25,3,268,0,1,0,120.0,141.0,118.0,117.28571428571429,127.0
2025-09-26,MBP16,123,2025,9,26,4,269,0,1,0,132.0,155.0,104.0,116.0,125.5
2025-09-27,MBP16,101,2025,9,27,5,270,1,1,0,123.0,83.0,70.0,111.42857142857143,125.23333333333333
2025-09-28,MBP16,101,2025,9,28,6,271,1,1,0,101.0,98.0,115.0,114.0,123.26666666666667
2025-09-29,MBP16,150,2025,9,29,0,272,0,1,0,101.0,102.0,136.0,114.42857142857143,121.53333333333333
2025-09-30,MBP16,114,2025,9,30,1,273,0,1,0,150.0,122.0,129.0,121.28571428571429,122.2
2025-10-01,MBP16,113,2025,10,1,2,274,0,0,0,114.0,120.0,154.0,120.14285714285714,122.53333333333333
2025-10-02,MBP16,134,2025,10,2,3,275,0,0,0,113.0,132.0,141.0,119.14285714285714,121.86666666666666
2025-10-03,MBP16,121,2025,10,3,4,276,0,0,0,134.0,123.0,155.0,119.42857142857143,120.83333333333333
2025-10-04,MBP16,126,2025,10,4,5,277,1,0,0,121.0,101.0,83.0,119.14285714285714,119.8
2025-10-05,MBP16,107,2025,10,5,6,278,1,0,0,126.0,101.0,98.0,122.71428571428571,120.06666666666666
2025-10-06,MBP16,138,2025,10,6,0,279,0,0,0,107.0,150.0,102.0,123.57142857142857,119.16666666666667
2025-10-07,MBP16,143,2025,10,7,1,280,0,0,0,138.0,114.0,122.0,121.85714285714286,119.9
2025-10-08,MBP16,169,2025,10,8,2,281,0,0,0,143.0,113.0,120.0,126.0,120.63333333333334
2025-10-09,MBP16,154,2025,10,9,3,282,0,0,0,169.0,134.0,132.0,134.0,121.93333333333334
2025-10-10,MBP16,146,2025,10,10,4,283,0,0,0,154.0,121.0,123.0,136.85714285714286,124.03333333333333
2025-10-11,MBP16,145,2025,10,11,5,284,1,0,0,146.0,126.0,101.0,140.42857142857142,123.96666666666667
2025-10-12,MBP16,106,2025,10,12,6,285,1,0,0,145.0,107.0,101.0,143.14285714285714,124.86666666666666
2025-10-13,MBP16,150,2025,10,13,0,286,0,0,0,106.0,138.0,150.0,143.0,124.93333333333334
2025-10-14,MBP16,155,2025,10,14,1,287,0,0,0,150.0,143.0,114.0,144.71428571428572,127.6
2025-10-15,MBP16,111,2025,10,15,2,288,0,0,0,155.0,169.0,113.0,146.42857142857142,128.93333333333334
2025-10-16,MBP16,140,2025,10,16,3,289,0,0,0,111.0,154.0,134.0,138.14285714285714,128.1
2025-10-17,MBP16,111,2025,10,17,4,290,0,0,0,140.0,146.0,121.0,136.14285714285714,128.46666666666667
2025-10-18,MBP16,104,2025,10,18,5,291,1,0,0,111.0,145.0,126.0,131.14285714285714,127.03333333333333
2025-10-19,MBP16,82,2025,10,19,6,292,1,0,0,104.0,106.0,107.0,125.28571428571429,125.8
2025-10-20,MBP16,126,2025,10,20,0,293,0,0,0,82.0,150.0,138.0,121.85714285714286,123.36666666666666
2025-10-21,MBP16,125,2025,10,21,1,294,0,0,0,126.0,155.0,143.0,118.42857142857143,124.8
2025-10-22,MBP16,122,2025,10,22,2,295,0,0,0,125.0,111.0,169.0,114.14285714285714,125.7
2025-10-23,MBP16,114,2025,10,23,3,296,0,0,0,122.0,140.0,154.0,115.71428571428571,126.36666666666666
2025-10-24,MBP16,107,2025,10,24,4,297,0,0,0,114.0,111.0,146.0,112.0,126.1
2025-10-25,MBP16,80,2025,10,25,5,298,1,0,0,107.0,104.0,145.0,111.42857142857143,125.66666666666667
2025-10-26,MBP16,101,2025,10,26,6,299,1,0,0,80.0,82.0,106.0,108.0,123.93333333333334
2025-10-27,MBP16,102,2025,10,27,0,300,0,0,0,101.0,126.0,150.0,110.71428571428571,123.2
2025-10-28,MBP16,97,2025,10,28,1,301,0,0,0,102.0,125.0,155.0,107.28571428571429,123.23333333333333
2025-10-29,MBP16,121,2025,10,29,2,302,0,0,0,97.0,122.0,111.0,103.28571428571429,123.1
2025-10-30,MBP16,101,2025,10,30,3,303,0,0,0,121.0,114.0,140.0,103.14285714285714,122.13333333333334
2025-10-31,MBP16,100,2025,10,31,4,304,0,0,0,101.0,107.0,111.0,101.28571428571429,121.7
2025-11-01,MBP16,72,2025,11,1,5,305,1,0,1,100.0,80.0,104.0,100.28571428571429,121.26666666666667
2025-11-02,MBP16,83,2025,11,2,6,306,1,0,1,72.0,101.0,82.0,99.14285714285714,119.2
2025-11-03,MBP16,113,2025,11,3,0,307,0,0,1,83.0,102.0,126.0,96.57142857142857,117.93333333333334
2025-11-04,MBP16,119,2025,11,4,1,308,0,0,1,113.0,97.0,125.0,98.14285714285714,117.5
2025-11-05,MBP16,129,2025,11,5,2,309,0,0,1,119.0,121.0,122.0,101.28571428571429,117.9
2025-11-06,MBP16,125,2025,11,6,3,310,0,0,1,129.0,101.0,114.0,102.42857142857143,117.6
2025-11-07,MBP16,116,2025,11,7,4,311,0,0,1,125.0,100.0,107.0,105.85714285714286,117.0
2025-11-08,MBP16,90,2025,11,8,5,312,1,0,1,116.0,72.0,80.0,108.14285714285714,115.23333333333333
2025-11-09,MBP16,99,2025,11,9,6,313,1,0,1,90.0,83.0,101.0,110.71428571428571,113.1
2025-11-10,MBP16,141,2025,11,10,0,314,0,0,1,99.0,113.0,102.0,113.0,111.53333333333333
2025-11-11,MBP16,126,2025,11,11,1,315,0,0,1,141.0,119.0,97.0,117.0,111.4
2025-11-12,MBP16,119,2025,11,12,2,316,0,0,1,126.0,129.0,121.0,118.0,112.06666666666666
2025-11-13,MBP16,112,2025,11,13,3,317,0,0,1,119.0,125.0,101.0,116.57142857142857,111.03333333333333
2025-11-14,MBP16,107,2025,11,14,4,318,0,0,1,112.0,116.0,100.0,114.71428571428571,109.6
2025-11-15,MBP16,110,2025,11,15,5,319,1,0,1,107.0,90.0,72.0,113.42857142857143,109.46666666666667
2025-11-16,MBP16,110,2025,11,16,6,320,1,0,1,110.0,99.0,83.0,116.28571428571429,108.46666666666667
2025-11-17,MBP16,145,2025,11,17,0,321,0,0,1,110.0,141.0,113.0,117.85714285714286,108.43333333333334
2025-11-18,MBP16,136,2025,11,18,1,322,0,0,1,145.0,126.0,119.0,118.42857142857143,109.8
2025-11-19,MBP16,164,2025,11,19,2,323,0,0,1,136.0,119.0,129.0,119.85714285714286,111.6
2025-11-20,MBP16,135,2025,11,20,3,324,0,0,1,164.0,112.0,125.0,126.28571428571429,112.86666666666666
2025-11-21,MBP16,162,2025,11,21,4,325,0,0,1,135.0,107.0,116.0,129.57142857142858,113.2
2025-11-22,MBP16,114,2025,11,22,5,326,1,0,1,162.0,110.0,90.0,137.42857142857142,114.53333333333333
2025-11-23,MBP16,108,2025,11,23,6,327,1,0,1,114.0,110.0,99.0,138.0,114.53333333333333
2025-11-24,MBP16,163,2025,11,24,0,328,0,0,1,108.0,145.0,141.0,137.71428571428572,114.56666666666666
2025-11-25,MBP16,163,2025,11,25,1,329,0,0,1,163.0,136.0,126.0,140.28571428571428,117.33333333333333
2025-11-26,MBP16,164,2025,11,26,2,330,0,0,1,163.0,164.0,119.0,144.14285714285714,119.4
2025-11-27,MBP16,161,2025,11,27,3,331,0,0,1,164.0,135.0,112.0,144.14285714285714,121.46666666666667
2025-11-28,MBP16,160,2025,11,28,4,332,0,0,1,161.0,162.0,107.0,147.85714285714286,123.6
2025-11-29,MBP16,162,2025,11,29,5,333,1,0,1,160.0,114.0,110.0,147.57142857142858,124.9
2025-11-30,MBP16,145,2025,11,30,6,334,1,0,1,162.0,108.0,110.0,154.42857142857142,126.93333333333334
2025-12-01,MBP16,180,2025,12,1,0,335,0,0,1,145.0,163.0,145.0,159.71428571428572,128.43333333333334
2025-12-02,MBP16,169,2025,12,2,1,336,0,0,1,180.0,163.0,136.0,162.14285714285714,132.03333333333333
2025-12-03,MBP16,188,2025,12,3,2,337,0,0,1,169.0,164.0,164.0,163.0,134.9
2025-12-04,MBP16,179,2025,12,4,3,338,0,0,1,188.0,161.0,135.0,166.42857142857142,137.4
2025-12-05,MBP16,170,2025,12,5,4,339,0,0,1,179.0,160.0,162.0,169.0,139.4
2025-12-06,MBP16,126,2025,12,6,5,340,1,0,1,170.0,162.0,114.0,170.42857142857142,140.76666666666668
2025-12-07,MBP16,129,2025,12,7,6,341,1,0,1,126.0,145.0,108.0,165.28571428571428,140.8
2025-12-08,MBP16,104,2025,12,8,0,342,0,0,1,129.0,180.0,163.0,163.0,141.23333333333332
2025-12-09,MBP16,172,2025,12,9,1,343,0,0,1,104.0,169.0,163.0,152.14285714285714,141.7
2025-12-10,MBP16,157,2025,12,10,2,344,0,0,1,172.0,188.0,164.0,152.57142857142858,144.13333333333333
2025-12-11,MBP16,198,2025,12,11,3,345,0,0,1,157.0,179.0,161.0,148.14285714285714,144.66666666666666
2025-12-12,MBP16,165,2025,12,12,4,346,0,0,1,198.0,170.0,160.0,150.85714285714286,147.06666666666666
2025-12-13,MBP16,108,2025,12,13,5,347,1,0,1,165.0,126.0,162.0,150.14285714285714,148.6
2025-12-14,MBP16,124,2025,12,14,6,348,1,0,1,108.0,129.0,145.0,147.57142857142858,148.46666666666667
2025-12-15,MBP16,139,2025,12,15,0,349,0,0,1,124.0,104.0,180.0,146.85714285714286,149.03333333333333
2025-12-16,MBP16,166,2025,12,16,1,350,0,0,1,139.0,172.0,169.0,151.85714285714286,150.0
2025-12-17,MBP16,161,2025,12,17,2,351,0,0,1,166.0,157.0,188.0,151.0,151.86666666666667
2025-12-18,MBP16,170,2025,12,18,3,352,0,0,1,161.0,198.0,179.0,151.57142857142858,152.4
2025-12-19,MBP16,136,2025,12,19,4,353,0,0,1,170.0,165.0,170.0,147.57142857142858,153.53333333333333
2025-12-20,MBP16,115,2025,12,20,5,354,1,0,1,136.0,108.0,126.0,143.42857142857142,152.6
2025-12-21,MBP16,94,2025,12,21,6,355,1,0,1,115.0,124.0,129.0,144.42857142857142,151.93333333333334
2025-12-22,MBP16,155,2025,12,22,0,356,0,0,1,94.0,139.0,104.0,140.14285714285714,149.66666666666666
2025-12-23,MBP16,150,2025,12,23,1,357,0,0,1,155.0,166.0,172.0,142.42857142857142,151.03333333333333
2025-12-24,MBP16,147,2025,12,24,2,358,0,0,1,150.0,161.0,157.0,140.14285714285714,152.43333333333334
2025-12-25,MBP16,136,2025,12,25,3,359,0,0,1,147.0,170.0,198.0,138.14285714285714,151.9
2025-12-26,MBP16,141,2025,12,26,4,360,0,0,1,136.0,136.0,165.0,133.28571428571428,151.0
2025-12-27,MBP16,121,2025,12,27,5,361,1,0,1,141.0,115.0,108.0,134.0,150.23333333333332
2025-12-28,MBP16,97,2025,12,28,6,362,1,0,1,121.0,94.0,124.0,134.85714285714286,148.9
2025-12-29,MBP16,130,2025,12,29,0,363,0,0,1,97.0,155.0,139.0,135.28571428571428,146.8
2025-12-30,MBP16,110,2025,12,30,1,364,0,0,1,130.0,150.0,166.0,131.71428571428572,145.73333333333332
2025-12-31,MBP16,111,2025,12,31,2,365,0,0,1,110.0,147.0,161.0,126.0,144.56666666666666
