date,sku_id,units_sold,is_promo,is_stockout,year,month,day_of_week,is_weekend,is_back_to_school,is_holiday_season,lag_1,lag_7,rolling_mean_7,rolling_mean_30,units_sold_diff
2022-01-31,MBA13,291,0,0,2022,1,0,0,0,0,250.0,306.0,275.14285714285717,298.1666666666667,41.0
2022-02-01,MBA13,285,0,0,2022,2,1,0,0,0,291.0,295.0,273.0,300.46666666666664,-6.0
2022-02-02,MBA13,273,0,0,2022,2,2,0,0,0,285.0,272.0,271.57142857142856,301.9,-12.0
2022-02-03,MBA13,324,1,0,2022,2,3,0,0,0,273.0,275.0,271.7142857142857,300.56666666666666,51.0
2022-02-04,MBA13,311,0,0,2022,2,4,0,0,0,324.0,282.0,278.7142857142857,301.1,-13.0
2022-02-05,MBA13,225,0,0,2022,2,5,1,0,0,311.0,246.0,282.85714285714283,301.43333333333334,-86.0
2022-02-06,MBA13,223,0,0,2022,2,6,1,0,0,225.0,250.0,279.85714285714283,299.3666666666667,-2.0
2022-02-07,MBA13,293,0,0,2022,2,0,0,0,0,223.0,291.0,276.0,298.23333333333335,70.0
2022-02-08,MBA13,315,0,0,2022,2,1,0,0,0,293.0,285.0,276.2857142857143,299.6333333333333,22.0
2022-02-09,MBA13,299,0,0,2022,2,2,0,0,0,315.0,273.0,280.57142857142856,302.4,-16.0
2022-02-10,MBA13,288,0,0,2022,2,3,0,0,0,299.0,324.0,284.2857142857143,302.9,-11.0
2022-02-11,MBA13,293,0,0,2022,2,4,0,0,0,288.0,311.0,279.14285714285717,303.0,5.0
2022-02-12,MBA13,575,1,0,2022,2,5,1,0,0,293.0,225.0,276.57142857142856,302.7,282.0
2022-02-13,MBA13,253,0,0,2022,2,6,1,0,0,575.0,223.0,326.57142857142856,312.0,-322.0
2022-02-14,MBA13,287,0,0,2022,2,0,0,0,0,253.0,293.0,330.85714285714283,310.8666666666667,34.0
2022-02-15,MBA13,273,0,0,2022,2,1,0,0,0,287.0,315.0,330.0,300.8666666666667,-14.0
2022-02-16,MBA13,291,0,0,2022,2,2,0,0,0,273.0,299.0,324.0,289.7,18.0
2022-02-17,MBA13,288,0,0,2022,2,3,0,0,0,291.0,288.0,322.85714285714283,290.06666666666666,-3.0
2022-02-18,MBA13,301,0,0,2022,2,4,0,0,0,288.0,293.0,322.85714285714283,289.93333333333334,13.0
2022-02-19,MBA13,254,0,0,2022,2,5,1,0,0,301.0,575.0,324.0,289.8,-47.0
2022-02-20,MBA13,257,0,0,2022,2,6,1,0,0,254.0,253.0,278.14285714285717,288.3,3.0
2022-02-21,MBA13,296,0,0,2022,2,0,0,0,0,257.0,287.0,278.7142857142857,285.76666666666665,39.0
2022-02-22,MBA13,290,0,0,2022,2,1,0,0,0,296.0,273.0,280.0,287.1333333333333,-6.0
2022-02-23,MBA13,289,0,0,2022,2,2,0,0,0,290.0,291.0,282.42857142857144,290.3666666666667,-1.0
2022-02-24,MBA13,257,0,0,2022,2,3,0,0,0,289.0,288.0,282.14285714285717,289.8,-32.0
2022-02-25,MBA13,299,0,0,2022,2,4,0,0,0,257.0,301.0,277.7142857142857,288.53333333333336,42.0
2022-02-26,MBA13,244,0,0,2022,2,5,1,0,0,299.0,254.0,277.42857142857144,289.43333333333334,-55.0
2022-02-27,MBA13,236,0,0,2022,2,6,1,0,0,244.0,257.0,276.0,288.4,-8.0
2022-02-28,MBA13,281,0,0,2022,2,0,0,0,0,236.0,296.0,273.0,286.8666666666667,45.0
2022-03-01,MBA13,255,0,1,2022,3,1,0,0,0,281.0,290.0,270.85714285714283,288.03333333333336,-26.0
2022-03-02,MBA13,235,0,1,2022,3,2,0,0,0,255.0,289.0,265.85714285714283,288.2,-20.0
2022-03-03,MBA13,271,0,0,2022,3,3,0,0,0,235.0,257.0,258.14285714285717,286.3333333333333,36.0
2022-03-04,MBA13,295,0,0,2022,3,4,0,0,0,271.0,299.0,260.14285714285717,285.8666666666667,24.0
2022-03-05,MBA13,232,0,0,2022,3,5,1,0,0,295.0,244.0,259.57142857142856,286.6,-63.0
2022-03-06,MBA13,602,1,0,2022,3,6,1,0,0,232.0,236.0,257.85714285714283,283.53333333333336,370.0
2022-03-07,MBA13,290,0,0,2022,3,0,0,0,0,602.0,281.0,310.14285714285717,293.23333333333335,-312.0
2022-03-08,MBA13,299,0,0,2022,3,1,0,0,0,290.0,255.0,311.42857142857144,295.4,9.0
2022-03-09,MBA13,294,0,0,2022,3,2,0,0,0,299.0,235.0,317.7142857142857,297.93333333333334,-5.0
2022-03-10,MBA13,283,0,0,2022,3,3,0,0,0,294.0,271.0,326.14285714285717,297.96666666666664,-11.0
2022-03-11,MBA13,305,0,0,2022,3,4,0,0,0,283.0,295.0,327.85714285714283,296.9,22.0
2022-03-12,MBA13,258,0,0,2022,3,5,1,0,0,305.0,232.0,329.2857142857143,297.1,-47.0
2022-03-13,MBA13,257,0,0,2022,3,6,1,0,0,258.0,602.0,333.0,296.1,-1.0
2022-03-14,MBA13,302,1,0,2022,3,0,0,0,0,257.0,290.0,283.7142857142857,294.9,45.0
2022-03-15,MBA13,307,0,0,2022,3,1,0,0,0,302.0,299.0,285.42857142857144,285.8,5.0
2022-03-16,MBA13,333,1,0,2022,3,2,0,0,0,307.0,294.0,286.57142857142856,287.6,26.0
2022-03-17,MBA13,321,1,0,2022,3,3,0,0,0,333.0,283.0,292.14285714285717,289.1333333333333,-12.0
2022-03-18,MBA13,303,0,0,2022,3,4,0,0,0,321.0,305.0,297.57142857142856,290.73333333333335,-18.0
2022-03-19,MBA13,221,0,0,2022,3,5,1,0,0,303.0,258.0,297.2857142857143,291.1333333333333,-82.0
2022-03-20,MBA13,247,0,0,2022,3,6,1,0,0,221.0,257.0,292.0,288.9,26.0
2022-03-21,MBA13,292,0,0,2022,3,0,0,0,0,247.0,302.0,290.57142857142856,287.1,45.0
2022-03-22,MBA13,289,0,0,2022,3,1,0,0,0,292.0,307.0,289.14285714285717,288.3666666666667,-3.0
2022-03-23,MBA13,302,0,0,2022,3,2,0,0,0,289.0,333.0,286.57142857142856,289.43333333333334,13.0
2022-03-24,MBA13,313,0,0,2022,3,3,0,0,0,302.0,321.0,282.14285714285717,289.6333333333333,11.0
2022-03-25,MBA13,330,0,0,2022,3,4,0,0,0,313.0,303.0,281.0,290.4,17.0
2022-03-26,MBA13,575,1,0,2022,3,5,1,0,0,330.0,221.0,284.85714285714283,291.76666666666665,245.0
2022-03-27,MBA13,255,0,0,2022,3,6,1,0,0,575.0,247.0,335.42857142857144,302.3666666666667,-320.0
2022-03-28,MBA13,303,0,0,2022,3,0,0,0,0,255.0,292.0,336.57142857142856,300.9,48.0
2022-03-29,MBA13,326,1,0,2022,3,1,0,0,0,303.0,289.0,338.14285714285717,302.8666666666667,23.0
2022-03-30,MBA13,297,0,0,2022,3,2,0,0,0,326.0,302.0,343.42857142857144,305.8666666666667,-29.0
2022-03-31,MBA13,321,1,0,2022,3,3,0,0,0,297.0,313.0,342.7142857142857,306.4,24.0
2022-04-01,MBA13,296,0,0,2022,4,4,0,0,0,321.0,330.0,343.85714285714283,308.6,-25.0
2022-04-02,MBA13,221,0,0,2022,4,5,1,0,0,296.0,575.0,339.0,310.6333333333333,-75.0
2022-04-03,MBA13,248,0,0,2022,4,6,1,0,0,221.0,255.0,288.42857142857144,308.96666666666664,27.0
2022-04-04,MBA13,281,0,0,2022,4,0,0,0,0,248.0,303.0,287.42857142857144,307.4,33.0
2022-04-05,MBA13,305,0,0,2022,4,1,0,0,0,281.0,326.0,284.2857142857143,309.03333333333336,24.0
2022-04-06,MBA13,312,0,0,2022,4,2,0,0,0,305.0,297.0,281.2857142857143,299.1333333333333,7.0
2022-04-07,MBA13,282,0,0,2022,4,3,0,0,0,312.0,321.0,283.42857142857144,299.8666666666667,-30.0
2022-04-08,MBA13,296,0,0,2022,4,4,0,0,0,282.0,296.0,277.85714285714283,299.3,14.0
2022-04-09,MBA13,250,0,0,2022,4,5,1,0,0,296.0,221.0,277.85714285714283,299.3666666666667,-46.0
2022-04-10,MBA13,235,0,0,2022,4,6,1,0,0,250.0,248.0,282.0,298.26666666666665,-15.0
2022-04-11,MBA13,332,0,0,2022,4,0,0,0,0,235.0,281.0,280.14285714285717,295.93333333333334,97.0
2022-04-12,MBA13,295,0,0,2022,4,1,0,0,0,332.0,305.0,287.42857142857144,298.4,-37.0
2022-04-13,MBA13,281,0,0,2022,4,2,0,0,0,295.0,312.0,286.0,299.6666666666667,-14.0
2022-04-14,MBA13,322,1,0,2022,4,3,0,0,0,281.0,282.0,281.57142857142856,298.96666666666664,41.0
2022-04-15,MBA13,292,0,0,2022,4,4,0,0,0,322.0,296.0,287.2857142857143,299.46666666666664,-30.0
2022-04-16,MBA13,201,0,1,2022,4,5,1,0,0,292.0,250.0,286.7142857142857,298.1,-91.0
2022-04-17,MBA13,184,0,1,2022,4,6,1,0,0,201.0,235.0,279.7142857142857,294.1,-17.0
2022-04-18,MBA13,305,0,0,2022,4,0,0,0,0,184.0,332.0,272.42857142857144,290.1333333333333,121.0
2022-04-19,MBA13,281,0,0,2022,4,1,0,0,0,305.0,295.0,268.57142857142856,292.93333333333334,-24.0
2022-04-20,MBA13,287,0,0,2022,4,2,0,0,0,281.0,281.0,266.57142857142856,294.06666666666666,6.0
2022-04-21,MBA13,303,0,0,2022,4,3,0,0,0,287.0,322.0,267.42857142857144,293.9,16.0
2022-04-22,MBA13,333,1,0,2022,4,4,0,0,0,303.0,292.0,264.7142857142857,294.3666666666667,30.0
2022-04-23,MBA13,253,0,0,2022,4,5,1,0,0,333.0,201.0,270.57142857142856,295.4,-80.0
2022-04-24,MBA13,239,0,0,2022,4,6,1,0,0,253.0,184.0,278.0,293.4,-14.0
2022-04-25,MBA13,281,0,0,2022,4,0,0,0,0,239.0,305.0,285.85714285714283,290.3666666666667,42.0
2022-04-26,MBA13,313,0,0,2022,4,1,0,0,0,281.0,281.0,282.42857142857144,280.56666666666666,32.0
2022-04-27,MBA13,298,0,0,2022,4,2,0,0,0,313.0,287.0,287.0,282.5,-15.0
2022-04-28,MBA13,298,0,0,2022,4,3,0,0,0,298.0,303.0,288.57142857142856,282.3333333333333,0.0
2022-04-29,MBA13,314,0,0,2022,4,4,0,0,0,298.0,333.0,287.85714285714283,281.4,16.0
2022-04-30,MBA13,238,0,0,2022,4,5,1,0,0,314.0,253.0,285.14285714285717,281.96666666666664,-76.0
2022-05-01,MBA13,241,0,0,2022,5,6,1,0,0,238.0,239.0,283.0,279.2,3.0
2022-05-02,MBA13,296,0,0,2022,5,0,0,0,0,241.0,281.0,283.2857142857143,277.3666666666667,55.0
2022-05-03,MBA13,296,0,0,2022,5,1,0,0,0,296.0,313.0,285.42857142857144,279.8666666666667,0.0
2022-05-04,MBA13,297,1,0,2022,5,2,0,0,0,296.0,298.0,283.0,281.46666666666664,1.0
2022-05-05,MBA13,269,0,0,2022,5,3,0,0,0,297.0,298.0,282.85714285714283,282.0,-28.0
2022-05-06,MBA13,299,0,0,2022,5,4,0,0,0,269.0,314.0,278.7142857142857,280.8,30.0
2022-05-07,MBA13,582,1,0,2022,5,5,1,0,0,299.0,238.0,276.57142857142856,280.3666666666667,283.0
2022-05-08,MBA13,233,0,0,2022,5,6,1,0,0,582.0,241.0,325.7142857142857,290.3666666666667,-349.0
2022-05-09,MBA13,302,0,0,2022,5,0,0,0,0,233.0,296.0,324.57142857142856,288.26666666666665,69.0
2022-05-10,MBA13,291,1,0,2022,5,1,0,0,0,302.0,296.0,325.42857142857144,290.0,-11.0
2022-05-11,MBA13,342,1,0,2022,5,2,0,0,0,291.0,297.0,324.7142857142857,291.8666666666667,51.0
2022-05-12,MBA13,320,0,0,2022,5,3,0,0,0,342.0,269.0,331.14285714285717,292.2,-22.0
2022-05-13,MBA13,294,0,0,2022,5,4,0,0,0,320.0,299.0,338.42857142857144,293.03333333333336,-26.0
2022-05-14,MBA13,244,0,0,2022,5,5,1,0,0,294.0,582.0,337.7142857142857,293.46666666666664,-50.0
2022-05-15,MBA13,232,0,0,2022,5,6,1,0,0,244.0,233.0,289.42857142857144,290.8666666666667,-12.0
2022-05-16,MBA13,285,1,0,2022,5,0,0,0,0,232.0,302.0,289.2857142857143,288.8666666666667,53.0
2022-05-17,MBA13,298,1,0,2022,5,1,0,0,0,285.0,291.0,286.85714285714283,291.6666666666667,13.0
2022-05-18,MBA13,317,0,0,2022,5,2,0,0,0,298.0,342.0,287.85714285714283,295.46666666666664,19.0
2022-05-19,MBA13,298,0,0,2022,5,3,0,0,0,317.0,320.0,284.2857142857143,295.8666666666667,-19.0
2022-05-20,MBA13,271,0,0,2022,5,4,0,0,0,298.0,294.0,281.14285714285717,296.43333333333334,-27.0
2022-05-21,MBA13,243,0,0,2022,5,5,1,0,0,271.0,244.0,277.85714285714283,295.9,-28.0
2022-05-22,MBA13,261,0,0,2022,5,6,1,0,0,243.0,232.0,277.7142857142857,293.9,18.0
2022-05-23,MBA13,284,0,0,2022,5,0,0,0,0,261.0,285.0,281.85714285714283,291.5,23.0
2022-05-24,MBA13,276,0,0,2022,5,1,0,0,0,284.0,298.0,281.7142857142857,292.53333333333336,-8.0
2022-05-25,MBA13,305,1,0,2022,5,2,0,0,0,276.0,317.0,278.57142857142856,293.76666666666665,29.0
2022-05-26,MBA13,335,1,0,2022,5,3,0,0,0,305.0,298.0,276.85714285714283,294.56666666666666,30.0
2022-05-27,MBA13,276,0,0,2022,5,4,0,0,0,335.0,271.0,282.14285714285717,295.3,-59.0
2022-05-28,MBA13,237,0,0,2022,5,5,1,0,0,276.0,243.0,282.85714285714283,294.56666666666666,-39.0
2022-05-29,MBA13,260,0,0,2022,5,6,1,0,0,237.0,261.0,282.0,292.53333333333336,23.0
2022-05-30,MBA13,327,1,0,2022,5,0,0,0,0,260.0,284.0,281.85714285714283,290.73333333333335,67.0
2022-05-31,MBA13,295,0,0,2022,5,1,0,0,0,327.0,276.0,288.0,293.7,-32.0
2022-06-01,MBA13,327,0,0,2022,6,2,0,0,0,295.0,305.0,290.7142857142857,295.5,32.0
2022-06-02,MBA13,291,0,0,2022,6,3,0,0,0,327.0,335.0,293.85714285714283,296.53333333333336,-36.0
2022-06-03,MBA13,295,0,0,2022,6,4,0,0,0,291.0,276.0,287.57142857142856,296.3666666666667,4.0
2022-06-04,MBA13,211,0,0,2022,6,5,1,0,0,295.0,237.0,290.2857142857143,296.3,-84.0
2022-06-05,MBA13,256,0,0,2022,6,6,1,0,0,211.0,260.0,286.57142857142856,294.3666666666667,45.0
2022-06-06,MBA13,304,0,0,2022,6,0,0,0,0,256.0,327.0,286.0,292.93333333333334,48.0
2022-06-07,MBA13,295,0,0,2022,6,1,0,0,0,304.0,295.0,282.7142857142857,283.6666666666667,-9.0
2022-06-08,MBA13,228,0,1,2022,6,2,0,0,0,295.0,327.0,282.7142857142857,285.73333333333335,-67.0
2022-06-09,MBA13,297,0,0,2022,6,3,0,0,0,228.0,291.0,268.57142857142856,283.26666666666665,69.0
2022-06-10,MBA13,285,0,0,2022,6,4,0,0,0,297.0,295.0,269.42857142857144,283.46666666666664,-12.0
2022-06-11,MBA13,233,0,0,2022,6,5,1,0,0,285.0,211.0,268.0,281.56666666666666,-52.0
2022-06-12,MBA13,243,0,0,2022,6,6,1,0,0,233.0,256.0,271.14285714285717,278.6666666666667,10.0
2022-06-13,MBA13,302,0,0,2022,6,0,0,0,0,243.0,304.0,269.2857142857143,276.96666666666664,59.0
2022-06-14,MBA13,302,0,0,2022,6,1,0,0,0,302.0,295.0,269.0,278.9,0.0
2022-06-15,MBA13,284,0,0,2022,6,2,0,0,0,302.0,228.0,270.0,281.23333333333335,-18.0
2022-06-16,MBA13,210,0,1,2022,6,3,0,0,0,284.0,297.0,278.0,281.2,-74.0
2022-06-17,MBA13,277,0,0,2022,6,4,0,0,0,210.0,285.0,265.57142857142856,278.26666666666665,67.0
2022-06-18,MBA13,260,0,0,2022,6,5,1,0,0,277.0,233.0,264.42857142857144,276.93333333333334,-17.0
2022-06-19,MBA13,232,0,0,2022,6,6,1,0,0,260.0,243.0,268.2857142857143,275.6666666666667,-28.0
2022-06-20,MBA13,294,0,0,2022,6,0,0,0,0,232.0,302.0,266.7142857142857,274.3666666666667,62.0
2022-06-21,MBA13,307,0,0,2022,6,1,0,0,0,294.0,302.0,265.57142857142856,276.06666666666666,13.0
2022-06-22,MBA13,291,0,0,2022,6,2,0,0,0,307.0,284.0,266.2857142857143,277.6,-16.0
2022-06-23,MBA13,321,1,0,2022,6,3,0,0,0,291.0,210.0,267.2857142857143,277.8333333333333,30.0
2022-06-24,MBA13,290,0,0,2022,6,4,0,0,0,321.0,277.0,283.14285714285717,279.3333333333333,-31.0
2022-06-25,MBA13,182,0,1,2022,6,5,1,0,0,290.0,260.0,285.0,278.8333333333333,-108.0
2022-06-26,MBA13,217,0,1,2022,6,6,1,0,0,182.0,232.0,273.85714285714283,273.73333333333335,35.0
2022-06-27,MBA13,309,0,0,2022,6,0,0,0,0,217.0,294.0,271.7142857142857,271.76666666666665,92.0
2022-06-28,MBA13,311,0,0,2022,6,1,0,0,0,309.0,307.0,273.85714285714283,274.1666666666667,2.0
2022-06-29,MBA13,277,0,0,2022,6,2,0,0,0,311.0,291.0,274.42857142857144,275.8666666666667,-34.0
2022-06-30,MBA13,284,0,0,2022,6,3,0,0,0,277.0,321.0,272.42857142857144,274.2,7.0
2022-07-01,MBA13,294,0,0,2022,7,4,0,0,0,284.0,290.0,267.14285714285717,273.8333333333333,10.0
2022-07-02,MBA13,234,0,0,2022,7,5,1,0,0,294.0,182.0,267.7142857142857,272.73333333333335,-60.0
2022-07-03,MBA13,249,0,0,2022,7,6,1,0,0,234.0,217.0,275.14285714285717,270.8333333333333,15.0
2022-07-04,MBA13,303,0,0,2022,7,0,0,0,0,249.0,309.0,279.7142857142857,269.3,54.0
2022-07-05,MBA13,313,0,0,2022,7,1,0,0,0,303.0,311.0,278.85714285714283,272.3666666666667,10.0
2022-07-06,MBA13,303,1,0,2022,7,2,0,0,0,313.0,277.0,279.14285714285717,274.26666666666665,-10.0
2022-07-07,MBA13,297,0,0,2022,7,3,0,0,0,303.0,284.0,282.85714285714283,274.23333333333335,-6.0
2022-07-08,MBA13,310,0,0,2022,7,4,0,0,0,297.0,294.0,284.7142857142857,274.3,13.0
2022-07-09,MBA13,231,0,0,2022,7,5,1,0,0,310.0,234.0,287.0,277.03333333333336,-79.0
2022-07-10,MBA13,181,0,1,2022,7,6,1,0,0,231.0,249.0,286.57142857142856,274.8333333333333,-50.0
2022-07-11,MBA13,328,1,0,2022,7,0,0,0,0,181.0,303.0,276.85714285714283,271.3666666666667,147.0
2022-07-12,MBA13,265,0,0,2022,7,1,0,0,0,328.0,313.0,280.42857142857144,274.53333333333336,-63.0
2022-07-13,MBA13,316,0,0,2022,7,2,0,0,0,265.0,303.0,273.57142857142856,275.26666666666665,51.0
2022-07-14,MBA13,290,0,0,2022,7,3,0,0,0,316.0,297.0,275.42857142857144,275.73333333333335,-26.0
2022-07-15,MBA13,294,0,0,2022,7,4,0,0,0,290.0,310.0,274.42857142857144,275.3333333333333,4.0
2022-07-16,MBA13,613,1,0,2022,7,5,1,0,0,294.0,231.0,272.14285714285717,275.6666666666667,319.0
2022-07-17,MBA13,249,0,0,2022,7,6,1,0,0,613.0,181.0,326.7142857142857,289.1,-364.0
2022-07-18,MBA13,215,0,1,2022,7,0,0,0,0,249.0,328.0,336.42857142857144,288.1666666666667,-34.0
2022-07-19,MBA13,282,0,0,2022,7,1,0,0,0,215.0,265.0,320.2857142857143,286.6666666666667,67.0
2022-07-20,MBA13,295,0,0,2022,7,2,0,0,0,282.0,316.0,322.7142857142857,288.3333333333333,13.0
2022-07-21,MBA13,249,0,1,2022,7,3,0,0,0,295.0,290.0,319.7142857142857,288.3666666666667,-46.0
2022-07-22,MBA13,315,1,0,2022,7,4,0,0,0,249.0,294.0,313.85714285714283,286.43333333333334,66.0
2022-07-23,MBA13,239,0,0,2022,7,5,1,0,0,315.0,613.0,316.85714285714283,287.23333333333335,-76.0
2022-07-24,MBA13,232,0,0,2022,7,6,1,0,0,239.0,249.0,263.42857142857144,284.5,-7.0
2022-07-25,MBA13,320,0,0,2022,7,0,0,0,0,232.0,215.0,261.0,282.56666666666666,88.0
2022-07-26,MBA13,292,0,0,2022,7,1,0,0,0,320.0,282.0,276.0,287.1666666666667,-28.0
2022-07-27,MBA13,308,0,0,2022,7,2,0,0,0,292.0,295.0,277.42857142857144,289.6666666666667,16.0
2022-07-28,MBA13,292,0,0,2022,7,3,0,0,0,308.0,249.0,279.2857142857143,289.6333333333333,-16.0
2022-07-29,MBA13,275,0,0,2022,7,4,0,0,0,292.0,315.0,285.42857142857144,289.0,-17.0
2022-07-30,MBA13,211,0,0,2022,7,5,1,0,0,275.0,239.0,279.7142857142857,288.93333333333334,-64.0
2022-07-31,MBA13,243,0,0,2022,7,6,1,0,0,211.0,232.0,275.7142857142857,286.5,32.0
2022-08-01,MBA13,407,0,0,2022,8,0,0,1,0,243.0,320.0,277.2857142857143,284.8,164.0
2022-08-02,MBA13,418,0,0,2022,8,1,0,1,0,407.0,292.0,289.7142857142857,290.56666666666666,11.0
2022-08-03,MBA13,396,0,0,2022,8,2,0,1,0,418.0,308.0,307.7142857142857,296.2,-22.0
2022-08-04,MBA13,393,0,0,2022,8,3,0,1,0,396.0,292.0,320.2857142857143,299.3,-3.0
2022-08-05,MBA13,322,0,1,2022,8,4,0,1,0,393.0,275.0,334.7142857142857,301.96666666666664,-71.0
2022-08-06,MBA13,306,0,0,2022,8,5,1,1,0,322.0,211.0,341.42857142857144,302.6,-16.0
2022-08-07,MBA13,261,0,1,2022,8,6,1,1,0,306.0,243.0,355.0,302.9,-45.0
2022-08-08,MBA13,401,0,0,2022,8,0,0,1,0,261.0,407.0,357.57142857142856,301.26666666666665,140.0
2022-08-09,MBA13,395,0,0,2022,8,1,0,1,0,401.0,418.0,356.7142857142857,306.93333333333334,-6.0
2022-08-10,MBA13,396,0,0,2022,8,2,0,1,0,395.0,396.0,353.42857142857144,314.06666666666666,1.0
2022-08-11,MBA13,418,0,0,2022,8,3,0,1,0,396.0,393.0,353.42857142857144,316.3333333333333,22.0
2022-08-12,MBA13,401,0,0,2022,8,4,0,1,0,418.0,322.0,357.0,321.43333333333334,-17.0
2022-08-13,MBA13,317,0,0,2022,8,5,1,1,0,401.0,306.0,368.2857142857143,324.26666666666665,-84.0
2022-08-14,MBA13,299,0,0,2022,8,6,1,1,0,317.0,261.0,369.85714285714283,325.1666666666667,-18.0
2022-08-15,MBA13,298,0,1,2022,8,0,0,1,0,299.0,401.0,375.2857142857143,325.3333333333333,-1.0
2022-08-16,MBA13,404,0,0,2022,8,1,0,1,0,298.0,395.0,360.57142857142856,314.8333333333333,106.0
2022-08-17,MBA13,385,0,0,2022,8,2,0,1,0,404.0,396.0,361.85714285714283,320.0,-19.0
2022-08-18,MBA13,393,0,0,2022,8,3,0,1,0,385.0,418.0,360.2857142857143,325.6666666666667,8.0
2022-08-19,MBA13,399,0,0,2022,8,4,0,1,0,393.0,401.0,356.7142857142857,329.3666666666667,6.0
2022-08-20,MBA13,343,0,0,2022,8,5,1,1,0,399.0,317.0,356.42857142857144,332.8333333333333,-56.0
2022-08-21,MBA13,336,0,0,2022,8,6,1,1,0,343.0,299.0,360.14285714285717,335.96666666666664,-7.0
2022-08-22,MBA13,399,0,0,2022,8,0,0,1,0,336.0,298.0,365.42857142857144,336.6666666666667,63.0
2022-08-23,MBA13,418,0,0,2022,8,1,0,1,0,399.0,404.0,379.85714285714283,342.0,19.0
2022-08-24,MBA13,409,0,0,2022,8,2,0,1,0,418.0,385.0,381.85714285714283,348.2,-9.0
2022-08-25,MBA13,373,0,0,2022,8,3,0,1,0,409.0,393.0,385.2857142857143,351.1666666666667,-36.0
2022-08-26,MBA13,417,0,0,2022,8,4,0,1,0,373.0,399.0,382.42857142857144,353.8666666666667,44.0
2022-08-27,MBA13,324,0,0,2022,8,5,1,1,0,417.0,343.0,385.0,357.5,-93.0
2022-08-28,MBA13,291,0,0,2022,8,6,1,1,0,324.0,336.0,382.2857142857143,358.56666666666666,-33.0
2022-08-29,MBA13,411,0,0,2022,8,0,0,1,0,291.0,399.0,375.85714285714283,359.1,120.0
2022-08-30,MBA13,402,0,0,2022,8,1,0,1,0,411.0,418.0,377.57142857142856,365.76666666666665,-9.0
2022-08-31,MBA13,397,0,0,2022,8,2,0,1,0,402.0,409.0,375.2857142857143,371.06666666666666,-5.0
2022-09-01,MBA13,408,0,0,2022,9,3,0,1,0,397.0,373.0,373.57142857142856,370.73333333333335,11.0
2022-09-02,MBA13,397,0,0,2022,9,4,0,1,0,408.0,417.0,378.57142857142856,370.4,-11.0
2022-09-03,MBA13,327,0,0,2022,9,5,1,1,0,397.0,324.0,375.7142857142857,370.43333333333334,-70.0
2022-09-04,MBA13,320,0,0,2022,9,6,1,1,0,327.0,291.0,376.14285714285717,368.23333333333335,-7.0
2022-09-05,MBA13,396,0,0,2022,9,0,0,1,0,320.0,411.0,380.2857142857143,368.1666666666667,76.0
2022-09-06,MBA13,381,0,0,2022,9,1,0,1,0,396.0,402.0,378.14285714285717,371.1666666666667,-15.0
2022-09-07,MBA13,404,0,0,2022,9,2,0,1,0,381.0,397.0,375.14285714285717,375.1666666666667,23.0
2022-09-08,MBA13,426,0,0,2022,9,3,0,1,0,404.0,408.0,376.14285714285717,375.26666666666665,22.0
2022-09-09,MBA13,392,0,0,2022,9,4,0,1,0,426.0,397.0,378.7142857142857,376.3,-34.0
2022-09-10,MBA13,310,0,0,2022,9,5,1,1,0,392.0,327.0,378.0,376.1666666666667,-82.0
2022-09-11,MBA13,795,1,0,2022,9,6,1,1,0,310.0,320.0,375.57142857142856,372.56666666666666,485.0
2022-09-12,MBA13,377,0,0,2022,9,0,0,1,0,795.0,396.0,443.42857142857144,385.7,-418.0
2022-09-13,MBA13,394,0,0,2022,9,1,0,1,0,377.0,381.0,440.7142857142857,387.7,17.0
2022-09-14,MBA13,395,0,0,2022,9,2,0,1,0,394.0,404.0,442.57142857142856,390.8666666666667,1.0
2022-09-15,MBA13,397,0,0,2022,9,3,0,1,0,395.0,426.0,441.2857142857143,394.1,2.0
2022-09-16,MBA13,409,0,0,2022,9,4,0,1,0,397.0,392.0,437.14285714285717,393.8666666666667,12.0
2022-09-17,MBA13,313,0,0,2022,9,5,1,1,0,409.0,310.0,439.57142857142856,394.6666666666667,-96.0
2022-09-18,MBA13,314,0,0,2022,9,6,1,1,0,313.0,795.0,440.0,392.0,1.0
2022-09-19,MBA13,380,0,0,2022,9,0,0,1,0,314.0,377.0,371.2857142857143,389.1666666666667,66.0
2022-09-20,MBA13,388,0,0,2022,9,1,0,1,0,380.0,394.0,371.7142857142857,390.4,8.0
2022-09-21,MBA13,366,0,0,2022,9,2,0,1,0,388.0,395.0,370.85714285714283,392.1333333333333,-22.0
2022-09-22,MBA13,429,1,0,2022,9,3,0,1,0,366.0,397.0,366.7142857142857,391.03333333333336,63.0
2022-09-23,MBA13,383,0,0,2022,9,4,0,1,0,429.0,409.0,371.2857142857143,391.4,-46.0
2022-09-24,MBA13,308,0,0,2022,9,5,1,1,0,383.0,313.0,367.57142857142856,390.53333333333336,-75.0
2022-09-25,MBA13,322,0,0,2022,9,6,1,1,0,308.0,314.0,366.85714285714283,388.3666666666667,14.0
2022-09-26,MBA13,386,0,0,2022,9,0,0,1,0,322.0,380.0,368.0,385.2,64.0
2022-09-27,MBA13,384,0,0,2022,9,1,0,1,0,386.0,388.0,368.85714285714283,387.26666666666665,-2.0
2022-09-28,MBA13,402,1,0,2022,9,2,0,1,0,384.0,366.0,368.2857142857143,390.3666666666667,18.0
2022-09-29,MBA13,388,0,0,2022,9,3,0,1,0,402.0,429.0,373.42857142857144,390.06666666666666,-14.0
2022-09-30,MBA13,400,0,0,2022,9,4,0,1,0,388.0,383.0,367.57142857142856,389.6,12.0
2022-10-01,MBA13,251,0,0,2022,10,5,1,0,0,400.0,308.0,370.0,389.7,-149.0
2022-10-02,MBA13,226,0,0,2022,10,6,1,0,0,251.0,322.0,361.85714285714283,384.46666666666664,-25.0
2022-10-03,MBA13,294,0,0,2022,10,0,0,0,0,226.0,386.0,348.14285714285717,378.76666666666665,68.0
2022-10-04,MBA13,288,0,0,2022,10,1,0,0,0,294.0,384.0,335.0,377.6666666666667,-6.0
2022-10-05,MBA13,316,0,0,2022,10,2,0,0,0,288.0,402.0,321.2857142857143,376.6,28.0
2022-10-06,MBA13,314,0,0,2022,10,3,0,0,0,316.0,388.0,309.0,373.93333333333334,-2.0
2022-10-07,MBA13,276,0,0,2022,10,4,0,0,0,314.0,400.0,298.42857142857144,371.7,-38.0
2022-10-08,MBA13,238,0,0,2022,10,5,1,0,0,276.0,251.0,280.7142857142857,367.43333333333334,-38.0
2022-10-09,MBA13,240,0,0,2022,10,6,1,0,0,238.0,226.0,278.85714285714283,361.1666666666667,2.0
2022-10-10,MBA13,288,0,0,2022,10,0,0,0,0,240.0,294.0,280.85714285714283,356.1,48.0
2022-10-11,MBA13,285,0,0,2022,10,1,0,0,0,288.0,288.0,280.0,355.3666666666667,-3.0
2022-10-12,MBA13,282,0,0,2022,10,2,0,0,0,285.0,316.0,279.57142857142856,338.3666666666667,-3.0
2022-10-13,MBA13,286,0,0,2022,10,3,0,0,0,282.0,314.0,274.7142857142857,335.2,4.0
2022-10-14,MBA13,274,1,0,2022,10,4,0,0,0,286.0,276.0,270.7142857142857,331.6,-12.0
2022-10-15,MBA13,200,0,1,2022,10,5,1,0,0,274.0,238.0,270.42857142857144,327.56666666666666,-74.0
2022-10-16,MBA13,243,0,0,2022,10,6,1,0,0,200.0,240.0,265.0,321.0,43.0
2022-10-17,MBA13,293,0,0,2022,10,0,0,0,0,243.0,288.0,265.42857142857144,315.46666666666664,50.0
2022-10-18,MBA13,284,0,0,2022,10,1,0,0,0,293.0,285.0,266.14285714285717,314.8,-9.0
2022-10-19,MBA13,287,0,0,2022,10,2,0,0,0,284.0,282.0,266.0,313.8,3.0
2022-10-20,MBA13,323,0,0,2022,10,3,0,0,0,287.0,286.0,266.7142857142857,310.7,36.0
2022-10-21,MBA13,317,0,0,2022,10,4,0,0,0,323.0,274.0,272.0,308.53333333333336,-6.0
2022-10-22,MBA13,230,0,0,2022,10,5,1,0,0,317.0,200.0,278.14285714285717,306.9,-87.0
2022-10-23,MBA13,224,0,0,2022,10,6,1,0,0,230.0,243.0,282.42857142857144,300.26666666666665,-6.0
2022-10-24,MBA13,288,0,0,2022,10,0,0,0,0,224.0,293.0,279.7142857142857,294.96666666666664,64.0
2022-10-25,MBA13,290,0,0,2022,10,1,0,0,0,288.0,284.0,279.0,294.3,2.0
2022-10-26,MBA13,278,0,0,2022,10,2,0,0,0,290.0,287.0,279.85714285714283,293.23333333333335,-12.0
2022-10-27,MBA13,298,0,0,2022,10,3,0,0,0,278.0,323.0,278.57142857142856,289.6333333333333,20.0
2022-10-28,MBA13,292,0,0,2022,10,4,0,0,0,298.0,317.0,275.0,286.76666666666665,-6.0
2022-10-29,MBA13,232,0,0,2022,10,5,1,0,0,292.0,230.0,271.42857142857144,283.1,-60.0
2022-10-30,MBA13,587,1,0,2022,10,6,1,0,0,232.0,224.0,271.7142857142857,277.9,355.0
2022-10-31,MBA13,305,0,0,2022,10,0,0,0,0,587.0,288.0,323.57142857142856,284.1333333333333,-282.0
2022-11-01,MBA13,416,0,0,2022,11,1,0,0,1,305.0,290.0,326.0,285.93333333333334,111.0
2022-11-02,MBA13,460,0,0,2022,11,2,0,0,1,416.0,278.0,344.0,292.26666666666665,44.0
2022-11-03,MBA13,429,0,0,2022,11,3,0,0,1,460.0,298.0,370.0,297.8,-31.0
2022-11-04,MBA13,428,0,0,2022,11,4,0,0,1,429.0,292.0,388.7142857142857,302.5,-1.0
2022-11-05,MBA13,870,1,0,2022,11,5,1,0,1,428.0,232.0,408.14285714285717,306.23333333333335,442.0
2022-11-06,MBA13,367,0,0,2022,11,6,1,0,1,870.0,587.0,499.2857142857143,324.76666666666665,-503.0
2022-11-07,MBA13,418,0,0,2022,11,0,0,0,1,367.0,305.0,467.85714285714283,327.8,51.0
2022-11-08,MBA13,435,0,0,2022,11,1,0,0,1,418.0,416.0,484.0,333.8,17.0
2022-11-09,MBA13,434,0,0,2022,11,2,0,0,1,435.0,460.0,486.7142857142857,340.3,-1.0
2022-11-10,MBA13,441,0,0,2022,11,3,0,0,1,434.0,429.0,483.0,345.1666666666667,7.0
2022-11-11,MBA13,423,0,0,2022,11,4,0,0,1,441.0,428.0,484.7142857142857,350.3666666666667,-18.0
2022-11-12,MBA13,358,0,0,2022,11,5,1,0,1,423.0,870.0,484.0,355.06666666666666,-65.0
2022-11-13,MBA13,336,0,0,2022,11,6,1,0,1,358.0,367.0,410.85714285714283,357.46666666666664,-22.0
2022-11-14,MBA13,395,0,0,2022,11,0,0,0,1,336.0,418.0,406.42857142857144,359.53333333333336,59.0
2022-11-15,MBA13,404,0,0,2022,11,1,0,0,1,395.0,435.0,403.14285714285717,366.03333333333336,9.0
2022-11-16,MBA13,427,0,0,2022,11,2,0,0,1,404.0,434.0,398.7142857142857,371.4,23.0
2022-11-17,MBA13,439,0,0,2022,11,3,0,0,1,427.0,441.0,397.7142857142857,375.8666666666667,12.0
2022-11-18,MBA13,428,0,0,2022,11,4,0,0,1,439.0,423.0,397.42857142857144,381.03333333333336,-11.0
2022-11-19,MBA13,347,0,0,2022,11,5,1,0,1,428.0,358.0,398.14285714285717,385.73333333333335,-81.0
2022-11-20,MBA13,353,0,0,2022,11,6,1,0,1,347.0,336.0,396.57142857142856,386.53333333333336,6.0
2022-11-21,MBA13,433,0,0,2022,11,0,0,0,1,353.0,395.0,399.0,387.73333333333335,80.0
2022-11-22,MBA13,444,0,0,2022,11,1,0,0,1,433.0,404.0,404.42857142857144,394.5,11.0
2022-11-23,MBA13,419,0,0,2022,11,2,0,0,1,444.0,427.0,410.14285714285717,401.8333333333333,-25.0
2022-11-24,MBA13,432,0,0,2022,11,3,0,0,1,419.0,439.0,409.0,406.2,13.0
2022-11-25,MBA13,447,0,0,2022,11,4,0,0,1,432.0,428.0,408.0,410.93333333333334,15.0
2022-11-26,MBA13,351,0,0,2022,11,5,1,0,1,447.0,347.0,410.7142857142857,416.56666666666666,-96.0
2022-11-27,MBA13,363,0,0,2022,11,6,1,0,1,351.0,353.0,411.2857142857143,418.3333333333333,12.0
2022-11-28,MBA13,420,0,0,2022,11,0,0,0,1,363.0,433.0,412.7142857142857,420.7,57.0
2022-11-29,MBA13,440,0,0,2022,11,1,0,0,1,420.0,444.0,410.85714285714283,426.96666666666664,20.0
2022-11-30,MBA13,440,0,0,2022,11,2,0,0,1,440.0,419.0,410.2857142857143,422.06666666666666,0.0
2022-12-01,MBA13,403,0,0,2022,12,3,0,0,1,440.0,432.0,413.2857142857143,426.56666666666666,-37.0
2022-12-02,MBA13,430,0,0,2022,12,4,0,0,1,403.0,447.0,409.14285714285717,426.1333333333333,27.0
2022-12-03,MBA13,347,0,0,2022,12,5,1,0,1,430.0,351.0,406.7142857142857,425.1333333333333,-83.0
2022-12-04,MBA13,357,0,0,2022,12,6,1,0,1,347.0,363.0,406.14285714285717,422.4,10.0
2022-12-05,MBA13,429,0,0,2022,12,0,0,0,1,357.0,420.0,405.2857142857143,420.03333333333336,72.0
2022-12-06,MBA13,463,0,0,2022,12,1,0,0,1,429.0,440.0,406.57142857142856,405.3333333333333,34.0
2022-12-07,MBA13,473,1,0,2022,12,2,0,0,1,463.0,440.0,409.85714285714283,408.53333333333336,10.0
2022-12-08,MBA13,435,0,0,2022,12,3,0,0,1,473.0,403.0,414.57142857142856,410.3666666666667,-38.0
2022-12-09,MBA13,430,0,0,2022,12,4,0,0,1,435.0,430.0,419.14285714285717,410.3666666666667,-5.0
2022-12-10,MBA13,329,0,0,2022,12,5,1,0,1,430.0,347.0,419.14285714285717,410.23333333333335,-101.0
2022-12-11,MBA13,348,0,0,2022,12,6,1,0,1,329.0,357.0,416.57142857142856,406.5,19.0
2022-12-12,MBA13,428,0,0,2022,12,0,0,0,1,348.0,429.0,415.2857142857143,404.0,80.0
2022-12-13,MBA13,462,0,0,2022,12,1,0,0,1,428.0,463.0,415.14285714285717,406.3333333333333,34.0
2022-12-14,MBA13,434,0,0,2022,12,2,0,0,1,462.0,473.0,415.0,410.53333333333336,-28.0
2022-12-15,MBA13,463,1,0,2022,12,3,0,0,1,434.0,435.0,409.42857142857144,411.8333333333333,29.0
2022-12-16,MBA13,439,1,0,2022,12,4,0,0,1,463.0,430.0,413.42857142857144,413.8,-24.0
2022-12-17,MBA13,357,0,0,2022,12,5,1,0,1,439.0,329.0,414.7142857142857,414.2,-82.0
2022-12-18,MBA13,313,0,0,2022,12,6,1,0,1,357.0,348.0,418.7142857142857,411.46666666666664,-44.0
2022-12-19,MBA13,444,0,0,2022,12,0,0,0,1,313.0,428.0,413.7142857142857,407.6333333333333,131.0
2022-12-20,MBA13,415,0,0,2022,12,1,0,0,1,444.0,462.0,416.0,410.8666666666667,-29.0
2022-12-21,MBA13,411,0,0,2022,12,2,0,0,1,415.0,434.0,409.2857142857143,412.93333333333334,-4.0
2022-12-22,MBA13,424,0,0,2022,12,3,0,0,1,411.0,463.0,406.0,412.2,13.0
2022-12-23,MBA13,438,0,0,2022,12,4,0,0,1,424.0,439.0,400.42857142857144,411.53333333333336,14.0
2022-12-24,MBA13,343,0,0,2022,12,5,1,0,1,438.0,357.0,400.2857142857143,412.1666666666667,-95.0
2022-12-25,MBA13,331,0,0,2022,12,6,1,0,1,343.0,313.0,398.2857142857143,409.2,-12.0
2022-12-26,MBA13,92,0,1,2022,12,0,0,0,1,331.0,444.0,400.85714285714283,405.3333333333333,-239.0
2022-12-27,MBA13,415,0,0,2022,12,1,0,0,1,92.0,415.0,350.57142857142856,396.7,323.0
2022-12-28,MBA13,83,0,1,2022,12,2,0,0,1,415.0,411.0,350.57142857142856,398.43333333333334,-332.0
2022-12-29,MBA13,417,0,0,2022,12,3,0,0,1,83.0,424.0,303.7142857142857,387.2,334.0
2022-12-30,MBA13,428,0,0,2022,12,4,0,0,1,417.0,438.0,302.7142857142857,386.43333333333334,11.0
2022-12-31,MBA13,343,0,0,2022,12,5,1,0,1,428.0,343.0,301.2857142857143,386.03333333333336,-85.0
2023-01-01,MBA13,247,0,0,2023,1,6,1,0,0,343.0,331.0,301.2857142857143,384.03333333333336,-96.0
2023-01-02,MBA13,354,1,0,2023,1,0,0,0,0,247.0,92.0,289.2857142857143,377.93333333333334,107.0
2023-01-03,MBA13,302,1,0,2023,1,1,0,0,0,354.0,415.0,326.7142857142857,378.1666666666667,-52.0
2023-01-04,MBA13,322,0,0,2023,1,2,0,0,0,302.0,83.0,310.57142857142856,376.3333333333333,20.0
2023-01-05,MBA13,266,0,0,2023,1,3,0,0,0,322.0,417.0,344.7142857142857,372.76666666666665,-56.0
2023-01-06,MBA13,286,0,0,2023,1,4,0,0,0,266.0,428.0,323.14285714285717,366.2,20.0
2023-01-07,MBA13,248,0,0,2023,1,5,1,0,0,286.0,343.0,302.85714285714283,359.96666666666664,-38.0
2023-01-08,MBA13,243,0,0,2023,1,6,1,0,0,248.0,247.0,289.2857142857143,353.73333333333335,-5.0
2023-01-09,MBA13,310,0,0,2023,1,0,0,0,0,243.0,354.0,288.7142857142857,347.5,67.0
2023-01-10,MBA13,298,0,0,2023,1,1,0,0,0,310.0,302.0,282.42857142857144,346.8666666666667,-12.0
2023-01-11,MBA13,302,0,0,2023,1,2,0,0,0,298.0,322.0,281.85714285714283,345.2,4.0
2023-01-12,MBA13,302,0,0,2023,1,3,0,0,0,302.0,266.0,279.0,341.0,0.0
2023-01-13,MBA13,303,0,0,2023,1,4,0,0,0,302.0,286.0,284.14285714285717,335.6666666666667,1.0
2023-01-14,MBA13,247,0,0,2023,1,5,1,0,0,303.0,248.0,286.57142857142856,331.3,-56.0
2023-01-15,MBA13,243,0,0,2023,1,6,1,0,0,247.0,243.0,286.42857142857144,324.1,-4.0
2023-01-16,MBA13,298,0,0,2023,1,0,0,0,0,243.0,310.0,286.42857142857144,317.56666666666666,55.0
2023-01-17,MBA13,300,0,0,2023,1,1,0,0,0,298.0,298.0,284.7142857142857,315.6,2.0
2023-01-18,MBA13,306,0,0,2023,1,2,0,0,0,300.0,302.0,285.0,315.1666666666667,6.0
2023-01-19,MBA13,306,0,0,2023,1,3,0,0,0,306.0,302.0,285.57142857142856,310.56666666666666,0.0
2023-01-20,MBA13,294,0,0,2023,1,4,0,0,0,306.0,303.0,286.14285714285717,306.93333333333334,-12.0
2023-01-21,MBA13,232,0,0,2023,1,5,1,0,0,294.0,247.0,284.85714285714283,303.03333333333336,-62.0
2023-01-22,MBA13,589,1,0,2023,1,6,1,0,0,232.0,243.0,282.7142857142857,296.6333333333333,357.0
2023-01-23,MBA13,328,0,0,2023,1,0,0,0,0,589.0,298.0,332.14285714285717,301.6666666666667,-261.0
2023-01-24,MBA13,285,0,0,2023,1,1,0,0,0,328.0,300.0,336.42857142857144,301.1666666666667,-43.0
2023-01-25,MBA13,291,0,0,2023,1,2,0,0,0,285.0,306.0,334.2857142857143,299.6333333333333,6.0
2023-01-26,MBA13,313,0,0,2023,1,3,0,0,0,291.0,306.0,332.14285714285717,306.26666666666665,22.0
2023-01-27,MBA13,283,0,0,2023,1,4,0,0,0,313.0,294.0,333.14285714285717,302.8666666666667,-30.0
2023-01-28,MBA13,221,0,0,2023,1,5,1,0,0,283.0,232.0,331.57142857142856,309.53333333333336,-62.0
2023-01-29,MBA13,238,0,0,2023,1,6,1,0,0,221.0,589.0,330.0,303.0,17.0
2023-01-30,MBA13,316,0,0,2023,1,0,0,0,0,238.0,328.0,279.85714285714283,296.6666666666667,78.0
2023-01-31,MBA13,302,0,0,2023,1,1,0,0,0,316.0,285.0,278.14285714285717,295.76666666666665,-14.0
2023-02-01,MBA13,333,0,0,2023,2,2,0,0,0,302.0,291.0,280.57142857142856,297.6,31.0
2023-02-02,MBA13,312,0,0,2023,2,3,0,0,0,333.0,313.0,286.57142857142856,296.9,-21.0
2023-02-03,MBA13,285,0,0,2023,2,4,0,0,0,312.0,283.0,286.42857142857144,297.23333333333335,-27.0
2023-02-04,MBA13,247,0,0,2023,2,5,1,0,0,285.0,221.0,286.7142857142857,296.0,-38.0
2023-02-05,MBA13,590,1,0,2023,2,6,1,0,0,247.0,238.0,290.42857142857144,295.3666666666667,343.0
2023-02-06,MBA13,311,0,0,2023,2,0,0,0,0,590.0,316.0,340.7142857142857,305.5,-279.0
2023-02-07,MBA13,296,0,0,2023,2,1,0,0,0,311.0,302.0,340.0,307.6,-15.0
2023-02-08,MBA13,325,1,0,2023,2,2,0,0,0,296.0,333.0,339.14285714285717,309.3666666666667,29.0
2023-02-09,MBA13,326,0,0,2023,2,3,0,0,0,325.0,312.0,338.0,309.8666666666667,1.0
2023-02-10,MBA13,325,0,0,2023,2,4,0,0,0,326.0,285.0,340.0,310.8,-1.0
2023-02-11,MBA13,243,0,0,2023,2,5,1,0,0,325.0,247.0,345.7142857142857,311.56666666666666,-82.0
2023-02-12,MBA13,256,0,0,2023,2,6,1,0,0,243.0,590.0,345.14285714285717,309.6,13.0
2023-02-13,MBA13,298,0,0,2023,2,0,0,0,0,256.0,311.0,297.42857142857144,308.03333333333336,42.0
2023-02-14,MBA13,306,0,0,2023,2,1,0,0,0,298.0,296.0,295.57142857142856,309.73333333333335,8.0
2023-02-15,MBA13,281,0,0,2023,2,2,0,0,0,306.0,325.0,297.0,311.8333333333333,-25.0
2023-02-16,MBA13,292,0,0,2023,2,3,0,0,0,281.0,326.0,290.7142857142857,311.26666666666665,11.0
2023-02-17,MBA13,311,0,0,2023,2,4,0,0,0,292.0,325.0,285.85714285714283,311.0,19.0
2023-02-18,MBA13,221,0,0,2023,2,5,1,0,0,311.0,243.0,283.85714285714283,311.1666666666667,-90.0
2023-02-19,MBA13,246,0,0,2023,2,6,1,0,0,221.0,256.0,280.7142857142857,308.3333333333333,25.0
2023-02-20,MBA13,305,0,0,2023,2,0,0,0,0,246.0,298.0,279.2857142857143,306.73333333333335,59.0
2023-02-21,MBA13,326,1,0,2023,2,1,0,0,0,305.0,306.0,280.2857142857143,309.1666666666667,21.0
2023-02-22,MBA13,297,1,0,2023,2,2,0,0,0,326.0,281.0,283.14285714285717,300.4,-29.0
2023-02-23,MBA13,279,0,0,2023,2,3,0,0,0,297.0,292.0,285.42857142857144,299.3666666666667,-18.0
2023-02-24,MBA13,317,0,0,2023,2,4,0,0,0,279.0,311.0,283.57142857142856,299.1666666666667,38.0
2023-02-25,MBA13,248,0,0,2023,2,5,1,0,0,317.0,221.0,284.42857142857144,300.03333333333336,-69.0
2023-02-26,MBA13,240,0,0,2023,2,6,1,0,0,248.0,246.0,288.2857142857143,297.8666666666667,-8.0
2023-02-27,MBA13,281,0,0,2023,2,0,0,0,0,240.0,305.0,287.42857142857144,296.43333333333334,41.0
2023-02-28,MBA13,297,0,0,2023,2,1,0,0,0,281.0,326.0,284.0,298.43333333333334,16.0
2023-03-01,MBA13,288,0,0,2023,3,2,0,0,0,297.0,297.0,279.85714285714283,300.4,-9.0
2023-03-02,MBA13,316,0,0,2023,3,3,0,0,0,288.0,279.0,278.57142857142856,299.46666666666664,28.0
2023-03-03,MBA13,284,0,0,2023,3,4,0,0,0,316.0,317.0,283.85714285714283,299.93333333333334,-32.0
2023-03-04,MBA13,242,0,0,2023,3,5,1,0,0,284.0,248.0,279.14285714285717,298.3,-42.0
2023-03-05,MBA13,257,0,0,2023,3,6,1,0,0,242.0,240.0,278.2857142857143,295.96666666666664,15.0
2023-03-06,MBA13,311,0,0,2023,3,0,0,0,0,257.0,281.0,280.7142857142857,295.03333333333336,54.0
2023-03-07,MBA13,296,0,0,2023,3,1,0,0,0,311.0,297.0,285.0,297.1666666666667,-15.0
2023-03-08,MBA13,312,0,0,2023,3,2,0,0,0,296.0,288.0,284.85714285714283,287.3666666666667,16.0
2023-03-09,MBA13,314,0,0,2023,3,3,0,0,0,312.0,316.0,288.2857142857143,287.4,2.0
2023-03-10,MBA13,320,1,0,2023,3,4,0,0,0,314.0,284.0,288.0,288.0,6.0
2023-03-11,MBA13,251,0,0,2023,3,5,1,0,0,320.0,242.0,293.14285714285717,287.8333333333333,-69.0
2023-03-12,MBA13,193,0,1,2023,3,6,1,0,0,251.0,257.0,294.42857142857144,285.3333333333333,-58.0
2023-03-13,MBA13,319,0,0,2023,3,0,0,0,0,193.0,311.0,285.2857142857143,280.93333333333334,126.0
2023-03-14,MBA13,302,0,0,2023,3,1,0,0,0,319.0,296.0,286.42857142857144,283.46666666666664,-17.0
2023-03-15,MBA13,283,0,0,2023,3,2,0,0,0,302.0,312.0,287.2857142857143,285.0,-19.0
2023-03-16,MBA13,310,0,0,2023,3,3,0,0,0,283.0,314.0,283.14285714285717,284.5,27.0
2023-03-17,MBA13,303,1,0,2023,3,4,0,0,0,310.0,320.0,282.57142857142856,284.6333333333333,-7.0
2023-03-18,MBA13,263,0,0,2023,3,5,1,0,0,303.0,251.0,280.14285714285717,285.3666666666667,-40.0
2023-03-19,MBA13,619,1,0,2023,3,6,1,0,0,263.0,193.0,281.85714285714283,284.4,356.0
2023-03-20,MBA13,276,0,0,2023,3,0,0,0,0,619.0,319.0,342.7142857142857,294.6666666666667,-343.0
2023-03-21,MBA13,315,0,0,2023,3,1,0,0,0,276.0,302.0,336.57142857142856,296.5,39.0
2023-03-22,MBA13,307,0,0,2023,3,2,0,0,0,315.0,283.0,338.42857142857144,298.8,-8.0
2023-03-23,MBA13,313,0,0,2023,3,3,0,0,0,307.0,310.0,341.85714285714283,298.8666666666667,6.0
2023-03-24,MBA13,303,0,0,2023,3,4,0,0,0,313.0,303.0,342.2857142857143,298.43333333333334,-10.0
2023-03-25,MBA13,213,0,1,2023,3,5,1,0,0,303.0,263.0,342.2857142857143,298.6333333333333,-90.0
2023-03-26,MBA13,236,0,0,2023,3,6,1,0,0,213.0,619.0,335.14285714285717,296.43333333333334,23.0
2023-03-27,MBA13,316,0,0,2023,3,0,0,0,0,236.0,276.0,280.42857142857144,293.73333333333335,80.0
2023-03-28,MBA13,247,0,1,2023,3,1,0,0,0,316.0,315.0,286.14285714285717,296.0,-69.0
2023-03-29,MBA13,279,0,0,2023,3,2,0,0,0,247.0,307.0,276.42857142857144,296.23333333333335,32.0
2023-03-30,MBA13,278,0,0,2023,3,3,0,0,0,279.0,313.0,272.42857142857144,296.1666666666667,-1.0
2023-03-31,MBA13,299,0,0,2023,3,4,0,0,0,278.0,303.0,267.42857142857144,295.53333333333336,21.0
2023-04-01,MBA13,234,0,0,2023,4,5,1,0,0,299.0,213.0,266.85714285714283,295.9,-65.0
2023-04-02,MBA13,218,0,0,2023,4,6,1,0,0,234.0,236.0,269.85714285714283,293.1666666666667,-16.0
2023-04-03,MBA13,286,0,0,2023,4,0,0,0,0,218.0,316.0,267.2857142857143,290.96666666666664,68.0
2023-04-04,MBA13,300,0,0,2023,4,1,0,0,0,286.0,247.0,263.0,292.43333333333334,14.0
2023-04-05,MBA13,291,0,0,2023,4,2,0,0,0,300.0,279.0,270.57142857142856,293.8666666666667,-9.0
2023-04-06,MBA13,335,0,0,2023,4,3,0,0,0,291.0,278.0,272.2857142857143,293.2,44.0
2023-04-07,MBA13,294,0,0,2023,4,4,0,0,0,335.0,299.0,280.42857142857144,294.5,-41.0
2023-04-08,MBA13,212,0,1,2023,4,5,1,0,0,294.0,234.0,279.7142857142857,293.9,-82.0
2023-04-09,MBA13,268,0,0,2023,4,6,1,0,0,212.0,218.0,276.57142857142856,290.5,56.0
2023-04-10,MBA13,296,0,0,2023,4,0,0,0,0,268.0,286.0,283.7142857142857,288.76666666666665,28.0
2023-04-11,MBA13,294,0,0,2023,4,1,0,0,0,296.0,300.0,285.14285714285717,290.26666666666665,-2.0
2023-04-12,MBA13,296,0,0,2023,4,2,0,0,0,294.0,291.0,284.2857142857143,293.6333333333333,2.0
2023-04-13,MBA13,240,0,1,2023,4,3,0,0,0,296.0,335.0,285.0,292.8666666666667,-56.0
2023-04-14,MBA13,298,0,0,2023,4,4,0,0,0,240.0,294.0,271.42857142857144,290.8,58.0
2023-04-15,MBA13,229,0,0,2023,4,5,1,0,0,298.0,212.0,272.0,291.3,-69.0
2023-04-16,MBA13,250,0,0,2023,4,6,1,0,0,229.0,268.0,274.42857142857144,288.6,21.0
2023-04-17,MBA13,298,0,0,2023,4,0,0,0,0,250.0,296.0,271.85714285714283,286.8333333333333,48.0
2023-04-18,MBA13,336,0,0,2023,4,1,0,0,0,298.0,294.0,272.14285714285717,288.0,38.0
2023-04-19,MBA13,316,0,0,2023,4,2,0,0,0,336.0,296.0,278.14285714285717,278.56666666666666,-20.0
2023-04-20,MBA13,313,1,0,2023,4,3,0,0,0,316.0,240.0,281.0,279.9,-3.0
2023-04-21,MBA13,311,0,0,2023,4,4,0,0,0,313.0,298.0,291.42857142857144,279.8333333333333,-2.0
2023-04-22,MBA13,253,0,0,2023,4,5,1,0,0,311.0,229.0,293.2857142857143,279.96666666666664,-58.0
2023-04-23,MBA13,260,0,0,2023,4,6,1,0,0,253.0,250.0,296.7142857142857,277.96666666666664,7.0
2023-04-24,MBA13,293,1,0,2023,4,0,0,0,0,260.0,298.0,298.14285714285717,276.53333333333336,33.0
2023-04-25,MBA13,285,0,0,2023,4,1,0,0,0,293.0,336.0,297.42857142857144,279.2,-8.0
2023-04-26,MBA13,291,0,0,2023,4,2,0,0,0,285.0,316.0,290.14285714285717,280.8333333333333,6.0
2023-04-27,MBA13,303,0,0,2023,4,3,0,0,0,291.0,313.0,286.57142857142856,280.0,12.0
2023-04-28,MBA13,254,0,0,2023,4,4,0,0,0,303.0,311.0,285.14285714285717,281.8666666666667,-49.0
2023-04-29,MBA13,233,0,0,2023,4,5,1,0,0,254.0,253.0,277.0,281.03333333333336,-21.0
2023-04-30,MBA13,264,0,0,2023,4,6,1,0,0,233.0,260.0,274.14285714285717,279.53333333333336,31.0
2023-05-01,MBA13,287,0,0,2023,5,0,0,0,0,264.0,293.0,274.7142857142857,278.3666666666667,23.0
2023-05-02,MBA13,306,0,0,2023,5,1,0,0,0,287.0,285.0,273.85714285714283,280.1333333333333,19.0
2023-05-03,MBA13,307,0,0,2023,5,2,0,0,0,306.0,291.0,276.85714285714283,283.06666666666666,1.0
2023-05-04,MBA13,308,0,0,2023,5,3,0,0,0,307.0,303.0,279.14285714285717,283.76666666666665,1.0
2023-05-05,MBA13,313,0,0,2023,5,4,0,0,0,308.0,254.0,279.85714285714283,284.03333333333336,5.0
2023-05-06,MBA13,259,0,0,2023,5,5,1,0,0,313.0,233.0,288.2857142857143,284.76666666666665,-54.0
2023-05-07,MBA13,267,0,0,2023,5,6,1,0,0,259.0,264.0,292.0,282.23333333333335,8.0
2023-05-08,MBA13,298,0,0,2023,5,0,0,0,0,267.0,287.0,292.42857142857144,281.3333333333333,31.0
2023-05-09,MBA13,291,0,0,2023,5,1,0,0,0,298.0,306.0,294.0,284.2,-7.0
2023-05-10,MBA13,309,0,0,2023,5,2,0,0,0,291.0,307.0,291.85714285714283,284.96666666666664,18.0
2023-05-11,MBA13,308,0,0,2023,5,3,0,0,0,309.0,308.0,292.14285714285717,285.4,-1.0
2023-05-12,MBA13,329,1,0,2023,5,4,0,0,0,308.0,313.0,292.14285714285717,285.8666666666667,21.0
2023-05-13,MBA13,175,0,1,2023,5,5,1,0,0,329.0,259.0,294.42857142857144,286.96666666666664,-154.0
2023-05-14,MBA13,256,0,0,2023,5,6,1,0,0,175.0,267.0,282.42857142857144,284.8,81.0
2023-05-15,MBA13,284,0,0,2023,5,0,0,0,0,256.0,298.0,280.85714285714283,283.4,28.0
2023-05-16,MBA13,307,0,0,2023,5,1,0,0,0,284.0,291.0,278.85714285714283,285.23333333333335,23.0
2023-05-17,MBA13,297,0,0,2023,5,2,0,0,0,307.0,309.0,281.14285714285717,287.1333333333333,-10.0
2023-05-18,MBA13,259,0,1,2023,5,3,0,0,0,297.0,308.0,279.42857142857144,287.1,-38.0
2023-05-19,MBA13,283,0,0,2023,5,4,0,0,0,259.0,329.0,272.42857142857144,284.53333333333336,24.0
2023-05-20,MBA13,248,0,0,2023,5,5,1,0,0,283.0,175.0,265.85714285714283,283.43333333333334,-35.0
2023-05-21,MBA13,619,1,0,2023,5,6,1,0,0,248.0,256.0,276.2857142857143,281.26666666666665,371.0
2023-05-22,MBA13,298,0,0,2023,5,0,0,0,0,619.0,284.0,328.14285714285717,291.53333333333336,-321.0
2023-05-23,MBA13,305,0,0,2023,5,1,0,0,0,298.0,307.0,330.14285714285717,293.03333333333336,7.0
2023-05-24,MBA13,296,0,0,2023,5,2,0,0,0,305.0,297.0,329.85714285714283,294.53333333333336,-9.0
2023-05-25,MBA13,305,0,0,2023,5,3,0,0,0,296.0,259.0,329.7142857142857,294.6333333333333,9.0
2023-05-26,MBA13,247,0,1,2023,5,4,0,0,0,305.0,283.0,336.2857142857143,295.3,-58.0
2023-05-27,MBA13,605,1,0,2023,5,5,1,0,0,247.0,248.0,331.14285714285717,293.8333333333333,358.0
2023-05-28,MBA13,611,1,0,2023,5,6,1,0,0,605.0,619.0,382.14285714285717,303.9,6.0
2023-05-29,MBA13,274,0,0,2023,5,0,0,0,0,611.0,298.0,381.0,315.8,-337.0
2023-05-30,MBA13,279,0,0,2023,5,1,0,0,0,274.0,305.0,377.57142857142856,317.1666666666667,5.0
2023-05-31,MBA13,237,0,1,2023,5,2,0,0,0,279.0,296.0,373.85714285714283,317.6666666666667,-42.0
2023-06-01,MBA13,286,0,0,2023,6,3,0,0,0,237.0,305.0,365.42857142857144,316.0,49.0
2023-06-02,MBA13,300,0,0,2023,6,4,0,0,0,286.0,247.0,362.7142857142857,315.3333333333333,14.0
2023-06-03,MBA13,261,0,0,2023,6,5,1,0,0,300.0,605.0,370.2857142857143,315.1,-39.0
2023-06-04,MBA13,263,0,0,2023,6,6,1,0,0,261.0,611.0,321.14285714285717,313.53333333333336,2.0
2023-06-05,MBA13,239,0,1,2023,6,0,0,0,0,263.0,274.0,271.42857142857144,311.8666666666667,-24.0
2023-06-06,MBA13,287,0,0,2023,6,1,0,0,0,239.0,279.0,266.42857142857144,311.2,48.0
2023-06-07,MBA13,286,0,0,2023,6,2,0,0,0,287.0,237.0,267.57142857142856,311.8666666666667,-1.0
2023-06-08,MBA13,326,0,0,2023,6,3,0,0,0,286.0,286.0,274.57142857142856,311.46666666666664,40.0
2023-06-09,MBA13,255,0,1,2023,6,4,0,0,0,326.0,300.0,280.2857142857143,312.6333333333333,-71.0
2023-06-10,MBA13,242,0,0,2023,6,5,1,0,0,255.0,261.0,273.85714285714283,310.8333333333333,-13.0
2023-06-11,MBA13,246,0,0,2023,6,6,1,0,0,242.0,263.0,271.14285714285717,308.6333333333333,4.0
2023-06-12,MBA13,300,0,0,2023,6,0,0,0,0,246.0,239.0,268.7142857142857,305.8666666666667,54.0
2023-06-13,MBA13,310,0,0,2023,6,1,0,0,0,300.0,287.0,277.42857142857144,310.03333333333336,10.0
2023-06-14,MBA13,302,0,0,2023,6,2,0,0,0,310.0,286.0,280.7142857142857,311.8333333333333,-8.0
2023-06-15,MBA13,313,0,0,2023,6,3,0,0,0,302.0,326.0,283.0,312.43333333333334,11.0
2023-06-16,MBA13,313,0,0,2023,6,4,0,0,0,313.0,255.0,281.14285714285717,312.6333333333333,0.0
2023-06-17,MBA13,232,0,0,2023,6,5,1,0,0,313.0,242.0,289.42857142857144,313.1666666666667,-81.0
2023-06-18,MBA13,617,1,0,2023,6,6,1,0,0,232.0,246.0,288.0,312.26666666666665,385.0
2023-06-19,MBA13,320,0,0,2023,6,0,0,0,0,617.0,300.0,341.0,323.4,-297.0
2023-06-20,MBA13,310,0,0,2023,6,1,0,0,0,320.0,310.0,343.85714285714283,325.8,-10.0
2023-06-21,MBA13,308,0,0,2023,6,2,0,0,0,310.0,302.0,343.85714285714283,315.5,-2.0
2023-06-22,MBA13,292,0,0,2023,6,3,0,0,0,308.0,313.0,344.7142857142857,315.8333333333333,-16.0
2023-06-23,MBA13,292,0,0,2023,6,4,0,0,0,292.0,313.0,341.7142857142857,315.4,0.0
2023-06-24,MBA13,245,0,0,2023,6,5,1,0,0,292.0,232.0,338.7142857142857,315.26666666666665,-47.0
2023-06-25,MBA13,236,0,0,2023,6,6,1,0,0,245.0,617.0,340.57142857142856,313.26666666666665,-9.0
2023-06-26,MBA13,317,0,0,2023,6,0,0,0,0,236.0,320.0,286.14285714285717,312.9,81.0
2023-06-27,MBA13,316,1,0,2023,6,1,0,0,0,317.0,310.0,285.7142857142857,303.3,-1.0
2023-06-28,MBA13,293,0,0,2023,6,2,0,0,0,316.0,308.0,286.57142857142856,293.46666666666664,-23.0
2023-06-29,MBA13,317,0,0,2023,6,3,0,0,0,293.0,292.0,284.42857142857144,294.1,24.0
2023-06-30,MBA13,288,0,0,2023,6,4,0,0,0,317.0,292.0,288.0,295.3666666666667,-29.0
2023-07-01,MBA13,245,0,0,2023,7,5,1,0,0,288.0,245.0,287.42857142857144,297.06666666666666,-43.0
2023-07-02,MBA13,237,0,0,2023,7,6,1,0,0,245.0,236.0,287.42857142857144,295.7,-8.0
2023-07-03,MBA13,336,0,0,2023,7,0,0,0,0,237.0,317.0,287.57142857142856,293.6,99.0
2023-07-04,MBA13,303,0,0,2023,7,1,0,0,0,336.0,316.0,290.2857142857143,296.1,-33.0
2023-07-05,MBA13,291,0,0,2023,7,2,0,0,0,303.0,293.0,288.42857142857144,297.43333333333334,-12.0
2023-07-06,MBA13,303,0,0,2023,7,3,0,0,0,291.0,317.0,288.14285714285717,299.1666666666667,12.0
2023-07-07,MBA13,315,1,0,2023,7,4,0,0,0,303.0,288.0,286.14285714285717,299.7,12.0
2023-07-08,MBA13,235,0,0,2023,7,5,1,0,0,315.0,245.0,290.0,300.6666666666667,-80.0
2023-07-09,MBA13,259,0,0,2023,7,6,1,0,0,235.0,237.0,288.57142857142856,297.6333333333333,24.0
2023-07-10,MBA13,312,0,0,2023,7,0,0,0,0,259.0,336.0,291.7142857142857,297.76666666666665,53.0
2023-07-11,MBA13,307,0,0,2023,7,1,0,0,0,312.0,303.0,288.2857142857143,300.1,-5.0
2023-07-12,MBA13,292,0,0,2023,7,2,0,0,0,307.0,291.0,288.85714285714283,302.1333333333333,-15.0
2023-07-13,MBA13,343,1,0,2023,7,3,0,0,0,292.0,303.0,289.0,301.8666666666667,51.0
2023-07-14,MBA13,308,0,0,2023,7,4,0,0,0,343.0,315.0,294.7142857142857,302.96666666666664,-35.0
2023-07-15,MBA13,237,0,0,2023,7,5,1,0,0,308.0,235.0,293.7142857142857,303.1666666666667,-71.0
2023-07-16,MBA13,260,0,0,2023,7,6,1,0,0,237.0,259.0,294.0,300.6333333333333,23.0
2023-07-17,MBA13,320,1,0,2023,7,0,0,0,0,260.0,312.0,294.14285714285717,298.8666666666667,60.0
2023-07-18,MBA13,316,0,0,2023,7,1,0,0,0,320.0,307.0,295.2857142857143,301.8,-4.0
2023-07-19,MBA13,308,0,0,2023,7,2,0,0,0,316.0,292.0,296.57142857142856,291.76666666666665,-8.0
2023-07-20,MBA13,333,0,0,2023,7,3,0,0,0,308.0,343.0,298.85714285714283,291.3666666666667,25.0
2023-07-21,MBA13,304,1,0,2023,7,4,0,0,0,333.0,308.0,297.42857142857144,292.1333333333333,-29.0
2023-07-22,MBA13,238,0,0,2023,7,5,1,0,0,304.0,237.0,296.85714285714283,292.0,-66.0
2023-07-23,MBA13,287,0,0,2023,7,6,1,0,0,238.0,260.0,297.0,290.2,49.0
2023-07-24,MBA13,301,0,0,2023,7,0,0,0,0,287.0,320.0,300.85714285714283,290.03333333333336,14.0
2023-07-25,MBA13,287,0,0,2023,7,1,0,0,0,301.0,316.0,298.14285714285717,291.9,-14.0
2023-07-26,MBA13,311,0,0,2023,7,2,0,0,0,287.0,308.0,294.0,293.6,24.0
2023-07-27,MBA13,333,1,0,2023,7,3,0,0,0,311.0,333.0,294.42857142857144,293.4,22.0
2023-07-28,MBA13,301,0,0,2023,7,4,0,0,0,333.0,304.0,294.42857142857144,293.96666666666664,-32.0
2023-07-29,MBA13,219,0,0,2023,7,5,1,0,0,301.0,238.0,294.0,294.23333333333335,-82.0
2023-07-30,MBA13,233,0,0,2023,7,6,1,0,0,219.0,287.0,291.2857142857143,290.96666666666664,14.0
2023-07-31,MBA13,220,0,1,2023,7,0,0,0,0,233.0,301.0,283.57142857142856,289.1333333333333,-13.0
2023-08-01,MBA13,437,0,0,2023,8,1,0,1,0,220.0,287.0,272.0,288.3,217.0
2023-08-02,MBA13,386,0,0,2023,8,2,0,1,0,437.0,311.0,293.42857142857144,294.96666666666664,-51.0
2023-08-03,MBA13,401,0,0,2023,8,3,0,1,0,386.0,333.0,304.14285714285717,296.6333333333333,15.0
2023-08-04,MBA13,416,0,0,2023,8,4,0,1,0,401.0,301.0,313.85714285714283,299.9,15.0
2023-08-05,MBA13,313,0,0,2023,8,5,1,1,0,416.0,219.0,330.2857142857143,304.06666666666666,-103.0
2023-08-06,MBA13,337,0,0,2023,8,6,1,1,0,313.0,233.0,343.7142857142857,304.4,24.0
2023-08-07,MBA13,399,0,0,2023,8,0,0,1,0,337.0,220.0,358.57142857142856,305.1333333333333,62.0
2023-08-08,MBA13,413,0,0,2023,8,1,0,1,0,399.0,437.0,384.14285714285717,310.6,14.0
2023-08-09,MBA13,405,0,0,2023,8,2,0,1,0,413.0,386.0,380.7142857142857,315.73333333333335,-8.0
2023-08-10,MBA13,407,0,0,2023,8,3,0,1,0,405.0,401.0,383.42857142857144,318.8333333333333,2.0
2023-08-11,MBA13,424,0,0,2023,8,4,0,1,0,407.0,416.0,384.2857142857143,322.1666666666667,17.0
2023-08-12,MBA13,315,0,0,2023,8,5,1,1,0,424.0,313.0,385.42857142857144,326.56666666666666,-109.0
2023-08-13,MBA13,335,0,0,2023,8,6,1,1,0,315.0,337.0,385.7142857142857,325.6333333333333,20.0
2023-08-14,MBA13,338,0,1,2023,8,0,0,1,0,335.0,399.0,385.42857142857144,326.53333333333336,3.0
2023-08-15,MBA13,391,0,0,2023,8,1,0,1,0,338.0,413.0,376.7142857142857,329.9,53.0
2023-08-16,MBA13,387,0,0,2023,8,2,0,1,0,391.0,405.0,373.57142857142856,334.26666666666665,-4.0
2023-08-17,MBA13,425,1,0,2023,8,3,0,1,0,387.0,407.0,371.0,336.5,38.0
2023-08-18,MBA13,379,0,0,2023,8,4,0,1,0,425.0,424.0,373.57142857142856,340.1333333333333,-46.0
2023-08-19,MBA13,334,0,0,2023,8,5,1,1,0,379.0,315.0,367.14285714285717,342.5,-45.0
2023-08-20,MBA13,340,0,0,2023,8,6,1,1,0,334.0,335.0,369.85714285714283,342.53333333333336,6.0
2023-08-21,MBA13,389,0,0,2023,8,0,0,1,0,340.0,338.0,370.57142857142856,343.73333333333335,49.0
2023-08-22,MBA13,421,0,0,2023,8,1,0,1,0,389.0,391.0,377.85714285714283,348.76666666666665,32.0
2023-08-23,MBA13,426,0,0,2023,8,2,0,1,0,421.0,387.0,382.14285714285717,353.23333333333335,5.0
2023-08-24,MBA13,414,0,0,2023,8,3,0,1,0,426.0,425.0,387.7142857142857,357.4,-12.0
2023-08-25,MBA13,427,0,0,2023,8,4,0,1,0,414.0,379.0,386.14285714285717,361.6333333333333,13.0
2023-08-26,MBA13,326,0,0,2023,8,5,1,1,0,427.0,334.0,393.0,365.5,-101.0
2023-08-27,MBA13,820,1,0,2023,8,6,1,1,0,326.0,340.0,391.85714285714283,365.26666666666665,494.0
2023-08-28,MBA13,407,0,0,2023,8,0,0,1,0,820.0,389.0,460.42857142857144,382.56666666666666,-413.0
2023-08-29,MBA13,394,0,0,2023,8,1,0,1,0,407.0,421.0,463.0,388.8333333333333,-13.0
2023-08-30,MBA13,401,0,0,2023,8,2,0,1,0,394.0,426.0,459.14285714285717,394.2,7.0
2023-08-31,MBA13,409,0,0,2023,8,3,0,1,0,401.0,414.0,455.57142857142856,400.23333333333335,8.0
2023-09-01,MBA13,329,0,1,2023,9,4,0,1,0,409.0,427.0,454.85714285714283,399.3,-80.0
2023-09-02,MBA13,337,0,0,2023,9,5,1,1,0,329.0,326.0,440.85714285714283,397.4,8.0
2023-09-03,MBA13,302,0,0,2023,9,6,1,1,0,337.0,820.0,442.42857142857144,395.26666666666665,-35.0
2023-09-04,MBA13,450,0,0,2023,9,0,0,1,0,302.0,407.0,368.42857142857144,391.46666666666664,148.0
2023-09-05,MBA13,396,0,0,2023,9,1,0,1,0,450.0,394.0,374.57142857142856,396.03333333333336,-54.0
2023-09-06,MBA13,418,0,0,2023,9,2,0,1,0,396.0,401.0,374.85714285714283,398.0,22.0
2023-09-07,MBA13,331,0,1,2023,9,3,0,1,0,418.0,409.0,377.2857142857143,398.6333333333333,-87.0
2023-09-08,MBA13,400,0,0,2023,9,4,0,1,0,331.0,329.0,366.14285714285717,395.9,69.0
2023-09-09,MBA13,339,0,0,2023,9,5,1,1,0,400.0,337.0,376.2857142857143,395.73333333333335,-61.0
2023-09-10,MBA13,318,0,0,2023,9,6,1,1,0,339.0,302.0,376.57142857142856,393.46666666666664,-21.0
2023-09-11,MBA13,408,0,0,2023,9,0,0,1,0,318.0,450.0,378.85714285714283,389.93333333333334,90.0
2023-09-12,MBA13,437,0,0,2023,9,1,0,1,0,408.0,396.0,372.85714285714283,393.03333333333336,29.0
2023-09-13,MBA13,403,0,0,2023,9,2,0,1,0,437.0,418.0,378.7142857142857,396.43333333333334,-34.0
2023-09-14,MBA13,410,0,0,2023,9,3,0,1,0,403.0,331.0,376.57142857142856,398.6,7.0
2023-09-15,MBA13,394,0,0,2023,9,4,0,1,0,410.0,400.0,387.85714285714283,399.23333333333335,-16.0
2023-09-16,MBA13,340,0,0,2023,9,5,1,1,0,394.0,339.0,387.0,399.46666666666664,-54.0
2023-09-17,MBA13,320,0,0,2023,9,6,1,1,0,340.0,318.0,387.14285714285717,396.6333333333333,-20.0
2023-09-18,MBA13,413,0,0,2023,9,0,0,1,0,320.0,408.0,387.42857142857144,394.6666666666667,93.0
2023-09-19,MBA13,341,0,1,2023,9,1,0,1,0,413.0,437.0,388.14285714285717,397.3,-72.0
2023-09-20,MBA13,405,0,0,2023,9,2,0,1,0,341.0,403.0,374.42857142857144,397.3333333333333,64.0
2023-09-21,MBA13,417,0,0,2023,9,3,0,1,0,405.0,410.0,374.7142857142857,397.8666666666667,12.0
2023-09-22,MBA13,414,0,0,2023,9,4,0,1,0,417.0,394.0,375.7142857142857,397.73333333333335,-3.0
2023-09-23,MBA13,346,0,0,2023,9,5,1,1,0,414.0,340.0,378.57142857142856,397.3333333333333,-68.0
2023-09-24,MBA13,339,0,0,2023,9,6,1,1,0,346.0,320.0,379.42857142857144,395.06666666666666,-7.0
2023-09-25,MBA13,427,0,0,2023,9,0,0,1,0,339.0,413.0,382.14285714285717,392.1333333333333,88.0
2023-09-26,MBA13,405,0,0,2023,9,1,0,1,0,427.0,341.0,384.14285714285717,395.5,-22.0
2023-09-27,MBA13,391,0,0,2023,9,2,0,1,0,405.0,405.0,393.2857142857143,381.6666666666667,-14.0
2023-09-28,MBA13,386,0,0,2023,9,3,0,1,0,391.0,417.0,391.2857142857143,381.1333333333333,-5.0
2023-09-29,MBA13,387,0,0,2023,9,4,0,1,0,386.0,414.0,386.85714285714283,380.8666666666667,1.0
2023-09-30,MBA13,327,0,0,2023,9,5,1,1,0,387.0,346.0,383.0,380.4,-60.0
2023-10-01,MBA13,248,0,0,2023,10,6,1,0,0,327.0,339.0,380.2857142857143,377.6666666666667,-79.0
2023-10-02,MBA13,293,0,0,2023,10,0,0,0,0,248.0,427.0,367.2857142857143,374.96666666666664,45.0
2023-10-03,MBA13,271,0,0,2023,10,1,0,0,0,293.0,405.0,348.14285714285717,373.5,-22.0
2023-10-04,MBA13,293,0,0,2023,10,2,0,0,0,271.0,391.0,329.0,372.46666666666664,22.0
2023-10-05,MBA13,296,0,0,2023,10,3,0,0,0,293.0,386.0,315.0,367.23333333333335,3.0
2023-10-06,MBA13,303,0,0,2023,10,4,0,0,0,296.0,387.0,302.14285714285717,363.9,7.0
2023-10-07,MBA13,265,0,0,2023,10,5,1,0,0,303.0,327.0,290.14285714285717,360.06666666666666,-38.0
2023-10-08,MBA13,220,0,0,2023,10,6,1,0,0,265.0,248.0,281.2857142857143,357.8666666666667,-45.0
2023-10-09,MBA13,312,0,0,2023,10,0,0,0,0,220.0,293.0,277.2857142857143,351.8666666666667,92.0
2023-10-10,MBA13,311,0,0,2023,10,1,0,0,0,312.0,271.0,280.0,350.96666666666664,-1.0
2023-10-11,MBA13,239,0,1,2023,10,2,0,0,0,311.0,293.0,285.7142857142857,350.73333333333335,-72.0
2023-10-12,MBA13,308,0,0,2023,10,3,0,0,0,239.0,296.0,278.0,345.1,69.0
2023-10-13,MBA13,315,1,0,2023,10,4,0,0,0,308.0,303.0,279.7142857142857,340.8,7.0
2023-10-14,MBA13,253,0,0,2023,10,5,1,0,0,315.0,265.0,281.42857142857144,337.8666666666667,-62.0
2023-10-15,MBA13,233,0,0,2023,10,6,1,0,0,253.0,220.0,279.7142857142857,332.6333333333333,-20.0
2023-10-16,MBA13,289,0,0,2023,10,0,0,0,0,233.0,312.0,281.57142857142856,327.26666666666665,56.0
2023-10-17,MBA13,276,0,0,2023,10,1,0,0,0,289.0,311.0,278.2857142857143,325.56666666666666,-13.0
2023-10-18,MBA13,308,0,0,2023,10,2,0,0,0,276.0,239.0,273.2857142857143,324.1,32.0
2023-10-19,MBA13,294,0,0,2023,10,3,0,0,0,308.0,308.0,283.14285714285717,320.6,-14.0
2023-10-20,MBA13,281,0,0,2023,10,4,0,0,0,294.0,315.0,281.14285714285717,319.03333333333336,-13.0
2023-10-21,MBA13,232,0,0,2023,10,5,1,0,0,281.0,253.0,276.2857142857143,314.9,-49.0
2023-10-22,MBA13,253,0,0,2023,10,6,1,0,0,232.0,233.0,273.2857142857143,308.73333333333335,21.0
2023-10-23,MBA13,305,0,0,2023,10,0,0,0,0,253.0,289.0,276.14285714285717,303.3666666666667,52.0
2023-10-24,MBA13,290,0,0,2023,10,1,0,0,0,305.0,276.0,278.42857142857144,302.0,-15.0
2023-10-25,MBA13,262,0,1,2023,10,2,0,0,0,290.0,308.0,280.42857142857144,300.3666666666667,-28.0
2023-10-26,MBA13,302,0,0,2023,10,3,0,0,0,262.0,294.0,273.85714285714283,294.8666666666667,40.0
2023-10-27,MBA13,325,1,0,2023,10,4,0,0,0,302.0,281.0,275.0,291.43333333333334,23.0
2023-10-28,MBA13,247,0,0,2023,10,5,1,0,0,325.0,232.0,281.2857142857143,289.23333333333335,-78.0
2023-10-29,MBA13,241,0,0,2023,10,6,1,0,0,247.0,253.0,283.42857142857144,284.6,-6.0
2023-10-30,MBA13,308,0,0,2023,10,0,0,0,0,241.0,305.0,281.7142857142857,279.73333333333335,67.0
2023-10-31,MBA13,319,0,0,2023,10,1,0,0,0,308.0,290.0,282.14285714285717,279.1,11.0
2023-11-01,MBA13,435,0,0,2023,11,2,0,0,1,319.0,262.0,286.2857142857143,281.46666666666664,116.0
2023-11-02,MBA13,450,0,0,2023,11,3,0,0,1,435.0,302.0,311.0,286.2,15.0
2023-11-03,MBA13,429,0,0,2023,11,4,0,0,1,450.0,325.0,332.14285714285717,292.1666666666667,-21.0
2023-11-04,MBA13,381,0,0,2023,11,5,1,0,1,429.0,247.0,347.0,296.7,-48.0
2023-11-05,MBA13,877,1,0,2023,11,6,1,0,1,381.0,241.0,366.14285714285717,299.53333333333336,496.0
2023-11-06,MBA13,470,0,0,2023,11,0,0,0,1,877.0,308.0,457.0,318.6666666666667,-407.0
2023-11-07,MBA13,422,0,0,2023,11,1,0,0,1,470.0,319.0,480.14285714285717,325.5,-48.0
2023-11-08,MBA13,434,0,0,2023,11,2,0,0,1,422.0,435.0,494.85714285714283,332.23333333333335,12.0
2023-11-09,MBA13,467,1,0,2023,11,3,0,0,1,434.0,450.0,494.7142857142857,336.3,33.0
2023-11-10,MBA13,478,1,0,2023,11,4,0,0,1,467.0,429.0,497.14285714285717,341.5,11.0
2023-11-11,MBA13,378,0,0,2023,11,5,1,0,1,478.0,381.0,504.14285714285717,349.46666666666664,-100.0
2023-11-12,MBA13,376,0,0,2023,11,6,1,0,1,378.0,877.0,503.7142857142857,351.8,-2.0
2023-11-13,MBA13,415,0,0,2023,11,0,0,0,1,376.0,470.0,432.14285714285717,353.8333333333333,39.0
2023-11-14,MBA13,94,0,1,2023,11,1,0,0,1,415.0,422.0,424.2857142857143,359.23333333333335,-321.0
2023-11-15,MBA13,428,0,0,2023,11,2,0,0,1,94.0,434.0,377.42857142857144,354.6,334.0
2023-11-16,MBA13,453,0,0,2023,11,3,0,0,1,428.0,467.0,376.57142857142856,359.23333333333335,25.0
2023-11-17,MBA13,103,0,1,2023,11,4,0,0,1,453.0,478.0,374.57142857142856,365.1333333333333,-350.0
2023-11-18,MBA13,360,0,0,2023,11,5,1,0,1,103.0,378.0,321.0,358.3,257.0
2023-11-19,MBA13,348,0,0,2023,11,6,1,0,1,360.0,376.0,318.42857142857144,360.5,-12.0
2023-11-20,MBA13,424,0,0,2023,11,0,0,0,1,348.0,415.0,314.42857142857144,362.73333333333335,76.0
2023-11-21,MBA13,429,0,0,2023,11,1,0,0,1,424.0,94.0,315.7142857142857,369.1333333333333,5.0
2023-11-22,MBA13,450,1,0,2023,11,2,0,0,1,429.0,428.0,363.57142857142856,375.0,21.0
2023-11-23,MBA13,440,0,0,2023,11,3,0,0,1,450.0,453.0,366.7142857142857,379.8333333333333,-10.0
2023-11-24,MBA13,454,0,0,2023,11,4,0,0,1,440.0,103.0,364.85714285714283,384.8333333333333,14.0
2023-11-25,MBA13,357,0,0,2023,11,5,1,0,1,454.0,360.0,415.0,391.23333333333335,-97.0
2023-11-26,MBA13,339,0,0,2023,11,6,1,0,1,357.0,348.0,414.57142857142856,393.06666666666666,-18.0
2023-11-27,MBA13,422,0,0,2023,11,0,0,0,1,339.0,424.0,413.2857142857143,393.53333333333336,83.0
2023-11-28,MBA13,98,0,1,2023,11,1,0,0,1,422.0,429.0,413.0,399.3666666666667,-324.0
2023-11-29,MBA13,466,0,0,2023,11,2,0,0,1,98.0,450.0,365.7142857142857,394.6,368.0
2023-11-30,MBA13,440,0,0,2023,11,3,0,0,1,466.0,440.0,368.0,399.8666666666667,-26.0
2023-12-01,MBA13,78,0,1,2023,12,4,0,0,1,440.0,454.0,368.0,403.9,-362.0
2023-12-02,MBA13,342,0,0,2023,12,5,1,0,1,78.0,357.0,314.2857142857143,392.0,264.0
2023-12-03,MBA13,364,0,0,2023,12,6,1,0,1,342.0,339.0,312.14285714285717,388.4,22.0
2023-12-04,MBA13,483,1,0,2023,12,0,0,0,1,364.0,422.0,315.7142857142857,386.23333333333335,119.0
2023-12-05,MBA13,435,0,0,2023,12,1,0,0,1,483.0,98.0,324.42857142857144,389.6333333333333,-48.0
2023-12-06,MBA13,432,0,0,2023,12,2,0,0,1,435.0,466.0,372.57142857142856,374.9,-3.0
2023-12-07,MBA13,419,0,0,2023,12,3,0,0,1,432.0,440.0,367.7142857142857,373.6333333333333,-13.0
2023-12-08,MBA13,89,0,1,2023,12,4,0,0,1,419.0,78.0,364.7142857142857,373.53333333333336,-330.0
2023-12-09,MBA13,366,0,0,2023,12,5,1,0,1,89.0,342.0,366.2857142857143,362.03333333333336,277.0
2023-12-10,MBA13,345,0,0,2023,12,6,1,0,1,366.0,364.0,369.7142857142857,358.6666666666667,-21.0
2023-12-11,MBA13,442,0,0,2023,12,0,0,0,1,345.0,483.0,367.0,354.23333333333335,97.0
2023-12-12,MBA13,446,0,0,2023,12,1,0,0,1,442.0,435.0,361.14285714285717,356.3666666666667,4.0
2023-12-13,MBA13,447,0,0,2023,12,2,0,0,1,446.0,432.0,362.7142857142857,358.7,1.0
2023-12-14,MBA13,446,1,0,2023,12,3,0,0,1,447.0,419.0,364.85714285714283,359.76666666666665,-1.0
2023-12-15,MBA13,427,0,0,2023,12,4,0,0,1,446.0,89.0,368.7142857142857,371.5,-19.0
2023-12-16,MBA13,890,1,0,2023,12,5,1,0,1,427.0,366.0,417.0,371.46666666666664,463.0
2023-12-17,MBA13,365,0,0,2023,12,6,1,0,1,890.0,345.0,491.85714285714283,386.03333333333336,-525.0
2023-12-18,MBA13,469,0,0,2023,12,0,0,0,1,365.0,442.0,494.7142857142857,394.76666666666665,104.0
2023-12-19,MBA13,423,0,0,2023,12,1,0,0,1,469.0,446.0,498.57142857142856,398.4,-46.0
2023-12-20,MBA13,443,0,0,2023,12,2,0,0,1,423.0,447.0,495.2857142857143,400.9,20.0
2023-12-21,MBA13,439,0,0,2023,12,3,0,0,1,443.0,446.0,494.7142857142857,401.53333333333336,-4.0
2023-12-22,MBA13,433,0,0,2023,12,4,0,0,1,439.0,427.0,493.7142857142857,401.8666666666667,-6.0
2023-12-23,MBA13,372,0,0,2023,12,5,1,0,1,433.0,890.0,494.57142857142856,401.3,-61.0
2023-12-24,MBA13,363,0,0,2023,12,6,1,0,1,372.0,365.0,420.57142857142856,399.03333333333336,-9.0
2023-12-25,MBA13,447,0,0,2023,12,0,0,0,1,363.0,469.0,420.2857142857143,396.0,84.0
2023-12-26,MBA13,444,1,0,2023,12,1,0,0,1,447.0,423.0,417.14285714285717,399.0,-3.0
2023-12-27,MBA13,434,0,0,2023,12,2,0,0,1,444.0,443.0,420.14285714285717,402.5,-10.0
2023-12-28,MBA13,440,0,0,2023,12,3,0,0,1,434.0,439.0,418.85714285714283,402.9,6.0
2023-12-29,MBA13,441,0,0,2023,12,4,0,0,1,440.0,433.0,419.0,414.3,1.0
2023-12-30,MBA13,390,0,0,2023,12,5,1,0,1,441.0,372.0,420.14285714285717,413.46666666666664,-51.0
2023-12-31,MBA13,351,0,0,2023,12,6,1,0,1,390.0,363.0,422.7142857142857,411.8,-39.0
2024-01-01,MBA13,276,0,0,2024,1,0,0,0,0,351.0,447.0,421.0,420.9,-75.0
2024-01-02,MBA13,313,0,0,2024,1,1,0,0,0,276.0,444.0,396.57142857142856,418.7,37.0
2024-01-03,MBA13,319,0,0,2024,1,2,0,0,0,313.0,434.0,377.85714285714283,417.0,6.0
2024-01-04,MBA13,312,0,0,2024,1,3,0,0,0,319.0,440.0,361.42857142857144,411.53333333333336,-7.0
2024-01-05,MBA13,271,0,0,2024,1,4,0,0,0,312.0,441.0,343.14285714285717,407.43333333333334,-41.0
2024-01-06,MBA13,256,0,0,2024,1,5,1,0,0,271.0,390.0,318.85714285714283,402.06666666666666,-15.0
2024-01-07,MBA13,260,0,0,2024,1,6,1,0,0,256.0,351.0,299.7142857142857,396.6333333333333,4.0
2024-01-08,MBA13,294,0,0,2024,1,0,0,0,0,260.0,276.0,286.7142857142857,402.3333333333333,34.0
2024-01-09,MBA13,302,0,0,2024,1,1,0,0,0,294.0,313.0,289.2857142857143,399.93333333333334,8.0
2024-01-10,MBA13,248,0,1,2024,1,2,0,0,0,302.0,319.0,287.7142857142857,398.5,-54.0
2024-01-11,MBA13,319,1,0,2024,1,3,0,0,0,248.0,312.0,277.57142857142856,392.03333333333336,71.0
2024-01-12,MBA13,306,0,0,2024,1,4,0,0,0,319.0,271.0,278.57142857142856,387.8,-13.0
2024-01-13,MBA13,257,0,0,2024,1,5,1,0,0,306.0,256.0,283.57142857142856,383.1,-49.0
2024-01-14,MBA13,622,1,0,2024,1,6,1,0,0,257.0,260.0,283.7142857142857,376.8,365.0
2024-01-15,MBA13,290,0,0,2024,1,0,0,0,0,622.0,294.0,335.42857142857144,383.3,-332.0
2024-01-16,MBA13,324,0,0,2024,1,1,0,0,0,290.0,302.0,334.85714285714283,363.3,34.0
2024-01-17,MBA13,297,0,0,2024,1,2,0,0,0,324.0,248.0,338.0,361.93333333333334,-27.0
2024-01-18,MBA13,309,0,0,2024,1,3,0,0,0,297.0,319.0,345.0,356.2,12.0
2024-01-19,MBA13,305,0,0,2024,1,4,0,0,0,309.0,306.0,343.57142857142856,352.4,-4.0
2024-01-20,MBA13,236,0,0,2024,1,5,1,0,0,305.0,257.0,343.42857142857144,347.8,-69.0
2024-01-21,MBA13,265,0,0,2024,1,6,1,0,0,236.0,622.0,340.42857142857144,341.03333333333336,29.0
2024-01-22,MBA13,338,1,0,2024,1,0,0,0,0,265.0,290.0,289.42857142857144,335.43333333333334,73.0
2024-01-23,MBA13,306,0,0,2024,1,1,0,0,0,338.0,324.0,296.2857142857143,334.3,-32.0
2024-01-24,MBA13,311,0,0,2024,1,2,0,0,0,306.0,297.0,293.7142857142857,332.4,5.0
2024-01-25,MBA13,313,0,0,2024,1,3,0,0,0,311.0,309.0,295.7142857142857,327.8666666666667,2.0
2024-01-26,MBA13,296,0,0,2024,1,4,0,0,0,313.0,305.0,296.2857142857143,323.5,-17.0
2024-01-27,MBA13,617,1,0,2024,1,5,1,0,0,296.0,236.0,295.0,318.9,321.0
2024-01-28,MBA13,252,0,0,2024,1,6,1,0,0,617.0,265.0,349.42857142857144,324.8,-365.0
2024-01-29,MBA13,295,0,0,2024,1,0,0,0,0,252.0,338.0,347.57142857142856,318.5,43.0
2024-01-30,MBA13,311,0,0,2024,1,1,0,0,0,295.0,306.0,341.42857142857144,315.3333333333333,16.0
2024-01-31,MBA13,279,0,0,2024,1,2,0,0,0,311.0,311.0,342.14285714285717,314.0,-32.0
2024-02-01,MBA13,305,0,0,2024,2,3,0,0,0,279.0,313.0,337.57142857142856,314.1,26.0
2024-02-02,MBA13,316,0,0,2024,2,4,0,0,0,305.0,296.0,336.42857142857144,313.8333333333333,11.0
2024-02-03,MBA13,205,0,1,2024,2,5,1,0,0,316.0,617.0,339.2857142857143,313.73333333333335,-111.0
2024-02-04,MBA13,268,0,0,2024,2,6,1,0,0,205.0,252.0,280.42857142857144,310.1666666666667,63.0
2024-02-05,MBA13,296,0,0,2024,2,0,0,0,0,268.0,295.0,282.7142857142857,310.06666666666666,28.0
2024-02-06,MBA13,310,0,0,2024,2,1,0,0,0,296.0,311.0,282.85714285714283,311.4,14.0
2024-02-07,MBA13,325,0,0,2024,2,2,0,0,0,310.0,279.0,282.7142857142857,313.06666666666666,15.0
2024-02-08,MBA13,316,0,0,2024,2,3,0,0,0,325.0,305.0,289.2857142857143,314.1,-9.0
2024-02-09,MBA13,323,0,0,2024,2,4,0,0,0,316.0,316.0,290.85714285714283,314.56666666666666,7.0
2024-02-10,MBA13,614,1,0,2024,2,5,1,0,0,323.0,205.0,291.85714285714283,317.06666666666666,291.0
2024-02-11,MBA13,253,0,0,2024,2,6,1,0,0,614.0,268.0,350.2857142857143,326.9,-361.0
2024-02-12,MBA13,308,0,0,2024,2,0,0,0,0,253.0,296.0,348.14285714285717,325.1333333333333,55.0
2024-02-13,MBA13,328,1,0,2024,2,1,0,0,0,308.0,310.0,349.85714285714283,326.8333333333333,20.0
2024-02-14,MBA13,300,0,0,2024,2,2,0,0,0,328.0,325.0,352.42857142857144,317.03333333333336,-28.0
2024-02-15,MBA13,330,0,0,2024,2,3,0,0,0,300.0,316.0,348.85714285714283,317.3666666666667,30.0
2024-02-16,MBA13,321,0,0,2024,2,4,0,0,0,330.0,323.0,350.85714285714283,317.56666666666666,-9.0
2024-02-17,MBA13,268,0,0,2024,2,5,1,0,0,321.0,614.0,350.57142857142856,318.3666666666667,-53.0
2024-02-18,MBA13,256,0,0,2024,2,6,1,0,0,268.0,253.0,301.14285714285717,317.0,-12.0
2024-02-19,MBA13,302,0,0,2024,2,0,0,0,0,256.0,308.0,301.57142857142856,315.3666666666667,46.0
2024-02-20,MBA13,320,0,0,2024,2,1,0,0,0,302.0,328.0,300.7142857142857,317.56666666666666,18.0
2024-02-21,MBA13,330,0,0,2024,2,2,0,0,0,320.0,300.0,299.57142857142856,319.4,10.0
2024-02-22,MBA13,316,0,0,2024,2,3,0,0,0,330.0,330.0,303.85714285714283,319.1333333333333,-14.0
2024-02-23,MBA13,299,0,0,2024,2,4,0,0,0,316.0,321.0,301.85714285714283,319.46666666666664,-17.0
2024-02-24,MBA13,244,0,0,2024,2,5,1,0,0,299.0,268.0,298.7142857142857,319.06666666666666,-55.0
2024-02-25,MBA13,202,0,1,2024,2,6,1,0,0,244.0,256.0,295.2857142857143,316.76666666666665,-42.0
2024-02-26,MBA13,332,0,0,2024,2,0,0,0,0,202.0,302.0,287.57142857142856,313.6333333333333,130.0
2024-02-27,MBA13,337,0,0,2024,2,1,0,0,0,332.0,320.0,291.85714285714283,304.1333333333333,5.0
2024-02-28,MBA13,300,0,0,2024,2,2,0,0,0,337.0,330.0,294.2857142857143,306.96666666666664,-37.0
2024-02-29,MBA13,317,0,0,2024,2,3,0,0,0,300.0,316.0,290.0,307.1333333333333,17.0
2024-03-01,MBA13,303,0,0,2024,3,4,0,0,0,317.0,299.0,290.14285714285717,307.3333333333333,-14.0
2024-03-02,MBA13,234,0,0,2024,3,5,1,0,0,303.0,244.0,290.7142857142857,308.1333333333333,-69.0
2024-03-03,MBA13,260,0,0,2024,3,6,1,0,0,234.0,202.0,289.2857142857143,305.76666666666665,26.0
2024-03-04,MBA13,314,0,0,2024,3,0,0,0,0,260.0,332.0,297.57142857142856,303.9,54.0
2024-03-05,MBA13,315,0,0,2024,3,1,0,0,0,314.0,337.0,295.0,307.53333333333336,1.0
2024-03-06,MBA13,309,0,0,2024,3,2,0,0,0,315.0,300.0,291.85714285714283,309.1,-6.0
2024-03-07,MBA13,316,0,0,2024,3,3,0,0,0,309.0,317.0,293.14285714285717,309.53333333333336,7.0
2024-03-08,MBA13,315,0,0,2024,3,4,0,0,0,316.0,303.0,293.0,309.73333333333335,-1.0
2024-03-09,MBA13,264,0,0,2024,3,5,1,0,0,315.0,234.0,294.7142857142857,309.4,-51.0
2024-03-10,MBA13,241,0,0,2024,3,6,1,0,0,264.0,260.0,299.0,307.6666666666667,-23.0
2024-03-11,MBA13,324,0,0,2024,3,0,0,0,0,241.0,314.0,296.2857142857143,304.93333333333334,83.0
2024-03-12,MBA13,322,0,0,2024,3,1,0,0,0,324.0,315.0,297.7142857142857,295.26666666666665,-2.0
2024-03-13,MBA13,316,0,0,2024,3,2,0,0,0,322.0,309.0,298.7142857142857,297.56666666666666,-6.0
2024-03-14,MBA13,312,0,0,2024,3,3,0,0,0,316.0,316.0,299.7142857142857,297.8333333333333,-4.0
2024-03-15,MBA13,326,1,0,2024,3,4,0,0,0,312.0,315.0,299.14285714285717,297.3,14.0
2024-03-16,MBA13,251,0,0,2024,3,5,1,0,0,326.0,264.0,300.7142857142857,298.1666666666667,-75.0
2024-03-17,MBA13,253,0,0,2024,3,6,1,0,0,251.0,241.0,298.85714285714283,295.53333333333336,2.0
2024-03-18,MBA13,291,0,0,2024,3,0,0,0,0,253.0,324.0,300.57142857142856,293.26666666666665,38.0
2024-03-19,MBA13,344,0,0,2024,3,1,0,0,0,291.0,322.0,295.85714285714283,294.03333333333336,53.0
2024-03-20,MBA13,327,0,0,2024,3,2,0,0,0,344.0,316.0,299.0,296.96666666666664,-17.0
2024-03-21,MBA13,337,0,0,2024,3,3,0,0,0,327.0,312.0,300.57142857142856,297.8,10.0
2024-03-22,MBA13,320,0,0,2024,3,4,0,0,0,337.0,326.0,304.14285714285717,298.3666666666667,-17.0
2024-03-23,MBA13,244,0,0,2024,3,5,1,0,0,320.0,251.0,303.2857142857143,298.03333333333336,-76.0
2024-03-24,MBA13,259,0,0,2024,3,6,1,0,0,244.0,253.0,302.2857142857143,295.6333333333333,15.0
2024-03-25,MBA13,339,1,0,2024,3,0,0,0,0,259.0,291.0,303.14285714285717,294.3,80.0
2024-03-26,MBA13,236,0,1,2024,3,1,0,0,0,339.0,344.0,310.0,297.46666666666664,-103.0
2024-03-27,MBA13,345,1,0,2024,3,2,0,0,0,236.0,327.0,294.57142857142856,298.6,109.0
2024-03-28,MBA13,306,0,0,2024,3,3,0,0,0,345.0,337.0,297.14285714285717,299.03333333333336,-39.0
2024-03-29,MBA13,322,0,0,2024,3,4,0,0,0,306.0,320.0,292.7142857142857,298.0,16.0
2024-03-30,MBA13,273,0,0,2024,3,5,1,0,0,322.0,244.0,293.0,298.73333333333335,-49.0
2024-03-31,MBA13,256,0,0,2024,3,6,1,0,0,273.0,259.0,297.14285714285717,297.26666666666665,-17.0
2024-04-01,MBA13,348,1,0,2024,4,0,0,0,0,256.0,339.0,296.7142857142857,295.7,92.0
2024-04-02,MBA13,291,0,0,2024,4,1,0,0,0,348.0,236.0,298.0,299.5,-57.0
2024-04-03,MBA13,296,0,0,2024,4,2,0,0,0,291.0,345.0,305.85714285714283,300.53333333333336,5.0
2024-04-04,MBA13,300,0,0,2024,4,3,0,0,0,296.0,306.0,298.85714285714283,299.93333333333334,4.0
2024-04-05,MBA13,282,0,0,2024,4,4,0,0,0,300.0,322.0,298.0,299.43333333333334,-18.0
2024-04-06,MBA13,228,0,0,2024,4,5,1,0,0,282.0,273.0,292.2857142857143,298.53333333333336,-54.0
2024-04-07,MBA13,273,0,0,2024,4,6,1,0,0,228.0,256.0,285.85714285714283,295.6,45.0
2024-04-08,MBA13,328,0,0,2024,4,0,0,0,0,273.0,348.0,288.2857142857143,294.2,55.0
2024-04-09,MBA13,319,1,0,2024,4,1,0,0,0,328.0,291.0,285.42857142857144,296.3333333333333,-9.0
2024-04-10,MBA13,343,0,0,2024,4,2,0,0,0,319.0,296.0,289.42857142857144,298.93333333333334,24.0
2024-04-11,MBA13,323,1,0,2024,4,3,0,0,0,343.0,300.0,296.14285714285717,299.56666666666666,-20.0
2024-04-12,MBA13,338,0,0,2024,4,4,0,0,0,323.0,282.0,299.42857142857144,299.6,15.0
2024-04-13,MBA13,279,0,0,2024,4,5,1,0,0,338.0,228.0,307.42857142857144,300.3333333333333,-59.0
2024-04-14,MBA13,244,0,0,2024,4,6,1,0,0,279.0,273.0,314.7142857142857,299.23333333333335,-35.0
2024-04-15,MBA13,323,0,0,2024,4,0,0,0,0,244.0,328.0,310.57142857142856,296.5,79.0
2024-04-16,MBA13,327,0,0,2024,4,1,0,0,0,323.0,319.0,309.85714285714283,298.9,4.0
2024-04-17,MBA13,303,0,0,2024,4,2,0,0,0,327.0,343.0,311.0,301.3666666666667,-24.0
2024-04-18,MBA13,273,0,0,2024,4,3,0,0,0,303.0,323.0,305.2857142857143,301.76666666666665,-30.0
2024-04-19,MBA13,323,0,0,2024,4,4,0,0,0,273.0,338.0,298.14285714285717,299.4,50.0
2024-04-20,MBA13,240,0,0,2024,4,5,1,0,0,323.0,279.0,296.0,299.26666666666665,-83.0
2024-04-21,MBA13,250,0,0,2024,4,6,1,0,0,240.0,244.0,290.42857142857144,296.03333333333336,10.0
2024-04-22,MBA13,314,0,0,2024,4,0,0,0,0,250.0,323.0,291.2857142857143,293.7,64.0
2024-04-23,MBA13,320,0,0,2024,4,1,0,0,0,314.0,327.0,290.0,296.03333333333336,6.0
2024-04-24,MBA13,307,0,0,2024,4,2,0,0,0,320.0,303.0,289.0,298.06666666666666,-13.0
2024-04-25,MBA13,315,0,0,2024,4,3,0,0,0,307.0,273.0,289.57142857142856,297.0,8.0
2024-04-26,MBA13,328,0,0,2024,4,4,0,0,0,315.0,323.0,295.57142857142856,299.6333333333333,13.0
2024-04-27,MBA13,225,0,0,2024,4,5,1,0,0,328.0,240.0,296.2857142857143,299.06666666666666,-103.0
2024-04-28,MBA13,233,0,0,2024,4,6,1,0,0,225.0,250.0,294.14285714285717,296.3666666666667,8.0
2024-04-29,MBA13,311,1,0,2024,4,0,0,0,0,233.0,314.0,291.7142857142857,293.4,78.0
2024-04-30,MBA13,320,1,0,2024,4,1,0,0,0,311.0,320.0,291.2857142857143,294.6666666666667,9.0
2024-05-01,MBA13,322,0,0,2024,5,2,0,0,0,320.0,307.0,291.2857142857143,296.8,2.0
2024-05-02,MBA13,326,0,0,2024,5,3,0,0,0,322.0,315.0,293.42857142857144,295.93333333333334,4.0
2024-05-03,MBA13,309,0,0,2024,5,4,0,0,0,326.0,328.0,295.0,297.1,-17.0
2024-05-04,MBA13,250,0,0,2024,5,5,1,0,0,309.0,225.0,292.2857142857143,297.53333333333336,-59.0
2024-05-05,MBA13,272,0,0,2024,5,6,1,0,0,250.0,233.0,295.85714285714283,295.8666666666667,22.0
2024-05-06,MBA13,315,0,0,2024,5,0,0,0,0,272.0,311.0,301.42857142857144,295.53333333333336,43.0
2024-05-07,MBA13,306,0,0,2024,5,1,0,0,0,315.0,320.0,302.0,298.43333333333334,-9.0
2024-05-08,MBA13,324,0,0,2024,5,2,0,0,0,306.0,322.0,300.0,299.53333333333336,18.0
2024-05-09,MBA13,323,0,0,2024,5,3,0,0,0,324.0,326.0,300.2857142857143,299.4,-1.0
2024-05-10,MBA13,317,0,0,2024,5,4,0,0,0,323.0,309.0,299.85714285714283,299.53333333333336,-6.0
2024-05-11,MBA13,244,0,0,2024,5,5,1,0,0,317.0,250.0,301.0,298.6666666666667,-73.0
2024-05-12,MBA13,188,0,1,2024,5,6,1,0,0,244.0,272.0,300.14285714285717,296.03333333333336,-56.0
2024-05-13,MBA13,299,0,0,2024,5,0,0,0,0,188.0,315.0,288.14285714285717,291.03333333333336,111.0
2024-05-14,MBA13,300,0,0,2024,5,1,0,0,0,299.0,306.0,285.85714285714283,291.7,1.0
2024-05-15,MBA13,299,0,0,2024,5,2,0,0,0,300.0,324.0,285.0,293.56666666666666,-1.0
2024-05-16,MBA13,304,0,0,2024,5,3,0,0,0,299.0,323.0,281.42857142857144,292.76666666666665,5.0
2024-05-17,MBA13,327,1,0,2024,5,4,0,0,0,304.0,317.0,278.7142857142857,292.0,23.0
2024-05-18,MBA13,254,0,0,2024,5,5,1,0,0,327.0,244.0,280.14285714285717,292.8,-73.0
2024-05-19,MBA13,236,0,0,2024,5,6,1,0,0,254.0,188.0,281.57142857142856,292.1666666666667,-18.0
2024-05-20,MBA13,315,0,0,2024,5,0,0,0,0,236.0,299.0,288.42857142857144,289.26666666666665,79.0
2024-05-21,MBA13,313,0,0,2024,5,1,0,0,0,315.0,300.0,290.7142857142857,291.76666666666665,-2.0
2024-05-22,MBA13,310,0,0,2024,5,2,0,0,0,313.0,299.0,292.57142857142856,293.8666666666667,-3.0
2024-05-23,MBA13,303,0,0,2024,5,3,0,0,0,310.0,304.0,294.14285714285717,293.73333333333335,-7.0
2024-05-24,MBA13,296,0,0,2024,5,4,0,0,0,303.0,327.0,294.0,293.1666666666667,-7.0
2024-05-25,MBA13,260,0,0,2024,5,5,1,0,0,296.0,254.0,289.57142857142856,292.8,-36.0
2024-05-26,MBA13,253,0,0,2024,5,6,1,0,0,260.0,236.0,290.42857142857144,290.96666666666664,-7.0
2024-05-27,MBA13,317,0,0,2024,5,0,0,0,0,253.0,315.0,292.85714285714283,288.46666666666664,64.0
2024-05-28,MBA13,306,0,0,2024,5,1,0,0,0,317.0,313.0,293.14285714285717,291.53333333333336,-11.0
2024-05-29,MBA13,304,0,0,2024,5,2,0,0,0,306.0,310.0,292.14285714285717,293.96666666666664,-2.0
2024-05-30,MBA13,326,0,0,2024,5,3,0,0,0,304.0,303.0,291.2857142857143,293.73333333333335,22.0
2024-05-31,MBA13,349,0,0,2024,5,4,0,0,0,326.0,296.0,294.57142857142856,293.93333333333334,23.0
2024-06-01,MBA13,248,0,0,2024,6,5,1,0,0,349.0,260.0,302.14285714285717,294.8333333333333,-101.0
2024-06-02,MBA13,254,0,0,2024,6,6,1,0,0,248.0,253.0,300.42857142857144,292.23333333333335,6.0
2024-06-03,MBA13,310,0,0,2024,6,0,0,0,0,254.0,317.0,300.57142857142856,290.4,56.0
2024-06-04,MBA13,300,0,0,2024,6,1,0,0,0,310.0,306.0,299.57142857142856,292.4,-10.0
2024-06-05,MBA13,305,0,0,2024,6,2,0,0,0,300.0,304.0,298.7142857142857,293.3333333333333,5.0
2024-06-06,MBA13,340,0,0,2024,6,3,0,0,0,305.0,326.0,298.85714285714283,293.0,35.0
2024-06-07,MBA13,302,0,0,2024,6,4,0,0,0,340.0,349.0,300.85714285714283,294.1333333333333,-38.0
2024-06-08,MBA13,253,0,0,2024,6,5,1,0,0,302.0,248.0,294.14285714285717,293.4,-49.0
2024-06-09,MBA13,243,0,0,2024,6,6,1,0,0,253.0,254.0,294.85714285714283,291.06666666666666,-10.0
2024-06-10,MBA13,311,0,0,2024,6,0,0,0,0,243.0,310.0,293.2857142857143,288.6,68.0
2024-06-11,MBA13,302,0,0,2024,6,1,0,0,0,311.0,300.0,293.42857142857144,290.8333333333333,-9.0
2024-06-12,MBA13,304,0,0,2024,6,2,0,0,0,302.0,305.0,293.7142857142857,294.6333333333333,2.0
2024-06-13,MBA13,291,0,0,2024,6,3,0,0,0,304.0,340.0,293.57142857142856,294.8,-13.0
2024-06-14,MBA13,313,0,0,2024,6,4,0,0,0,291.0,302.0,286.57142857142856,294.5,22.0
2024-06-15,MBA13,247,0,0,2024,6,5,1,0,0,313.0,253.0,288.14285714285717,294.96666666666664,-66.0
2024-06-16,MBA13,259,0,0,2024,6,6,1,0,0,247.0,243.0,287.2857142857143,293.06666666666666,12.0
2024-06-17,MBA13,248,0,1,2024,6,0,0,0,0,259.0,311.0,289.57142857142856,290.8,-11.0
2024-06-18,MBA13,301,0,0,2024,6,1,0,0,0,248.0,302.0,280.57142857142856,290.6,53.0
2024-06-19,MBA13,298,0,0,2024,6,2,0,0,0,301.0,304.0,280.42857142857144,292.76666666666665,-3.0
2024-06-20,MBA13,312,0,0,2024,6,3,0,0,0,298.0,291.0,279.57142857142856,292.2,14.0
2024-06-21,MBA13,330,0,0,2024,6,4,0,0,0,312.0,313.0,282.57142857142856,292.1666666666667,18.0
2024-06-22,MBA13,194,0,1,2024,6,5,1,0,0,330.0,247.0,285.0,292.8333333333333,-136.0
2024-06-23,MBA13,227,0,0,2024,6,6,1,0,0,194.0,259.0,277.42857142857144,289.2,33.0
2024-06-24,MBA13,314,0,0,2024,6,0,0,0,0,227.0,248.0,272.85714285714283,286.9,87.0
2024-06-25,MBA13,328,0,0,2024,6,1,0,0,0,314.0,301.0,282.2857142857143,288.7,14.0
2024-06-26,MBA13,319,0,0,2024,6,2,0,0,0,328.0,298.0,286.14285714285717,291.2,-9.0
2024-06-27,MBA13,295,0,0,2024,6,3,0,0,0,319.0,312.0,289.14285714285717,291.26666666666665,-24.0
2024-06-28,MBA13,313,0,0,2024,6,4,0,0,0,295.0,330.0,286.7142857142857,290.9,18.0
2024-06-29,MBA13,264,0,0,2024,6,5,1,0,0,313.0,194.0,284.2857142857143,291.2,-49.0
2024-06-30,MBA13,246,0,0,2024,6,6,1,0,0,264.0,227.0,294.2857142857143,289.1333333333333,-18.0
2024-07-01,MBA13,304,0,0,2024,7,0,0,0,0,246.0,314.0,297.0,285.7,58.0
2024-07-02,MBA13,304,0,0,2024,7,1,0,0,0,304.0,328.0,295.57142857142856,287.56666666666666,0.0
2024-07-03,MBA13,309,0,0,2024,7,2,0,0,0,304.0,319.0,292.14285714285717,289.23333333333335,5.0
2024-07-04,MBA13,295,0,0,2024,7,3,0,0,0,309.0,295.0,290.7142857142857,289.2,-14.0
2024-07-05,MBA13,330,1,0,2024,7,4,0,0,0,295.0,313.0,290.7142857142857,289.03333333333336,35.0
2024-07-06,MBA13,256,0,0,2024,7,5,1,0,0,330.0,264.0,293.14285714285717,289.8666666666667,-74.0
2024-07-07,MBA13,206,0,1,2024,7,6,1,0,0,256.0,246.0,292.0,287.06666666666666,-50.0
2024-07-08,MBA13,311,0,0,2024,7,0,0,0,0,206.0,304.0,286.2857142857143,283.8666666666667,105.0
2024-07-09,MBA13,295,0,0,2024,7,1,0,0,0,311.0,304.0,287.2857142857143,285.8,-16.0
2024-07-10,MBA13,324,1,0,2024,7,2,0,0,0,295.0,309.0,286.0,287.53333333333336,29.0
2024-07-11,MBA13,337,0,0,2024,7,3,0,0,0,324.0,295.0,288.14285714285717,287.96666666666664,13.0
2024-07-12,MBA13,315,0,0,2024,7,4,0,0,0,337.0,330.0,294.14285714285717,289.1333333333333,-22.0
2024-07-13,MBA13,619,1,0,2024,7,5,1,0,0,315.0,256.0,292.0,289.5,304.0
2024-07-14,MBA13,261,0,0,2024,7,6,1,0,0,619.0,206.0,343.85714285714283,300.43333333333334,-358.0
2024-07-15,MBA13,337,0,0,2024,7,0,0,0,0,261.0,311.0,351.7142857142857,298.7,76.0
2024-07-16,MBA13,317,0,0,2024,7,1,0,0,0,337.0,295.0,355.42857142857144,301.7,-20.0
2024-07-17,MBA13,309,0,0,2024,7,2,0,0,0,317.0,324.0,358.57142857142856,303.6333333333333,-8.0
2024-07-18,MBA13,330,0,0,2024,7,3,0,0,0,309.0,337.0,356.42857142857144,305.6666666666667,21.0
2024-07-19,MBA13,305,0,0,2024,7,4,0,0,0,330.0,315.0,355.42857142857144,306.6333333333333,-25.0
2024-07-20,MBA13,266,0,0,2024,7,5,1,0,0,305.0,619.0,354.0,306.8666666666667,-39.0
2024-07-21,MBA13,244,0,0,2024,7,6,1,0,0,266.0,261.0,303.57142857142856,305.3333333333333,-22.0
2024-07-22,MBA13,306,0,0,2024,7,0,0,0,0,244.0,337.0,301.14285714285717,302.46666666666664,62.0
2024-07-23,MBA13,322,0,0,2024,7,1,0,0,0,306.0,317.0,296.7142857142857,306.2,16.0
2024-07-24,MBA13,329,0,0,2024,7,2,0,0,0,322.0,309.0,297.42857142857144,309.3666666666667,7.0
2024-07-25,MBA13,310,0,0,2024,7,3,0,0,0,329.0,330.0,300.2857142857143,309.8666666666667,-19.0
2024-07-26,MBA13,266,0,1,2024,7,4,0,0,0,310.0,305.0,297.42857142857144,309.26666666666665,-44.0
2024-07-27,MBA13,257,0,0,2024,7,5,1,0,0,266.0,266.0,291.85714285714283,307.5,-9.0
2024-07-28,MBA13,241,0,0,2024,7,6,1,0,0,257.0,244.0,290.57142857142856,306.23333333333335,-16.0
2024-07-29,MBA13,306,0,0,2024,7,0,0,0,0,241.0,306.0,290.14285714285717,303.8333333333333,65.0
2024-07-30,MBA13,319,0,0,2024,7,1,0,0,0,306.0,322.0,290.14285714285717,305.23333333333335,13.0
2024-07-31,MBA13,331,0,0,2024,7,2,0,0,0,319.0,329.0,289.7142857142857,307.6666666666667,12.0
2024-08-01,MBA13,435,0,0,2024,8,3,0,1,0,331.0,310.0,290.0,308.56666666666666,104.0
2024-08-02,MBA13,435,0,0,2024,8,4,0,1,0,435.0,266.0,307.85714285714283,312.93333333333334,0.0
2024-08-03,MBA13,322,0,0,2024,8,5,1,1,0,435.0,257.0,332.0,317.1333333333333,-113.0
2024-08-04,MBA13,351,0,0,2024,8,6,1,1,0,322.0,241.0,341.2857142857143,318.03333333333336,29.0
2024-08-05,MBA13,430,0,0,2024,8,0,0,1,0,351.0,306.0,357.0,318.73333333333335,79.0
2024-08-06,MBA13,425,0,0,2024,8,1,0,1,0,430.0,319.0,374.7142857142857,324.53333333333336,-5.0
2024-08-07,MBA13,430,0,0,2024,8,2,0,1,0,425.0,331.0,389.85714285714283,331.8333333333333,5.0
2024-08-08,MBA13,397,0,0,2024,8,3,0,1,0,430.0,435.0,404.0,335.8,-33.0
2024-08-09,MBA13,389,0,0,2024,8,4,0,1,0,397.0,435.0,398.57142857142856,339.2,-8.0
2024-08-10,MBA13,344,0,0,2024,8,5,1,1,0,389.0,322.0,392.0,341.3666666666667,-45.0
2024-08-11,MBA13,340,0,0,2024,8,6,1,1,0,344.0,351.0,395.14285714285717,341.6,-4.0
2024-08-12,MBA13,418,0,0,2024,8,0,0,1,0,340.0,430.0,393.57142857142856,342.43333333333334,78.0
2024-08-13,MBA13,427,0,0,2024,8,1,0,1,0,418.0,425.0,391.85714285714283,335.73333333333335,9.0
2024-08-14,MBA13,423,0,0,2024,8,2,0,1,0,427.0,430.0,392.14285714285717,341.26666666666665,-4.0
2024-08-15,MBA13,425,0,0,2024,8,3,0,1,0,423.0,397.0,391.14285714285717,344.1333333333333,2.0
2024-08-16,MBA13,454,1,0,2024,8,4,0,1,0,425.0,389.0,395.14285714285717,347.73333333333335,29.0
2024-08-17,MBA13,333,0,0,2024,8,5,1,1,0,454.0,344.0,404.42857142857144,352.56666666666666,-121.0
2024-08-18,MBA13,345,0,0,2024,8,6,1,1,0,333.0,340.0,402.85714285714283,352.6666666666667,12.0
2024-08-19,MBA13,412,0,0,2024,8,0,0,1,0,345.0,418.0,403.57142857142856,354.0,67.0
2024-08-20,MBA13,415,1,0,2024,8,1,0,1,0,412.0,427.0,402.7142857142857,358.8666666666667,3.0
2024-08-21,MBA13,417,0,0,2024,8,2,0,1,0,415.0,423.0,401.0,364.56666666666666,2.0
2024-08-22,MBA13,435,0,0,2024,8,3,0,1,0,417.0,425.0,400.14285714285717,368.26666666666665,18.0
2024-08-23,MBA13,430,1,0,2024,8,4,0,1,0,435.0,454.0,401.57142857142856,372.03333333333336,-5.0
2024-08-24,MBA13,347,0,0,2024,8,5,1,1,0,430.0,333.0,398.14285714285717,375.4,-83.0
2024-08-25,MBA13,353,0,0,2024,8,6,1,1,0,347.0,345.0,400.14285714285717,376.6333333333333,6.0
2024-08-26,MBA13,431,0,0,2024,8,0,0,1,0,353.0,412.0,401.2857142857143,379.53333333333336,78.0
2024-08-27,MBA13,433,1,0,2024,8,1,0,1,0,431.0,415.0,404.0,385.3333333333333,2.0
2024-08-28,MBA13,410,0,0,2024,8,2,0,1,0,433.0,417.0,406.57142857142856,391.73333333333335,-23.0
2024-08-29,MBA13,421,0,0,2024,8,3,0,1,0,410.0,435.0,405.57142857142856,395.2,11.0
2024-08-30,MBA13,424,0,0,2024,8,4,0,1,0,421.0,430.0,403.57142857142856,398.6,3.0
2024-08-31,MBA13,350,0,0,2024,8,5,1,1,0,424.0,347.0,402.7142857142857,401.7,-74.0
2024-09-01,MBA13,350,0,0,2024,9,6,1,1,0,350.0,353.0,403.14285714285717,398.8666666666667,0.0
2024-09-02,MBA13,458,0,0,2024,9,0,0,1,0,350.0,431.0,402.7142857142857,396.03333333333336,108.0
2024-09-03,MBA13,441,0,0,2024,9,1,0,1,0,458.0,433.0,406.57142857142856,400.56666666666666,-17.0
2024-09-04,MBA13,416,0,0,2024,9,2,0,1,0,441.0,410.0,407.7142857142857,403.56666666666666,-25.0
2024-09-05,MBA13,450,0,0,2024,9,3,0,1,0,416.0,421.0,408.57142857142856,403.1,34.0
2024-09-06,MBA13,405,0,0,2024,9,4,0,1,0,450.0,424.0,412.7142857142857,403.93333333333334,-45.0
2024-09-07,MBA13,326,0,0,2024,9,5,1,1,0,405.0,350.0,410.0,403.1,-79.0
2024-09-08,MBA13,352,0,0,2024,9,6,1,1,0,326.0,350.0,406.57142857142856,400.73333333333335,26.0
2024-09-09,MBA13,417,0,0,2024,9,0,0,1,0,352.0,458.0,406.85714285714283,399.5,65.0
2024-09-10,MBA13,387,0,0,2024,9,1,0,1,0,417.0,441.0,401.0,401.93333333333334,-30.0
2024-09-11,MBA13,357,0,1,2024,9,2,0,1,0,387.0,416.0,393.2857142857143,403.5,-30.0
2024-09-12,MBA13,429,0,0,2024,9,3,0,1,0,357.0,450.0,384.85714285714283,401.46666666666664,72.0
2024-09-13,MBA13,419,0,0,2024,9,4,0,1,0,429.0,405.0,381.85714285714283,401.53333333333336,-10.0
2024-09-14,MBA13,338,0,0,2024,9,5,1,1,0,419.0,326.0,383.85714285714283,401.4,-81.0
2024-09-15,MBA13,337,0,0,2024,9,6,1,1,0,338.0,352.0,385.57142857142856,398.5,-1.0
2024-09-16,MBA13,392,0,0,2024,9,0,0,1,0,337.0,417.0,383.42857142857144,394.6,55.0
2024-09-17,MBA13,408,0,0,2024,9,1,0,1,0,392.0,387.0,379.85714285714283,396.56666666666666,16.0
2024-09-18,MBA13,411,0,0,2024,9,2,0,1,0,408.0,357.0,382.85714285714283,398.6666666666667,3.0
2024-09-19,MBA13,457,1,0,2024,9,3,0,1,0,411.0,429.0,390.57142857142856,398.6333333333333,46.0
2024-09-20,MBA13,413,0,0,2024,9,4,0,1,0,457.0,419.0,394.57142857142856,400.03333333333336,-44.0
2024-09-21,MBA13,346,0,0,2024,9,5,1,1,0,413.0,338.0,393.7142857142857,399.9,-67.0
2024-09-22,MBA13,338,0,0,2024,9,6,1,1,0,346.0,337.0,394.85714285714283,396.93333333333334,-8.0
2024-09-23,MBA13,429,1,0,2024,9,0,0,1,0,338.0,392.0,395.0,393.8666666666667,91.0
2024-09-24,MBA13,424,0,0,2024,9,1,0,1,0,429.0,408.0,400.2857142857143,396.6,-5.0
2024-09-25,MBA13,420,0,0,2024,9,2,0,1,0,424.0,411.0,402.57142857142856,398.96666666666664,-4.0
2024-09-26,MBA13,436,0,0,2024,9,3,0,1,0,420.0,457.0,403.85714285714283,398.6,16.0
2024-09-27,MBA13,331,0,1,2024,9,4,0,1,0,436.0,413.0,400.85714285714283,398.7,-105.0
2024-09-28,MBA13,331,0,0,2024,9,5,1,1,0,331.0,346.0,389.14285714285717,396.06666666666666,0.0
2024-09-29,MBA13,352,0,0,2024,9,6,1,1,0,331.0,338.0,387.0,393.06666666666666,21.0
2024-09-30,MBA13,418,0,0,2024,9,0,0,1,0,352.0,429.0,389.0,390.6666666666667,66.0
2024-10-01,MBA13,325,0,0,2024,10,1,0,0,0,418.0,424.0,387.42857142857144,392.93333333333334,-93.0
2024-10-02,MBA13,242,0,1,2024,10,2,0,0,0,325.0,420.0,373.2857142857143,392.1,-83.0
2024-10-03,MBA13,314,0,0,2024,10,3,0,0,0,242.0,436.0,347.85714285714283,384.9,72.0
2024-10-04,MBA13,303,0,0,2024,10,4,0,0,0,314.0,331.0,330.42857142857144,380.6666666666667,-11.0
2024-10-05,MBA13,241,0,0,2024,10,5,1,0,0,303.0,331.0,326.42857142857144,376.9,-62.0
2024-10-06,MBA13,221,0,0,2024,10,6,1,0,0,241.0,352.0,313.57142857142856,369.93333333333334,-20.0
2024-10-07,MBA13,333,0,0,2024,10,0,0,0,0,221.0,418.0,294.85714285714283,363.8,112.0
2024-10-08,MBA13,320,1,0,2024,10,1,0,0,0,333.0,325.0,282.7142857142857,364.03333333333336,-13.0
2024-10-09,MBA13,334,1,0,2024,10,2,0,0,0,320.0,242.0,282.0,362.96666666666664,14.0
2024-10-10,MBA13,309,0,0,2024,10,3,0,0,0,334.0,314.0,295.14285714285717,360.2,-25.0
2024-10-11,MBA13,328,0,0,2024,10,4,0,0,0,309.0,303.0,294.42857142857144,357.6,19.0
2024-10-12,MBA13,606,1,0,2024,10,5,1,0,0,328.0,241.0,298.0,356.6333333333333,278.0
2024-10-13,MBA13,255,0,0,2024,10,6,1,0,0,606.0,221.0,350.14285714285717,362.53333333333336,-351.0
2024-10-14,MBA13,322,0,0,2024,10,0,0,0,0,255.0,333.0,355.0,357.06666666666666,67.0
2024-10-15,MBA13,312,0,0,2024,10,1,0,0,0,322.0,320.0,353.42857142857144,356.53333333333336,-10.0
2024-10-16,MBA13,301,0,0,2024,10,2,0,0,0,312.0,334.0,352.2857142857143,355.7,-11.0
2024-10-17,MBA13,303,1,0,2024,10,3,0,0,0,301.0,309.0,347.57142857142856,352.6666666666667,2.0
2024-10-18,MBA13,303,0,0,2024,10,4,0,0,0,303.0,328.0,346.7142857142857,349.1666666666667,0.0
2024-10-19,MBA13,225,0,0,2024,10,5,1,0,0,303.0,606.0,343.14285714285717,345.56666666666666,-78.0
2024-10-20,MBA13,263,0,0,2024,10,6,1,0,0,225.0,255.0,288.7142857142857,337.8333333333333,38.0
2024-10-21,MBA13,318,0,0,2024,10,0,0,0,0,263.0,322.0,289.85714285714283,332.8333333333333,55.0
2024-10-22,MBA13,323,0,0,2024,10,1,0,0,0,318.0,312.0,289.2857142857143,331.9,5.0
2024-10-23,MBA13,298,0,0,2024,10,2,0,0,0,323.0,301.0,290.85714285714283,331.4,-25.0
2024-10-24,MBA13,296,0,0,2024,10,3,0,0,0,298.0,303.0,290.42857142857144,327.03333333333336,-2.0
2024-10-25,MBA13,319,0,0,2024,10,4,0,0,0,296.0,303.0,289.42857142857144,322.76666666666665,23.0
2024-10-26,MBA13,259,0,0,2024,10,5,1,0,0,319.0,225.0,291.7142857142857,319.4,-60.0
2024-10-27,MBA13,227,0,0,2024,10,6,1,0,0,259.0,263.0,296.57142857142856,313.5,-32.0
2024-10-28,MBA13,302,0,0,2024,10,0,0,0,0,227.0,318.0,291.42857142857144,310.03333333333336,75.0
2024-10-29,MBA13,334,0,0,2024,10,1,0,0,0,302.0,323.0,289.14285714285717,309.06666666666666,32.0
2024-10-30,MBA13,323,0,0,2024,10,2,0,0,0,334.0,298.0,290.7142857142857,308.46666666666664,-11.0
2024-10-31,MBA13,308,0,0,2024,10,3,0,0,0,323.0,296.0,294.2857142857143,305.3,-15.0
2024-11-01,MBA13,435,0,0,2024,11,4,0,0,1,308.0,319.0,296.0,304.73333333333335,127.0
2024-11-02,MBA13,352,0,0,2024,11,5,1,0,1,435.0,259.0,312.57142857142856,311.1666666666667,-83.0
2024-11-03,MBA13,908,1,0,2024,11,6,1,0,1,352.0,227.0,325.85714285714283,312.43333333333334,556.0
2024-11-04,MBA13,432,0,0,2024,11,0,0,0,1,908.0,302.0,423.14285714285717,332.6,-476.0
2024-11-05,MBA13,491,1,0,2024,11,1,0,0,1,432.0,334.0,441.7142857142857,338.96666666666664,59.0
2024-11-06,MBA13,467,0,0,2024,11,2,0,0,1,491.0,323.0,464.14285714285717,347.96666666666664,-24.0
2024-11-07,MBA13,435,0,0,2024,11,3,0,0,1,467.0,308.0,484.7142857142857,352.43333333333334,-32.0
2024-11-08,MBA13,478,0,0,2024,11,4,0,0,1,435.0,435.0,502.85714285714283,356.26666666666665,43.0
2024-11-09,MBA13,359,0,0,2024,11,5,1,0,1,478.0,352.0,509.0,361.06666666666666,-119.0
2024-11-10,MBA13,366,0,0,2024,11,6,1,0,1,359.0,908.0,510.0,362.73333333333335,7.0
2024-11-11,MBA13,84,0,1,2024,11,0,0,0,1,366.0,432.0,432.57142857142856,364.0,-282.0
2024-11-12,MBA13,437,0,0,2024,11,1,0,0,1,84.0,491.0,382.85714285714283,346.6,353.0
2024-11-13,MBA13,469,1,0,2024,11,2,0,0,1,437.0,467.0,375.14285714285717,352.6666666666667,32.0
2024-11-14,MBA13,427,0,0,2024,11,3,0,0,1,469.0,435.0,375.42857142857144,357.56666666666666,-42.0
2024-11-15,MBA13,447,0,0,2024,11,4,0,0,1,427.0,478.0,374.2857142857143,361.4,20.0
2024-11-16,MBA13,364,0,0,2024,11,5,1,0,1,447.0,359.0,369.85714285714283,366.26666666666665,-83.0
2024-11-17,MBA13,369,0,0,2024,11,6,1,0,1,364.0,366.0,370.57142857142856,368.3,5.0
2024-11-18,MBA13,430,0,0,2024,11,0,0,0,1,369.0,84.0,371.0,370.5,61.0
2024-11-19,MBA13,431,0,0,2024,11,1,0,0,1,430.0,437.0,420.42857142857144,377.3333333333333,1.0
2024-11-20,MBA13,454,0,0,2024,11,2,0,0,1,431.0,469.0,419.57142857142856,382.93333333333334,23.0
2024-11-21,MBA13,435,0,0,2024,11,3,0,0,1,454.0,427.0,417.42857142857144,387.46666666666664,-19.0
2024-11-22,MBA13,449,0,0,2024,11,4,0,0,1,435.0,447.0,418.57142857142856,391.2,14.0
2024-11-23,MBA13,383,0,0,2024,11,5,1,0,1,449.0,364.0,418.85714285714283,396.23333333333335,-66.0
2024-11-24,MBA13,348,0,0,2024,11,6,1,0,1,383.0,369.0,421.57142857142856,399.1333333333333,-35.0
2024-11-25,MBA13,78,0,1,2024,11,0,0,0,1,348.0,430.0,418.57142857142856,400.1,-270.0
2024-11-26,MBA13,465,0,0,2024,11,1,0,0,1,78.0,431.0,368.2857142857143,394.06666666666666,387.0
2024-11-27,MBA13,426,0,0,2024,11,2,0,0,1,465.0,454.0,373.14285714285717,402.0,-39.0
2024-11-28,MBA13,449,0,0,2024,11,3,0,0,1,426.0,435.0,369.14285714285717,406.1333333333333,23.0
2024-11-29,MBA13,485,0,0,2024,11,4,0,0,1,449.0,449.0,371.14285714285717,409.96666666666664,36.0
2024-11-30,MBA13,77,0,1,2024,11,5,1,0,1,485.0,383.0,376.2857142857143,415.3666666666667,-408.0
2024-12-01,MBA13,378,0,0,2024,12,6,1,0,1,77.0,348.0,332.57142857142856,407.6666666666667,301.0
2024-12-02,MBA13,446,0,0,2024,12,0,0,0,1,378.0,78.0,336.85714285714283,405.76666666666665,68.0
2024-12-03,MBA13,457,1,0,2024,12,1,0,0,1,446.0,465.0,389.42857142857144,408.9,11.0
2024-12-04,MBA13,431,0,0,2024,12,2,0,0,1,457.0,426.0,388.2857142857143,393.8666666666667,-26.0
2024-12-05,MBA13,94,0,1,2024,12,3,0,0,1,431.0,449.0,389.0,393.8333333333333,-337.0
2024-12-06,MBA13,456,0,0,2024,12,4,0,0,1,94.0,485.0,338.2857142857143,380.6,362.0
2024-12-07,MBA13,391,0,0,2024,12,5,1,0,1,456.0,77.0,334.14285714285717,380.23333333333335,-65.0
2024-12-08,MBA13,361,0,0,2024,12,6,1,0,1,391.0,378.0,379.0,378.76666666666665,-30.0
2024-12-09,MBA13,456,0,0,2024,12,0,0,0,1,361.0,446.0,376.57142857142856,374.8666666666667,95.0
2024-12-10,MBA13,450,0,0,2024,12,1,0,0,1,456.0,457.0,378.0,378.1,-6.0
2024-12-11,MBA13,74,0,1,2024,12,2,0,0,1,450.0,431.0,377.0,380.9,-376.0
2024-12-12,MBA13,455,0,0,2024,12,3,0,0,1,74.0,94.0,326.0,380.56666666666666,381.0
2024-12-13,MBA13,467,0,0,2024,12,4,0,0,1,455.0,456.0,377.57142857142856,381.1666666666667,12.0
2024-12-14,MBA13,375,0,0,2024,12,5,1,0,1,467.0,391.0,379.14285714285717,381.1,-92.0
2024-12-15,MBA13,356,0,0,2024,12,6,1,0,1,375.0,361.0,376.85714285714283,379.3666666666667,-19.0
2024-12-16,MBA13,490,0,0,2024,12,0,0,0,1,356.0,456.0,376.14285714285717,376.3333333333333,134.0
2024-12-17,MBA13,448,0,0,2024,12,1,0,0,1,490.0,450.0,381.0,380.53333333333336,-42.0
2024-12-18,MBA13,107,0,1,2024,12,2,0,0,1,448.0,74.0,380.7142857142857,383.1666666666667,-341.0
2024-12-19,MBA13,447,0,0,2024,12,3,0,0,1,107.0,455.0,385.42857142857144,372.4,340.0
2024-12-20,MBA13,468,0,0,2024,12,4,0,0,1,447.0,467.0,384.2857142857143,372.93333333333334,21.0
2024-12-21,MBA13,363,0,0,2024,12,5,1,0,1,468.0,375.0,384.42857142857144,373.4,-105.0
2024-12-22,MBA13,913,1,0,2024,12,6,1,0,1,363.0,356.0,382.7142857142857,371.0,550.0
2024-12-23,MBA13,466,0,0,2024,12,0,0,0,1,913.0,490.0,462.2857142857143,386.46666666666664,-447.0
2024-12-24,MBA13,479,0,0,2024,12,1,0,0,1,466.0,448.0,458.85714285714283,389.23333333333335,13.0
2024-12-25,MBA13,448,0,0,2024,12,2,0,0,1,479.0,107.0,463.2857142857143,393.6,-31.0
2024-12-26,MBA13,446,0,0,2024,12,3,0,0,1,448.0,447.0,512.0,405.93333333333334,-2.0
2024-12-27,MBA13,441,0,0,2024,12,4,0,0,1,446.0,468.0,511.85714285714283,405.3,-5.0
2024-12-28,MBA13,353,0,0,2024,12,5,1,0,1,441.0,363.0,508.0,405.8,-88.0
2024-12-29,MBA13,64,0,1,2024,12,6,1,0,1,353.0,913.0,506.57142857142856,402.6,-289.0
2024-12-30,MBA13,467,1,0,2024,12,0,0,0,1,64.0,466.0,385.2857142857143,388.56666666666666,403.0
2024-12-31,MBA13,486,1,0,2024,12,1,0,0,1,467.0,479.0,385.42857142857144,401.56666666666666,19.0
2025-01-01,MBA13,328,0,0,2025,1,2,0,0,0,486.0,448.0,386.42857142857144,405.1666666666667,-158.0
2025-01-02,MBA13,330,0,0,2025,1,3,0,0,0,328.0,446.0,369.2857142857143,401.23333333333335,2.0
2025-01-03,MBA13,330,0,0,2025,1,4,0,0,0,330.0,441.0,352.7142857142857,397.0,0.0
2025-01-04,MBA13,276,0,0,2025,1,5,1,0,0,330.0,353.0,336.85714285714283,393.6333333333333,-54.0
2025-01-05,MBA13,249,0,0,2025,1,6,1,0,0,276.0,64.0,325.85714285714283,399.7,-27.0
2025-01-06,MBA13,323,0,0,2025,1,0,0,0,0,249.0,467.0,352.2857142857143,392.8,74.0
2025-01-07,MBA13,314,1,0,2025,1,1,0,0,0,323.0,486.0,331.7142857142857,390.53333333333336,-9.0
2025-01-08,MBA13,314,1,0,2025,1,2,0,0,0,314.0,328.0,307.14285714285717,388.96666666666664,0.0
2025-01-09,MBA13,322,0,0,2025,1,3,0,0,0,314.0,330.0,305.14285714285717,384.23333333333335,8.0
2025-01-10,MBA13,319,0,0,2025,1,4,0,0,0,322.0,330.0,304.0,379.96666666666664,-3.0
2025-01-11,MBA13,649,1,0,2025,1,5,1,0,0,319.0,276.0,302.42857142857144,388.1333333333333,330.0
2025-01-12,MBA13,268,0,0,2025,1,6,1,0,0,649.0,249.0,355.7142857142857,394.6,-381.0
2025-01-13,MBA13,357,1,0,2025,1,0,0,0,0,268.0,323.0,358.42857142857144,387.96666666666664,89.0
2025-01-14,MBA13,321,0,0,2025,1,1,0,0,0,357.0,314.0,363.2857142857143,387.3666666666667,-36.0
2025-01-15,MBA13,334,1,0,2025,1,2,0,0,0,321.0,314.0,364.2857142857143,386.2,13.0
2025-01-16,MBA13,311,0,0,2025,1,3,0,0,0,334.0,322.0,367.14285714285717,381.0,-23.0
2025-01-17,MBA13,333,0,0,2025,1,4,0,0,0,311.0,319.0,365.57142857142856,376.43333333333334,22.0
2025-01-18,MBA13,251,0,0,2025,1,5,1,0,0,333.0,649.0,367.57142857142856,383.96666666666664,-82.0
2025-01-19,MBA13,256,0,0,2025,1,6,1,0,0,251.0,268.0,310.7142857142857,377.43333333333334,5.0
2025-01-20,MBA13,329,0,0,2025,1,0,0,0,0,256.0,357.0,309.0,370.3666666666667,73.0
2025-01-21,MBA13,322,0,0,2025,1,1,0,0,0,329.0,321.0,305.0,369.23333333333335,-7.0
2025-01-22,MBA13,321,0,0,2025,1,2,0,0,0,322.0,334.0,305.14285714285717,349.53333333333336,-1.0
2025-01-23,MBA13,308,0,0,2025,1,3,0,0,0,321.0,311.0,303.2857142857143,344.7,-13.0
2025-01-24,MBA13,325,0,0,2025,1,4,0,0,0,308.0,333.0,302.85714285714283,339.0,17.0
2025-01-25,MBA13,290,0,0,2025,1,5,1,0,0,325.0,251.0,301.7142857142857,334.9,-35.0
2025-01-26,MBA13,241,0,0,2025,1,6,1,0,0,290.0,256.0,307.2857142857143,329.7,-49.0
2025-01-27,MBA13,321,1,0,2025,1,0,0,0,0,241.0,329.0,305.14285714285717,323.03333333333336,80.0
2025-01-28,MBA13,331,0,0,2025,1,1,0,0,0,321.0,322.0,304.0,321.96666666666664,10.0
2025-01-29,MBA13,324,0,0,2025,1,2,0,0,0,331.0,321.0,305.2857142857143,330.8666666666667,-7.0
2025-01-30,MBA13,340,0,0,2025,1,3,0,0,0,324.0,308.0,305.7142857142857,326.1,16.0
2025-01-31,MBA13,310,0,0,2025,1,4,0,0,0,340.0,325.0,310.2857142857143,321.23333333333335,-30.0
2025-02-01,MBA13,272,0,0,2025,2,5,1,0,0,310.0,290.0,308.14285714285717,320.6333333333333,-38.0
2025-02-02,MBA13,264,0,0,2025,2,6,1,0,0,272.0,241.0,305.57142857142856,318.7,-8.0
2025-02-03,MBA13,323,1,0,2025,2,0,0,0,0,264.0,321.0,308.85714285714283,316.5,59.0
2025-02-04,MBA13,312,0,0,2025,2,1,0,0,0,323.0,331.0,309.14285714285717,318.06666666666666,-11.0
2025-02-05,MBA13,321,0,0,2025,2,2,0,0,0,312.0,324.0,306.42857142857144,320.1666666666667,9.0
2025-02-06,MBA13,308,0,0,2025,2,3,0,0,0,321.0,340.0,306.0,320.1,-13.0
2025-02-07,MBA13,336,0,0,2025,2,4,0,0,0,308.0,310.0,301.42857142857144,319.9,28.0
2025-02-08,MBA13,270,0,0,2025,2,5,1,0,0,336.0,272.0,305.14285714285717,320.6333333333333,-66.0
2025-02-09,MBA13,253,0,0,2025,2,6,1,0,0,270.0,264.0,304.85714285714283,318.9,-17.0
2025-02-10,MBA13,318,0,0,2025,2,0,0,0,0,253.0,323.0,303.2857142857143,316.7,65.0
2025-02-11,MBA13,334,0,0,2025,2,1,0,0,0,318.0,312.0,302.57142857142856,305.6666666666667,16.0
2025-02-12,MBA13,320,0,0,2025,2,2,0,0,0,334.0,321.0,305.7142857142857,307.8666666666667,-14.0
2025-02-13,MBA13,348,0,0,2025,2,3,0,0,0,320.0,308.0,305.57142857142856,306.6333333333333,28.0
2025-02-14,MBA13,328,0,0,2025,2,4,0,0,0,348.0,336.0,311.2857142857143,307.53333333333336,-20.0
2025-02-15,MBA13,248,0,0,2025,2,5,1,0,0,328.0,270.0,310.14285714285717,307.3333333333333,-80.0
2025-02-16,MBA13,193,0,1,2025,2,6,1,0,0,248.0,253.0,307.0,305.23333333333335,-55.0
2025-02-17,MBA13,335,0,0,2025,2,0,0,0,0,193.0,318.0,298.42857142857144,300.56666666666666,142.0
2025-02-18,MBA13,314,0,0,2025,2,1,0,0,0,335.0,334.0,300.85714285714283,303.3666666666667,-21.0
2025-02-19,MBA13,322,0,0,2025,2,2,0,0,0,314.0,320.0,298.0,305.3,8.0
2025-02-20,MBA13,217,0,1,2025,2,3,0,0,0,322.0,348.0,298.2857142857143,305.06666666666666,-105.0
2025-02-21,MBA13,321,0,0,2025,2,4,0,0,0,217.0,328.0,279.57142857142856,301.56666666666666,104.0
2025-02-22,MBA13,240,0,0,2025,2,5,1,0,0,321.0,248.0,278.57142857142856,301.56666666666666,-81.0
2025-02-23,MBA13,629,1,0,2025,2,6,1,0,0,240.0,193.0,277.42857142857144,299.3,389.0
2025-02-24,MBA13,338,0,0,2025,2,0,0,0,0,629.0,335.0,339.7142857142857,309.43333333333334,-291.0
2025-02-25,MBA13,316,0,0,2025,2,1,0,0,0,338.0,314.0,340.14285714285717,311.03333333333336,-22.0
2025-02-26,MBA13,315,0,0,2025,2,2,0,0,0,316.0,322.0,340.42857142857144,313.53333333333336,-1.0
2025-02-27,MBA13,350,0,0,2025,2,3,0,0,0,315.0,217.0,339.42857142857144,313.3333333333333,35.0
2025-02-28,MBA13,334,0,0,2025,2,4,0,0,0,350.0,321.0,358.42857142857144,313.96666666666664,-16.0
2025-03-01,MBA13,282,0,0,2025,3,5,1,0,0,334.0,240.0,360.2857142857143,314.3,-52.0
2025-03-02,MBA13,277,0,0,2025,3,6,1,0,0,282.0,629.0,366.2857142857143,312.3666666666667,-5.0
2025-03-03,MBA13,332,0,0,2025,3,0,0,0,0,277.0,338.0,316.0,311.26666666666665,55.0
2025-03-04,MBA13,342,0,0,2025,3,1,0,0,0,332.0,316.0,315.14285714285717,313.26666666666665,10.0
2025-03-05,MBA13,310,0,0,2025,3,2,0,0,0,342.0,315.0,318.85714285714283,315.8666666666667,-32.0
2025-03-06,MBA13,308,0,0,2025,3,3,0,0,0,310.0,350.0,318.14285714285717,315.43333333333334,-2.0
2025-03-07,MBA13,317,1,0,2025,3,4,0,0,0,308.0,334.0,312.14285714285717,315.3,9.0
2025-03-08,MBA13,235,0,0,2025,3,5,1,0,0,317.0,282.0,309.7142857142857,315.1666666666667,-82.0
2025-03-09,MBA13,261,0,0,2025,3,6,1,0,0,235.0,277.0,303.0,312.73333333333335,26.0
2025-03-10,MBA13,315,1,0,2025,3,0,0,0,0,261.0,332.0,300.7142857142857,310.23333333333335,54.0
2025-03-11,MBA13,321,1,0,2025,3,1,0,0,0,315.0,342.0,298.2857142857143,311.73333333333335,6.0
2025-03-12,MBA13,317,0,0,2025,3,2,0,0,0,321.0,310.0,295.2857142857143,314.0,-4.0
2025-03-13,MBA13,284,0,0,2025,3,3,0,0,0,317.0,308.0,296.2857142857143,313.96666666666664,-33.0
2025-03-14,MBA13,319,0,0,2025,3,4,0,0,0,284.0,317.0,292.85714285714283,312.3,35.0
2025-03-15,MBA13,260,0,0,2025,3,5,1,0,0,319.0,235.0,293.14285714285717,312.26666666666665,-59.0
2025-03-16,MBA13,236,0,1,2025,3,6,1,0,0,260.0,261.0,296.7142857142857,309.3333333333333,-24.0
2025-03-17,MBA13,323,0,0,2025,3,0,0,0,0,236.0,315.0,293.14285714285717,306.26666666666665,87.0
2025-03-18,MBA13,322,0,0,2025,3,1,0,0,0,323.0,321.0,294.2857142857143,308.76666666666665,-1.0
2025-03-19,MBA13,278,0,1,2025,3,2,0,0,0,322.0,317.0,294.42857142857144,313.06666666666666,-44.0
2025-03-20,MBA13,317,0,0,2025,3,3,0,0,0,278.0,284.0,288.85714285714283,311.1666666666667,39.0
2025-03-21,MBA13,323,0,0,2025,3,4,0,0,0,317.0,319.0,293.57142857142856,311.26666666666665,6.0
2025-03-22,MBA13,662,1,0,2025,3,5,1,0,0,323.0,260.0,294.14285714285717,311.3,339.0
2025-03-23,MBA13,249,0,0,2025,3,6,1,0,0,662.0,236.0,351.57142857142856,326.1333333333333,-413.0
2025-03-24,MBA13,334,0,0,2025,3,0,0,0,0,249.0,323.0,353.42857142857144,323.73333333333335,85.0
2025-03-25,MBA13,237,0,1,2025,3,1,0,0,0,334.0,322.0,355.0,326.8666666666667,-97.0
2025-03-26,MBA13,330,0,0,2025,3,2,0,0,0,237.0,278.0,342.85714285714283,313.8,93.0
2025-03-27,MBA13,330,0,0,2025,3,3,0,0,0,330.0,317.0,350.2857142857143,313.53333333333336,0.0
2025-03-28,MBA13,315,0,0,2025,3,4,0,0,0,330.0,323.0,352.14285714285717,314.0,-15.0
2025-03-29,MBA13,257,0,0,2025,3,5,1,0,0,315.0,662.0,351.0,314.0,-58.0
2025-03-30,MBA13,283,0,0,2025,3,6,1,0,0,257.0,249.0,293.14285714285717,310.9,26.0
2025-03-31,MBA13,319,0,0,2025,3,0,0,0,0,283.0,334.0,298.0,309.2,36.0
2025-04-01,MBA13,344,1,0,2025,4,1,0,0,0,319.0,237.0,295.85714285714283,310.43333333333334,25.0
2025-04-02,MBA13,337,1,0,2025,4,2,0,0,0,344.0,330.0,311.14285714285717,312.6666666666667,-7.0
2025-04-03,MBA13,311,0,0,2025,4,3,0,0,0,337.0,330.0,312.14285714285717,312.8333333333333,-26.0
2025-04-04,MBA13,312,0,0,2025,4,4,0,0,0,311.0,315.0,309.42857142857144,311.8,1.0
2025-04-05,MBA13,265,0,0,2025,4,5,1,0,0,312.0,257.0,309.0,311.8666666666667,-47.0
2025-04-06,MBA13,279,0,0,2025,4,6,1,0,0,265.0,283.0,310.14285714285717,310.43333333333334,14.0
2025-04-07,MBA13,302,0,0,2025,4,0,0,0,0,279.0,319.0,309.57142857142856,309.1666666666667,23.0
2025-04-08,MBA13,343,0,0,2025,4,1,0,0,0,302.0,344.0,307.14285714285717,311.4,41.0
2025-04-09,MBA13,329,0,0,2025,4,2,0,0,0,343.0,337.0,307.0,314.1333333333333,-14.0
2025-04-10,MBA13,317,0,0,2025,4,3,0,0,0,329.0,311.0,305.85714285714283,314.6,-12.0
2025-04-11,MBA13,325,0,0,2025,4,4,0,0,0,317.0,312.0,306.7142857142857,314.46666666666664,8.0
2025-04-12,MBA13,657,1,0,2025,4,5,1,0,0,325.0,265.0,308.57142857142856,314.73333333333335,332.0
2025-04-13,MBA13,244,0,0,2025,4,6,1,0,0,657.0,279.0,364.57142857142856,327.1666666666667,-413.0
2025-04-14,MBA13,254,0,1,2025,4,0,0,0,0,244.0,302.0,359.57142857142856,324.6666666666667,10.0
2025-04-15,MBA13,321,0,0,2025,4,1,0,0,0,254.0,343.0,352.7142857142857,324.46666666666664,67.0
2025-04-16,MBA13,298,0,0,2025,4,2,0,0,0,321.0,329.0,349.57142857142856,327.3,-23.0
2025-04-17,MBA13,348,1,0,2025,4,3,0,0,0,298.0,317.0,345.14285714285717,326.46666666666664,50.0
2025-04-18,MBA13,312,0,0,2025,4,4,0,0,0,348.0,325.0,349.57142857142856,327.3333333333333,-36.0
2025-04-19,MBA13,252,0,0,2025,4,5,1,0,0,312.0,657.0,347.7142857142857,328.46666666666664,-60.0
2025-04-20,MBA13,258,0,0,2025,4,6,1,0,0,252.0,244.0,289.85714285714283,326.3,6.0
2025-04-21,MBA13,327,0,0,2025,4,0,0,0,0,258.0,254.0,291.85714285714283,324.1333333333333,69.0
2025-04-22,MBA13,326,0,0,2025,4,1,0,0,0,327.0,321.0,302.2857142857143,312.96666666666664,-1.0
2025-04-23,MBA13,257,0,1,2025,4,2,0,0,0,326.0,298.0,303.0,315.53333333333336,-69.0
2025-04-24,MBA13,325,0,0,2025,4,3,0,0,0,257.0,348.0,297.14285714285717,312.96666666666664,68.0
2025-04-25,MBA13,310,0,0,2025,4,4,0,0,0,325.0,312.0,293.85714285714283,315.9,-15.0
2025-04-26,MBA13,262,0,0,2025,4,5,1,0,0,310.0,252.0,293.57142857142856,315.23333333333335,-48.0
2025-04-27,MBA13,215,0,1,2025,4,6,1,0,0,262.0,258.0,295.0,312.96666666666664,-47.0
2025-04-28,MBA13,312,0,0,2025,4,0,0,0,0,215.0,327.0,288.85714285714283,309.6333333333333,97.0
2025-04-29,MBA13,321,0,0,2025,4,1,0,0,0,312.0,326.0,286.7142857142857,311.46666666666664,9.0
2025-04-30,MBA13,264,0,1,2025,4,2,0,0,0,321.0,257.0,286.0,312.73333333333335,-57.0
2025-05-01,MBA13,319,0,0,2025,5,3,0,0,0,264.0,325.0,287.0,310.9,55.0
2025-05-02,MBA13,303,0,0,2025,5,4,0,0,0,319.0,310.0,286.14285714285717,310.06666666666666,-16.0
2025-05-03,MBA13,279,0,0,2025,5,5,1,0,0,303.0,262.0,285.14285714285717,308.93333333333334,-24.0
2025-05-04,MBA13,276,0,0,2025,5,6,1,0,0,279.0,215.0,287.57142857142856,307.8666666666667,-3.0
2025-05-05,MBA13,320,0,0,2025,5,0,0,0,0,276.0,312.0,296.2857142857143,306.6666666666667,44.0
2025-05-06,MBA13,358,1,0,2025,5,1,0,0,0,320.0,321.0,297.42857142857144,308.5,38.0
2025-05-07,MBA13,345,1,0,2025,5,2,0,0,0,358.0,264.0,302.7142857142857,311.1333333333333,-13.0
2025-05-08,MBA13,318,0,0,2025,5,3,0,0,0,345.0,319.0,314.2857142857143,312.56666666666666,-27.0
2025-05-09,MBA13,311,0,0,2025,5,4,0,0,0,318.0,303.0,314.14285714285717,311.73333333333335,-7.0
2025-05-10,MBA13,244,0,0,2025,5,5,1,0,0,311.0,279.0,315.2857142857143,311.1333333333333,-67.0
2025-05-11,MBA13,257,0,0,2025,5,6,1,0,0,244.0,276.0,310.2857142857143,308.7,13.0
2025-05-12,MBA13,324,1,0,2025,5,0,0,0,0,257.0,320.0,307.57142857142856,306.43333333333334,67.0
2025-05-13,MBA13,309,0,0,2025,5,1,0,0,0,324.0,358.0,308.14285714285717,295.3333333333333,-15.0
2025-05-14,MBA13,325,0,0,2025,5,2,0,0,0,309.0,345.0,301.14285714285717,297.5,16.0
2025-05-15,MBA13,302,0,0,2025,5,3,0,0,0,325.0,318.0,298.2857142857143,299.8666666666667,-23.0
2025-05-16,MBA13,298,0,0,2025,5,4,0,0,0,302.0,311.0,296.0,299.23333333333335,-4.0
2025-05-17,MBA13,261,0,0,2025,5,5,1,0,0,298.0,244.0,294.14285714285717,299.23333333333335,-37.0
2025-05-18,MBA13,268,0,0,2025,5,6,1,0,0,261.0,257.0,296.57142857142856,296.3333333333333,7.0
2025-05-19,MBA13,326,0,0,2025,5,0,0,0,0,268.0,324.0,298.14285714285717,294.8666666666667,58.0
2025-05-20,MBA13,298,0,0,2025,5,1,0,0,0,326.0,309.0,298.42857142857144,297.3333333333333,-28.0
2025-05-21,MBA13,311,0,0,2025,5,2,0,0,0,298.0,325.0,296.85714285714283,298.6666666666667,13.0
2025-05-22,MBA13,312,0,0,2025,5,3,0,0,0,311.0,302.0,294.85714285714283,298.1333333333333,1.0
2025-05-23,MBA13,299,0,0,2025,5,4,0,0,0,312.0,298.0,296.2857142857143,297.6666666666667,-13.0
2025-05-24,MBA13,649,1,0,2025,5,5,1,0,0,299.0,261.0,296.42857142857144,299.06666666666666,350.0
2025-05-25,MBA13,652,1,0,2025,5,6,1,0,0,649.0,268.0,351.85714285714283,309.8666666666667,3.0
2025-05-26,MBA13,318,0,0,2025,5,0,0,0,0,652.0,326.0,406.7142857142857,321.26666666666665,-334.0
2025-05-27,MBA13,235,0,1,2025,5,1,0,0,0,318.0,298.0,405.57142857142856,323.1333333333333,-83.0
2025-05-28,MBA13,348,0,0,2025,5,2,0,0,0,235.0,311.0,396.57142857142856,323.8,113.0
2025-05-29,MBA13,309,0,0,2025,5,3,0,0,0,348.0,312.0,401.85714285714283,325.0,-39.0
2025-05-30,MBA13,334,0,0,2025,5,4,0,0,0,309.0,299.0,401.42857142857144,324.6,25.0
2025-05-31,MBA13,279,0,0,2025,5,5,1,0,0,334.0,649.0,406.42857142857144,326.93333333333334,-55.0
2025-06-01,MBA13,254,0,0,2025,6,6,1,0,0,279.0,652.0,353.57142857142856,325.6,-25.0
2025-06-02,MBA13,326,0,0,2025,6,0,0,0,0,254.0,318.0,296.7142857142857,323.96666666666664,72.0
2025-06-03,MBA13,302,0,0,2025,6,1,0,0,0,326.0,235.0,297.85714285714283,325.53333333333336,-24.0
2025-06-04,MBA13,315,0,0,2025,6,2,0,0,0,302.0,348.0,307.42857142857144,326.4,13.0
2025-06-05,MBA13,343,1,0,2025,6,3,0,0,0,315.0,309.0,302.7142857142857,326.23333333333335,28.0
2025-06-06,MBA13,337,1,0,2025,6,4,0,0,0,343.0,334.0,307.57142857142856,325.73333333333335,-6.0
2025-06-07,MBA13,269,0,0,2025,6,5,1,0,0,337.0,279.0,308.0,325.46666666666664,-68.0
2025-06-08,MBA13,253,0,0,2025,6,6,1,0,0,269.0,254.0,306.57142857142856,323.8333333333333,-16.0
2025-06-09,MBA13,334,0,0,2025,6,0,0,0,0,253.0,326.0,306.42857142857144,321.9,81.0
2025-06-10,MBA13,307,0,0,2025,6,1,0,0,0,334.0,302.0,307.57142857142856,324.9,-27.0
2025-06-11,MBA13,326,0,0,2025,6,2,0,0,0,307.0,315.0,308.2857142857143,326.56666666666666,19.0
2025-06-12,MBA13,312,0,0,2025,6,3,0,0,0,326.0,343.0,309.85714285714283,326.6333333333333,-14.0
2025-06-13,MBA13,313,1,0,2025,6,4,0,0,0,312.0,337.0,305.42857142857144,326.73333333333335,1.0
2025-06-14,MBA13,269,0,0,2025,6,5,1,0,0,313.0,269.0,302.0,326.3333333333333,-44.0
2025-06-15,MBA13,613,1,0,2025,6,6,1,0,0,269.0,253.0,302.0,325.23333333333335,344.0
2025-06-16,MBA13,246,0,1,2025,6,0,0,0,0,613.0,334.0,353.42857142857144,335.73333333333335,-367.0
2025-06-17,MBA13,306,0,0,2025,6,1,0,0,0,246.0,307.0,340.85714285714283,335.23333333333335,60.0
2025-06-18,MBA13,338,0,0,2025,6,2,0,0,0,306.0,326.0,340.7142857142857,336.5,32.0
2025-06-19,MBA13,332,0,0,2025,6,3,0,0,0,338.0,312.0,342.42857142857144,336.9,-6.0
2025-06-20,MBA13,306,0,0,2025,6,4,0,0,0,332.0,313.0,345.2857142857143,338.03333333333336,-26.0
2025-06-21,MBA13,243,0,0,2025,6,5,1,0,0,306.0,269.0,344.2857142857143,337.8666666666667,-63.0
2025-06-22,MBA13,253,0,0,2025,6,6,1,0,0,243.0,613.0,340.57142857142856,335.56666666666666,10.0
2025-06-23,MBA13,305,0,0,2025,6,0,0,0,0,253.0,246.0,289.14285714285717,334.03333333333336,52.0
2025-06-24,MBA13,341,0,0,2025,6,1,0,0,0,305.0,306.0,297.57142857142856,322.56666666666666,36.0
2025-06-25,MBA13,296,0,0,2025,6,2,0,0,0,341.0,338.0,302.57142857142856,312.2,-45.0
2025-06-26,MBA13,362,1,0,2025,6,3,0,0,0,296.0,332.0,296.57142857142856,311.46666666666664,66.0
2025-06-27,MBA13,326,0,0,2025,6,4,0,0,0,362.0,306.0,300.85714285714283,315.7,-36.0
2025-06-28,MBA13,267,0,0,2025,6,5,1,0,0,326.0,243.0,303.7142857142857,314.96666666666664,-59.0
2025-06-29,MBA13,650,1,0,2025,6,6,1,0,0,267.0,253.0,307.14285714285717,313.56666666666666,383.0
2025-06-30,MBA13,298,0,0,2025,6,0,0,0,0,650.0,305.0,363.85714285714283,324.1,-352.0
2025-07-01,MBA13,332,0,0,2025,7,1,0,0,0,298.0,341.0,362.85714285714283,324.73333333333335,34.0
2025-07-02,MBA13,321,0,0,2025,7,2,0,0,0,332.0,296.0,361.57142857142856,327.3333333333333,-11.0
2025-07-03,MBA13,307,0,0,2025,7,3,0,0,0,321.0,362.0,365.14285714285717,327.1666666666667,-14.0
2025-07-04,MBA13,336,0,0,2025,7,4,0,0,0,307.0,326.0,357.2857142857143,327.3333333333333,29.0
2025-07-05,MBA13,273,0,0,2025,7,5,1,0,0,336.0,267.0,358.7142857142857,328.03333333333336,-63.0
2025-07-06,MBA13,275,0,0,2025,7,6,1,0,0,273.0,650.0,359.57142857142856,325.7,2.0
2025-07-07,MBA13,333,0,0,2025,7,0,0,0,0,275.0,298.0,306.0,323.6333333333333,58.0
2025-07-08,MBA13,313,0,0,2025,7,1,0,0,0,333.0,332.0,311.0,325.76666666666665,-20.0
2025-07-09,MBA13,328,0,0,2025,7,2,0,0,0,313.0,321.0,308.2857142857143,327.76666666666665,15.0
2025-07-10,MBA13,335,0,0,2025,7,3,0,0,0,328.0,307.0,309.2857142857143,327.56666666666666,7.0
2025-07-11,MBA13,334,0,0,2025,7,4,0,0,0,335.0,336.0,313.2857142857143,328.5,-1.0
2025-07-12,MBA13,226,0,0,2025,7,5,1,0,0,334.0,273.0,313.0,328.76666666666665,-108.0
2025-07-13,MBA13,258,0,0,2025,7,6,1,0,0,226.0,275.0,306.2857142857143,325.9,32.0
2025-07-14,MBA13,310,0,0,2025,7,0,0,0,0,258.0,333.0,303.85714285714283,324.06666666666666,52.0
2025-07-15,MBA13,357,1,0,2025,7,1,0,0,0,310.0,313.0,300.57142857142856,325.43333333333334,47.0
2025-07-16,MBA13,320,0,0,2025,7,2,0,0,0,357.0,328.0,306.85714285714283,316.9,-37.0
2025-07-17,MBA13,327,0,0,2025,7,3,0,0,0,320.0,335.0,305.7142857142857,319.3666666666667,7.0
2025-07-18,MBA13,323,0,0,2025,7,4,0,0,0,327.0,334.0,304.57142857142856,320.06666666666666,-4.0
2025-07-19,MBA13,226,0,1,2025,7,5,1,0,0,323.0,226.0,303.0,319.56666666666666,-97.0
2025-07-20,MBA13,674,1,0,2025,7,6,1,0,0,226.0,258.0,303.0,316.03333333333336,448.0
2025-07-21,MBA13,321,0,0,2025,7,0,0,0,0,674.0,310.0,362.42857142857144,328.3,-353.0
2025-07-22,MBA13,324,0,0,2025,7,1,0,0,0,321.0,357.0,364.0,330.9,3.0
2025-07-23,MBA13,340,0,0,2025,7,2,0,0,0,324.0,320.0,359.2857142857143,333.26666666666665,16.0
2025-07-24,MBA13,305,0,0,2025,7,3,0,0,0,340.0,327.0,362.14285714285717,334.43333333333334,-35.0
2025-07-25,MBA13,306,0,0,2025,7,4,0,0,0,305.0,323.0,359.0,333.23333333333335,1.0
2025-07-26,MBA13,250,0,0,2025,7,5,1,0,0,306.0,226.0,356.57142857142856,333.56666666666666,-56.0
2025-07-27,MBA13,270,0,0,2025,7,6,1,0,0,250.0,674.0,360.0,329.8333333333333,20.0
2025-07-28,MBA13,321,0,0,2025,7,0,0,0,0,270.0,321.0,302.2857142857143,327.96666666666664,51.0
2025-07-29,MBA13,312,0,0,2025,7,1,0,0,0,321.0,324.0,302.2857142857143,329.76666666666665,-9.0
2025-07-30,MBA13,338,0,0,2025,7,2,0,0,0,312.0,340.0,300.57142857142856,318.5,26.0
2025-07-31,MBA13,299,0,0,2025,7,3,0,0,0,338.0,305.0,300.2857142857143,319.8333333333333,-39.0
2025-08-01,MBA13,423,0,0,2025,8,4,0,1,0,299.0,306.0,299.42857142857144,318.73333333333335,124.0
2025-08-02,MBA13,348,0,0,2025,8,5,1,1,0,423.0,250.0,316.14285714285717,322.1333333333333,-75.0
2025-08-03,MBA13,376,0,0,2025,8,6,1,1,0,348.0,270.0,330.14285714285717,323.5,28.0
2025-08-04,MBA13,423,0,0,2025,8,0,0,1,0,376.0,321.0,345.2857142857143,324.8333333333333,47.0
2025-08-05,MBA13,462,1,0,2025,8,1,0,1,0,423.0,312.0,359.85714285714283,329.8333333333333,39.0
2025-08-06,MBA13,430,0,0,2025,8,2,0,1,0,462.0,338.0,381.2857142857143,336.06666666666666,-32.0
2025-08-07,MBA13,416,0,0,2025,8,3,0,1,0,430.0,299.0,394.42857142857144,339.3,-14.0
2025-08-08,MBA13,440,0,0,2025,8,4,0,1,0,416.0,423.0,411.14285714285717,342.73333333333335,24.0
2025-08-09,MBA13,346,0,0,2025,8,5,1,1,0,440.0,348.0,413.57142857142856,346.46666666666664,-94.0
2025-08-10,MBA13,343,0,0,2025,8,6,1,1,0,346.0,376.0,413.2857142857143,346.8333333333333,-3.0
2025-08-11,MBA13,414,0,0,2025,8,0,0,1,0,343.0,423.0,408.57142857142856,347.1333333333333,71.0
2025-08-12,MBA13,347,0,1,2025,8,1,0,1,0,414.0,462.0,407.2857142857143,353.4,-67.0
2025-08-13,MBA13,454,0,0,2025,8,2,0,1,0,347.0,430.0,390.85714285714283,356.3666666666667,107.0
2025-08-14,MBA13,424,0,0,2025,8,3,0,1,0,454.0,416.0,394.2857142857143,361.1666666666667,-30.0
2025-08-15,MBA13,417,0,0,2025,8,4,0,1,0,424.0,440.0,395.42857142857144,363.4,-7.0
2025-08-16,MBA13,327,0,0,2025,8,5,1,1,0,417.0,346.0,392.14285714285717,366.6333333333333,-90.0
2025-08-17,MBA13,326,0,0,2025,8,6,1,1,0,327.0,343.0,389.42857142857144,366.6333333333333,-1.0
2025-08-18,MBA13,431,0,0,2025,8,0,0,1,0,326.0,414.0,387.0,366.73333333333335,105.0
2025-08-19,MBA13,434,0,0,2025,8,1,0,1,0,431.0,347.0,389.42857142857144,373.56666666666666,3.0
2025-08-20,MBA13,460,1,0,2025,8,2,0,1,0,434.0,454.0,401.85714285714283,365.56666666666666,26.0
2025-08-21,MBA13,453,1,0,2025,8,3,0,1,0,460.0,424.0,402.7142857142857,370.2,-7.0
2025-08-22,MBA13,457,1,0,2025,8,4,0,1,0,453.0,417.0,406.85714285714283,374.5,4.0
2025-08-23,MBA13,371,0,0,2025,8,5,1,1,0,457.0,327.0,412.57142857142856,378.4,-86.0
2025-08-24,MBA13,368,0,0,2025,8,6,1,1,0,371.0,326.0,418.85714285714283,380.6,-3.0
2025-08-25,MBA13,471,1,0,2025,8,0,0,1,0,368.0,431.0,424.85714285714283,382.6666666666667,103.0
2025-08-26,MBA13,447,0,0,2025,8,1,0,1,0,471.0,434.0,430.57142857142856,390.03333333333336,-24.0
2025-08-27,MBA13,442,0,0,2025,8,2,0,1,0,447.0,460.0,432.42857142857144,395.93333333333334,-5.0
2025-08-28,MBA13,411,0,0,2025,8,3,0,1,0,442.0,453.0,429.85714285714283,399.96666666666664,-31.0
2025-08-29,MBA13,430,0,0,2025,8,4,0,1,0,411.0,457.0,423.85714285714283,403.26666666666665,19.0
2025-08-30,MBA13,354,0,0,2025,8,5,1,1,0,430.0,371.0,420.0,406.3333333333333,-76.0
2025-08-31,MBA13,338,0,0,2025,8,6,1,1,0,354.0,368.0,417.57142857142856,408.1666666666667,-16.0
2025-09-01,MBA13,478,1,0,2025,9,0,0,1,0,338.0,471.0,413.2857142857143,405.3333333333333,140.0
2025-09-02,MBA13,428,0,0,2025,9,1,0,1,0,478.0,447.0,414.2857142857143,409.6666666666667,-50.0
2025-09-03,MBA13,323,0,1,2025,9,2,0,1,0,428.0,442.0,411.57142857142856,411.4,-105.0
2025-09-04,MBA13,427,0,0,2025,9,3,0,1,0,323.0,411.0,394.57142857142856,408.06666666666666,104.0
2025-09-05,MBA13,439,0,0,2025,9,4,0,1,0,427.0,430.0,396.85714285714283,406.9,12.0
2025-09-06,MBA13,268,0,1,2025,9,5,1,1,0,439.0,354.0,398.14285714285717,407.2,-171.0
2025-09-07,MBA13,348,0,0,2025,9,6,1,1,0,268.0,338.0,385.85714285714283,402.26666666666665,80.0
2025-09-08,MBA13,410,0,0,2025,9,0,0,1,0,348.0,478.0,387.2857142857143,399.2,62.0
2025-09-09,MBA13,426,0,0,2025,9,1,0,1,0,410.0,428.0,377.57142857142856,401.3333333333333,16.0
2025-09-10,MBA13,433,0,0,2025,9,2,0,1,0,426.0,323.0,377.2857142857143,404.1,7.0
2025-09-11,MBA13,431,0,0,2025,9,3,0,1,0,433.0,427.0,393.0,404.73333333333335,-2.0
2025-09-12,MBA13,444,0,0,2025,9,4,0,1,0,431.0,439.0,393.57142857142856,407.53333333333336,13.0
2025-09-13,MBA13,862,1,0,2025,9,5,1,1,0,444.0,268.0,394.2857142857143,407.2,418.0
2025-09-14,MBA13,355,0,0,2025,9,6,1,1,0,862.0,348.0,479.14285714285717,421.8,-507.0
2025-09-15,MBA13,462,1,0,2025,9,0,0,1,0,355.0,410.0,480.14285714285717,419.73333333333335,107.0
2025-09-16,MBA13,423,0,0,2025,9,1,0,1,0,462.0,426.0,487.57142857142856,424.23333333333335,-39.0
2025-09-17,MBA13,420,0,0,2025,9,2,0,1,0,423.0,433.0,487.14285714285717,427.46666666666664,-3.0
2025-09-18,MBA13,478,1,0,2025,9,3,0,1,0,420.0,431.0,485.2857142857143,427.1,58.0
2025-09-19,MBA13,428,0,0,2025,9,4,0,1,0,478.0,444.0,492.0,428.56666666666666,-50.0
2025-09-20,MBA13,356,0,0,2025,9,5,1,1,0,428.0,862.0,489.7142857142857,427.5,-72.0
2025-09-21,MBA13,357,0,0,2025,9,6,1,1,0,356.0,355.0,417.42857142857144,424.26666666666665,1.0
2025-09-22,MBA13,413,0,0,2025,9,0,0,1,0,357.0,462.0,417.7142857142857,420.93333333333334,56.0
2025-09-23,MBA13,436,0,0,2025,9,1,0,1,0,413.0,423.0,410.7142857142857,422.3333333333333,23.0
2025-09-24,MBA13,435,0,0,2025,9,2,0,1,0,436.0,420.0,412.57142857142856,424.6,-1.0
2025-09-25,MBA13,478,1,0,2025,9,3,0,1,0,435.0,478.0,414.7142857142857,423.4,43.0
2025-09-26,MBA13,435,0,0,2025,9,4,0,1,0,478.0,428.0,414.7142857142857,424.43333333333334,-43.0
2025-09-27,MBA13,361,0,0,2025,9,5,1,1,0,435.0,356.0,415.7142857142857,424.2,-74.0
2025-09-28,MBA13,362,0,0,2025,9,6,1,1,0,361.0,357.0,416.42857142857144,422.53333333333336,1.0
2025-09-29,MBA13,429,0,0,2025,9,0,0,1,0,362.0,413.0,417.14285714285717,420.26666666666665,67.0
2025-09-30,MBA13,463,0,0,2025,9,1,0,1,0,429.0,436.0,419.42857142857144,422.76666666666665,34.0
2025-10-01,MBA13,310,0,0,2025,10,2,0,0,0,463.0,435.0,423.2857142857143,426.93333333333334,-153.0
2025-10-02,MBA13,298,0,0,2025,10,3,0,0,0,310.0,478.0,405.42857142857144,421.3333333333333,-12.0
2025-10-03,MBA13,292,0,0,2025,10,4,0,0,0,298.0,435.0,379.7142857142857,417.0,-6.0
2025-10-04,MBA13,253,0,0,2025,10,5,1,0,0,292.0,361.0,359.2857142857143,415.96666666666664,-39.0
2025-10-05,MBA13,624,1,0,2025,10,6,1,0,0,253.0,362.0,343.85714285714283,410.1666666666667,371.0
2025-10-06,MBA13,311,0,0,2025,10,0,0,0,0,624.0,429.0,381.2857142857143,416.3333333333333,-313.0
2025-10-07,MBA13,321,0,0,2025,10,1,0,0,0,311.0,463.0,364.42857142857144,417.76666666666665,10.0
2025-10-08,MBA13,324,0,0,2025,10,2,0,0,0,321.0,310.0,344.14285714285717,416.8666666666667,3.0
2025-10-09,MBA13,315,0,0,2025,10,3,0,0,0,324.0,298.0,346.14285714285717,414.0,-9.0
2025-10-10,MBA13,311,0,0,2025,10,4,0,0,0,315.0,292.0,348.57142857142856,410.3,-4.0
2025-10-11,MBA13,253,0,0,2025,10,5,1,0,0,311.0,253.0,351.2857142857143,406.23333333333335,-58.0
2025-10-12,MBA13,656,1,0,2025,10,6,1,0,0,253.0,624.0,351.2857142857143,400.3,403.0
2025-10-13,MBA13,306,0,0,2025,10,0,0,0,0,656.0,311.0,355.85714285714283,407.3666666666667,-350.0
2025-10-14,MBA13,311,0,0,2025,10,1,0,0,0,306.0,321.0,355.14285714285717,388.8333333333333,5.0
2025-10-15,MBA13,325,0,0,2025,10,2,0,0,0,311.0,324.0,353.7142857142857,387.3666666666667,14.0
2025-10-16,MBA13,322,0,0,2025,10,3,0,0,0,325.0,315.0,353.85714285714283,382.8,-3.0
2025-10-17,MBA13,297,0,0,2025,10,4,0,0,0,322.0,311.0,354.85714285714283,379.43333333333334,-25.0
2025-10-18,MBA13,274,0,0,2025,10,5,1,0,0,297.0,253.0,352.85714285714283,375.3333333333333,-23.0
2025-10-19,MBA13,253,0,0,2025,10,6,1,0,0,274.0,656.0,355.85714285714283,368.53333333333336,-21.0
2025-10-20,MBA13,304,0,0,2025,10,0,0,0,0,253.0,306.0,298.2857142857143,362.7,51.0
2025-10-21,MBA13,301,0,0,2025,10,1,0,0,0,304.0,311.0,298.0,360.96666666666664,-3.0
2025-10-22,MBA13,335,0,0,2025,10,2,0,0,0,301.0,325.0,296.57142857142856,359.1,34.0
2025-10-23,MBA13,290,0,0,2025,10,3,0,0,0,335.0,322.0,298.0,356.5,-45.0
2025-10-24,MBA13,326,0,0,2025,10,4,0,0,0,290.0,297.0,293.42857142857144,351.6333333333333,36.0
2025-10-25,MBA13,271,0,0,2025,10,5,1,0,0,326.0,274.0,297.57142857142856,348.0,-55.0
2025-10-26,MBA13,254,0,0,2025,10,6,1,0,0,271.0,253.0,297.14285714285717,341.1,-17.0
2025-10-27,MBA13,343,0,0,2025,10,0,0,0,0,254.0,304.0,297.2857142857143,335.06666666666666,89.0
2025-10-28,MBA13,307,0,0,2025,10,1,0,0,0,343.0,301.0,302.85714285714283,334.46666666666664,-36.0
2025-10-29,MBA13,328,0,0,2025,10,2,0,0,0,307.0,335.0,303.7142857142857,332.6333333333333,21.0
2025-10-30,MBA13,322,0,0,2025,10,3,0,0,0,328.0,290.0,302.7142857142857,329.26666666666665,-6.0
2025-10-31,MBA13,345,0,0,2025,10,4,0,0,0,322.0,326.0,307.2857142857143,324.56666666666666,23.0
2025-11-01,MBA13,936,1,0,2025,11,5,1,0,1,345.0,271.0,310.0,325.73333333333335,591.0
2025-11-02,MBA13,382,0,0,2025,11,6,1,0,1,936.0,254.0,405.0,347.0,-554.0
2025-11-03,MBA13,466,0,0,2025,11,0,0,0,1,382.0,343.0,423.2857142857143,350.0,84.0
2025-11-04,MBA13,443,0,0,2025,11,1,0,0,1,466.0,307.0,440.85714285714283,357.1,-23.0
2025-11-05,MBA13,463,0,0,2025,11,2,0,0,1,443.0,328.0,460.2857142857143,351.06666666666666,20.0
2025-11-06,MBA13,456,0,0,2025,11,3,0,0,1,463.0,322.0,479.57142857142856,356.1333333333333,-7.0
2025-11-07,MBA13,466,0,0,2025,11,4,0,0,1,456.0,345.0,498.7142857142857,360.6333333333333,10.0
2025-11-08,MBA13,382,0,0,2025,11,5,1,0,1,466.0,936.0,516.0,365.3666666666667,-84.0
2025-11-09,MBA13,395,0,0,2025,11,6,1,0,1,382.0,382.0,436.85714285714283,367.6,13.0
2025-11-10,MBA13,432,0,0,2025,11,0,0,0,1,395.0,466.0,438.7142857142857,370.4,37.0
2025-11-11,MBA13,465,0,0,2025,11,1,0,0,1,432.0,443.0,433.85714285714283,376.3666666666667,33.0
2025-11-12,MBA13,447,0,0,2025,11,2,0,0,1,465.0,463.0,437.0,370.0,-18.0
2025-11-13,MBA13,472,0,0,2025,11,3,0,0,1,447.0,456.0,434.7142857142857,374.7,25.0
2025-11-14,MBA13,496,0,0,2025,11,4,0,0,1,472.0,466.0,437.0,380.06666666666666,24.0
2025-11-15,MBA13,371,0,0,2025,11,5,1,0,1,496.0,382.0,441.2857142857143,385.76666666666665,-125.0
2025-11-16,MBA13,365,0,0,2025,11,6,1,0,1,371.0,395.0,439.7142857142857,387.4,-6.0
2025-11-17,MBA13,458,0,0,2025,11,0,0,0,1,365.0,432.0,435.42857142857144,389.6666666666667,93.0
2025-11-18,MBA13,447,0,0,2025,11,1,0,0,1,458.0,465.0,439.14285714285717,395.8,-11.0
2025-11-19,MBA13,427,0,0,2025,11,2,0,0,1,447.0,447.0,436.57142857142856,402.26666666666665,-20.0
2025-11-20,MBA13,492,1,0,2025,11,3,0,0,1,427.0,472.0,433.7142857142857,406.3666666666667,65.0
2025-11-21,MBA13,464,0,0,2025,11,4,0,0,1,492.0,496.0,436.57142857142856,412.73333333333335,-28.0
2025-11-22,MBA13,365,0,0,2025,11,5,1,0,1,464.0,371.0,432.0,417.03333333333336,-99.0
2025-11-23,MBA13,361,0,0,2025,11,6,1,0,1,365.0,365.0,431.14285714285717,419.53333333333336,-4.0
2025-11-24,MBA13,500,1,0,2025,11,0,0,0,1,361.0,458.0,430.57142857142856,420.7,139.0
2025-11-25,MBA13,482,0,0,2025,11,1,0,0,1,500.0,447.0,436.57142857142856,428.3333333333333,-18.0
2025-11-26,MBA13,467,0,0,2025,11,2,0,0,1,482.0,427.0,441.57142857142856,435.93333333333334,-15.0
2025-11-27,MBA13,435,0,0,2025,11,3,0,0,1,467.0,492.0,447.2857142857143,440.06666666666666,-32.0
2025-11-28,MBA13,462,0,0,2025,11,4,0,0,1,435.0,464.0,439.14285714285717,444.3333333333333,27.0
2025-11-29,MBA13,381,0,0,2025,11,5,1,0,1,462.0,365.0,438.85714285714283,448.8,-81.0
2025-11-30,MBA13,372,0,0,2025,11,6,1,0,1,381.0,361.0,441.14285714285717,450.76666666666665,-9.0
2025-12-01,MBA13,462,0,0,2025,12,0,0,0,1,372.0,500.0,442.7142857142857,451.6666666666667,90.0
2025-12-02,MBA13,455,0,0,2025,12,1,0,0,1,462.0,482.0,437.2857142857143,435.8666666666667,-7.0
2025-12-03,MBA13,461,0,0,2025,12,2,0,0,1,455.0,467.0,433.42857142857144,438.3,6.0
2025-12-04,MBA13,478,0,0,2025,12,3,0,0,1,461.0,435.0,432.57142857142856,438.1333333333333,17.0
2025-12-05,MBA13,96,0,1,2025,12,4,0,0,1,478.0,462.0,438.7142857142857,439.3,-382.0
2025-12-06,MBA13,933,1,0,2025,12,5,1,0,1,96.0,381.0,386.42857142857144,427.06666666666666,837.0
2025-12-07,MBA13,372,0,0,2025,12,6,1,0,1,933.0,372.0,465.2857142857143,442.96666666666664,-561.0
2025-12-08,MBA13,112,0,1,2025,12,0,0,0,1,372.0,462.0,465.2857142857143,439.8333333333333,-260.0
2025-12-09,MBA13,450,0,0,2025,12,1,0,0,1,112.0,455.0,415.2857142857143,430.8333333333333,338.0
2025-12-10,MBA13,455,0,0,2025,12,2,0,0,1,450.0,461.0,414.57142857142856,432.6666666666667,5.0
2025-12-11,MBA13,462,0,0,2025,12,3,0,0,1,455.0,478.0,413.7142857142857,433.43333333333334,7.0
2025-12-12,MBA13,456,0,0,2025,12,4,0,0,1,462.0,96.0,411.42857142857144,433.3333333333333,-6.0
2025-12-13,MBA13,394,0,0,2025,12,5,1,0,1,456.0,933.0,462.85714285714283,433.6333333333333,-62.0
2025-12-14,MBA13,954,1,0,2025,12,6,1,0,1,394.0,372.0,385.85714285714283,431.03333333333336,560.0
2025-12-15,MBA13,462,0,0,2025,12,0,0,0,1,954.0,112.0,469.0,446.3,-492.0
2025-12-16,MBA13,517,1,0,2025,12,1,0,0,1,462.0,450.0,519.0,449.3333333333333,55.0
2025-12-17,MBA13,468,0,0,2025,12,2,0,0,1,517.0,455.0,528.5714285714286,454.4,-49.0
2025-12-18,MBA13,509,1,0,2025,12,3,0,0,1,468.0,462.0,530.4285714285714,454.73333333333335,41.0
2025-12-19,MBA13,484,0,0,2025,12,4,0,0,1,509.0,456.0,537.1428571428571,456.8,-25.0
2025-12-20,MBA13,382,0,0,2025,12,5,1,0,1,484.0,394.0,541.1428571428571,458.7,-102.0
2025-12-21,MBA13,360,0,0,2025,12,6,1,0,1,382.0,954.0,539.4285714285714,455.03333333333336,-22.0
2025-12-22,MBA13,465,0,0,2025,12,0,0,0,1,360.0,462.0,454.57142857142856,451.56666666666666,105.0
2025-12-23,MBA13,455,0,0,2025,12,1,0,0,1,465.0,517.0,455.0,454.9,-10.0
2025-12-24,MBA13,472,0,0,2025,12,2,0,0,1,455.0,468.0,446.14285714285717,458.03333333333336,17.0
2025-12-25,MBA13,470,0,0,2025,12,3,0,0,1,472.0,509.0,446.7142857142857,457.1,-2.0
2025-12-26,MBA13,468,0,0,2025,12,4,0,0,1,470.0,484.0,441.14285714285717,456.7,-2.0
2025-12-27,MBA13,387,0,0,2025,12,5,1,0,1,468.0,382.0,438.85714285714283,456.73333333333335,-81.0
2025-12-28,MBA13,381,0,0,2025,12,6,1,0,1,387.0,360.0,439.57142857142856,455.1333333333333,-6.0
2025-12-29,MBA13,463,0,0,2025,12,0,0,0,1,381.0,465.0,442.57142857142856,452.43333333333334,82.0
2025-12-30,MBA13,448,0,0,2025,12,1,0,0,1,463.0,455.0,442.2857142857143,455.1666666666667,-15.0
2025-12-31,MBA13,456,0,0,2025,12,2,0,0,1,448.0,472.0,441.2857142857143,457.7,8.0
2023-01-31,MBA15,252,0,0,2023,1,1,0,0,0,287.0,254.0,251.0,246.1,-35.0
2023-02-01,MBA15,245,0,0,2023,2,2,0,0,0,252.0,267.0,250.71428571428572,247.9,-7.0
2023-02-02,MBA15,281,1,0,2023,2,3,0,0,0,245.0,286.0,247.57142857142858,247.06666666666666,36.0
2023-02-03,MBA15,276,0,0,2023,2,4,0,0,0,281.0,250.0,246.85714285714286,247.83333333333334,-5.0
2023-02-04,MBA15,533,1,0,2023,2,5,1,0,0,276.0,209.0,250.57142857142858,248.3,257.0
2023-02-05,MBA15,223,0,0,2023,2,6,1,0,0,533.0,204.0,296.85714285714283,257.6,-310.0
2023-02-06,MBA15,284,0,0,2023,2,0,0,0,0,223.0,287.0,299.57142857142856,255.93333333333334,61.0
2023-02-07,MBA15,279,0,0,2023,2,1,0,0,0,284.0,252.0,299.14285714285717,258.1666666666667,-5.0
2023-02-08,MBA15,229,0,1,2023,2,2,0,0,0,279.0,245.0,303.0,260.43333333333334,-50.0
2023-02-09,MBA15,281,0,0,2023,2,3,0,0,0,229.0,281.0,300.7142857142857,259.43333333333334,52.0
2023-02-10,MBA15,254,0,0,2023,2,4,0,0,0,281.0,276.0,300.7142857142857,260.46666666666664,-27.0
2023-02-11,MBA15,219,0,0,2023,2,5,1,0,0,254.0,533.0,297.57142857142856,260.53333333333336,-35.0
2023-02-12,MBA15,212,0,0,2023,2,6,1,0,0,219.0,223.0,252.71428571428572,259.8,-7.0
2023-02-13,MBA15,242,0,0,2023,2,0,0,0,0,212.0,284.0,251.14285714285714,257.96666666666664,30.0
2023-02-14,MBA15,209,0,1,2023,2,1,0,0,0,242.0,279.0,245.14285714285714,258.73333333333335,-33.0
2023-02-15,MBA15,221,0,1,2023,2,2,0,0,0,209.0,229.0,235.14285714285714,258.4,12.0
2023-02-16,MBA15,266,0,0,2023,2,3,0,0,0,221.0,281.0,234.0,257.06666666666666,45.0
2023-02-17,MBA15,259,0,0,2023,2,4,0,0,0,266.0,254.0,231.85714285714286,256.7,-7.0
2023-02-18,MBA15,202,0,0,2023,2,5,1,0,0,259.0,219.0,232.57142857142858,256.3666666666667,-57.0
2023-02-19,MBA15,217,0,0,2023,2,6,1,0,0,202.0,212.0,230.14285714285714,254.26666666666668,15.0
2023-02-20,MBA15,258,0,0,2023,2,0,0,0,0,217.0,242.0,230.85714285714286,252.9,41.0
2023-02-21,MBA15,273,0,0,2023,2,1,0,0,0,258.0,209.0,233.14285714285714,254.03333333333333,15.0
2023-02-22,MBA15,272,0,0,2023,2,2,0,0,0,273.0,221.0,242.28571428571428,255.86666666666667,-1.0
2023-02-23,MBA15,264,0,0,2023,2,3,0,0,0,272.0,266.0,249.57142857142858,258.1333333333333,-8.0
2023-02-24,MBA15,247,0,0,2023,2,4,0,0,0,264.0,259.0,249.28571428571428,258.46666666666664,-17.0
2023-02-25,MBA15,205,0,0,2023,2,5,1,0,0,247.0,202.0,247.57142857142858,257.8,-42.0
2023-02-26,MBA15,232,0,0,2023,2,6,1,0,0,205.0,217.0,248.0,255.1,27.0
2023-02-27,MBA15,266,0,0,2023,2,0,0,0,0,232.0,258.0,250.14285714285714,254.5,34.0
2023-02-28,MBA15,276,0,0,2023,2,1,0,0,0,266.0,273.0,251.28571428571428,256.4,10.0
2023-03-01,MBA15,248,0,0,2023,3,2,0,0,0,276.0,272.0,251.71428571428572,258.8,-28.0
2023-03-02,MBA15,296,0,0,2023,3,3,0,0,0,248.0,264.0,248.28571428571428,257.5,48.0
2023-03-03,MBA15,240,0,0,2023,3,4,0,0,0,296.0,247.0,252.85714285714286,258.96666666666664,-56.0
2023-03-04,MBA15,217,0,0,2023,3,5,1,0,0,240.0,205.0,251.85714285714286,258.8,-23.0
2023-03-05,MBA15,189,0,0,2023,3,6,1,0,0,217.0,232.0,253.57142857142858,256.6666666666667,-28.0
2023-03-06,MBA15,286,1,0,2023,3,0,0,0,0,189.0,266.0,247.42857142857142,253.76666666666668,97.0
2023-03-07,MBA15,263,1,0,2023,3,1,0,0,0,286.0,276.0,250.28571428571428,245.53333333333333,-23.0
2023-03-08,MBA15,258,0,0,2023,3,2,0,0,0,263.0,248.0,248.42857142857142,246.86666666666667,-5.0
2023-03-09,MBA15,264,0,0,2023,3,3,0,0,0,258.0,296.0,249.85714285714286,246.0,6.0
2023-03-10,MBA15,269,0,0,2023,3,4,0,0,0,264.0,240.0,245.28571428571428,245.5,5.0
2023-03-11,MBA15,208,0,0,2023,3,5,1,0,0,269.0,217.0,249.42857142857142,246.83333333333334,-61.0
2023-03-12,MBA15,213,0,0,2023,3,6,1,0,0,208.0,189.0,248.14285714285714,244.4,5.0
2023-03-13,MBA15,263,0,0,2023,3,0,0,0,0,213.0,286.0,251.57142857142858,243.03333333333333,50.0
2023-03-14,MBA15,260,0,0,2023,3,1,0,0,0,263.0,263.0,248.28571428571428,244.5,-3.0
2023-03-15,MBA15,257,0,0,2023,3,2,0,0,0,260.0,258.0,247.85714285714286,246.1,-3.0
2023-03-16,MBA15,267,1,0,2023,3,3,0,0,0,257.0,264.0,247.71428571428572,246.6,10.0
2023-03-17,MBA15,212,0,1,2023,3,4,0,0,0,267.0,269.0,248.14285714285714,248.53333333333333,-55.0
2023-03-18,MBA15,214,0,0,2023,3,5,1,0,0,212.0,208.0,240.0,248.23333333333332,2.0
2023-03-19,MBA15,517,1,0,2023,3,6,1,0,0,214.0,213.0,240.85714285714286,246.5,303.0
2023-03-20,MBA15,257,0,0,2023,3,0,0,0,0,517.0,263.0,284.2857142857143,255.1,-260.0
2023-03-21,MBA15,239,0,0,2023,3,1,0,0,0,257.0,260.0,283.42857142857144,256.93333333333334,-18.0
2023-03-22,MBA15,257,0,0,2023,3,2,0,0,0,239.0,257.0,280.42857142857144,257.6666666666667,18.0
2023-03-23,MBA15,239,0,0,2023,3,3,0,0,0,257.0,267.0,280.42857142857144,257.6333333333333,-18.0
2023-03-24,MBA15,254,0,0,2023,3,4,0,0,0,239.0,212.0,276.42857142857144,256.5,15.0
2023-03-25,MBA15,198,0,0,2023,3,5,1,0,0,254.0,214.0,282.42857142857144,255.9,-56.0
2023-03-26,MBA15,201,0,0,2023,3,6,1,0,0,198.0,517.0,280.14285714285717,253.7,3.0
2023-03-27,MBA15,276,0,0,2023,3,0,0,0,0,201.0,257.0,235.0,252.16666666666666,75.0
2023-03-28,MBA15,259,1,0,2023,3,1,0,0,0,276.0,239.0,237.71428571428572,254.53333333333333,-17.0
2023-03-29,MBA15,255,0,0,2023,3,2,0,0,0,259.0,257.0,240.57142857142858,255.43333333333334,-4.0
2023-03-30,MBA15,264,0,0,2023,3,3,0,0,0,255.0,239.0,240.28571428571428,255.06666666666666,9.0
2023-03-31,MBA15,237,0,0,2023,3,4,0,0,0,264.0,254.0,243.85714285714286,254.66666666666666,-27.0
2023-04-01,MBA15,208,0,0,2023,4,5,1,0,0,237.0,198.0,241.42857142857142,254.3,-29.0
2023-04-02,MBA15,213,0,0,2023,4,6,1,0,0,208.0,201.0,242.85714285714286,251.36666666666667,5.0
2023-04-03,MBA15,247,0,0,2023,4,0,0,0,0,213.0,276.0,244.57142857142858,250.46666666666667,34.0
2023-04-04,MBA15,242,0,0,2023,4,1,0,0,0,247.0,259.0,240.42857142857142,251.46666666666667,-5.0
2023-04-05,MBA15,269,0,0,2023,4,2,0,0,0,242.0,255.0,238.0,253.23333333333332,27.0
2023-04-06,MBA15,250,1,0,2023,4,3,0,0,0,269.0,264.0,240.0,252.66666666666666,-19.0
2023-04-07,MBA15,255,0,0,2023,4,4,0,0,0,250.0,237.0,238.0,252.23333333333332,5.0
2023-04-08,MBA15,511,1,0,2023,4,5,1,0,0,255.0,208.0,240.57142857142858,252.13333333333333,256.0
2023-04-09,MBA15,182,0,0,2023,4,6,1,0,0,511.0,213.0,283.85714285714283,260.3666666666667,-329.0
2023-04-10,MBA15,273,0,0,2023,4,0,0,0,0,182.0,247.0,279.42857142857144,257.46666666666664,91.0
2023-04-11,MBA15,268,0,0,2023,4,1,0,0,0,273.0,242.0,283.14285714285717,259.6333333333333,-5.0
2023-04-12,MBA15,274,0,0,2023,4,2,0,0,0,268.0,269.0,286.85714285714283,261.46666666666664,6.0
2023-04-13,MBA15,209,0,1,2023,4,3,0,0,0,274.0,250.0,287.57142857142856,261.8333333333333,-65.0
2023-04-14,MBA15,245,0,0,2023,4,4,0,0,0,209.0,255.0,281.7142857142857,260.1333333333333,36.0
2023-04-15,MBA15,204,0,0,2023,4,5,1,0,0,245.0,511.0,280.2857142857143,259.73333333333335,-41.0
2023-04-16,MBA15,170,0,0,2023,4,6,1,0,0,204.0,182.0,236.42857142857142,257.6333333333333,-34.0
2023-04-17,MBA15,242,0,0,2023,4,0,0,0,0,170.0,273.0,234.71428571428572,256.23333333333335,72.0
2023-04-18,MBA15,256,0,0,2023,4,1,0,0,0,242.0,268.0,230.28571428571428,257.1666666666667,14.0
2023-04-19,MBA15,272,0,0,2023,4,2,0,0,0,256.0,274.0,228.57142857142858,248.46666666666667,16.0
2023-04-20,MBA15,254,0,0,2023,4,3,0,0,0,272.0,209.0,228.28571428571428,248.96666666666667,-18.0
2023-04-21,MBA15,264,0,0,2023,4,4,0,0,0,254.0,245.0,234.71428571428572,249.46666666666667,10.0
2023-04-22,MBA15,171,0,1,2023,4,5,1,0,0,264.0,204.0,237.42857142857142,249.7,-93.0
2023-04-23,MBA15,195,0,0,2023,4,6,1,0,0,171.0,170.0,232.71428571428572,247.43333333333334,24.0
2023-04-24,MBA15,245,0,0,2023,4,0,0,0,0,195.0,242.0,236.28571428571428,245.46666666666667,50.0
2023-04-25,MBA15,267,0,0,2023,4,1,0,0,0,245.0,256.0,236.71428571428572,247.03333333333333,22.0
2023-04-26,MBA15,249,0,0,2023,4,2,0,0,0,267.0,272.0,238.28571428571428,249.23333333333332,-18.0
2023-04-27,MBA15,264,0,0,2023,4,3,0,0,0,249.0,254.0,235.0,248.33333333333334,15.0
2023-04-28,MBA15,249,0,0,2023,4,4,0,0,0,264.0,264.0,236.42857142857142,248.5,-15.0
2023-04-29,MBA15,202,0,0,2023,4,5,1,0,0,249.0,171.0,234.28571428571428,248.3,-47.0
2023-04-30,MBA15,215,0,0,2023,4,6,1,0,0,202.0,195.0,238.71428571428572,246.23333333333332,13.0
2023-05-01,MBA15,205,0,1,2023,5,0,0,0,0,215.0,245.0,241.57142857142858,245.5,-10.0
2023-05-02,MBA15,255,0,0,2023,5,1,0,0,0,205.0,267.0,235.85714285714286,245.4,50.0
2023-05-03,MBA15,248,0,0,2023,5,2,0,0,0,255.0,249.0,234.14285714285714,246.8,-7.0
2023-05-04,MBA15,261,0,0,2023,5,3,0,0,0,248.0,264.0,234.0,246.83333333333334,13.0
2023-05-05,MBA15,249,0,0,2023,5,4,0,0,0,261.0,249.0,233.57142857142858,247.46666666666667,-12.0
2023-05-06,MBA15,216,0,0,2023,5,5,1,0,0,249.0,202.0,233.57142857142858,246.8,-33.0
2023-05-07,MBA15,198,0,0,2023,5,6,1,0,0,216.0,215.0,235.57142857142858,245.66666666666666,-18.0
2023-05-08,MBA15,255,0,0,2023,5,0,0,0,0,198.0,205.0,233.14285714285714,243.76666666666668,57.0
2023-05-09,MBA15,266,0,0,2023,5,1,0,0,0,255.0,255.0,240.28571428571428,235.23333333333332,11.0
2023-05-10,MBA15,276,1,0,2023,5,2,0,0,0,266.0,248.0,241.85714285714286,238.03333333333333,10.0
2023-05-11,MBA15,264,0,0,2023,5,3,0,0,0,276.0,261.0,245.85714285714286,238.13333333333333,-12.0
2023-05-12,MBA15,258,0,0,2023,5,4,0,0,0,264.0,249.0,246.28571428571428,238.0,-6.0
2023-05-13,MBA15,196,0,0,2023,5,5,1,0,0,258.0,216.0,247.57142857142858,237.46666666666667,-62.0
2023-05-14,MBA15,535,1,0,2023,5,6,1,0,0,196.0,198.0,244.71428571428572,237.03333333333333,339.0
2023-05-15,MBA15,272,1,0,2023,5,0,0,0,0,535.0,255.0,292.85714285714283,246.7,-263.0
2023-05-16,MBA15,252,0,0,2023,5,1,0,0,0,272.0,266.0,295.2857142857143,248.96666666666667,-20.0
2023-05-17,MBA15,251,0,0,2023,5,2,0,0,0,252.0,276.0,293.2857142857143,251.7,-1.0
2023-05-18,MBA15,279,0,0,2023,5,3,0,0,0,251.0,264.0,289.7142857142857,252.0,28.0
2023-05-19,MBA15,257,0,0,2023,5,4,0,0,0,279.0,258.0,291.85714285714283,252.76666666666668,-22.0
2023-05-20,MBA15,233,0,0,2023,5,5,1,0,0,257.0,196.0,291.7142857142857,252.26666666666668,-24.0
2023-05-21,MBA15,151,0,1,2023,5,6,1,0,0,233.0,535.0,297.0,251.56666666666666,-82.0
2023-05-22,MBA15,274,0,0,2023,5,0,0,0,0,151.0,272.0,242.14285714285714,247.8,123.0
2023-05-23,MBA15,255,0,0,2023,5,1,0,0,0,274.0,252.0,242.42857142857142,251.23333333333332,-19.0
2023-05-24,MBA15,265,1,0,2023,5,2,0,0,0,255.0,251.0,242.85714285714286,253.23333333333332,10.0
2023-05-25,MBA15,246,0,0,2023,5,3,0,0,0,265.0,279.0,244.85714285714286,253.9,-19.0
2023-05-26,MBA15,260,0,0,2023,5,4,0,0,0,246.0,257.0,240.14285714285714,253.2,14.0
2023-05-27,MBA15,221,0,0,2023,5,5,1,0,0,260.0,233.0,240.57142857142858,253.56666666666666,-39.0
2023-05-28,MBA15,526,1,0,2023,5,6,1,0,0,221.0,151.0,238.85714285714286,252.13333333333333,305.0
2023-05-29,MBA15,253,0,0,2023,5,0,0,0,0,526.0,274.0,292.42857142857144,261.3666666666667,-273.0
2023-05-30,MBA15,241,0,0,2023,5,1,0,0,0,253.0,255.0,289.42857142857144,263.06666666666666,-12.0
2023-05-31,MBA15,269,1,0,2023,5,2,0,0,0,241.0,265.0,287.42857142857144,263.93333333333334,28.0
2023-06-01,MBA15,263,0,0,2023,6,3,0,0,0,269.0,246.0,288.0,266.06666666666666,-6.0
2023-06-02,MBA15,249,0,0,2023,6,4,0,0,0,263.0,260.0,290.42857142857144,266.3333333333333,-14.0
2023-06-03,MBA15,225,0,0,2023,6,5,1,0,0,249.0,221.0,288.85714285714283,266.3666666666667,-24.0
2023-06-04,MBA15,204,0,0,2023,6,6,1,0,0,225.0,526.0,289.42857142857144,265.1666666666667,-21.0
2023-06-05,MBA15,263,0,0,2023,6,0,0,0,0,204.0,253.0,243.42857142857142,263.6666666666667,59.0
2023-06-06,MBA15,254,0,0,2023,6,1,0,0,0,263.0,241.0,244.85714285714286,265.23333333333335,-9.0
2023-06-07,MBA15,268,0,0,2023,6,2,0,0,0,254.0,269.0,246.71428571428572,267.1,14.0
2023-06-08,MBA15,261,0,0,2023,6,3,0,0,0,268.0,263.0,246.57142857142858,267.53333333333336,-7.0
2023-06-09,MBA15,291,1,0,2023,6,4,0,0,0,261.0,249.0,246.28571428571428,267.3666666666667,30.0
2023-06-10,MBA15,212,0,0,2023,6,5,1,0,0,291.0,225.0,252.28571428571428,267.8666666666667,-79.0
2023-06-11,MBA15,216,0,0,2023,6,6,1,0,0,212.0,204.0,250.42857142857142,266.1333333333333,4.0
2023-06-12,MBA15,262,0,0,2023,6,0,0,0,0,216.0,263.0,252.14285714285714,264.73333333333335,46.0
2023-06-13,MBA15,245,0,0,2023,6,1,0,0,0,262.0,254.0,252.0,266.93333333333334,-17.0
2023-06-14,MBA15,273,0,0,2023,6,2,0,0,0,245.0,268.0,250.71428571428572,257.26666666666665,28.0
2023-06-15,MBA15,264,0,0,2023,6,3,0,0,0,273.0,261.0,251.42857142857142,257.3,-9.0
2023-06-16,MBA15,266,0,0,2023,6,4,0,0,0,264.0,291.0,251.85714285714286,257.7,2.0
2023-06-17,MBA15,222,0,0,2023,6,5,1,0,0,266.0,212.0,248.28571428571428,258.2,-44.0
2023-06-18,MBA15,223,0,0,2023,6,6,1,0,0,222.0,216.0,249.71428571428572,256.3,1.0
2023-06-19,MBA15,195,0,1,2023,6,0,0,0,0,223.0,262.0,250.71428571428572,255.16666666666666,-28.0
2023-06-20,MBA15,257,1,0,2023,6,1,0,0,0,195.0,245.0,241.14285714285714,253.9,62.0
2023-06-21,MBA15,250,0,0,2023,6,2,0,0,0,257.0,273.0,242.85714285714286,257.43333333333334,-7.0
2023-06-22,MBA15,245,0,0,2023,6,3,0,0,0,250.0,264.0,239.57142857142858,256.6333333333333,-5.0
2023-06-23,MBA15,254,0,0,2023,6,4,0,0,0,245.0,266.0,236.85714285714286,256.3,9.0
2023-06-24,MBA15,196,0,0,2023,6,5,1,0,0,254.0,222.0,235.14285714285714,255.93333333333334,-58.0
2023-06-25,MBA15,512,1,0,2023,6,6,1,0,0,196.0,223.0,231.42857142857142,254.26666666666668,316.0
2023-06-26,MBA15,211,0,1,2023,6,0,0,0,0,512.0,195.0,272.7142857142857,262.6666666666667,-301.0
2023-06-27,MBA15,240,0,0,2023,6,1,0,0,0,211.0,257.0,275.0,262.3333333333333,29.0
2023-06-28,MBA15,260,0,0,2023,6,2,0,0,0,240.0,250.0,272.57142857142856,252.8,20.0
2023-06-29,MBA15,269,0,0,2023,6,3,0,0,0,260.0,245.0,274.0,253.03333333333333,9.0
2023-06-30,MBA15,269,0,0,2023,6,4,0,0,0,269.0,254.0,277.42857142857144,253.96666666666667,0.0
2023-07-01,MBA15,217,0,0,2023,7,5,1,0,0,269.0,196.0,279.57142857142856,253.96666666666667,-52.0
2023-07-02,MBA15,534,1,0,2023,7,6,1,0,0,217.0,512.0,282.57142857142856,252.43333333333334,317.0
2023-07-03,MBA15,280,1,0,2023,7,0,0,0,0,534.0,211.0,285.7142857142857,261.93333333333334,-254.0
2023-07-04,MBA15,246,0,0,2023,7,1,0,0,0,280.0,240.0,295.57142857142856,263.76666666666665,-34.0
2023-07-05,MBA15,256,0,0,2023,7,2,0,0,0,246.0,260.0,296.42857142857144,265.1666666666667,10.0
2023-07-06,MBA15,267,0,0,2023,7,3,0,0,0,256.0,269.0,295.85714285714283,264.93333333333334,11.0
2023-07-07,MBA15,254,0,0,2023,7,4,0,0,0,267.0,269.0,295.57142857142856,265.3666666666667,-13.0
2023-07-08,MBA15,204,0,0,2023,7,5,1,0,0,254.0,217.0,293.42857142857144,264.9,-50.0
2023-07-09,MBA15,213,0,0,2023,7,6,1,0,0,204.0,534.0,291.57142857142856,263.0,9.0
2023-07-10,MBA15,280,0,0,2023,7,0,0,0,0,213.0,280.0,245.71428571428572,260.4,67.0
2023-07-11,MBA15,269,0,0,2023,7,1,0,0,0,280.0,246.0,245.71428571428572,262.6666666666667,-11.0
2023-07-12,MBA15,240,0,0,2023,7,2,0,0,0,269.0,256.0,249.0,264.43333333333334,-29.0
2023-07-13,MBA15,261,0,0,2023,7,3,0,0,0,240.0,267.0,246.71428571428572,263.7,21.0
2023-07-14,MBA15,247,0,0,2023,7,4,0,0,0,261.0,254.0,245.85714285714286,264.23333333333335,-14.0
2023-07-15,MBA15,220,0,0,2023,7,5,1,0,0,247.0,204.0,244.85714285714286,263.3666666666667,-27.0
2023-07-16,MBA15,225,0,0,2023,7,6,1,0,0,220.0,213.0,247.14285714285714,261.9,5.0
2023-07-17,MBA15,282,0,0,2023,7,0,0,0,0,225.0,280.0,248.85714285714286,260.53333333333336,57.0
2023-07-18,MBA15,269,0,0,2023,7,1,0,0,0,282.0,269.0,249.14285714285714,262.53333333333336,-13.0
2023-07-19,MBA15,265,0,0,2023,7,2,0,0,0,269.0,240.0,249.14285714285714,264.06666666666666,-4.0
2023-07-20,MBA15,266,0,0,2023,7,3,0,0,0,265.0,261.0,252.71428571428572,266.4,1.0
2023-07-21,MBA15,247,0,0,2023,7,4,0,0,0,266.0,247.0,253.42857142857142,266.7,-19.0
2023-07-22,MBA15,167,0,1,2023,7,5,1,0,0,247.0,220.0,253.42857142857142,266.6,-80.0
2023-07-23,MBA15,212,0,0,2023,7,6,1,0,0,167.0,225.0,245.85714285714286,264.0,45.0
2023-07-24,MBA15,251,0,0,2023,7,0,0,0,0,212.0,282.0,244.0,262.6,39.0
2023-07-25,MBA15,278,1,0,2023,7,1,0,0,0,251.0,269.0,239.57142857142858,264.43333333333334,27.0
2023-07-26,MBA15,285,0,0,2023,7,2,0,0,0,278.0,265.0,240.85714285714286,256.6333333333333,7.0
2023-07-27,MBA15,239,0,0,2023,7,3,0,0,0,285.0,266.0,243.71428571428572,259.1,-46.0
2023-07-28,MBA15,267,0,0,2023,7,4,0,0,0,239.0,247.0,239.85714285714286,259.06666666666666,28.0
2023-07-29,MBA15,209,0,0,2023,7,5,1,0,0,267.0,167.0,242.71428571428572,259.3,-58.0
2023-07-30,MBA15,216,0,0,2023,7,6,1,0,0,209.0,212.0,248.71428571428572,257.3,7.0
2023-07-31,MBA15,274,1,0,2023,7,0,0,0,0,216.0,251.0,249.28571428571428,255.53333333333333,58.0
2023-08-01,MBA15,347,0,0,2023,8,1,0,1,0,274.0,278.0,252.57142857142858,257.43333333333334,73.0
2023-08-02,MBA15,333,0,0,2023,8,2,0,1,0,347.0,285.0,262.42857142857144,251.2,-14.0
2023-08-03,MBA15,358,0,0,2023,8,3,0,1,0,333.0,239.0,269.2857142857143,252.96666666666667,25.0
2023-08-04,MBA15,356,0,0,2023,8,4,0,1,0,358.0,267.0,286.2857142857143,256.7,-2.0
2023-08-05,MBA15,289,0,0,2023,8,5,1,1,0,356.0,209.0,299.0,260.03333333333336,-67.0
2023-08-06,MBA15,298,0,0,2023,8,6,1,1,0,289.0,216.0,310.42857142857144,260.76666666666665,9.0
2023-08-07,MBA15,344,0,0,2023,8,0,0,1,0,298.0,274.0,322.14285714285717,262.23333333333335,46.0
2023-08-08,MBA15,350,0,0,2023,8,1,0,1,0,344.0,347.0,332.14285714285717,266.9,6.0
2023-08-09,MBA15,340,0,0,2023,8,2,0,1,0,350.0,333.0,332.57142857142856,271.46666666666664,-10.0
2023-08-10,MBA15,344,0,0,2023,8,3,0,1,0,340.0,358.0,333.57142857142856,273.46666666666664,4.0
2023-08-11,MBA15,335,0,0,2023,8,4,0,1,0,344.0,356.0,331.57142857142856,275.96666666666664,-9.0
2023-08-12,MBA15,274,0,0,2023,8,5,1,1,0,335.0,289.0,328.57142857142856,279.1333333333333,-61.0
2023-08-13,MBA15,257,0,0,2023,8,6,1,1,0,274.0,298.0,326.42857142857144,279.56666666666666,-17.0
2023-08-14,MBA15,354,0,0,2023,8,0,0,1,0,257.0,344.0,320.57142857142856,279.9,97.0
2023-08-15,MBA15,391,1,0,2023,8,1,0,1,0,354.0,350.0,322.0,284.3666666666667,37.0
2023-08-16,MBA15,337,0,0,2023,8,2,0,1,0,391.0,340.0,327.85714285714283,289.9,-54.0
2023-08-17,MBA15,347,0,0,2023,8,3,0,1,0,337.0,344.0,327.42857142857144,291.73333333333335,10.0
2023-08-18,MBA15,301,0,1,2023,8,4,0,1,0,347.0,335.0,327.85714285714283,294.3333333333333,-46.0
2023-08-19,MBA15,715,1,0,2023,8,5,1,1,0,301.0,274.0,323.0,295.53333333333336,414.0
2023-08-20,MBA15,287,0,0,2023,8,6,1,1,0,715.0,257.0,386.0,310.5,-428.0
2023-08-21,MBA15,340,0,0,2023,8,0,0,1,0,287.0,354.0,390.2857142857143,311.8333333333333,53.0
2023-08-22,MBA15,348,0,0,2023,8,1,0,1,0,340.0,391.0,388.2857142857143,317.6,8.0
2023-08-23,MBA15,343,0,0,2023,8,2,0,1,0,348.0,337.0,382.14285714285717,322.1333333333333,-5.0
2023-08-24,MBA15,355,0,0,2023,8,3,0,1,0,343.0,347.0,383.0,325.2,12.0
2023-08-25,MBA15,356,0,0,2023,8,4,0,1,0,355.0,301.0,384.14285714285717,327.76666666666665,1.0
2023-08-26,MBA15,278,0,0,2023,8,5,1,1,0,356.0,715.0,392.0,330.1333333333333,-78.0
2023-08-27,MBA15,280,0,0,2023,8,6,1,1,0,278.0,287.0,329.57142857142856,331.43333333333334,2.0
2023-08-28,MBA15,364,0,0,2023,8,0,0,1,0,280.0,340.0,328.57142857142856,331.8666666666667,84.0
2023-08-29,MBA15,383,1,0,2023,8,1,0,1,0,364.0,348.0,332.0,337.03333333333336,19.0
2023-08-30,MBA15,346,0,0,2023,8,2,0,1,0,383.0,343.0,337.0,342.6,-37.0
2023-08-31,MBA15,346,0,0,2023,8,3,0,1,0,346.0,355.0,337.42857142857144,345.0,0.0
2023-09-01,MBA15,354,1,0,2023,9,4,0,1,0,346.0,356.0,336.14285714285717,344.96666666666664,8.0
2023-09-02,MBA15,280,0,0,2023,9,5,1,1,0,354.0,278.0,335.85714285714283,345.6666666666667,-74.0
2023-09-03,MBA15,284,0,0,2023,9,6,1,1,0,280.0,280.0,336.14285714285717,343.06666666666666,4.0
2023-09-04,MBA15,331,0,0,2023,9,0,0,1,0,284.0,364.0,336.7142857142857,340.6666666666667,47.0
2023-09-05,MBA15,285,0,1,2023,9,1,0,1,0,331.0,383.0,332.0,342.06666666666666,-46.0
2023-09-06,MBA15,347,0,0,2023,9,2,0,1,0,285.0,346.0,318.0,341.6333333333333,62.0
2023-09-07,MBA15,367,0,0,2023,9,3,0,1,0,347.0,346.0,318.14285714285717,341.73333333333335,20.0
2023-09-08,MBA15,368,0,0,2023,9,4,0,1,0,367.0,354.0,321.14285714285717,342.3,1.0
2023-09-09,MBA15,308,0,0,2023,9,5,1,1,0,368.0,280.0,323.14285714285717,343.23333333333335,-60.0
2023-09-10,MBA15,288,0,0,2023,9,6,1,1,0,308.0,284.0,327.14285714285717,342.03333333333336,-20.0
2023-09-11,MBA15,347,0,0,2023,9,0,0,1,0,288.0,331.0,327.7142857142857,340.46666666666664,59.0
2023-09-12,MBA15,354,0,0,2023,9,1,0,1,0,347.0,285.0,330.0,342.9,7.0
2023-09-13,MBA15,348,0,0,2023,9,2,0,1,0,354.0,347.0,339.85714285714283,346.1333333333333,-6.0
2023-09-14,MBA15,364,0,0,2023,9,3,0,1,0,348.0,367.0,340.0,345.93333333333334,16.0
2023-09-15,MBA15,358,0,0,2023,9,4,0,1,0,364.0,368.0,339.57142857142856,345.03333333333336,-6.0
2023-09-16,MBA15,278,0,0,2023,9,5,1,1,0,358.0,308.0,338.14285714285717,345.73333333333335,-80.0
2023-09-17,MBA15,292,0,0,2023,9,6,1,1,0,278.0,288.0,333.85714285714283,343.43333333333334,14.0
2023-09-18,MBA15,329,0,0,2023,9,0,0,1,0,292.0,347.0,334.42857142857144,343.1333333333333,37.0
2023-09-19,MBA15,386,1,0,2023,9,1,0,1,0,329.0,354.0,331.85714285714283,330.26666666666665,57.0
2023-09-20,MBA15,342,0,0,2023,9,2,0,1,0,386.0,348.0,336.42857142857144,333.56666666666666,-44.0
2023-09-21,MBA15,367,0,0,2023,9,3,0,1,0,342.0,364.0,335.57142857142856,333.6333333333333,25.0
2023-09-22,MBA15,345,0,0,2023,9,4,0,1,0,367.0,358.0,336.0,334.26666666666665,-22.0
2023-09-23,MBA15,228,0,1,2023,9,5,1,1,0,345.0,278.0,334.14285714285717,334.3333333333333,-117.0
2023-09-24,MBA15,280,0,0,2023,9,6,1,1,0,228.0,292.0,327.0,330.1,52.0
2023-09-25,MBA15,356,0,0,2023,9,0,0,1,0,280.0,329.0,325.2857142857143,327.56666666666666,76.0
2023-09-26,MBA15,337,0,0,2023,9,1,0,1,0,356.0,386.0,329.14285714285717,330.1666666666667,-19.0
2023-09-27,MBA15,323,0,0,2023,9,2,0,1,0,337.0,342.0,322.14285714285717,332.06666666666666,-14.0
2023-09-28,MBA15,366,0,0,2023,9,3,0,1,0,323.0,367.0,319.42857142857144,330.7,43.0
2023-09-29,MBA15,368,0,0,2023,9,4,0,1,0,366.0,345.0,319.2857142857143,330.1333333333333,2.0
2023-09-30,MBA15,278,0,0,2023,9,5,1,1,0,368.0,228.0,322.57142857142856,330.8666666666667,-90.0
2023-10-01,MBA15,515,1,0,2023,10,6,1,0,0,278.0,280.0,329.7142857142857,328.6,237.0
2023-10-02,MBA15,270,1,0,2023,10,0,0,0,0,515.0,356.0,363.2857142857143,333.96666666666664,-245.0
2023-10-03,MBA15,246,0,0,2023,10,1,0,0,0,270.0,337.0,351.0,333.6333333333333,-24.0
2023-10-04,MBA15,264,0,0,2023,10,2,0,0,0,246.0,323.0,338.0,332.3666666666667,18.0
2023-10-05,MBA15,268,1,0,2023,10,3,0,0,0,264.0,366.0,329.57142857142856,330.1333333333333,4.0
2023-10-06,MBA15,253,0,0,2023,10,4,0,0,0,268.0,368.0,315.57142857142856,329.56666666666666,-15.0
2023-10-07,MBA15,203,0,0,2023,10,5,1,0,0,253.0,278.0,299.14285714285717,326.43333333333334,-50.0
2023-10-08,MBA15,524,1,0,2023,10,6,1,0,0,203.0,515.0,288.42857142857144,320.96666666666664,321.0
2023-10-09,MBA15,255,0,0,2023,10,0,0,0,0,524.0,270.0,289.7142857142857,326.1666666666667,-269.0
2023-10-10,MBA15,259,0,0,2023,10,1,0,0,0,255.0,246.0,287.57142857142856,324.4,4.0
2023-10-11,MBA15,264,1,0,2023,10,2,0,0,0,259.0,264.0,289.42857142857144,323.43333333333334,5.0
2023-10-12,MBA15,285,1,0,2023,10,3,0,0,0,264.0,268.0,289.42857142857144,320.6666666666667,21.0
2023-10-13,MBA15,264,0,0,2023,10,4,0,0,0,285.0,253.0,291.85714285714283,318.3666666666667,-21.0
2023-10-14,MBA15,209,0,0,2023,10,5,1,0,0,264.0,203.0,293.42857142857144,315.56666666666666,-55.0
2023-10-15,MBA15,198,0,0,2023,10,6,1,0,0,209.0,524.0,294.2857142857143,310.4,-11.0
2023-10-16,MBA15,271,0,0,2023,10,0,0,0,0,198.0,255.0,247.71428571428572,305.06666666666666,73.0
2023-10-17,MBA15,252,0,0,2023,10,1,0,0,0,271.0,259.0,250.0,304.8333333333333,-19.0
2023-10-18,MBA15,260,0,0,2023,10,2,0,0,0,252.0,264.0,249.0,303.5,8.0
2023-10-19,MBA15,252,0,0,2023,10,3,0,0,0,260.0,285.0,248.42857142857142,301.2,-8.0
2023-10-20,MBA15,267,0,0,2023,10,4,0,0,0,252.0,264.0,243.71428571428572,296.73333333333335,15.0
2023-10-21,MBA15,186,0,0,2023,10,5,1,0,0,267.0,209.0,244.14285714285714,294.23333333333335,-81.0
2023-10-22,MBA15,203,0,0,2023,10,6,1,0,0,186.0,198.0,240.85714285714286,288.2,17.0
2023-10-23,MBA15,281,1,0,2023,10,0,0,0,0,203.0,271.0,241.57142857142858,283.46666666666664,78.0
2023-10-24,MBA15,263,1,0,2023,10,1,0,0,0,281.0,252.0,243.0,285.23333333333335,-18.0
2023-10-25,MBA15,236,0,0,2023,10,2,0,0,0,263.0,260.0,244.57142857142858,284.6666666666667,-27.0
2023-10-26,MBA15,251,0,0,2023,10,3,0,0,0,236.0,252.0,241.14285714285714,280.6666666666667,15.0
2023-10-27,MBA15,263,0,0,2023,10,4,0,0,0,251.0,267.0,241.0,277.8,12.0
2023-10-28,MBA15,196,0,0,2023,10,5,1,0,0,263.0,186.0,240.42857142857142,275.8,-67.0
2023-10-29,MBA15,208,0,0,2023,10,6,1,0,0,196.0,203.0,241.85714285714286,270.1333333333333,12.0
2023-10-30,MBA15,258,0,0,2023,10,0,0,0,0,208.0,281.0,242.57142857142858,264.8,50.0
2023-10-31,MBA15,280,0,0,2023,10,1,0,0,0,258.0,263.0,239.28571428571428,264.1333333333333,22.0
2023-11-01,MBA15,385,1,0,2023,11,2,0,0,1,280.0,236.0,241.71428571428572,256.3,105.0
2023-11-02,MBA15,414,1,0,2023,11,3,0,0,1,385.0,251.0,263.0,260.1333333333333,29.0
2023-11-03,MBA15,366,0,0,2023,11,4,0,0,1,414.0,263.0,286.2857142857143,265.73333333333335,-48.0
2023-11-04,MBA15,311,0,0,2023,11,5,1,0,1,366.0,196.0,301.0,269.1333333333333,-55.0
2023-11-05,MBA15,301,0,0,2023,11,6,1,0,1,311.0,208.0,317.42857142857144,270.56666666666666,-10.0
2023-11-06,MBA15,371,0,0,2023,11,0,0,0,1,301.0,258.0,330.7142857142857,272.1666666666667,70.0
2023-11-07,MBA15,359,0,0,2023,11,1,0,0,1,371.0,280.0,346.85714285714283,277.76666666666665,-12.0
2023-11-08,MBA15,383,0,0,2023,11,2,0,0,1,359.0,385.0,358.14285714285717,272.26666666666665,24.0
2023-11-09,MBA15,388,0,0,2023,11,3,0,0,1,383.0,414.0,357.85714285714283,276.53333333333336,5.0
2023-11-10,MBA15,382,0,0,2023,11,4,0,0,1,388.0,366.0,354.14285714285717,280.8333333333333,-6.0
2023-11-11,MBA15,296,0,0,2023,11,5,1,0,1,382.0,311.0,356.42857142857144,284.76666666666665,-86.0
2023-11-12,MBA15,300,0,0,2023,11,6,1,0,1,296.0,301.0,354.2857142857143,285.1333333333333,4.0
2023-11-13,MBA15,73,0,1,2023,11,0,0,0,1,300.0,371.0,354.14285714285717,286.3333333333333,-227.0
2023-11-14,MBA15,384,0,0,2023,11,1,0,0,1,73.0,359.0,311.57142857142856,281.8,311.0
2023-11-15,MBA15,390,0,0,2023,11,2,0,0,1,384.0,383.0,315.14285714285717,288.0,6.0
2023-11-16,MBA15,373,0,0,2023,11,3,0,0,1,390.0,388.0,316.14285714285717,291.96666666666664,-17.0
2023-11-17,MBA15,354,0,0,2023,11,4,0,0,1,373.0,382.0,314.0,296.0,-19.0
2023-11-18,MBA15,283,0,0,2023,11,5,1,0,1,354.0,296.0,310.0,299.1333333333333,-71.0
2023-11-19,MBA15,295,0,0,2023,11,6,1,0,1,283.0,300.0,308.14285714285717,300.1666666666667,12.0
2023-11-20,MBA15,387,0,0,2023,11,0,0,0,1,295.0,73.0,307.42857142857144,301.1,92.0
2023-11-21,MBA15,383,0,0,2023,11,1,0,0,1,387.0,384.0,352.2857142857143,307.8,-4.0
2023-11-22,MBA15,384,0,0,2023,11,2,0,0,1,383.0,390.0,352.14285714285717,313.8,1.0
2023-11-23,MBA15,368,0,0,2023,11,3,0,0,1,384.0,373.0,351.2857142857143,317.23333333333335,-16.0
2023-11-24,MBA15,371,0,0,2023,11,4,0,0,1,368.0,354.0,350.57142857142856,320.73333333333335,3.0
2023-11-25,MBA15,315,0,0,2023,11,5,1,0,1,371.0,283.0,353.0,325.23333333333335,-56.0
2023-11-26,MBA15,324,0,0,2023,11,6,1,0,1,315.0,295.0,357.57142857142856,327.3666666666667,9.0
2023-11-27,MBA15,387,0,0,2023,11,0,0,0,1,324.0,387.0,361.7142857142857,329.4,63.0
2023-11-28,MBA15,387,0,0,2023,11,1,0,0,1,387.0,383.0,361.7142857142857,335.76666666666665,0.0
2023-11-29,MBA15,367,0,0,2023,11,2,0,0,1,387.0,384.0,362.2857142857143,341.73333333333335,-20.0
2023-11-30,MBA15,384,0,0,2023,11,3,0,0,1,367.0,368.0,359.85714285714283,345.3666666666667,17.0
2023-12-01,MBA15,361,0,0,2023,12,4,0,0,1,384.0,371.0,362.14285714285717,348.8333333333333,-23.0
2023-12-02,MBA15,318,0,0,2023,12,5,1,0,1,361.0,315.0,360.7142857142857,348.03333333333336,-43.0
2023-12-03,MBA15,766,1,0,2023,12,6,1,0,1,318.0,324.0,361.14285714285717,344.8333333333333,448.0
2023-12-04,MBA15,373,0,0,2023,12,0,0,0,1,766.0,387.0,424.2857142857143,358.1666666666667,-393.0
2023-12-05,MBA15,351,0,0,2023,12,1,0,0,1,373.0,387.0,422.2857142857143,360.23333333333335,-22.0
2023-12-06,MBA15,373,0,0,2023,12,2,0,0,1,351.0,367.0,417.14285714285717,361.9,22.0
2023-12-07,MBA15,395,1,0,2023,12,3,0,0,1,373.0,384.0,418.0,361.96666666666664,22.0
2023-12-08,MBA15,377,0,0,2023,12,4,0,0,1,395.0,361.0,419.57142857142856,363.1666666666667,-18.0
2023-12-09,MBA15,301,0,0,2023,12,5,1,0,1,377.0,318.0,421.85714285714283,362.96666666666664,-76.0
2023-12-10,MBA15,298,0,0,2023,12,6,1,0,1,301.0,766.0,419.42857142857144,360.06666666666666,-3.0
2023-12-11,MBA15,366,0,0,2023,12,0,0,0,1,298.0,373.0,352.57142857142856,357.26666666666665,68.0
2023-12-12,MBA15,95,0,1,2023,12,1,0,0,1,366.0,351.0,351.57142857142856,359.6,-271.0
2023-12-13,MBA15,400,0,0,2023,12,2,0,0,1,95.0,373.0,315.0,352.76666666666665,305.0
2023-12-14,MBA15,398,1,0,2023,12,3,0,0,1,400.0,395.0,318.85714285714283,363.6666666666667,-2.0
2023-12-15,MBA15,367,0,0,2023,12,4,0,0,1,398.0,377.0,319.2857142857143,364.1333333333333,-31.0
2023-12-16,MBA15,292,0,0,2023,12,5,1,0,1,367.0,301.0,317.85714285714283,363.3666666666667,-75.0
2023-12-17,MBA15,301,0,0,2023,12,6,1,0,1,292.0,298.0,316.57142857142856,360.6666666666667,9.0
2023-12-18,MBA15,399,0,0,2023,12,0,0,0,1,301.0,366.0,317.0,358.9,98.0
2023-12-19,MBA15,379,0,0,2023,12,1,0,0,1,399.0,95.0,321.7142857142857,362.76666666666665,-20.0
2023-12-20,MBA15,391,0,0,2023,12,2,0,0,1,379.0,400.0,362.2857142857143,365.56666666666666,12.0
2023-12-21,MBA15,390,0,0,2023,12,3,0,0,1,391.0,398.0,361.0,365.7,-1.0
2023-12-22,MBA15,384,0,0,2023,12,4,0,0,1,390.0,367.0,359.85714285714283,365.93333333333334,-6.0
2023-12-23,MBA15,291,0,0,2023,12,5,1,0,1,384.0,292.0,362.2857142857143,365.93333333333334,-93.0
2023-12-24,MBA15,319,0,0,2023,12,6,1,0,1,291.0,301.0,362.14285714285717,363.3666666666667,28.0
2023-12-25,MBA15,361,0,0,2023,12,0,0,0,1,319.0,399.0,364.7142857142857,361.6333333333333,42.0
2023-12-26,MBA15,367,0,0,2023,12,1,0,0,1,361.0,379.0,359.2857142857143,363.1666666666667,6.0
2023-12-27,MBA15,380,0,0,2023,12,2,0,0,1,367.0,391.0,357.57142857142856,364.6,13.0
2023-12-28,MBA15,372,0,0,2023,12,3,0,0,1,380.0,390.0,356.0,364.3666666666667,-8.0
2023-12-29,MBA15,399,1,0,2023,12,4,0,0,1,372.0,384.0,353.42857142857144,363.8666666666667,27.0
2023-12-30,MBA15,289,0,0,2023,12,5,1,0,1,399.0,291.0,355.57142857142856,364.93333333333334,-110.0
2023-12-31,MBA15,753,1,0,2023,12,6,1,0,1,289.0,319.0,355.2857142857143,361.76666666666665,464.0
2024-01-01,MBA15,274,0,0,2024,1,0,0,0,0,753.0,361.0,417.2857142857143,374.8333333333333,-479.0
2024-01-02,MBA15,314,1,0,2024,1,1,0,0,0,274.0,367.0,404.85714285714283,373.3666666666667,40.0
2024-01-03,MBA15,284,0,0,2024,1,2,0,0,0,314.0,380.0,397.2857142857143,358.3,-30.0
2024-01-04,MBA15,248,0,0,2024,1,3,0,0,0,284.0,372.0,383.57142857142856,355.3333333333333,-36.0
2024-01-05,MBA15,264,0,0,2024,1,4,0,0,0,248.0,399.0,365.85714285714283,351.9,16.0
2024-01-06,MBA15,533,1,0,2024,1,5,1,0,0,264.0,289.0,346.57142857142856,348.26666666666665,269.0
2024-01-07,MBA15,216,0,0,2024,1,6,1,0,0,533.0,753.0,381.42857142857144,352.8666666666667,-317.0
2024-01-08,MBA15,270,0,0,2024,1,0,0,0,0,216.0,274.0,304.7142857142857,347.5,54.0
2024-01-09,MBA15,260,0,0,2024,1,1,0,0,0,270.0,314.0,304.14285714285717,346.46666666666664,-10.0
2024-01-10,MBA15,279,0,0,2024,1,2,0,0,0,260.0,284.0,296.42857142857144,345.2,19.0
2024-01-11,MBA15,282,0,0,2024,1,3,0,0,0,279.0,248.0,295.7142857142857,342.3,3.0
2024-01-12,MBA15,281,0,0,2024,1,4,0,0,0,282.0,264.0,300.57142857142856,348.53333333333336,-1.0
2024-01-13,MBA15,205,0,0,2024,1,5,1,0,0,281.0,533.0,303.0,344.56666666666666,-76.0
2024-01-14,MBA15,220,0,0,2024,1,6,1,0,0,205.0,216.0,256.14285714285717,338.1333333333333,15.0
2024-01-15,MBA15,280,0,0,2024,1,0,0,0,0,220.0,270.0,256.7142857142857,333.23333333333335,60.0
2024-01-16,MBA15,277,0,0,2024,1,1,0,0,0,280.0,260.0,258.14285714285717,332.8333333333333,-3.0
2024-01-17,MBA15,276,0,0,2024,1,2,0,0,0,277.0,279.0,260.57142857142856,332.03333333333336,-1.0
2024-01-18,MBA15,284,0,0,2024,1,3,0,0,0,276.0,282.0,260.14285714285717,327.93333333333334,8.0
2024-01-19,MBA15,275,1,0,2024,1,4,0,0,0,284.0,281.0,260.42857142857144,324.76666666666665,-9.0
2024-01-20,MBA15,195,0,0,2024,1,5,1,0,0,275.0,205.0,259.57142857142856,320.9,-80.0
2024-01-21,MBA15,213,0,0,2024,1,6,1,0,0,195.0,220.0,258.14285714285717,314.4,18.0
2024-01-22,MBA15,211,0,1,2024,1,0,0,0,0,213.0,280.0,257.14285714285717,308.7,-2.0
2024-01-23,MBA15,298,0,0,2024,1,1,0,0,0,211.0,277.0,247.28571428571428,306.03333333333336,87.0
2024-01-24,MBA15,259,0,0,2024,1,2,0,0,0,298.0,276.0,250.28571428571428,305.3333333333333,-39.0
2024-01-25,MBA15,295,1,0,2024,1,3,0,0,0,259.0,284.0,247.85714285714286,301.93333333333334,36.0
2024-01-26,MBA15,294,0,0,2024,1,4,0,0,0,295.0,275.0,249.42857142857142,299.53333333333336,-1.0
2024-01-27,MBA15,240,0,0,2024,1,5,1,0,0,294.0,195.0,252.14285714285714,296.6666666666667,-54.0
2024-01-28,MBA15,216,0,0,2024,1,6,1,0,0,240.0,213.0,258.57142857142856,292.26666666666665,-24.0
2024-01-29,MBA15,277,0,0,2024,1,0,0,0,0,216.0,211.0,259.0,286.1666666666667,61.0
2024-01-30,MBA15,270,0,0,2024,1,1,0,0,0,277.0,298.0,268.42857142857144,285.76666666666665,-7.0
2024-01-31,MBA15,257,0,0,2024,1,2,0,0,0,270.0,259.0,264.42857142857144,269.6666666666667,-13.0
2024-02-01,MBA15,284,0,0,2024,2,3,0,0,0,257.0,295.0,264.14285714285717,269.1,27.0
2024-02-02,MBA15,274,0,0,2024,2,4,0,0,0,284.0,294.0,262.57142857142856,268.1,-10.0
2024-02-03,MBA15,205,0,0,2024,2,5,1,0,0,274.0,240.0,259.7142857142857,267.76666666666665,-69.0
2024-02-04,MBA15,212,0,0,2024,2,6,1,0,0,205.0,216.0,254.71428571428572,266.3333333333333,7.0
2024-02-05,MBA15,265,0,0,2024,2,0,0,0,0,212.0,277.0,254.14285714285714,264.6,53.0
2024-02-06,MBA15,282,0,0,2024,2,1,0,0,0,265.0,270.0,252.42857142857142,255.66666666666666,17.0
2024-02-07,MBA15,253,0,0,2024,2,2,0,0,0,282.0,257.0,254.14285714285714,257.8666666666667,-29.0
2024-02-08,MBA15,240,0,0,2024,2,3,0,0,0,253.0,284.0,253.57142857142858,257.3,-13.0
2024-02-09,MBA15,253,0,0,2024,2,4,0,0,0,240.0,274.0,247.28571428571428,256.6333333333333,13.0
2024-02-10,MBA15,219,0,0,2024,2,5,1,0,0,253.0,205.0,244.28571428571428,255.76666666666668,-34.0
2024-02-11,MBA15,161,0,1,2024,2,6,1,0,0,219.0,212.0,246.28571428571428,253.66666666666666,-58.0
2024-02-12,MBA15,265,0,0,2024,2,0,0,0,0,161.0,265.0,239.0,249.66666666666666,104.0
2024-02-13,MBA15,261,0,0,2024,2,1,0,0,0,265.0,282.0,239.0,251.66666666666666,-4.0
2024-02-14,MBA15,242,0,0,2024,2,2,0,0,0,261.0,253.0,236.0,253.03333333333333,-19.0
2024-02-15,MBA15,259,0,0,2024,2,3,0,0,0,242.0,240.0,234.42857142857142,251.76666666666668,17.0
2024-02-16,MBA15,265,0,0,2024,2,4,0,0,0,259.0,253.0,237.14285714285714,251.16666666666666,6.0
2024-02-17,MBA15,228,0,0,2024,2,5,1,0,0,265.0,219.0,238.85714285714286,250.8,-37.0
2024-02-18,MBA15,240,0,0,2024,2,6,1,0,0,228.0,161.0,240.14285714285714,248.93333333333334,12.0
2024-02-19,MBA15,271,1,0,2024,2,0,0,0,0,240.0,265.0,251.42857142857142,247.76666666666668,31.0
2024-02-20,MBA15,269,0,0,2024,2,1,0,0,0,271.0,261.0,252.28571428571428,250.3,-2.0
2024-02-21,MBA15,220,0,1,2024,2,2,0,0,0,269.0,242.0,253.42857142857142,252.16666666666666,-49.0
2024-02-22,MBA15,296,0,0,2024,2,3,0,0,0,220.0,259.0,250.28571428571428,252.46666666666667,76.0
2024-02-23,MBA15,261,0,0,2024,2,4,0,0,0,296.0,265.0,255.57142857142858,252.4,-35.0
2024-02-24,MBA15,206,0,0,2024,2,5,1,0,0,261.0,228.0,255.0,252.46666666666667,-55.0
2024-02-25,MBA15,212,0,0,2024,2,6,1,0,0,206.0,240.0,251.85714285714286,249.5,6.0
2024-02-26,MBA15,257,0,0,2024,2,0,0,0,0,212.0,271.0,247.85714285714286,246.76666666666668,45.0
2024-02-27,MBA15,289,1,0,2024,2,1,0,0,0,257.0,269.0,245.85714285714286,247.33333333333334,32.0
2024-02-28,MBA15,279,0,0,2024,2,2,0,0,0,289.0,220.0,248.71428571428572,249.76666666666668,-10.0
2024-02-29,MBA15,270,0,0,2024,2,3,0,0,0,279.0,296.0,257.14285714285717,249.83333333333334,-9.0
2024-03-01,MBA15,269,0,0,2024,3,4,0,0,0,270.0,261.0,253.42857142857142,249.83333333333334,-1.0
2024-03-02,MBA15,557,1,0,2024,3,5,1,0,0,269.0,206.0,254.57142857142858,250.23333333333332,288.0
2024-03-03,MBA15,214,0,0,2024,3,6,1,0,0,557.0,212.0,304.7142857142857,259.3333333333333,-343.0
2024-03-04,MBA15,277,0,0,2024,3,0,0,0,0,214.0,257.0,305.0,257.3333333333333,63.0
2024-03-05,MBA15,264,0,0,2024,3,1,0,0,0,277.0,289.0,307.85714285714283,259.73333333333335,-13.0
2024-03-06,MBA15,253,0,0,2024,3,2,0,0,0,264.0,279.0,304.2857142857143,261.46666666666664,-11.0
2024-03-07,MBA15,295,1,0,2024,3,3,0,0,0,253.0,270.0,300.57142857142856,261.06666666666666,42.0
2024-03-08,MBA15,284,1,0,2024,3,4,0,0,0,295.0,269.0,304.14285714285717,261.5,-11.0
2024-03-09,MBA15,229,0,0,2024,3,5,1,0,0,284.0,557.0,306.2857142857143,262.53333333333336,-55.0
2024-03-10,MBA15,221,0,0,2024,3,6,1,0,0,229.0,214.0,259.42857142857144,262.1666666666667,-8.0
2024-03-11,MBA15,274,0,0,2024,3,0,0,0,0,221.0,277.0,260.42857142857144,261.1,53.0
2024-03-12,MBA15,271,1,0,2024,3,1,0,0,0,274.0,264.0,260.0,262.93333333333334,-3.0
2024-03-13,MBA15,299,0,0,2024,3,2,0,0,0,271.0,253.0,261.0,266.6,28.0
2024-03-14,MBA15,274,0,0,2024,3,3,0,0,0,299.0,295.0,267.57142857142856,267.73333333333335,-25.0
2024-03-15,MBA15,284,0,0,2024,3,4,0,0,0,274.0,284.0,264.57142857142856,268.1666666666667,10.0
2024-03-16,MBA15,172,0,1,2024,3,5,1,0,0,284.0,229.0,264.57142857142856,269.56666666666666,-112.0
2024-03-17,MBA15,534,1,0,2024,3,6,1,0,0,172.0,221.0,256.42857142857144,266.6666666666667,362.0
2024-03-18,MBA15,277,0,0,2024,3,0,0,0,0,534.0,274.0,301.14285714285717,275.6333333333333,-257.0
2024-03-19,MBA15,252,0,0,2024,3,1,0,0,0,277.0,271.0,301.57142857142856,277.26666666666665,-25.0
2024-03-20,MBA15,299,1,0,2024,3,2,0,0,0,252.0,299.0,298.85714285714283,277.6666666666667,47.0
2024-03-21,MBA15,264,0,0,2024,3,3,0,0,0,299.0,274.0,298.85714285714283,278.6,-35.0
2024-03-22,MBA15,277,0,0,2024,3,4,0,0,0,264.0,284.0,297.42857142857144,278.43333333333334,13.0
2024-03-23,MBA15,220,0,0,2024,3,5,1,0,0,277.0,172.0,296.42857142857144,280.3333333333333,-57.0
2024-03-24,MBA15,231,0,0,2024,3,6,1,0,0,220.0,534.0,303.2857142857143,277.8,11.0
2024-03-25,MBA15,282,0,0,2024,3,0,0,0,0,231.0,277.0,260.0,276.8,51.0
2024-03-26,MBA15,270,0,0,2024,3,1,0,0,0,282.0,252.0,260.7142857142857,279.3333333333333,-12.0
2024-03-27,MBA15,249,0,0,2024,3,2,0,0,0,270.0,299.0,263.2857142857143,281.26666666666665,-21.0
2024-03-28,MBA15,235,0,1,2024,3,3,0,0,0,249.0,264.0,256.14285714285717,281.0,-14.0
2024-03-29,MBA15,251,0,0,2024,3,4,0,0,0,235.0,277.0,252.0,279.2,16.0
2024-03-30,MBA15,222,0,0,2024,3,5,1,0,0,251.0,220.0,248.28571428571428,278.26666666666665,-29.0
2024-03-31,MBA15,233,0,0,2024,3,6,1,0,0,222.0,231.0,248.57142857142858,276.6666666666667,11.0
2024-04-01,MBA15,274,0,0,2024,4,0,0,0,0,233.0,282.0,248.85714285714286,275.46666666666664,41.0
2024-04-02,MBA15,260,0,0,2024,4,1,0,0,0,274.0,270.0,247.71428571428572,266.03333333333336,-14.0
2024-04-03,MBA15,270,0,0,2024,4,2,0,0,0,260.0,249.0,246.28571428571428,267.56666666666666,10.0
2024-04-04,MBA15,261,0,0,2024,4,3,0,0,0,270.0,235.0,249.28571428571428,267.3333333333333,-9.0
2024-04-05,MBA15,261,0,0,2024,4,4,0,0,0,261.0,251.0,253.0,267.23333333333335,0.0
2024-04-06,MBA15,544,1,0,2024,4,5,1,0,0,261.0,222.0,254.42857142857142,267.5,283.0
2024-04-07,MBA15,186,0,0,2024,4,6,1,0,0,544.0,233.0,300.42857142857144,275.8,-358.0
2024-04-08,MBA15,265,0,0,2024,4,0,0,0,0,186.0,274.0,293.7142857142857,272.53333333333336,79.0
2024-04-09,MBA15,269,0,0,2024,4,1,0,0,0,265.0,260.0,292.42857142857144,273.73333333333335,4.0
2024-04-10,MBA15,282,1,0,2024,4,2,0,0,0,269.0,270.0,293.7142857142857,275.3333333333333,13.0
2024-04-11,MBA15,258,0,0,2024,4,3,0,0,0,282.0,261.0,295.42857142857144,275.6,-24.0
2024-04-12,MBA15,274,0,0,2024,4,4,0,0,0,258.0,261.0,295.0,275.1666666666667,16.0
2024-04-13,MBA15,541,1,0,2024,4,5,1,0,0,274.0,544.0,296.85714285714283,274.3333333333333,267.0
2024-04-14,MBA15,566,1,0,2024,4,6,1,0,0,541.0,186.0,296.42857142857144,283.23333333333335,25.0
2024-04-15,MBA15,288,1,0,2024,4,0,0,0,0,566.0,265.0,350.7142857142857,292.6333333333333,-278.0
2024-04-16,MBA15,261,0,0,2024,4,1,0,0,0,288.0,269.0,354.0,296.5,-27.0
2024-04-17,MBA15,290,1,0,2024,4,2,0,0,0,261.0,282.0,352.85714285714283,287.4,29.0
2024-04-18,MBA15,247,0,0,2024,4,3,0,0,0,290.0,258.0,354.0,287.8333333333333,-43.0
2024-04-19,MBA15,269,0,0,2024,4,4,0,0,0,247.0,274.0,352.42857142857144,287.6666666666667,22.0
2024-04-20,MBA15,177,0,1,2024,4,5,1,0,0,269.0,541.0,351.7142857142857,286.6666666666667,-92.0
2024-04-21,MBA15,218,0,0,2024,4,6,1,0,0,177.0,566.0,299.7142857142857,283.76666666666665,41.0
2024-04-22,MBA15,258,0,0,2024,4,0,0,0,0,218.0,288.0,250.0,281.8,40.0
2024-04-23,MBA15,282,1,0,2024,4,1,0,0,0,258.0,261.0,245.71428571428572,283.06666666666666,24.0
2024-04-24,MBA15,254,0,0,2024,4,2,0,0,0,282.0,290.0,248.71428571428572,284.76666666666665,-28.0
2024-04-25,MBA15,288,0,0,2024,4,3,0,0,0,254.0,247.0,243.57142857142858,283.8333333333333,34.0
2024-04-26,MBA15,268,0,0,2024,4,4,0,0,0,288.0,269.0,249.42857142857142,284.43333333333334,-20.0
2024-04-27,MBA15,222,0,0,2024,4,5,1,0,0,268.0,177.0,249.28571428571428,285.06666666666666,-46.0
2024-04-28,MBA15,200,0,0,2024,4,6,1,0,0,222.0,218.0,255.71428571428572,284.6333333333333,-22.0
2024-04-29,MBA15,274,1,0,2024,4,0,0,0,0,200.0,258.0,253.14285714285714,282.93333333333334,74.0
2024-04-30,MBA15,275,0,0,2024,4,1,0,0,0,274.0,282.0,255.42857142857142,284.6666666666667,1.0
2024-05-01,MBA15,280,0,0,2024,5,2,0,0,0,275.0,254.0,254.42857142857142,286.06666666666666,5.0
2024-05-02,MBA15,256,0,0,2024,5,3,0,0,0,280.0,288.0,258.14285714285717,286.26666666666665,-24.0
2024-05-03,MBA15,251,0,0,2024,5,4,0,0,0,256.0,268.0,253.57142857142858,286.1333333333333,-5.0
2024-05-04,MBA15,179,0,1,2024,5,5,1,0,0,251.0,222.0,251.14285714285714,285.5,-72.0
2024-05-05,MBA15,212,0,0,2024,5,6,1,0,0,179.0,200.0,245.0,282.76666666666665,33.0
2024-05-06,MBA15,249,0,0,2024,5,0,0,0,0,212.0,274.0,246.71428571428572,281.1333333333333,37.0
2024-05-07,MBA15,193,0,1,2024,5,1,0,0,0,249.0,275.0,243.14285714285714,271.3,-56.0
2024-05-08,MBA15,260,0,0,2024,5,2,0,0,0,193.0,280.0,231.42857142857142,271.53333333333336,67.0
2024-05-09,MBA15,280,0,0,2024,5,3,0,0,0,260.0,256.0,228.57142857142858,271.3666666666667,20.0
2024-05-10,MBA15,282,0,0,2024,5,4,0,0,0,280.0,251.0,232.0,271.73333333333335,2.0
2024-05-11,MBA15,220,0,0,2024,5,5,1,0,0,282.0,179.0,236.42857142857142,271.73333333333335,-62.0
2024-05-12,MBA15,218,0,0,2024,5,6,1,0,0,220.0,212.0,242.28571428571428,270.46666666666664,-2.0
2024-05-13,MBA15,263,0,0,2024,5,0,0,0,0,218.0,249.0,243.14285714285714,268.6,45.0
2024-05-14,MBA15,241,0,0,2024,5,1,0,0,0,263.0,193.0,245.14285714285714,259.3333333333333,-22.0
2024-05-15,MBA15,280,0,0,2024,5,2,0,0,0,241.0,260.0,252.0,248.5,39.0
2024-05-16,MBA15,218,0,1,2024,5,3,0,0,0,280.0,280.0,254.85714285714286,248.23333333333332,-62.0
2024-05-17,MBA15,257,0,0,2024,5,4,0,0,0,218.0,282.0,246.0,246.8,39.0
2024-05-18,MBA15,233,0,0,2024,5,5,1,0,0,257.0,220.0,242.42857142857142,245.7,-24.0
2024-05-19,MBA15,202,0,0,2024,5,6,1,0,0,233.0,218.0,244.28571428571428,245.23333333333332,-31.0
2024-05-20,MBA15,281,0,0,2024,5,0,0,0,0,202.0,263.0,242.0,243.0,79.0
2024-05-21,MBA15,246,0,0,2024,5,1,0,0,0,281.0,241.0,244.57142857142858,246.46666666666667,-35.0
2024-05-22,MBA15,298,0,0,2024,5,2,0,0,0,246.0,280.0,245.28571428571428,247.4,52.0
2024-05-23,MBA15,251,0,0,2024,5,3,0,0,0,298.0,218.0,247.85714285714286,248.73333333333332,-47.0
2024-05-24,MBA15,282,0,0,2024,5,4,0,0,0,251.0,257.0,252.57142857142858,247.7,31.0
2024-05-25,MBA15,209,0,0,2024,5,5,1,0,0,282.0,233.0,256.14285714285717,248.63333333333333,-73.0
2024-05-26,MBA15,224,0,0,2024,5,6,1,0,0,209.0,202.0,252.71428571428572,246.0,15.0
2024-05-27,MBA15,288,0,0,2024,5,0,0,0,0,224.0,281.0,255.85714285714286,244.53333333333333,64.0
2024-05-28,MBA15,264,0,0,2024,5,1,0,0,0,288.0,246.0,256.85714285714283,246.73333333333332,-24.0
2024-05-29,MBA15,296,0,0,2024,5,2,0,0,0,264.0,298.0,259.42857142857144,248.86666666666667,32.0
2024-05-30,MBA15,289,0,0,2024,5,3,0,0,0,296.0,251.0,259.14285714285717,249.6,-7.0
2024-05-31,MBA15,249,0,0,2024,5,4,0,0,0,289.0,282.0,264.57142857142856,250.06666666666666,-40.0
2024-06-01,MBA15,216,0,0,2024,6,5,1,0,0,249.0,209.0,259.85714285714283,249.03333333333333,-33.0
2024-06-02,MBA15,214,0,0,2024,6,6,1,0,0,216.0,224.0,260.85714285714283,247.7,-2.0
2024-06-03,MBA15,268,0,0,2024,6,0,0,0,0,214.0,288.0,259.42857142857144,246.46666666666667,54.0
2024-06-04,MBA15,263,0,0,2024,6,1,0,0,0,268.0,264.0,256.57142857142856,249.43333333333334,-5.0
2024-06-05,MBA15,256,0,0,2024,6,2,0,0,0,263.0,296.0,256.42857142857144,251.13333333333333,-7.0
2024-06-06,MBA15,266,0,0,2024,6,3,0,0,0,256.0,289.0,250.71428571428572,251.36666666666667,10.0
2024-06-07,MBA15,274,0,0,2024,6,4,0,0,0,266.0,249.0,247.42857142857142,253.8,8.0
2024-06-08,MBA15,186,0,0,2024,6,5,1,0,0,274.0,216.0,251.0,254.26666666666668,-88.0
2024-06-09,MBA15,227,0,0,2024,6,6,1,0,0,186.0,214.0,246.71428571428572,251.13333333333333,41.0
2024-06-10,MBA15,269,0,0,2024,6,0,0,0,0,227.0,268.0,248.57142857142858,249.3,42.0
2024-06-11,MBA15,286,0,0,2024,6,1,0,0,0,269.0,263.0,248.71428571428572,250.93333333333334,17.0
2024-06-12,MBA15,262,0,0,2024,6,2,0,0,0,286.0,256.0,252.0,253.2,-24.0
2024-06-13,MBA15,260,0,0,2024,6,3,0,0,0,262.0,266.0,252.85714285714286,253.16666666666666,-2.0
2024-06-14,MBA15,258,0,0,2024,6,4,0,0,0,260.0,274.0,252.0,253.8,-2.0
2024-06-15,MBA15,223,0,0,2024,6,5,1,0,0,258.0,186.0,249.71428571428572,253.06666666666666,-35.0
2024-06-16,MBA15,194,0,0,2024,6,6,1,0,0,223.0,227.0,255.0,253.23333333333332,-29.0
2024-06-17,MBA15,258,0,0,2024,6,0,0,0,0,194.0,269.0,250.28571428571428,251.13333333333333,64.0
2024-06-18,MBA15,283,1,0,2024,6,1,0,0,0,258.0,286.0,248.71428571428572,251.96666666666667,25.0
2024-06-19,MBA15,249,0,0,2024,6,2,0,0,0,283.0,262.0,248.28571428571428,254.66666666666666,-34.0
2024-06-20,MBA15,268,0,0,2024,6,3,0,0,0,249.0,260.0,246.42857142857142,253.6,19.0
2024-06-21,MBA15,283,0,0,2024,6,4,0,0,0,268.0,258.0,247.57142857142858,254.33333333333334,15.0
2024-06-22,MBA15,230,0,0,2024,6,5,1,0,0,283.0,223.0,251.14285714285714,253.83333333333334,-53.0
2024-06-23,MBA15,215,0,0,2024,6,6,1,0,0,230.0,194.0,252.14285714285714,253.13333333333333,-15.0
2024-06-24,MBA15,279,0,0,2024,6,0,0,0,0,215.0,258.0,255.14285714285714,250.9,64.0
2024-06-25,MBA15,273,0,0,2024,6,1,0,0,0,279.0,283.0,258.14285714285717,253.23333333333332,-6.0
2024-06-26,MBA15,216,0,1,2024,6,2,0,0,0,273.0,249.0,256.7142857142857,254.86666666666667,-57.0
2024-06-27,MBA15,275,0,0,2024,6,3,0,0,0,216.0,268.0,252.0,252.46666666666667,59.0
2024-06-28,MBA15,276,1,0,2024,6,4,0,0,0,275.0,283.0,253.0,252.83333333333334,1.0
2024-06-29,MBA15,213,0,0,2024,6,5,1,0,0,276.0,230.0,252.0,252.16666666666666,-63.0
2024-06-30,MBA15,222,0,0,2024,6,6,1,0,0,213.0,215.0,249.57142857142858,249.63333333333333,9.0
2024-07-01,MBA15,267,0,0,2024,7,0,0,0,0,222.0,279.0,250.57142857142858,248.73333333333332,45.0
2024-07-02,MBA15,281,0,0,2024,7,1,0,0,0,267.0,273.0,248.85714285714286,250.43333333333334,14.0
2024-07-03,MBA15,277,0,0,2024,7,2,0,0,0,281.0,216.0,250.0,252.66666666666666,-4.0
2024-07-04,MBA15,277,0,0,2024,7,3,0,0,0,277.0,275.0,258.7142857142857,252.96666666666667,0.0
2024-07-05,MBA15,274,0,0,2024,7,4,0,0,0,277.0,276.0,259.0,253.43333333333334,-3.0
2024-07-06,MBA15,218,0,0,2024,7,5,1,0,0,274.0,213.0,258.7142857142857,254.03333333333333,-56.0
2024-07-07,MBA15,225,0,0,2024,7,6,1,0,0,218.0,222.0,259.42857142857144,252.43333333333334,7.0
2024-07-08,MBA15,226,0,1,2024,7,0,0,0,0,225.0,267.0,259.85714285714283,250.8,1.0
2024-07-09,MBA15,272,0,0,2024,7,1,0,0,0,226.0,281.0,254.0,252.13333333333333,46.0
2024-07-10,MBA15,257,0,0,2024,7,2,0,0,0,272.0,277.0,252.71428571428572,253.63333333333333,-15.0
2024-07-11,MBA15,267,0,0,2024,7,3,0,0,0,257.0,277.0,249.85714285714286,253.23333333333332,10.0
2024-07-12,MBA15,250,0,0,2024,7,4,0,0,0,267.0,274.0,248.42857142857142,252.6,-17.0
2024-07-13,MBA15,232,0,0,2024,7,5,1,0,0,250.0,218.0,245.0,252.2,-18.0
2024-07-14,MBA15,225,0,0,2024,7,6,1,0,0,232.0,225.0,247.0,251.26666666666668,-7.0
2024-07-15,MBA15,257,0,0,2024,7,0,0,0,0,225.0,226.0,247.0,250.16666666666666,32.0
2024-07-16,MBA15,259,0,0,2024,7,1,0,0,0,257.0,272.0,251.42857142857142,251.3,2.0
2024-07-17,MBA15,283,0,0,2024,7,2,0,0,0,259.0,257.0,249.57142857142858,253.46666666666667,24.0
2024-07-18,MBA15,259,0,0,2024,7,3,0,0,0,283.0,267.0,253.28571428571428,254.3,-24.0
2024-07-19,MBA15,249,0,0,2024,7,4,0,0,0,259.0,250.0,252.14285714285714,253.5,-10.0
2024-07-20,MBA15,527,1,0,2024,7,5,1,0,0,249.0,232.0,252.0,253.5,278.0
2024-07-21,MBA15,213,0,0,2024,7,6,1,0,0,527.0,225.0,294.14285714285717,262.1333333333333,-314.0
2024-07-22,MBA15,262,0,0,2024,7,0,0,0,0,213.0,257.0,292.42857142857144,259.8,49.0
2024-07-23,MBA15,263,0,0,2024,7,1,0,0,0,262.0,259.0,293.14285714285717,260.8666666666667,1.0
2024-07-24,MBA15,276,0,0,2024,7,2,0,0,0,263.0,283.0,293.7142857142857,262.46666666666664,13.0
2024-07-25,MBA15,260,0,0,2024,7,3,0,0,0,276.0,259.0,292.7142857142857,262.3666666666667,-16.0
2024-07-26,MBA15,272,0,0,2024,7,4,0,0,0,260.0,249.0,292.85714285714283,261.93333333333334,12.0
2024-07-27,MBA15,203,0,0,2024,7,5,1,0,0,272.0,527.0,296.14285714285717,263.8,-69.0
2024-07-28,MBA15,231,0,0,2024,7,6,1,0,0,203.0,213.0,249.85714285714286,261.4,28.0
2024-07-29,MBA15,255,0,0,2024,7,0,0,0,0,231.0,262.0,252.42857142857142,259.9,24.0
2024-07-30,MBA15,267,0,0,2024,7,1,0,0,0,255.0,263.0,251.42857142857142,261.3,12.0
2024-07-31,MBA15,266,0,0,2024,7,2,0,0,0,267.0,276.0,252.0,262.8,-1.0
2024-08-01,MBA15,365,0,0,2024,8,3,0,1,0,266.0,260.0,250.57142857142858,262.76666666666665,99.0
2024-08-02,MBA15,370,0,0,2024,8,4,0,1,0,365.0,272.0,265.57142857142856,265.56666666666666,5.0
2024-08-03,MBA15,287,0,0,2024,8,5,1,1,0,370.0,203.0,279.57142857142856,268.6666666666667,-83.0
2024-08-04,MBA15,302,0,0,2024,8,6,1,1,0,287.0,231.0,291.57142857142856,269.0,15.0
2024-08-05,MBA15,374,0,0,2024,8,0,0,1,0,302.0,255.0,301.7142857142857,269.93333333333334,72.0
2024-08-06,MBA15,358,0,0,2024,8,1,0,1,0,374.0,267.0,318.7142857142857,275.1333333333333,-16.0
2024-08-07,MBA15,382,0,0,2024,8,2,0,1,0,358.0,266.0,331.7142857142857,279.56666666666666,24.0
2024-08-08,MBA15,365,0,0,2024,8,3,0,1,0,382.0,365.0,348.2857142857143,284.76666666666665,-17.0
2024-08-09,MBA15,357,0,0,2024,8,4,0,1,0,365.0,370.0,348.2857142857143,287.8666666666667,-8.0
2024-08-10,MBA15,293,0,0,2024,8,5,1,1,0,357.0,287.0,346.42857142857144,291.2,-64.0
2024-08-11,MBA15,314,0,0,2024,8,6,1,1,0,293.0,302.0,347.2857142857143,292.06666666666666,21.0
2024-08-12,MBA15,365,0,0,2024,8,0,0,1,0,314.0,374.0,349.0,294.2,51.0
2024-08-13,MBA15,365,0,0,2024,8,1,0,1,0,365.0,358.0,347.7142857142857,298.6333333333333,0.0
2024-08-14,MBA15,366,0,0,2024,8,2,0,1,0,365.0,382.0,348.7142857142857,303.3,1.0
2024-08-15,MBA15,372,0,0,2024,8,3,0,1,0,366.0,365.0,346.42857142857144,306.93333333333334,6.0
2024-08-16,MBA15,365,0,0,2024,8,4,0,1,0,372.0,357.0,347.42857142857144,310.7,-7.0
2024-08-17,MBA15,299,0,0,2024,8,5,1,1,0,365.0,293.0,348.57142857142856,313.43333333333334,-66.0
2024-08-18,MBA15,293,0,0,2024,8,6,1,1,0,299.0,314.0,349.42857142857144,314.76666666666665,-6.0
2024-08-19,MBA15,363,0,0,2024,8,0,0,1,0,293.0,365.0,346.42857142857144,316.23333333333335,70.0
2024-08-20,MBA15,373,0,0,2024,8,1,0,1,0,363.0,365.0,346.14285714285717,310.76666666666665,10.0
2024-08-21,MBA15,352,0,0,2024,8,2,0,1,0,373.0,366.0,347.2857142857143,316.1,-21.0
2024-08-22,MBA15,361,0,0,2024,8,3,0,1,0,352.0,372.0,345.2857142857143,319.1,9.0
2024-08-23,MBA15,285,0,1,2024,8,4,0,1,0,361.0,365.0,343.7142857142857,322.3666666666667,-76.0
2024-08-24,MBA15,276,0,0,2024,8,5,1,1,0,285.0,299.0,332.2857142857143,322.6666666666667,-9.0
2024-08-25,MBA15,277,0,0,2024,8,6,1,1,0,276.0,293.0,329.0,323.2,1.0
2024-08-26,MBA15,361,0,0,2024,8,0,0,1,0,277.0,363.0,326.7142857142857,323.3666666666667,84.0
2024-08-27,MBA15,373,0,0,2024,8,1,0,1,0,361.0,373.0,326.42857142857144,328.6333333333333,12.0
2024-08-28,MBA15,363,0,0,2024,8,2,0,1,0,373.0,352.0,326.42857142857144,333.3666666666667,-10.0
2024-08-29,MBA15,354,0,0,2024,8,3,0,1,0,363.0,361.0,328.0,336.96666666666664,-9.0
2024-08-30,MBA15,377,0,0,2024,8,4,0,1,0,354.0,285.0,327.0,339.8666666666667,23.0
2024-08-31,MBA15,287,0,0,2024,8,5,1,1,0,377.0,276.0,340.14285714285717,343.56666666666666,-90.0
2024-09-01,MBA15,280,0,0,2024,9,6,1,1,0,287.0,277.0,341.7142857142857,340.96666666666664,-7.0
2024-09-02,MBA15,383,0,0,2024,9,0,0,1,0,280.0,361.0,342.14285714285717,337.96666666666664,103.0
2024-09-03,MBA15,362,0,0,2024,9,1,0,1,0,383.0,373.0,345.2857142857143,341.1666666666667,-21.0
2024-09-04,MBA15,380,0,0,2024,9,2,0,1,0,362.0,363.0,343.7142857142857,343.1666666666667,18.0
2024-09-05,MBA15,361,0,0,2024,9,3,0,1,0,380.0,354.0,346.14285714285717,343.3666666666667,-19.0
2024-09-06,MBA15,361,0,0,2024,9,4,0,1,0,361.0,377.0,347.14285714285717,343.46666666666664,0.0
2024-09-07,MBA15,275,0,0,2024,9,5,1,1,0,361.0,287.0,344.85714285714283,342.76666666666665,-86.0
2024-09-08,MBA15,725,1,0,2024,9,6,1,1,0,275.0,280.0,343.14285714285717,339.76666666666665,450.0
2024-09-09,MBA15,366,0,0,2024,9,0,0,1,0,725.0,383.0,406.7142857142857,352.03333333333336,-359.0
2024-09-10,MBA15,369,0,0,2024,9,1,0,1,0,366.0,362.0,404.2857142857143,354.46666666666664,3.0
2024-09-11,MBA15,362,0,0,2024,9,2,0,1,0,369.0,380.0,405.2857142857143,356.3,-7.0
2024-09-12,MBA15,357,0,0,2024,9,3,0,1,0,362.0,361.0,402.7142857142857,356.2,-5.0
2024-09-13,MBA15,361,0,0,2024,9,4,0,1,0,357.0,361.0,402.14285714285717,355.93333333333334,4.0
2024-09-14,MBA15,279,0,0,2024,9,5,1,1,0,361.0,275.0,402.14285714285717,355.76666666666665,-82.0
2024-09-15,MBA15,309,0,0,2024,9,6,1,1,0,279.0,725.0,402.7142857142857,352.6666666666667,30.0
2024-09-16,MBA15,370,0,0,2024,9,0,0,1,0,309.0,366.0,343.2857142857143,350.8,61.0
2024-09-17,MBA15,377,1,0,2024,9,1,0,1,0,370.0,369.0,343.85714285714283,353.1666666666667,7.0
2024-09-18,MBA15,355,0,0,2024,9,2,0,1,0,377.0,362.0,345.0,355.96666666666664,-22.0
2024-09-19,MBA15,383,0,0,2024,9,3,0,1,0,355.0,357.0,344.0,355.7,28.0
2024-09-20,MBA15,353,0,0,2024,9,4,0,1,0,383.0,361.0,347.7142857142857,356.03333333333336,-30.0
2024-09-21,MBA15,289,0,0,2024,9,5,1,1,0,353.0,279.0,346.57142857142856,356.06666666666666,-64.0
2024-09-22,MBA15,252,0,1,2024,9,6,1,1,0,289.0,309.0,348.0,353.6666666666667,-37.0
2024-09-23,MBA15,364,0,0,2024,9,0,0,1,0,252.0,370.0,339.85714285714283,352.56666666666666,112.0
2024-09-24,MBA15,269,0,1,2024,9,1,0,1,0,364.0,377.0,339.0,355.5,-95.0
2024-09-25,MBA15,364,0,0,2024,9,2,0,1,0,269.0,355.0,323.57142857142856,355.23333333333335,95.0
2024-09-26,MBA15,354,0,0,2024,9,3,0,1,0,364.0,383.0,324.85714285714283,355.3333333333333,-10.0
2024-09-27,MBA15,362,1,0,2024,9,4,0,1,0,354.0,353.0,320.7142857142857,354.7,8.0
2024-09-28,MBA15,286,0,0,2024,9,5,1,1,0,362.0,289.0,322.0,354.6666666666667,-76.0
2024-09-29,MBA15,279,0,0,2024,9,6,1,1,0,286.0,252.0,321.57142857142856,352.4,-7.0
2024-09-30,MBA15,351,0,0,2024,9,0,0,1,0,279.0,364.0,325.42857142857144,349.1333333333333,72.0
2024-10-01,MBA15,283,1,0,2024,10,1,0,0,0,351.0,269.0,323.57142857142856,351.26666666666665,-68.0
2024-10-02,MBA15,251,0,0,2024,10,2,0,0,0,283.0,364.0,325.57142857142856,351.3666666666667,-32.0
2024-10-03,MBA15,278,0,0,2024,10,3,0,0,0,251.0,354.0,309.42857142857144,346.96666666666664,27.0
2024-10-04,MBA15,264,0,0,2024,10,4,0,0,0,278.0,362.0,298.57142857142856,344.1666666666667,-14.0
2024-10-05,MBA15,208,0,0,2024,10,5,1,0,0,264.0,286.0,284.57142857142856,340.3,-56.0
2024-10-06,MBA15,169,0,1,2024,10,6,1,0,0,208.0,279.0,273.42857142857144,335.2,-39.0
2024-10-07,MBA15,268,1,0,2024,10,0,0,0,0,169.0,351.0,257.7142857142857,328.8,99.0
2024-10-08,MBA15,254,0,0,2024,10,1,0,0,0,268.0,283.0,245.85714285714286,328.56666666666666,-14.0
2024-10-09,MBA15,263,0,0,2024,10,2,0,0,0,254.0,251.0,241.71428571428572,312.8666666666667,9.0
2024-10-10,MBA15,271,0,0,2024,10,3,0,0,0,263.0,278.0,243.42857142857142,309.43333333333334,8.0
2024-10-11,MBA15,273,0,0,2024,10,4,0,0,0,271.0,264.0,242.42857142857142,306.1666666666667,2.0
2024-10-12,MBA15,211,0,0,2024,10,5,1,0,0,273.0,208.0,243.71428571428572,303.2,-62.0
2024-10-13,MBA15,538,1,0,2024,10,6,1,0,0,211.0,169.0,244.14285714285714,298.3333333333333,327.0
2024-10-14,MBA15,270,0,0,2024,10,0,0,0,0,538.0,268.0,296.85714285714283,304.23333333333335,-268.0
2024-10-15,MBA15,299,1,0,2024,10,1,0,0,0,270.0,254.0,297.14285714285717,303.93333333333334,29.0
2024-10-16,MBA15,268,0,0,2024,10,2,0,0,0,299.0,263.0,303.57142857142856,303.6,-31.0
2024-10-17,MBA15,259,0,0,2024,10,3,0,0,0,268.0,271.0,304.2857142857143,300.2,-9.0
2024-10-18,MBA15,256,0,0,2024,10,4,0,0,0,259.0,273.0,302.57142857142856,296.26666666666665,-3.0
2024-10-19,MBA15,227,0,0,2024,10,5,1,0,0,256.0,211.0,300.14285714285717,292.96666666666664,-29.0
2024-10-20,MBA15,189,0,0,2024,10,6,1,0,0,227.0,538.0,302.42857142857144,287.76666666666665,-38.0
2024-10-21,MBA15,261,0,0,2024,10,0,0,0,0,189.0,270.0,252.57142857142858,282.3,72.0
2024-10-22,MBA15,256,0,0,2024,10,1,0,0,0,261.0,299.0,251.28571428571428,281.3666666666667,-5.0
2024-10-23,MBA15,277,0,0,2024,10,2,0,0,0,256.0,268.0,245.14285714285714,281.5,21.0
2024-10-24,MBA15,283,0,0,2024,10,3,0,0,0,277.0,259.0,246.42857142857142,278.6,6.0
2024-10-25,MBA15,264,0,0,2024,10,4,0,0,0,283.0,256.0,249.85714285714286,279.06666666666666,-19.0
2024-10-26,MBA15,207,0,0,2024,10,5,1,0,0,264.0,227.0,251.0,275.73333333333335,-57.0
2024-10-27,MBA15,539,1,0,2024,10,6,1,0,0,207.0,189.0,248.14285714285714,270.8333333333333,332.0
2024-10-28,MBA15,285,1,0,2024,10,0,0,0,0,539.0,261.0,298.14285714285717,276.73333333333335,-254.0
2024-10-29,MBA15,274,0,0,2024,10,1,0,0,0,285.0,256.0,301.57142857142856,276.7,-11.0
2024-10-30,MBA15,266,0,0,2024,10,2,0,0,0,274.0,277.0,304.14285714285717,276.53333333333336,-8.0
2024-10-31,MBA15,283,0,0,2024,10,3,0,0,0,266.0,283.0,302.57142857142856,273.7,17.0
2024-11-01,MBA15,381,0,0,2024,11,4,0,0,1,283.0,264.0,302.57142857142856,273.7,98.0
2024-11-02,MBA15,309,0,0,2024,11,5,1,0,1,381.0,207.0,319.2857142857143,278.03333333333336,-72.0
2024-11-03,MBA15,310,0,0,2024,11,6,1,0,1,309.0,539.0,333.85714285714283,279.06666666666666,1.0
2024-11-04,MBA15,391,0,0,2024,11,0,0,0,1,310.0,285.0,301.14285714285717,280.6,81.0
2024-11-05,MBA15,398,0,0,2024,11,1,0,0,1,391.0,274.0,316.2857142857143,286.7,7.0
2024-11-06,MBA15,392,1,0,2024,11,2,0,0,1,398.0,266.0,334.0,294.3333333333333,-6.0
2024-11-07,MBA15,374,0,0,2024,11,3,0,0,1,392.0,283.0,352.0,298.46666666666664,-18.0
2024-11-08,MBA15,391,0,0,2024,11,4,0,0,1,374.0,381.0,365.0,302.46666666666664,17.0
2024-11-09,MBA15,301,0,0,2024,11,5,1,0,1,391.0,309.0,366.42857142857144,306.73333333333335,-90.0
2024-11-10,MBA15,310,0,0,2024,11,6,1,0,1,301.0,310.0,365.2857142857143,307.73333333333335,9.0
2024-11-11,MBA15,383,0,0,2024,11,0,0,0,1,310.0,391.0,365.2857142857143,308.96666666666664,73.0
2024-11-12,MBA15,402,0,0,2024,11,1,0,0,1,383.0,398.0,364.14285714285717,314.7,19.0
2024-11-13,MBA15,407,0,0,2024,11,2,0,0,1,402.0,392.0,364.7142857142857,310.1666666666667,5.0
2024-11-14,MBA15,381,0,0,2024,11,3,0,0,1,407.0,374.0,366.85714285714283,314.73333333333335,-26.0
2024-11-15,MBA15,394,0,0,2024,11,4,0,0,1,381.0,391.0,367.85714285714283,317.46666666666664,13.0
2024-11-16,MBA15,310,0,0,2024,11,5,1,0,1,394.0,301.0,368.2857142857143,321.6666666666667,-84.0
2024-11-17,MBA15,323,0,0,2024,11,6,1,0,1,310.0,310.0,369.57142857142856,323.3666666666667,13.0
2024-11-18,MBA15,393,1,0,2024,11,0,0,0,1,323.0,383.0,371.42857142857144,325.6,70.0
2024-11-19,MBA15,420,1,0,2024,11,1,0,0,1,393.0,402.0,372.85714285714283,331.1333333333333,27.0
2024-11-20,MBA15,380,0,0,2024,11,2,0,0,1,420.0,407.0,375.42857142857144,338.8333333333333,-40.0
2024-11-21,MBA15,390,1,0,2024,11,3,0,0,1,380.0,381.0,371.57142857142856,342.8,10.0
2024-11-22,MBA15,381,0,0,2024,11,4,0,0,1,390.0,394.0,372.85714285714283,347.26666666666665,-9.0
2024-11-23,MBA15,310,0,0,2024,11,5,1,0,1,381.0,310.0,371.0,350.73333333333335,-71.0
2024-11-24,MBA15,771,1,0,2024,11,6,1,0,1,310.0,323.0,371.0,351.6333333333333,461.0
2024-11-25,MBA15,387,0,0,2024,11,0,0,0,1,771.0,393.0,435.0,368.53333333333336,-384.0
2024-11-26,MBA15,395,0,0,2024,11,1,0,0,1,387.0,420.0,434.14285714285717,374.53333333333336,8.0
2024-11-27,MBA15,378,0,0,2024,11,2,0,0,1,395.0,380.0,430.57142857142856,369.73333333333335,-17.0
2024-11-28,MBA15,406,0,0,2024,11,3,0,0,1,378.0,390.0,430.2857142857143,372.8333333333333,28.0
2024-11-29,MBA15,416,0,0,2024,11,4,0,0,1,406.0,381.0,432.57142857142856,377.23333333333335,10.0
2024-11-30,MBA15,311,0,0,2024,11,5,1,0,1,416.0,310.0,437.57142857142856,382.23333333333335,-105.0
2024-12-01,MBA15,321,0,0,2024,12,6,1,0,1,311.0,771.0,437.7142857142857,383.1666666666667,10.0
2024-12-02,MBA15,392,0,0,2024,12,0,0,0,1,321.0,387.0,373.42857142857144,381.1666666666667,71.0
2024-12-03,MBA15,386,0,0,2024,12,1,0,0,1,392.0,395.0,374.14285714285717,383.93333333333334,-6.0
2024-12-04,MBA15,384,0,0,2024,12,2,0,0,1,386.0,378.0,372.85714285714283,386.46666666666664,-2.0
2024-12-05,MBA15,367,0,0,2024,12,3,0,0,1,384.0,406.0,373.7142857142857,386.23333333333335,-17.0
2024-12-06,MBA15,386,0,0,2024,12,4,0,0,1,367.0,416.0,368.14285714285717,385.2,19.0
2024-12-07,MBA15,323,0,0,2024,12,5,1,0,1,386.0,311.0,363.85714285714283,385.0,-63.0
2024-12-08,MBA15,56,0,1,2024,12,6,1,0,1,323.0,321.0,365.57142857142856,383.3,-267.0
2024-12-09,MBA15,353,0,0,2024,12,0,0,0,1,56.0,392.0,327.7142857142857,372.1333333333333,297.0
2024-12-10,MBA15,405,0,0,2024,12,1,0,0,1,353.0,386.0,322.14285714285717,373.8666666666667,52.0
2024-12-11,MBA15,392,0,0,2024,12,2,0,0,1,405.0,384.0,324.85714285714283,377.03333333333336,-13.0
2024-12-12,MBA15,401,0,0,2024,12,3,0,0,1,392.0,367.0,326.0,377.3333333333333,9.0
2024-12-13,MBA15,385,0,0,2024,12,4,0,0,1,401.0,386.0,330.85714285714283,377.3,-16.0
2024-12-14,MBA15,315,0,0,2024,12,5,1,0,1,385.0,323.0,330.7142857142857,376.56666666666666,-70.0
2024-12-15,MBA15,320,0,0,2024,12,6,1,0,1,315.0,56.0,329.57142857142856,374.3666666666667,5.0
2024-12-16,MBA15,383,0,0,2024,12,0,0,0,1,320.0,353.0,367.2857142857143,371.9,63.0
2024-12-17,MBA15,420,1,0,2024,12,1,0,0,1,383.0,405.0,371.57142857142856,374.3333333333333,37.0
2024-12-18,MBA15,381,0,0,2024,12,2,0,0,1,420.0,392.0,373.7142857142857,377.56666666666666,-39.0
2024-12-19,MBA15,411,0,0,2024,12,3,0,0,1,381.0,401.0,372.14285714285717,377.1666666666667,30.0
2024-12-20,MBA15,374,0,0,2024,12,4,0,0,1,411.0,385.0,373.57142857142856,376.8666666666667,-37.0
2024-12-21,MBA15,319,0,0,2024,12,5,1,0,1,374.0,315.0,372.0,376.6666666666667,-55.0
2024-12-22,MBA15,306,0,0,2024,12,6,1,0,1,319.0,320.0,372.57142857142856,374.3,-13.0
2024-12-23,MBA15,376,0,0,2024,12,0,0,0,1,306.0,383.0,370.57142857142856,371.8,70.0
2024-12-24,MBA15,377,0,0,2024,12,1,0,0,1,376.0,420.0,369.57142857142856,374.0,1.0
2024-12-25,MBA15,356,0,0,2024,12,2,0,0,1,377.0,381.0,363.42857142857144,360.8666666666667,-21.0
2024-12-26,MBA15,375,0,0,2024,12,3,0,0,1,356.0,411.0,359.85714285714283,359.8333333333333,19.0
2024-12-27,MBA15,397,0,0,2024,12,4,0,0,1,375.0,374.0,354.7142857142857,359.1666666666667,22.0
2024-12-28,MBA15,323,0,0,2024,12,5,1,0,1,397.0,319.0,358.0,359.8,-74.0
2024-12-29,MBA15,299,0,0,2024,12,6,1,0,1,323.0,306.0,358.57142857142856,357.03333333333336,-24.0
2024-12-30,MBA15,393,0,0,2024,12,0,0,0,1,299.0,376.0,357.57142857142856,353.1333333333333,94.0
2024-12-31,MBA15,379,0,0,2024,12,1,0,0,1,393.0,377.0,360.0,355.8666666666667,-14.0
2025-01-01,MBA15,252,0,0,2025,1,2,0,0,0,379.0,356.0,360.2857142857143,357.8,-127.0
2025-01-02,MBA15,285,0,0,2025,1,3,0,0,0,252.0,375.0,345.42857142857144,353.1333333333333,33.0
2025-01-03,MBA15,301,1,0,2025,1,4,0,0,0,285.0,397.0,332.57142857142856,349.76666666666665,16.0
2025-01-04,MBA15,216,0,0,2025,1,5,1,0,0,301.0,323.0,318.85714285714283,347.0,-85.0
2025-01-05,MBA15,236,0,0,2025,1,6,1,0,0,216.0,299.0,303.57142857142856,341.96666666666664,20.0
2025-01-06,MBA15,274,0,0,2025,1,0,0,0,0,236.0,393.0,294.57142857142856,336.96666666666664,38.0
2025-01-07,MBA15,276,0,0,2025,1,1,0,0,0,274.0,379.0,277.57142857142856,335.3333333333333,2.0
2025-01-08,MBA15,273,0,0,2025,1,2,0,0,0,276.0,252.0,262.85714285714283,342.6666666666667,-3.0
2025-01-09,MBA15,260,0,0,2025,1,3,0,0,0,273.0,285.0,265.85714285714283,340.0,-13.0
2025-01-10,MBA15,272,0,0,2025,1,4,0,0,0,260.0,301.0,262.2857142857143,335.1666666666667,12.0
2025-01-11,MBA15,208,0,0,2025,1,5,1,0,0,272.0,216.0,258.14285714285717,331.1666666666667,-64.0
2025-01-12,MBA15,229,0,0,2025,1,6,1,0,0,208.0,236.0,257.0,324.73333333333335,21.0
2025-01-13,MBA15,296,1,0,2025,1,0,0,0,0,229.0,274.0,256.0,319.53333333333336,67.0
2025-01-14,MBA15,252,0,0,2025,1,1,0,0,0,296.0,276.0,259.14285714285717,318.9,-44.0
2025-01-15,MBA15,282,0,0,2025,1,2,0,0,0,252.0,273.0,255.71428571428572,316.6333333333333,30.0
2025-01-16,MBA15,274,0,0,2025,1,3,0,0,0,282.0,260.0,257.0,313.26666666666665,-8.0
2025-01-17,MBA15,254,0,0,2025,1,4,0,0,0,274.0,272.0,259.0,308.4,-20.0
2025-01-18,MBA15,558,1,0,2025,1,5,1,0,0,254.0,208.0,256.42857142857144,304.1666666666667,304.0
2025-01-19,MBA15,218,0,0,2025,1,6,1,0,0,558.0,229.0,306.42857142857144,309.06666666666666,-340.0
2025-01-20,MBA15,266,0,0,2025,1,0,0,0,0,218.0,296.0,304.85714285714283,303.8666666666667,48.0
2025-01-21,MBA15,261,0,0,2025,1,1,0,0,0,266.0,252.0,300.57142857142856,302.1,-5.0
2025-01-22,MBA15,279,0,0,2025,1,2,0,0,0,261.0,282.0,301.85714285714283,300.6,18.0
2025-01-23,MBA15,276,0,0,2025,1,3,0,0,0,279.0,274.0,301.42857142857144,297.3666666666667,-3.0
2025-01-24,MBA15,276,0,0,2025,1,4,0,0,0,276.0,254.0,301.7142857142857,294.0,0.0
2025-01-25,MBA15,236,0,0,2025,1,5,1,0,0,276.0,558.0,304.85714285714283,291.3333333333333,-40.0
2025-01-26,MBA15,240,0,0,2025,1,6,1,0,0,236.0,218.0,258.85714285714283,286.7,4.0
2025-01-27,MBA15,250,0,0,2025,1,0,0,0,0,240.0,266.0,262.0,281.46666666666664,10.0
2025-01-28,MBA15,279,0,0,2025,1,1,0,0,0,250.0,261.0,259.7142857142857,279.03333333333336,29.0
2025-01-29,MBA15,268,0,0,2025,1,2,0,0,0,279.0,279.0,262.2857142857143,278.3666666666667,-11.0
2025-01-30,MBA15,294,1,0,2025,1,3,0,0,0,268.0,276.0,260.7142857142857,274.2,26.0
2025-01-31,MBA15,266,0,0,2025,1,4,0,0,0,294.0,276.0,263.2857142857143,271.3666666666667,-28.0
2025-02-01,MBA15,246,0,0,2025,2,5,1,0,0,266.0,236.0,261.85714285714283,271.8333333333333,-20.0
2025-02-02,MBA15,229,0,0,2025,2,6,1,0,0,246.0,240.0,263.2857142857143,270.53333333333336,-17.0
2025-02-03,MBA15,272,0,0,2025,2,0,0,0,0,229.0,250.0,261.7142857142857,268.1333333333333,43.0
2025-02-04,MBA15,289,0,0,2025,2,1,0,0,0,272.0,279.0,264.85714285714283,270.0,17.0
2025-02-05,MBA15,278,1,0,2025,2,2,0,0,0,289.0,268.0,266.2857142857143,271.76666666666665,-11.0
2025-02-06,MBA15,282,0,0,2025,2,3,0,0,0,278.0,294.0,267.7142857142857,271.9,4.0
2025-02-07,MBA15,286,1,0,2025,2,4,0,0,0,282.0,266.0,266.0,272.1,4.0
2025-02-08,MBA15,221,0,0,2025,2,5,1,0,0,286.0,246.0,268.85714285714283,272.53333333333336,-65.0
2025-02-09,MBA15,576,1,0,2025,2,6,1,0,0,221.0,229.0,265.2857142857143,271.23333333333335,355.0
2025-02-10,MBA15,248,0,1,2025,2,0,0,0,0,576.0,272.0,314.85714285714283,281.3666666666667,-328.0
2025-02-11,MBA15,279,0,0,2025,2,1,0,0,0,248.0,289.0,311.42857142857144,282.7,31.0
2025-02-12,MBA15,266,0,0,2025,2,2,0,0,0,279.0,278.0,310.0,284.3666666666667,-13.0
2025-02-13,MBA15,273,0,0,2025,2,3,0,0,0,266.0,282.0,308.2857142857143,283.3666666666667,7.0
2025-02-14,MBA15,266,0,0,2025,2,4,0,0,0,273.0,286.0,307.0,284.06666666666666,-7.0
2025-02-15,MBA15,215,0,0,2025,2,5,1,0,0,266.0,221.0,304.14285714285717,283.53333333333336,-51.0
2025-02-16,MBA15,224,0,0,2025,2,6,1,0,0,215.0,576.0,303.2857142857143,281.56666666666666,9.0
2025-02-17,MBA15,267,0,0,2025,2,0,0,0,0,224.0,248.0,253.0,280.56666666666666,43.0
2025-02-18,MBA15,303,1,0,2025,2,1,0,0,0,267.0,279.0,255.71428571428572,270.8666666666667,36.0
2025-02-19,MBA15,272,0,0,2025,2,2,0,0,0,303.0,266.0,259.14285714285717,273.7,-31.0
2025-02-20,MBA15,274,0,0,2025,2,3,0,0,0,272.0,273.0,260.0,273.9,2.0
2025-02-21,MBA15,268,0,0,2025,2,4,0,0,0,274.0,266.0,260.14285714285717,274.3333333333333,-6.0
2025-02-22,MBA15,208,0,0,2025,2,5,1,0,0,268.0,215.0,260.42857142857144,273.96666666666664,-60.0
2025-02-23,MBA15,209,0,0,2025,2,6,1,0,0,208.0,224.0,259.42857142857144,271.7,1.0
2025-02-24,MBA15,277,0,0,2025,2,0,0,0,0,209.0,267.0,257.2857142857143,269.46666666666664,68.0
2025-02-25,MBA15,216,0,1,2025,2,1,0,0,0,277.0,303.0,258.7142857142857,270.8333333333333,-61.0
2025-02-26,MBA15,223,0,1,2025,2,2,0,0,0,216.0,272.0,246.28571428571428,270.03333333333336,7.0
2025-02-27,MBA15,287,0,0,2025,2,3,0,0,0,223.0,274.0,239.28571428571428,269.1333333333333,64.0
2025-02-28,MBA15,266,0,0,2025,2,4,0,0,0,287.0,268.0,241.14285714285714,269.4,-21.0
2025-03-01,MBA15,248,0,0,2025,3,5,1,0,0,266.0,208.0,240.85714285714286,269.3333333333333,-18.0
2025-03-02,MBA15,211,0,0,2025,3,6,1,0,0,248.0,209.0,246.57142857142858,267.8,-37.0
2025-03-03,MBA15,261,0,0,2025,3,0,0,0,0,211.0,277.0,246.85714285714286,265.96666666666664,50.0
2025-03-04,MBA15,299,1,0,2025,3,1,0,0,0,261.0,216.0,244.57142857142858,266.46666666666664,38.0
2025-03-05,MBA15,274,0,0,2025,3,2,0,0,0,299.0,223.0,256.42857142857144,268.8,-25.0
2025-03-06,MBA15,265,0,0,2025,3,3,0,0,0,274.0,287.0,263.7142857142857,268.8666666666667,-9.0
2025-03-07,MBA15,260,0,0,2025,3,4,0,0,0,265.0,266.0,260.57142857142856,268.06666666666666,-5.0
2025-03-08,MBA15,211,0,0,2025,3,5,1,0,0,260.0,248.0,259.7142857142857,267.46666666666664,-49.0
2025-03-09,MBA15,556,1,0,2025,3,6,1,0,0,211.0,211.0,254.42857142857142,265.1,345.0
2025-03-10,MBA15,236,0,1,2025,3,0,0,0,0,556.0,261.0,303.7142857142857,274.1,-320.0
2025-03-11,MBA15,269,1,0,2025,3,1,0,0,0,236.0,299.0,300.14285714285717,274.6,33.0
2025-03-12,MBA15,276,0,0,2025,3,2,0,0,0,269.0,274.0,295.85714285714283,264.3666666666667,7.0
2025-03-13,MBA15,283,0,0,2025,3,3,0,0,0,276.0,265.0,296.14285714285717,265.3,7.0
2025-03-14,MBA15,269,0,0,2025,3,4,0,0,0,283.0,260.0,298.7142857142857,265.43333333333334,-14.0
2025-03-15,MBA15,239,0,0,2025,3,5,1,0,0,269.0,211.0,300.0,265.53333333333336,-30.0
2025-03-16,MBA15,225,0,0,2025,3,6,1,0,0,239.0,556.0,304.0,264.4,-14.0
2025-03-17,MBA15,284,0,0,2025,3,0,0,0,0,225.0,236.0,256.7142857142857,263.03333333333336,59.0
2025-03-18,MBA15,284,0,0,2025,3,1,0,0,0,284.0,269.0,263.57142857142856,265.3333333333333,0.0
2025-03-19,MBA15,288,0,0,2025,3,2,0,0,0,284.0,276.0,265.7142857142857,267.3333333333333,4.0
2025-03-20,MBA15,273,0,0,2025,3,3,0,0,0,288.0,283.0,267.42857142857144,268.03333333333336,-15.0
2025-03-21,MBA15,294,0,0,2025,3,4,0,0,0,273.0,269.0,266.0,267.03333333333336,21.0
2025-03-22,MBA15,221,0,0,2025,3,5,1,0,0,294.0,239.0,269.57142857142856,267.76666666666665,-73.0
2025-03-23,MBA15,219,0,0,2025,3,6,1,0,0,221.0,225.0,267.0,266.0,-2.0
2025-03-24,MBA15,271,0,0,2025,3,0,0,0,0,219.0,284.0,266.14285714285717,264.3666666666667,52.0
2025-03-25,MBA15,270,0,0,2025,3,1,0,0,0,271.0,284.0,264.2857142857143,266.46666666666664,-1.0
2025-03-26,MBA15,270,0,0,2025,3,2,0,0,0,270.0,288.0,262.2857142857143,268.5,0.0
2025-03-27,MBA15,289,1,0,2025,3,3,0,0,0,270.0,273.0,259.7142857142857,268.26666666666665,19.0
2025-03-28,MBA15,276,0,0,2025,3,4,0,0,0,289.0,294.0,262.0,270.7,-13.0
2025-03-29,MBA15,557,1,0,2025,3,5,1,0,0,276.0,221.0,259.42857142857144,272.46666666666664,281.0
2025-03-30,MBA15,220,0,0,2025,3,6,1,0,0,557.0,219.0,307.42857142857144,281.46666666666664,-337.0
2025-03-31,MBA15,284,0,0,2025,3,0,0,0,0,220.0,271.0,307.57142857142856,279.93333333333334,64.0
2025-04-01,MBA15,277,0,0,2025,4,1,0,0,0,284.0,270.0,309.42857142857144,281.1333333333333,-7.0
2025-04-02,MBA15,280,0,0,2025,4,2,0,0,0,277.0,270.0,310.42857142857144,283.3333333333333,3.0
2025-04-03,MBA15,264,0,0,2025,4,3,0,0,0,280.0,289.0,311.85714285714283,283.96666666666664,-16.0
2025-04-04,MBA15,260,0,0,2025,4,4,0,0,0,264.0,276.0,308.2857142857143,282.8,-4.0
2025-04-05,MBA15,230,0,0,2025,4,5,1,0,0,260.0,557.0,306.0,282.3333333333333,-30.0
2025-04-06,MBA15,566,1,0,2025,4,6,1,0,0,230.0,220.0,259.2857142857143,281.1666666666667,336.0
2025-04-07,MBA15,263,0,0,2025,4,0,0,0,0,566.0,284.0,308.7142857142857,291.3666666666667,-303.0
2025-04-08,MBA15,207,0,1,2025,4,1,0,0,0,263.0,277.0,305.7142857142857,293.1,-56.0
2025-04-09,MBA15,289,0,0,2025,4,2,0,0,0,207.0,280.0,295.7142857142857,281.46666666666664,82.0
2025-04-10,MBA15,269,0,0,2025,4,3,0,0,0,289.0,264.0,297.0,283.23333333333335,-20.0
2025-04-11,MBA15,267,0,0,2025,4,4,0,0,0,269.0,260.0,297.7142857142857,283.23333333333335,-2.0
2025-04-12,MBA15,209,0,0,2025,4,5,1,0,0,267.0,230.0,298.7142857142857,282.93333333333334,-58.0
2025-04-13,MBA15,209,0,0,2025,4,6,1,0,0,209.0,566.0,295.7142857142857,280.46666666666664,0.0
2025-04-14,MBA15,300,0,0,2025,4,0,0,0,0,209.0,263.0,244.71428571428572,278.46666666666664,91.0
2025-04-15,MBA15,273,0,0,2025,4,1,0,0,0,300.0,207.0,250.0,280.5,-27.0
2025-04-16,MBA15,271,0,0,2025,4,2,0,0,0,273.0,289.0,259.42857142857144,282.1,-2.0
2025-04-17,MBA15,261,0,0,2025,4,3,0,0,0,271.0,269.0,256.85714285714283,281.6666666666667,-10.0
2025-04-18,MBA15,268,1,0,2025,4,4,0,0,0,261.0,267.0,255.71428571428572,280.9,7.0
2025-04-19,MBA15,243,0,0,2025,4,5,1,0,0,268.0,209.0,255.85714285714286,280.23333333333335,-25.0
2025-04-20,MBA15,234,0,0,2025,4,6,1,0,0,243.0,209.0,260.7142857142857,279.23333333333335,-9.0
2025-04-21,MBA15,276,0,0,2025,4,0,0,0,0,234.0,300.0,264.2857142857143,277.23333333333335,42.0
2025-04-22,MBA15,257,1,0,2025,4,1,0,0,0,276.0,273.0,260.85714285714283,279.06666666666666,-19.0
2025-04-23,MBA15,271,0,0,2025,4,2,0,0,0,257.0,271.0,258.57142857142856,280.3333333333333,14.0
2025-04-24,MBA15,276,0,0,2025,4,3,0,0,0,271.0,261.0,258.57142857142856,280.3333333333333,5.0
2025-04-25,MBA15,221,0,1,2025,4,4,0,0,0,276.0,268.0,260.7142857142857,280.53333333333336,-55.0
2025-04-26,MBA15,190,0,0,2025,4,5,1,0,0,221.0,243.0,254.0,278.9,-31.0
2025-04-27,MBA15,238,0,0,2025,4,6,1,0,0,190.0,234.0,246.42857142857142,275.6,48.0
2025-04-28,MBA15,279,0,0,2025,4,0,0,0,0,238.0,276.0,247.0,274.3333333333333,41.0
2025-04-29,MBA15,246,0,0,2025,4,1,0,0,0,279.0,257.0,247.42857142857142,265.06666666666666,-33.0
2025-04-30,MBA15,214,0,1,2025,4,2,0,0,0,246.0,271.0,245.85714285714286,265.93333333333334,-32.0
2025-05-01,MBA15,265,0,0,2025,5,3,0,0,0,214.0,276.0,237.71428571428572,263.6,51.0
2025-05-02,MBA15,274,0,0,2025,5,4,0,0,0,265.0,221.0,236.14285714285714,263.2,9.0
2025-05-03,MBA15,219,0,0,2025,5,5,1,0,0,274.0,190.0,243.71428571428572,263.0,-55.0
2025-05-04,MBA15,226,0,0,2025,5,6,1,0,0,219.0,238.0,247.85714285714286,261.5,7.0
2025-05-05,MBA15,252,0,0,2025,5,0,0,0,0,226.0,279.0,246.14285714285714,260.3666666666667,26.0
2025-05-06,MBA15,276,0,0,2025,5,1,0,0,0,252.0,246.0,242.28571428571428,261.1,24.0
2025-05-07,MBA15,263,0,0,2025,5,2,0,0,0,276.0,214.0,246.57142857142858,251.43333333333334,-13.0
2025-05-08,MBA15,267,0,0,2025,5,3,0,0,0,263.0,265.0,253.57142857142858,251.43333333333334,4.0
2025-05-09,MBA15,273,0,0,2025,5,4,0,0,0,267.0,274.0,253.85714285714286,253.43333333333334,6.0
2025-05-10,MBA15,240,0,0,2025,5,5,1,0,0,273.0,219.0,253.71428571428572,252.9,-33.0
2025-05-11,MBA15,228,0,0,2025,5,6,1,0,0,240.0,226.0,256.7142857142857,251.93333333333334,-12.0
2025-05-12,MBA15,273,0,0,2025,5,0,0,0,0,228.0,252.0,257.0,250.63333333333333,45.0
2025-05-13,MBA15,204,0,1,2025,5,1,0,0,0,273.0,276.0,260.0,252.76666666666668,-69.0
2025-05-14,MBA15,274,0,0,2025,5,2,0,0,0,204.0,263.0,249.71428571428572,252.6,70.0
2025-05-15,MBA15,263,0,0,2025,5,3,0,0,0,274.0,267.0,251.28571428571428,251.73333333333332,-11.0
2025-05-16,MBA15,286,0,0,2025,5,4,0,0,0,263.0,273.0,250.71428571428572,251.4,23.0
2025-05-17,MBA15,555,1,0,2025,5,5,1,0,0,286.0,240.0,252.57142857142858,251.9,269.0
2025-05-18,MBA15,209,0,0,2025,5,6,1,0,0,555.0,228.0,297.57142857142856,261.7,-346.0
2025-05-19,MBA15,273,0,0,2025,5,0,0,0,0,209.0,273.0,294.85714285714283,259.73333333333335,64.0
2025-05-20,MBA15,286,0,0,2025,5,1,0,0,0,273.0,204.0,294.85714285714283,260.73333333333335,13.0
2025-05-21,MBA15,285,0,0,2025,5,2,0,0,0,286.0,274.0,306.57142857142856,262.46666666666664,-1.0
2025-05-22,MBA15,272,0,0,2025,5,3,0,0,0,285.0,263.0,308.14285714285717,262.76666666666665,-13.0
2025-05-23,MBA15,283,0,0,2025,5,4,0,0,0,272.0,286.0,309.42857142857144,263.26666666666665,11.0
2025-05-24,MBA15,180,0,1,2025,5,5,1,0,0,283.0,555.0,309.0,263.6666666666667,-103.0
2025-05-25,MBA15,201,0,0,2025,5,6,1,0,0,180.0,209.0,255.42857142857142,260.46666666666664,21.0
2025-05-26,MBA15,215,0,1,2025,5,0,0,0,0,201.0,273.0,254.28571428571428,259.8,14.0
2025-05-27,MBA15,255,0,0,2025,5,1,0,0,0,215.0,286.0,246.0,260.6333333333333,40.0
2025-05-28,MBA15,282,0,0,2025,5,2,0,0,0,255.0,285.0,241.57142857142858,261.2,27.0
2025-05-29,MBA15,265,0,0,2025,5,3,0,0,0,282.0,272.0,241.14285714285714,261.3,-17.0
2025-05-30,MBA15,276,0,0,2025,5,4,0,0,0,265.0,283.0,240.14285714285714,261.93333333333334,11.0
2025-05-31,MBA15,202,0,0,2025,5,5,1,0,0,276.0,180.0,239.14285714285714,264.0,-74.0
2025-06-01,MBA15,223,0,0,2025,6,6,1,0,0,202.0,201.0,242.28571428571428,261.9,21.0
2025-06-02,MBA15,286,1,0,2025,6,0,0,0,0,223.0,215.0,245.42857142857142,260.2,63.0
2025-06-03,MBA15,280,0,0,2025,6,1,0,0,0,286.0,255.0,255.57142857142858,262.43333333333334,-6.0
2025-06-04,MBA15,271,0,0,2025,6,2,0,0,0,280.0,282.0,259.14285714285717,264.23333333333335,-9.0
2025-06-05,MBA15,275,0,0,2025,6,3,0,0,0,271.0,265.0,257.57142857142856,264.8666666666667,4.0
2025-06-06,MBA15,288,0,0,2025,6,4,0,0,0,275.0,276.0,259.0,264.8333333333333,13.0
2025-06-07,MBA15,189,0,1,2025,6,5,1,0,0,288.0,202.0,260.7142857142857,265.6666666666667,-99.0
2025-06-08,MBA15,246,0,0,2025,6,6,1,0,0,189.0,223.0,258.85714285714283,263.06666666666666,57.0
2025-06-09,MBA15,302,0,0,2025,6,0,0,0,0,246.0,286.0,262.14285714285717,262.1666666666667,56.0
2025-06-10,MBA15,305,0,0,2025,6,1,0,0,0,302.0,280.0,264.42857142857144,264.23333333333335,3.0
2025-06-11,MBA15,274,0,0,2025,6,2,0,0,0,305.0,271.0,268.0,266.8,-31.0
2025-06-12,MBA15,276,0,0,2025,6,3,0,0,0,274.0,275.0,268.42857142857144,266.8333333333333,2.0
2025-06-13,MBA15,243,0,1,2025,6,4,0,0,0,276.0,288.0,268.57142857142856,269.23333333333335,-33.0
2025-06-14,MBA15,238,0,0,2025,6,5,1,0,0,243.0,189.0,262.14285714285717,268.2,-5.0
2025-06-15,MBA15,215,0,0,2025,6,6,1,0,0,238.0,246.0,269.14285714285717,267.3666666666667,-23.0
2025-06-16,MBA15,264,0,0,2025,6,0,0,0,0,215.0,302.0,264.7142857142857,265.0,49.0
2025-06-17,MBA15,252,0,0,2025,6,1,0,0,0,264.0,305.0,259.2857142857143,255.3,-12.0
2025-06-18,MBA15,279,0,0,2025,6,2,0,0,0,252.0,274.0,251.71428571428572,256.73333333333335,27.0
2025-06-19,MBA15,291,0,0,2025,6,3,0,0,0,279.0,276.0,252.42857142857142,256.93333333333334,12.0
2025-06-20,MBA15,266,0,0,2025,6,4,0,0,0,291.0,243.0,254.57142857142858,257.1,-25.0
2025-06-21,MBA15,214,0,0,2025,6,5,1,0,0,266.0,238.0,257.85714285714283,256.46666666666664,-52.0
2025-06-22,MBA15,188,0,0,2025,6,6,1,0,0,214.0,215.0,254.42857142857142,254.53333333333333,-26.0
2025-06-23,MBA15,227,0,1,2025,6,0,0,0,0,188.0,264.0,250.57142857142858,251.36666666666667,39.0
2025-06-24,MBA15,287,0,0,2025,6,1,0,0,0,227.0,252.0,245.28571428571428,252.93333333333334,60.0
2025-06-25,MBA15,277,0,0,2025,6,2,0,0,0,287.0,279.0,250.28571428571428,255.8,-10.0
2025-06-26,MBA15,266,0,0,2025,6,3,0,0,0,277.0,291.0,250.0,257.8666666666667,-11.0
2025-06-27,MBA15,272,0,0,2025,6,4,0,0,0,266.0,266.0,246.42857142857142,258.23333333333335,6.0
2025-06-28,MBA15,218,0,0,2025,6,5,1,0,0,272.0,214.0,247.28571428571428,257.9,-54.0
2025-06-29,MBA15,184,0,1,2025,6,6,1,0,0,218.0,188.0,247.85714285714286,256.3333333333333,-34.0
2025-06-30,MBA15,211,0,1,2025,6,0,0,0,0,184.0,227.0,247.28571428571428,253.26666666666668,27.0
2025-07-01,MBA15,260,0,0,2025,7,1,0,0,0,211.0,287.0,245.0,253.56666666666666,49.0
2025-07-02,MBA15,197,0,1,2025,7,2,0,0,0,260.0,277.0,241.14285714285714,254.8,-63.0
2025-07-03,MBA15,268,0,0,2025,7,3,0,0,0,197.0,266.0,229.71428571428572,251.83333333333334,71.0
2025-07-04,MBA15,286,0,0,2025,7,4,0,0,0,268.0,272.0,230.0,251.43333333333334,18.0
2025-07-05,MBA15,545,1,0,2025,7,5,1,0,0,286.0,218.0,232.0,251.93333333333334,259.0
2025-07-06,MBA15,537,1,0,2025,7,6,1,0,0,545.0,184.0,278.7142857142857,260.93333333333334,-8.0
2025-07-07,MBA15,260,0,0,2025,7,0,0,0,0,537.0,211.0,329.14285714285717,269.23333333333335,-277.0
2025-07-08,MBA15,263,0,0,2025,7,1,0,0,0,260.0,260.0,336.14285714285717,271.6,3.0
2025-07-09,MBA15,268,0,0,2025,7,2,0,0,0,263.0,197.0,336.57142857142856,272.1666666666667,5.0
2025-07-10,MBA15,204,0,1,2025,7,3,0,0,0,268.0,268.0,346.7142857142857,271.03333333333336,-64.0
2025-07-11,MBA15,249,0,0,2025,7,4,0,0,0,204.0,286.0,337.57142857142856,267.6666666666667,45.0
2025-07-12,MBA15,187,0,1,2025,7,5,1,0,0,249.0,545.0,332.2857142857143,266.8333333333333,-62.0
2025-07-13,MBA15,209,0,0,2025,7,6,1,0,0,187.0,537.0,281.14285714285717,263.8666666666667,22.0
2025-07-14,MBA15,278,0,0,2025,7,0,0,0,0,209.0,260.0,234.28571428571428,262.73333333333335,69.0
2025-07-15,MBA15,281,1,0,2025,7,1,0,0,0,278.0,263.0,236.85714285714286,264.06666666666666,3.0
2025-07-16,MBA15,265,0,0,2025,7,2,0,0,0,281.0,268.0,239.42857142857142,266.26666666666665,-16.0
2025-07-17,MBA15,283,0,0,2025,7,3,0,0,0,265.0,204.0,239.0,266.3,18.0
2025-07-18,MBA15,287,1,0,2025,7,4,0,0,0,283.0,249.0,250.28571428571428,267.3333333333333,4.0
2025-07-19,MBA15,237,0,0,2025,7,5,1,0,0,287.0,187.0,255.71428571428572,267.6,-50.0
2025-07-20,MBA15,216,0,0,2025,7,6,1,0,0,237.0,209.0,262.85714285714283,265.8,-21.0
2025-07-21,MBA15,261,0,0,2025,7,0,0,0,0,216.0,278.0,263.85714285714283,264.1333333333333,45.0
2025-07-22,MBA15,270,0,0,2025,7,1,0,0,0,261.0,281.0,261.42857142857144,265.7,9.0
2025-07-23,MBA15,267,0,0,2025,7,2,0,0,0,270.0,265.0,259.85714285714283,268.43333333333334,-3.0
2025-07-24,MBA15,294,0,0,2025,7,3,0,0,0,267.0,283.0,260.14285714285717,269.76666666666665,27.0
2025-07-25,MBA15,266,0,0,2025,7,4,0,0,0,294.0,287.0,261.7142857142857,270.0,-28.0
2025-07-26,MBA15,226,0,0,2025,7,5,1,0,0,266.0,237.0,258.7142857142857,269.6333333333333,-40.0
2025-07-27,MBA15,177,0,1,2025,7,6,1,0,0,226.0,216.0,257.14285714285717,268.3,-49.0
2025-07-28,MBA15,261,0,0,2025,7,0,0,0,0,177.0,261.0,251.57142857142858,265.1333333333333,84.0
2025-07-29,MBA15,264,0,0,2025,7,1,0,0,0,261.0,270.0,251.57142857142858,266.56666666666666,3.0
2025-07-30,MBA15,276,0,0,2025,7,2,0,0,0,264.0,267.0,250.71428571428572,269.23333333333335,12.0
2025-07-31,MBA15,276,0,0,2025,7,3,0,0,0,276.0,294.0,252.0,271.4,0.0
2025-08-01,MBA15,366,0,0,2025,8,4,0,1,0,276.0,266.0,249.42857142857142,271.93333333333334,90.0
2025-08-02,MBA15,298,0,0,2025,8,5,1,1,0,366.0,226.0,263.7142857142857,277.56666666666666,-68.0
2025-08-03,MBA15,730,1,0,2025,8,6,1,1,0,298.0,177.0,274.0,278.56666666666666,432.0
2025-08-04,MBA15,360,0,0,2025,8,0,0,1,0,730.0,261.0,353.0,293.3666666666667,-370.0
2025-08-05,MBA15,382,0,0,2025,8,1,0,1,0,360.0,264.0,367.14285714285717,287.2,22.0
2025-08-06,MBA15,364,0,0,2025,8,2,0,1,0,382.0,276.0,384.0,282.03333333333336,-18.0
2025-08-07,MBA15,382,0,0,2025,8,3,0,1,0,364.0,276.0,396.57142857142856,285.5,18.0
2025-08-08,MBA15,310,0,1,2025,8,4,0,1,0,382.0,366.0,411.7142857142857,289.46666666666664,-72.0
2025-08-09,MBA15,313,0,0,2025,8,5,1,1,0,310.0,298.0,403.7142857142857,290.8666666666667,3.0
2025-08-10,MBA15,319,0,0,2025,8,6,1,1,0,313.0,730.0,405.85714285714283,294.5,6.0
2025-08-11,MBA15,376,0,0,2025,8,0,0,1,0,319.0,360.0,347.14285714285717,296.8333333333333,57.0
2025-08-12,MBA15,390,0,0,2025,8,1,0,1,0,376.0,382.0,349.42857142857144,303.1333333333333,14.0
2025-08-13,MBA15,381,0,0,2025,8,2,0,1,0,390.0,364.0,350.57142857142856,309.1666666666667,-9.0
2025-08-14,MBA15,349,0,0,2025,8,3,0,1,0,381.0,382.0,353.0,312.6,-32.0
2025-08-15,MBA15,375,0,0,2025,8,4,0,1,0,349.0,310.0,348.2857142857143,314.8666666666667,26.0
2025-08-16,MBA15,778,1,0,2025,8,5,1,1,0,375.0,313.0,357.57142857142856,318.53333333333336,403.0
2025-08-17,MBA15,277,0,0,2025,8,6,1,1,0,778.0,319.0,424.0,335.03333333333336,-501.0
2025-08-18,MBA15,370,0,0,2025,8,0,0,1,0,277.0,376.0,418.0,334.7,93.0
2025-08-19,MBA15,357,0,0,2025,8,1,0,1,0,370.0,390.0,417.14285714285717,339.1333333333333,-13.0
2025-08-20,MBA15,361,0,0,2025,8,2,0,1,0,357.0,381.0,412.42857142857144,343.8333333333333,4.0
2025-08-21,MBA15,364,0,0,2025,8,3,0,1,0,361.0,349.0,409.57142857142856,347.1666666666667,3.0
2025-08-22,MBA15,375,0,0,2025,8,4,0,1,0,364.0,375.0,411.7142857142857,350.3,11.0
2025-08-23,MBA15,295,0,0,2025,8,5,1,1,0,375.0,778.0,411.7142857142857,353.9,-80.0
2025-08-24,MBA15,304,0,0,2025,8,6,1,1,0,295.0,277.0,342.7142857142857,353.93333333333334,9.0
2025-08-25,MBA15,393,0,0,2025,8,0,0,1,0,304.0,370.0,346.57142857142856,355.2,89.0
2025-08-26,MBA15,383,0,0,2025,8,1,0,1,0,393.0,357.0,349.85714285714283,360.76666666666665,-10.0
2025-08-27,MBA15,372,0,0,2025,8,2,0,1,0,383.0,361.0,353.57142857142856,367.6333333333333,-11.0
2025-08-28,MBA15,385,1,0,2025,8,3,0,1,0,372.0,364.0,355.14285714285717,371.3333333333333,13.0
2025-08-29,MBA15,376,0,0,2025,8,4,0,1,0,385.0,375.0,358.14285714285717,375.3666666666667,-9.0
2025-08-30,MBA15,278,0,0,2025,8,5,1,1,0,376.0,295.0,358.2857142857143,378.7,-98.0
2025-08-31,MBA15,294,0,0,2025,8,6,1,1,0,278.0,304.0,355.85714285714283,378.76666666666665,16.0
2025-09-01,MBA15,376,0,0,2025,9,0,0,1,0,294.0,393.0,354.42857142857144,376.3666666666667,82.0
2025-09-02,MBA15,372,0,0,2025,9,1,0,1,0,376.0,383.0,352.0,378.96666666666664,-4.0
2025-09-03,MBA15,383,0,0,2025,9,2,0,1,0,372.0,372.0,350.42857142857144,367.03333333333336,11.0
2025-09-04,MBA15,381,0,0,2025,9,3,0,1,0,383.0,385.0,352.0,367.8,-2.0
2025-09-05,MBA15,375,0,0,2025,9,4,0,1,0,381.0,376.0,351.42857142857144,367.76666666666665,-6.0
2025-09-06,MBA15,295,0,0,2025,9,5,1,1,0,375.0,278.0,351.2857142857143,368.1333333333333,-80.0
2025-09-07,MBA15,293,0,0,2025,9,6,1,1,0,295.0,294.0,353.7142857142857,365.23333333333335,-2.0
2025-09-08,MBA15,384,0,0,2025,9,0,0,1,0,293.0,376.0,353.57142857142856,364.6666666666667,91.0
2025-09-09,MBA15,375,0,0,2025,9,1,0,1,0,384.0,372.0,354.7142857142857,367.03333333333336,-9.0
2025-09-10,MBA15,360,0,0,2025,9,2,0,1,0,375.0,383.0,355.14285714285717,368.9,-15.0
2025-09-11,MBA15,382,0,0,2025,9,3,0,1,0,360.0,381.0,351.85714285714283,368.3666666666667,22.0
2025-09-12,MBA15,375,0,0,2025,9,4,0,1,0,382.0,375.0,352.0,368.1,-7.0
2025-09-13,MBA15,748,1,0,2025,9,5,1,1,0,375.0,295.0,352.0,367.9,373.0
2025-09-14,MBA15,309,0,0,2025,9,6,1,1,0,748.0,293.0,416.7142857142857,381.2,-439.0
2025-09-15,MBA15,303,0,1,2025,9,0,0,1,0,309.0,384.0,419.0,379.0,-6.0
2025-09-16,MBA15,313,0,1,2025,9,1,0,1,0,303.0,375.0,407.42857142857144,363.1666666666667,10.0
2025-09-17,MBA15,387,0,0,2025,9,2,0,1,0,313.0,360.0,398.57142857142856,364.3666666666667,74.0
2025-09-18,MBA15,364,0,0,2025,9,3,0,1,0,387.0,382.0,402.42857142857144,364.93333333333334,-23.0
2025-09-19,MBA15,370,0,0,2025,9,4,0,1,0,364.0,375.0,399.85714285714283,365.1666666666667,6.0
2025-09-20,MBA15,296,0,0,2025,9,5,1,1,0,370.0,748.0,399.14285714285717,365.46666666666664,-74.0
2025-09-21,MBA15,773,1,0,2025,9,6,1,1,0,296.0,309.0,334.57142857142856,363.2,477.0
2025-09-22,MBA15,380,0,0,2025,9,0,0,1,0,773.0,303.0,400.85714285714283,376.46666666666664,-393.0
2025-09-23,MBA15,370,0,0,2025,9,1,0,1,0,380.0,313.0,411.85714285714283,379.3,-10.0
2025-09-24,MBA15,362,0,0,2025,9,2,0,1,0,370.0,387.0,420.0,381.5,-8.0
2025-09-25,MBA15,297,0,1,2025,9,3,0,1,0,362.0,364.0,416.42857142857144,380.46666666666664,-65.0
2025-09-26,MBA15,345,0,0,2025,9,4,0,1,0,297.0,370.0,406.85714285714283,377.6,48.0
2025-09-27,MBA15,296,0,0,2025,9,5,1,1,0,345.0,296.0,403.2857142857143,376.7,-49.0
2025-09-28,MBA15,288,0,0,2025,9,6,1,1,0,296.0,773.0,403.2857142857143,373.73333333333335,-8.0
2025-09-29,MBA15,382,0,0,2025,9,0,0,1,0,288.0,380.0,334.0,370.8,94.0
2025-09-30,MBA15,367,0,0,2025,9,1,0,1,0,382.0,370.0,334.2857142857143,374.26666666666665,-15.0
2025-10-01,MBA15,276,0,0,2025,10,2,0,0,0,367.0,362.0,333.85714285714283,376.7,-91.0
2025-10-02,MBA15,273,0,0,2025,10,3,0,0,0,276.0,297.0,321.57142857142856,373.3666666666667,-3.0
2025-10-03,MBA15,286,0,0,2025,10,4,0,0,0,273.0,345.0,318.14285714285717,370.06666666666666,13.0
2025-10-04,MBA15,568,1,0,2025,10,5,1,0,0,286.0,296.0,309.7142857142857,366.8333333333333,282.0
2025-10-05,MBA15,229,0,0,2025,10,6,1,0,0,568.0,288.0,348.57142857142856,373.06666666666666,-339.0
2025-10-06,MBA15,278,0,0,2025,10,0,0,0,0,229.0,382.0,340.14285714285717,368.2,49.0
2025-10-07,MBA15,256,0,0,2025,10,1,0,0,0,278.0,367.0,325.2857142857143,367.6333333333333,-22.0
2025-10-08,MBA15,272,0,0,2025,10,2,0,0,0,256.0,276.0,309.42857142857144,366.4,16.0
2025-10-09,MBA15,289,0,0,2025,10,3,0,0,0,272.0,273.0,308.85714285714283,362.6666666666667,17.0
2025-10-10,MBA15,277,0,0,2025,10,4,0,0,0,289.0,286.0,311.14285714285717,359.8,-12.0
2025-10-11,MBA15,219,0,0,2025,10,5,1,0,0,277.0,568.0,309.85714285714283,357.03333333333336,-58.0
2025-10-12,MBA15,216,0,0,2025,10,6,1,0,0,219.0,229.0,260.0,351.6,-3.0
2025-10-13,MBA15,283,1,0,2025,10,0,0,0,0,216.0,278.0,258.14285714285717,346.3,67.0
2025-10-14,MBA15,276,0,0,2025,10,1,0,0,0,283.0,256.0,258.85714285714283,330.8,-7.0
2025-10-15,MBA15,268,0,0,2025,10,2,0,0,0,276.0,272.0,261.7142857142857,329.7,-8.0
2025-10-16,MBA15,288,0,0,2025,10,3,0,0,0,268.0,289.0,261.14285714285717,328.53333333333336,20.0
2025-10-17,MBA15,254,0,0,2025,10,4,0,0,0,288.0,277.0,261.0,327.7,-34.0
2025-10-18,MBA15,565,1,0,2025,10,5,1,0,0,254.0,219.0,257.7142857142857,323.26666666666665,311.0
2025-10-19,MBA15,239,0,0,2025,10,6,1,0,0,565.0,216.0,307.14285714285717,329.96666666666664,-326.0
2025-10-20,MBA15,262,0,0,2025,10,0,0,0,0,239.0,283.0,310.42857142857144,325.6,23.0
2025-10-21,MBA15,282,0,0,2025,10,1,0,0,0,262.0,276.0,307.42857142857144,324.46666666666664,20.0
2025-10-22,MBA15,279,0,0,2025,10,2,0,0,0,282.0,268.0,308.2857142857143,308.1,-3.0
2025-10-23,MBA15,265,0,0,2025,10,3,0,0,0,279.0,288.0,309.85714285714283,304.73333333333335,-14.0
2025-10-24,MBA15,206,0,1,2025,10,4,0,0,0,265.0,254.0,306.57142857142856,301.23333333333335,-59.0
2025-10-25,MBA15,228,0,0,2025,10,5,1,0,0,206.0,565.0,299.7142857142857,296.03333333333336,22.0
2025-10-26,MBA15,245,0,0,2025,10,6,1,0,0,228.0,239.0,251.57142857142858,293.73333333333335,17.0
2025-10-27,MBA15,290,0,0,2025,10,0,0,0,0,245.0,262.0,252.42857142857142,290.4,45.0
2025-10-28,MBA15,282,0,0,2025,10,1,0,0,0,290.0,282.0,256.42857142857144,290.2,-8.0
2025-10-29,MBA15,280,0,0,2025,10,2,0,0,0,282.0,279.0,256.42857142857144,290.0,-2.0
2025-10-30,MBA15,277,0,0,2025,10,3,0,0,0,280.0,265.0,256.57142857142856,286.6,-3.0
2025-10-31,MBA15,287,1,0,2025,10,4,0,0,0,277.0,206.0,258.2857142857143,283.6,10.0
2025-11-01,MBA15,329,0,0,2025,11,5,1,0,1,287.0,228.0,269.85714285714283,283.96666666666664,42.0
2025-11-02,MBA15,313,0,0,2025,11,6,1,0,1,329.0,245.0,284.2857142857143,285.8333333333333,-16.0
2025-11-03,MBA15,409,0,0,2025,11,0,0,0,1,313.0,290.0,294.0,286.73333333333335,96.0
2025-11-04,MBA15,398,0,0,2025,11,1,0,0,1,409.0,282.0,311.0,281.43333333333334,-11.0
2025-11-05,MBA15,398,0,0,2025,11,2,0,0,1,398.0,280.0,327.57142857142856,287.06666666666666,0.0
2025-11-06,MBA15,418,0,0,2025,11,3,0,0,1,398.0,277.0,344.42857142857144,291.06666666666666,20.0
2025-11-07,MBA15,383,0,0,2025,11,4,0,0,1,418.0,287.0,364.57142857142856,296.46666666666664,-35.0
2025-11-08,MBA15,331,0,0,2025,11,5,1,0,1,383.0,329.0,378.2857142857143,300.1666666666667,-52.0
2025-11-09,MBA15,340,0,0,2025,11,6,1,0,1,331.0,313.0,378.57142857142856,301.56666666666666,9.0
2025-11-10,MBA15,405,0,0,2025,11,0,0,0,1,340.0,409.0,382.42857142857144,303.6666666666667,65.0
2025-11-11,MBA15,401,0,0,2025,11,1,0,0,1,405.0,398.0,381.85714285714283,309.8666666666667,-4.0
2025-11-12,MBA15,398,0,0,2025,11,2,0,0,1,401.0,398.0,382.2857142857143,316.03333333333336,-3.0
2025-11-13,MBA15,409,0,0,2025,11,3,0,0,1,398.0,418.0,382.2857142857143,319.8666666666667,11.0
2025-11-14,MBA15,375,0,0,2025,11,4,0,0,1,409.0,383.0,381.0,324.3,-34.0
2025-11-15,MBA15,328,0,0,2025,11,5,1,0,1,375.0,331.0,379.85714285714283,327.8666666666667,-47.0
2025-11-16,MBA15,319,0,0,2025,11,6,1,0,1,328.0,340.0,379.42857142857144,329.2,-9.0
2025-11-17,MBA15,398,0,0,2025,11,0,0,0,1,319.0,405.0,376.42857142857144,331.3666666666667,79.0
2025-11-18,MBA15,404,0,0,2025,11,1,0,0,1,398.0,401.0,375.42857142857144,325.8,6.0
2025-11-19,MBA15,387,0,0,2025,11,2,0,0,1,404.0,398.0,375.85714285714283,331.3,-17.0
2025-11-20,MBA15,391,0,0,2025,11,3,0,0,1,387.0,409.0,374.2857142857143,335.46666666666664,4.0
2025-11-21,MBA15,435,1,0,2025,11,4,0,0,1,391.0,375.0,371.7142857142857,339.1,44.0
2025-11-22,MBA15,318,0,0,2025,11,5,1,0,1,435.0,328.0,380.2857142857143,344.3,-117.0
2025-11-23,MBA15,309,0,0,2025,11,6,1,0,1,318.0,319.0,378.85714285714283,346.06666666666666,-9.0
2025-11-24,MBA15,425,1,0,2025,11,0,0,0,1,309.0,398.0,377.42857142857144,349.5,116.0
2025-11-25,MBA15,414,0,0,2025,11,1,0,0,1,425.0,404.0,381.2857142857143,356.06666666666666,-11.0
2025-11-26,MBA15,383,0,0,2025,11,2,0,0,1,414.0,387.0,382.7142857142857,361.7,-31.0
2025-11-27,MBA15,411,0,0,2025,11,3,0,0,1,383.0,391.0,382.14285714285717,364.8,28.0
2025-11-28,MBA15,416,0,0,2025,11,4,0,0,1,411.0,435.0,385.0,369.1,5.0
2025-11-29,MBA15,818,1,0,2025,11,5,1,0,1,416.0,318.0,382.2857142857143,373.6333333333333,402.0
2025-11-30,MBA15,321,0,0,2025,11,6,1,0,1,818.0,309.0,453.7142857142857,391.6666666666667,-497.0
2025-12-01,MBA15,411,0,0,2025,12,0,0,0,1,321.0,425.0,455.42857142857144,392.8,90.0
2025-12-02,MBA15,94,0,1,2025,12,1,0,0,1,411.0,414.0,453.42857142857144,395.53333333333336,-317.0
2025-12-03,MBA15,67,0,1,2025,12,2,0,0,1,94.0,383.0,407.7142857142857,388.23333333333335,-27.0
2025-12-04,MBA15,408,0,0,2025,12,3,0,0,1,67.0,411.0,362.57142857142856,376.8333333333333,341.0
2025-12-05,MBA15,400,0,0,2025,12,4,0,0,1,408.0,416.0,362.14285714285717,377.1666666666667,-8.0
2025-12-06,MBA15,323,0,0,2025,12,5,1,0,1,400.0,818.0,359.85714285714283,377.23333333333335,-77.0
2025-12-07,MBA15,302,0,0,2025,12,6,1,0,1,323.0,321.0,289.14285714285717,374.06666666666666,-21.0
2025-12-08,MBA15,375,0,0,2025,12,0,0,0,1,302.0,411.0,286.42857142857144,371.3666666666667,73.0
2025-12-09,MBA15,400,0,0,2025,12,1,0,0,1,375.0,94.0,281.2857142857143,372.8333333333333,25.0
2025-12-10,MBA15,397,0,0,2025,12,2,0,0,1,400.0,67.0,325.0,374.8333333333333,-3.0
2025-12-11,MBA15,397,0,0,2025,12,3,0,0,1,397.0,408.0,372.14285714285717,374.56666666666666,0.0
2025-12-12,MBA15,395,0,0,2025,12,4,0,0,1,397.0,400.0,370.57142857142856,374.43333333333334,-2.0
2025-12-13,MBA15,311,0,0,2025,12,5,1,0,1,395.0,323.0,369.85714285714283,374.3333333333333,-84.0
2025-12-14,MBA15,333,0,0,2025,12,6,1,0,1,311.0,302.0,368.14285714285717,371.06666666666666,22.0
2025-12-15,MBA15,436,1,0,2025,12,0,0,0,1,333.0,375.0,372.57142857142856,369.6666666666667,103.0
2025-12-16,MBA15,381,0,0,2025,12,1,0,0,1,436.0,400.0,381.2857142857143,373.26666666666665,-55.0
2025-12-17,MBA15,407,0,0,2025,12,2,0,0,1,381.0,397.0,378.57142857142856,375.3333333333333,26.0
2025-12-18,MBA15,384,0,0,2025,12,3,0,0,1,407.0,397.0,380.0,375.6333333333333,-23.0
2025-12-19,MBA15,395,0,0,2025,12,4,0,0,1,384.0,395.0,378.14285714285717,374.96666666666664,11.0
2025-12-20,MBA15,328,0,0,2025,12,5,1,0,1,395.0,311.0,378.14285714285717,375.23333333333335,-67.0
2025-12-21,MBA15,56,0,1,2025,12,6,1,0,1,328.0,333.0,380.57142857142856,373.1333333333333,-272.0
2025-12-22,MBA15,388,0,0,2025,12,0,0,0,1,56.0,436.0,341.0,360.5,332.0
2025-12-23,MBA15,80,0,1,2025,12,1,0,0,1,388.0,381.0,334.14285714285717,362.8333333333333,-308.0
2025-12-24,MBA15,409,0,0,2025,12,2,0,0,1,80.0,407.0,291.14285714285717,355.2,329.0
2025-12-25,MBA15,392,0,0,2025,12,3,0,0,1,409.0,384.0,291.42857142857144,354.6666666666667,-17.0
2025-12-26,MBA15,388,0,0,2025,12,4,0,0,1,392.0,395.0,292.57142857142856,353.93333333333334,-4.0
2025-12-27,MBA15,317,0,0,2025,12,5,1,0,1,388.0,328.0,291.57142857142856,354.1,-71.0
2025-12-28,MBA15,820,1,0,2025,12,6,1,0,1,317.0,56.0,290.0,350.96666666666664,503.0
2025-12-29,MBA15,399,0,0,2025,12,0,0,0,1,820.0,388.0,399.14285714285717,364.43333333333334,-421.0
2025-12-30,MBA15,400,0,0,2025,12,1,0,0,1,399.0,80.0,400.7142857142857,350.46666666666664,1.0
2025-12-31,MBA15,394,0,0,2025,12,2,0,0,1,400.0,409.0,446.42857142857144,353.1,-6.0
2023-01-31,MBP14,194,0,0,2023,1,1,0,0,0,182.0,201.0,181.85714285714286,206.5,12.0
2023-02-01,MBP14,195,0,0,2023,2,2,0,0,0,194.0,190.0,180.85714285714286,199.9,1.0
2023-02-02,MBP14,196,0,0,2023,2,3,0,0,0,195.0,200.0,181.57142857142858,199.7,1.0
2023-02-03,MBP14,210,0,0,2023,2,4,0,0,0,196.0,183.0,181.0,199.7,14.0
2023-02-04,MBP14,154,0,0,2023,2,5,1,0,0,210.0,163.0,184.85714285714286,199.66666666666666,-56.0
2023-02-05,MBP14,156,0,0,2023,2,6,1,0,0,154.0,154.0,183.57142857142858,198.43333333333334,2.0
2023-02-06,MBP14,182,0,0,2023,2,0,0,0,0,156.0,182.0,183.85714285714286,196.73333333333332,26.0
2023-02-07,MBP14,198,0,0,2023,2,1,0,0,0,182.0,194.0,183.85714285714286,190.06666666666666,16.0
2023-02-08,MBP14,193,0,0,2023,2,2,0,0,0,198.0,195.0,184.42857142857142,191.36666666666667,-5.0
2023-02-09,MBP14,185,0,0,2023,2,3,0,0,0,193.0,196.0,184.14285714285714,191.3,-8.0
2023-02-10,MBP14,196,0,0,2023,2,4,0,0,0,185.0,210.0,182.57142857142858,190.56666666666666,11.0
2023-02-11,MBP14,386,1,0,2023,2,5,1,0,0,196.0,154.0,180.57142857142858,190.7,190.0
2023-02-12,MBP14,177,0,0,2023,2,6,1,0,0,386.0,156.0,213.71428571428572,196.56666666666666,-209.0
2023-02-13,MBP14,192,0,0,2023,2,0,0,0,0,177.0,182.0,216.71428571428572,196.43333333333334,15.0
2023-02-14,MBP14,184,0,0,2023,2,1,0,0,0,192.0,198.0,218.14285714285714,197.8,-8.0
2023-02-15,MBP14,200,0,0,2023,2,2,0,0,0,184.0,193.0,216.14285714285714,198.86666666666667,16.0
2023-02-16,MBP14,181,1,0,2023,2,3,0,0,0,200.0,185.0,217.14285714285714,199.43333333333334,-19.0
2023-02-17,MBP14,145,0,1,2023,2,4,0,0,0,181.0,196.0,216.57142857142858,200.26666666666668,-36.0
2023-02-18,MBP14,166,0,0,2023,2,5,1,0,0,145.0,386.0,209.28571428571428,198.7,21.0
2023-02-19,MBP14,146,0,0,2023,2,6,1,0,0,166.0,177.0,177.85714285714286,197.43333333333334,-20.0
2023-02-20,MBP14,201,0,0,2023,2,0,0,0,0,146.0,192.0,173.42857142857142,196.16666666666666,55.0
2023-02-21,MBP14,204,0,0,2023,2,1,0,0,0,201.0,184.0,174.71428571428572,196.93333333333334,3.0
2023-02-22,MBP14,209,0,0,2023,2,2,0,0,0,204.0,200.0,177.57142857142858,190.1,5.0
2023-02-23,MBP14,194,1,0,2023,2,3,0,0,0,209.0,181.0,178.85714285714286,190.76666666666668,-15.0
2023-02-24,MBP14,149,0,1,2023,2,4,0,0,0,194.0,145.0,180.71428571428572,190.53333333333333,-45.0
2023-02-25,MBP14,166,0,0,2023,2,5,1,0,0,149.0,166.0,181.28571428571428,189.16666666666666,17.0
2023-02-26,MBP14,168,0,0,2023,2,6,1,0,0,166.0,146.0,181.28571428571428,188.03333333333333,2.0
2023-02-27,MBP14,189,0,0,2023,2,0,0,0,0,168.0,201.0,184.42857142857142,187.53333333333333,21.0
2023-02-28,MBP14,180,0,0,2023,2,1,0,0,0,189.0,204.0,182.71428571428572,188.4,-9.0
2023-03-01,MBP14,193,1,0,2023,3,2,0,0,0,180.0,209.0,179.28571428571428,189.26666666666668,13.0
2023-03-02,MBP14,193,1,0,2023,3,3,0,0,0,193.0,194.0,177.0,189.63333333333333,0.0
2023-03-03,MBP14,192,0,0,2023,3,4,0,0,0,193.0,149.0,176.85714285714286,189.6,-1.0
2023-03-04,MBP14,160,0,0,2023,3,5,1,0,0,192.0,166.0,183.0,189.5,-32.0
2023-03-05,MBP14,153,0,0,2023,3,6,1,0,0,160.0,168.0,182.14285714285714,188.3,-7.0
2023-03-06,MBP14,196,0,0,2023,3,0,0,0,0,153.0,189.0,180.0,186.4,43.0
2023-03-07,MBP14,206,0,0,2023,3,1,0,0,0,196.0,180.0,181.0,187.8,10.0
2023-03-08,MBP14,189,0,0,2023,3,2,0,0,0,206.0,193.0,184.71428571428572,189.46666666666667,-17.0
2023-03-09,MBP14,194,0,0,2023,3,3,0,0,0,189.0,193.0,184.14285714285714,189.7,5.0
2023-03-10,MBP14,200,0,0,2023,3,4,0,0,0,194.0,192.0,184.28571428571428,189.56666666666666,6.0
2023-03-11,MBP14,162,0,0,2023,3,5,1,0,0,200.0,160.0,185.42857142857142,189.8,-38.0
2023-03-12,MBP14,163,0,0,2023,3,6,1,0,0,162.0,153.0,185.71428571428572,189.03333333333333,1.0
2023-03-13,MBP14,191,0,0,2023,3,0,0,0,0,163.0,196.0,187.14285714285714,187.93333333333334,28.0
2023-03-14,MBP14,163,0,1,2023,3,1,0,0,0,191.0,206.0,186.42857142857142,181.43333333333334,-28.0
2023-03-15,MBP14,206,1,0,2023,3,2,0,0,0,163.0,189.0,180.28571428571428,180.96666666666667,43.0
2023-03-16,MBP14,184,0,0,2023,3,3,0,0,0,206.0,194.0,182.71428571428572,181.43333333333334,-22.0
2023-03-17,MBP14,195,0,0,2023,3,4,0,0,0,184.0,200.0,181.28571428571428,181.43333333333334,11.0
2023-03-18,MBP14,155,0,0,2023,3,5,1,0,0,195.0,162.0,180.57142857142858,181.26666666666668,-40.0
2023-03-19,MBP14,139,0,0,2023,3,6,1,0,0,155.0,163.0,179.57142857142858,180.4,-16.0
2023-03-20,MBP14,214,0,0,2023,3,0,0,0,0,139.0,191.0,176.14285714285714,180.2,75.0
2023-03-21,MBP14,205,1,0,2023,3,1,0,0,0,214.0,163.0,179.42857142857142,181.8,-9.0
2023-03-22,MBP14,213,0,0,2023,3,2,0,0,0,205.0,206.0,185.42857142857142,183.76666666666668,8.0
2023-03-23,MBP14,198,0,0,2023,3,3,0,0,0,213.0,184.0,186.42857142857142,184.16666666666666,-15.0
2023-03-24,MBP14,186,0,0,2023,3,4,0,0,0,198.0,195.0,188.42857142857142,183.96666666666667,-12.0
2023-03-25,MBP14,148,0,0,2023,3,5,1,0,0,186.0,155.0,187.14285714285714,183.2,-38.0
2023-03-26,MBP14,129,0,1,2023,3,6,1,0,0,148.0,139.0,186.14285714285714,181.66666666666666,-19.0
2023-03-27,MBP14,196,0,0,2023,3,0,0,0,0,129.0,214.0,184.71428571428572,181.0,67.0
2023-03-28,MBP14,189,0,0,2023,3,1,0,0,0,196.0,205.0,182.14285714285714,182.0,-7.0
2023-03-29,MBP14,167,0,0,2023,3,2,0,0,0,189.0,213.0,179.85714285714286,182.7,-22.0
2023-03-30,MBP14,196,0,0,2023,3,3,0,0,0,167.0,198.0,173.28571428571428,181.96666666666667,29.0
2023-03-31,MBP14,213,0,0,2023,3,4,0,0,0,196.0,186.0,173.0,182.5,17.0
2023-04-01,MBP14,412,1,0,2023,4,5,1,0,0,213.0,148.0,176.85714285714286,183.16666666666666,199.0
2023-04-02,MBP14,163,0,0,2023,4,6,1,0,0,412.0,129.0,214.57142857142858,190.46666666666667,-249.0
2023-04-03,MBP14,191,0,0,2023,4,0,0,0,0,163.0,196.0,219.42857142857142,189.5,28.0
2023-04-04,MBP14,197,0,0,2023,4,1,0,0,0,191.0,189.0,218.71428571428572,190.53333333333333,6.0
2023-04-05,MBP14,187,0,0,2023,4,2,0,0,0,197.0,167.0,219.85714285714286,192.0,-10.0
2023-04-06,MBP14,201,0,0,2023,4,3,0,0,0,187.0,196.0,222.71428571428572,191.7,14.0
2023-04-07,MBP14,183,0,0,2023,4,4,0,0,0,201.0,213.0,223.42857142857142,191.53333333333333,-18.0
2023-04-08,MBP14,160,0,0,2023,4,5,1,0,0,183.0,412.0,219.14285714285714,191.33333333333334,-23.0
2023-04-09,MBP14,167,0,0,2023,4,6,1,0,0,160.0,163.0,183.14285714285714,190.2,7.0
2023-04-10,MBP14,199,0,0,2023,4,0,0,0,0,167.0,191.0,183.71428571428572,189.1,32.0
2023-04-11,MBP14,187,0,0,2023,4,1,0,0,0,199.0,197.0,184.85714285714286,190.33333333333334,-12.0
2023-04-12,MBP14,207,0,0,2023,4,2,0,0,0,187.0,187.0,183.42857142857142,191.13333333333333,20.0
2023-04-13,MBP14,195,0,0,2023,4,3,0,0,0,207.0,201.0,186.28571428571428,191.66666666666666,-12.0
2023-04-14,MBP14,195,0,0,2023,4,4,0,0,0,195.0,183.0,185.42857142857142,192.73333333333332,0.0
2023-04-15,MBP14,163,0,0,2023,4,5,1,0,0,195.0,160.0,187.14285714285714,192.36666666666667,-32.0
2023-04-16,MBP14,128,0,0,2023,4,6,1,0,0,163.0,167.0,187.57142857142858,191.66666666666666,-35.0
2023-04-17,MBP14,187,0,0,2023,4,0,0,0,0,128.0,199.0,182.0,189.43333333333334,59.0
2023-04-18,MBP14,192,0,0,2023,4,1,0,0,0,187.0,187.0,180.28571428571428,190.5,5.0
2023-04-19,MBP14,205,0,0,2023,4,2,0,0,0,192.0,207.0,181.0,192.26666666666668,13.0
2023-04-20,MBP14,181,0,0,2023,4,3,0,0,0,205.0,195.0,180.71428571428572,191.96666666666667,-24.0
2023-04-21,MBP14,198,0,0,2023,4,4,0,0,0,181.0,195.0,178.71428571428572,191.16666666666666,17.0
2023-04-22,MBP14,151,0,0,2023,4,5,1,0,0,198.0,163.0,179.14285714285714,190.66666666666666,-47.0
2023-04-23,MBP14,155,0,0,2023,4,6,1,0,0,151.0,128.0,177.42857142857142,189.1,4.0
2023-04-24,MBP14,187,0,0,2023,4,0,0,0,0,155.0,187.0,181.28571428571428,188.06666666666666,32.0
2023-04-25,MBP14,190,0,0,2023,4,1,0,0,0,187.0,192.0,181.28571428571428,189.36666666666667,3.0
2023-04-26,MBP14,194,0,0,2023,4,2,0,0,0,190.0,205.0,181.0,191.4,4.0
2023-04-27,MBP14,193,0,0,2023,4,3,0,0,0,194.0,181.0,179.42857142857142,191.33333333333334,-1.0
2023-04-28,MBP14,188,0,0,2023,4,4,0,0,0,193.0,198.0,181.14285714285714,191.46666666666667,-5.0
2023-04-29,MBP14,108,0,1,2023,4,5,1,0,0,188.0,151.0,179.71428571428572,192.16666666666666,-80.0
2023-04-30,MBP14,150,0,0,2023,4,6,1,0,0,108.0,155.0,173.57142857142858,189.23333333333332,42.0
2023-05-01,MBP14,187,0,0,2023,5,0,0,0,0,150.0,187.0,172.85714285714286,187.13333333333333,37.0
2023-05-02,MBP14,201,0,0,2023,5,1,0,0,0,187.0,190.0,172.85714285714286,179.63333333333333,14.0
2023-05-03,MBP14,196,1,0,2023,5,2,0,0,0,201.0,194.0,174.42857142857142,180.9,-5.0
2023-05-04,MBP14,189,0,0,2023,5,3,0,0,0,196.0,193.0,174.71428571428572,181.06666666666666,-7.0
2023-05-05,MBP14,205,0,0,2023,5,4,0,0,0,189.0,188.0,174.14285714285714,180.8,16.0
2023-05-06,MBP14,154,0,0,2023,5,5,1,0,0,205.0,108.0,176.57142857142858,181.4,-51.0
2023-05-07,MBP14,161,0,0,2023,5,6,1,0,0,154.0,150.0,183.14285714285714,179.83333333333334,7.0
2023-05-08,MBP14,186,0,0,2023,5,0,0,0,0,161.0,187.0,184.71428571428572,179.1,25.0
2023-05-09,MBP14,205,0,0,2023,5,1,0,0,0,186.0,201.0,184.57142857142858,179.96666666666667,19.0
2023-05-10,MBP14,194,0,0,2023,5,2,0,0,0,205.0,196.0,185.14285714285714,181.23333333333332,-11.0
2023-05-11,MBP14,192,1,0,2023,5,3,0,0,0,194.0,189.0,184.85714285714286,181.06666666666666,-2.0
2023-05-12,MBP14,201,0,0,2023,5,4,0,0,0,192.0,205.0,185.28571428571428,181.23333333333332,9.0
2023-05-13,MBP14,156,0,0,2023,5,5,1,0,0,201.0,154.0,184.71428571428572,181.03333333333333,-45.0
2023-05-14,MBP14,167,0,0,2023,5,6,1,0,0,156.0,161.0,185.0,179.73333333333332,11.0
2023-05-15,MBP14,167,0,1,2023,5,0,0,0,0,167.0,186.0,185.85714285714286,178.8,0.0
2023-05-16,MBP14,191,0,0,2023,5,1,0,0,0,167.0,205.0,183.14285714285714,178.93333333333334,24.0
2023-05-17,MBP14,196,0,0,2023,5,2,0,0,0,191.0,194.0,181.14285714285714,181.03333333333333,5.0
2023-05-18,MBP14,205,1,0,2023,5,3,0,0,0,196.0,192.0,181.42857142857142,181.33333333333334,9.0
2023-05-19,MBP14,208,0,0,2023,5,4,0,0,0,205.0,201.0,183.28571428571428,181.76666666666668,3.0
2023-05-20,MBP14,150,0,0,2023,5,5,1,0,0,208.0,156.0,184.28571428571428,181.86666666666667,-58.0
2023-05-21,MBP14,145,0,0,2023,5,6,1,0,0,150.0,167.0,183.42857142857142,180.83333333333334,-5.0
2023-05-22,MBP14,193,0,0,2023,5,0,0,0,0,145.0,167.0,180.28571428571428,179.06666666666666,48.0
2023-05-23,MBP14,187,0,0,2023,5,1,0,0,0,193.0,191.0,184.0,180.46666666666667,-6.0
2023-05-24,MBP14,193,0,0,2023,5,2,0,0,0,187.0,196.0,183.42857142857142,181.53333333333333,6.0
2023-05-25,MBP14,207,0,0,2023,5,3,0,0,0,193.0,205.0,183.0,181.73333333333332,14.0
2023-05-26,MBP14,197,0,0,2023,5,4,0,0,0,207.0,208.0,183.28571428571428,182.3,-10.0
2023-05-27,MBP14,161,0,0,2023,5,5,1,0,0,197.0,150.0,181.71428571428572,182.4,-36.0
2023-05-28,MBP14,179,0,0,2023,5,6,1,0,0,161.0,145.0,183.28571428571428,181.33333333333334,18.0
2023-05-29,MBP14,193,0,0,2023,5,0,0,0,0,179.0,193.0,188.14285714285714,181.03333333333333,14.0
2023-05-30,MBP14,189,0,0,2023,5,1,0,0,0,193.0,187.0,188.14285714285714,183.86666666666667,-4.0
2023-05-31,MBP14,205,1,0,2023,5,2,0,0,0,189.0,193.0,188.42857142857142,185.16666666666666,16.0
2023-06-01,MBP14,189,0,0,2023,6,3,0,0,0,205.0,207.0,190.14285714285714,185.76666666666668,-16.0
2023-06-02,MBP14,198,0,0,2023,6,4,0,0,0,189.0,197.0,187.57142857142858,185.36666666666667,9.0
2023-06-03,MBP14,148,0,0,2023,6,5,1,0,0,198.0,161.0,187.71428571428572,185.43333333333334,-50.0
2023-06-04,MBP14,150,0,0,2023,6,6,1,0,0,148.0,179.0,185.85714285714286,184.06666666666666,2.0
2023-06-05,MBP14,172,0,0,2023,6,0,0,0,0,150.0,193.0,181.71428571428572,182.23333333333332,22.0
2023-06-06,MBP14,153,0,1,2023,6,1,0,0,0,172.0,189.0,178.71428571428572,182.83333333333334,-19.0
2023-06-07,MBP14,200,1,0,2023,6,2,0,0,0,153.0,205.0,173.57142857142858,182.56666666666666,47.0
2023-06-08,MBP14,196,0,0,2023,6,3,0,0,0,200.0,189.0,172.85714285714286,183.03333333333333,-4.0
2023-06-09,MBP14,218,0,0,2023,6,4,0,0,0,196.0,198.0,173.85714285714286,182.73333333333332,22.0
2023-06-10,MBP14,168,0,0,2023,6,5,1,0,0,218.0,148.0,176.71428571428572,183.53333333333333,-50.0
2023-06-11,MBP14,165,0,0,2023,6,6,1,0,0,168.0,150.0,179.57142857142858,182.73333333333332,-3.0
2023-06-12,MBP14,180,0,0,2023,6,0,0,0,0,165.0,172.0,181.71428571428572,181.53333333333333,15.0
2023-06-13,MBP14,200,0,0,2023,6,1,0,0,0,180.0,153.0,182.85714285714286,182.33333333333334,20.0
2023-06-14,MBP14,200,0,0,2023,6,2,0,0,0,200.0,200.0,189.57142857142858,183.43333333333334,0.0
2023-06-15,MBP14,199,0,0,2023,6,3,0,0,0,200.0,196.0,189.57142857142858,184.53333333333333,-1.0
2023-06-16,MBP14,187,0,0,2023,6,4,0,0,0,199.0,218.0,190.0,184.8,-12.0
2023-06-17,MBP14,159,0,0,2023,6,5,1,0,0,187.0,168.0,185.57142857142858,184.5,-28.0
2023-06-18,MBP14,161,0,0,2023,6,6,1,0,0,159.0,165.0,184.28571428571428,182.96666666666667,2.0
2023-06-19,MBP14,191,0,0,2023,6,0,0,0,0,161.0,180.0,183.71428571428572,181.4,30.0
2023-06-20,MBP14,209,1,0,2023,6,1,0,0,0,191.0,200.0,185.28571428571428,182.76666666666668,18.0
2023-06-21,MBP14,201,0,0,2023,6,2,0,0,0,209.0,200.0,186.57142857142858,184.9,-8.0
2023-06-22,MBP14,193,0,0,2023,6,3,0,0,0,201.0,199.0,186.71428571428572,185.16666666666666,-8.0
2023-06-23,MBP14,195,1,0,2023,6,4,0,0,0,193.0,187.0,185.85714285714286,185.36666666666667,2.0
2023-06-24,MBP14,379,1,0,2023,6,5,1,0,0,195.0,159.0,187.0,185.43333333333334,184.0
2023-06-25,MBP14,155,0,0,2023,6,6,1,0,0,379.0,161.0,218.42857142857142,191.16666666666666,-224.0
2023-06-26,MBP14,186,0,0,2023,6,0,0,0,0,155.0,191.0,217.57142857142858,189.76666666666668,31.0
2023-06-27,MBP14,191,0,0,2023,6,1,0,0,0,186.0,209.0,216.85714285714286,190.6,5.0
2023-06-28,MBP14,198,0,0,2023,6,2,0,0,0,191.0,201.0,214.28571428571428,191.0,7.0
2023-06-29,MBP14,198,0,0,2023,6,3,0,0,0,198.0,193.0,213.85714285714286,191.16666666666666,0.0
2023-06-30,MBP14,191,0,0,2023,6,4,0,0,0,198.0,195.0,214.57142857142858,191.46666666666667,-7.0
2023-07-01,MBP14,150,0,0,2023,7,5,1,0,0,191.0,379.0,214.0,191.0,-41.0
2023-07-02,MBP14,155,0,0,2023,7,6,1,0,0,150.0,155.0,181.28571428571428,189.7,5.0
2023-07-03,MBP14,207,0,0,2023,7,0,0,0,0,155.0,186.0,181.28571428571428,188.26666666666668,52.0
2023-07-04,MBP14,178,0,0,2023,7,1,0,0,0,207.0,191.0,184.28571428571428,190.23333333333332,-29.0
2023-07-05,MBP14,191,0,0,2023,7,2,0,0,0,178.0,198.0,182.42857142857142,191.16666666666666,13.0
2023-07-06,MBP14,184,0,0,2023,7,3,0,0,0,191.0,198.0,181.42857142857142,191.8,-7.0
2023-07-07,MBP14,203,0,0,2023,7,4,0,0,0,184.0,191.0,179.42857142857142,192.83333333333334,19.0
2023-07-08,MBP14,161,0,0,2023,7,5,1,0,0,203.0,150.0,181.14285714285714,192.93333333333334,-42.0
2023-07-09,MBP14,158,0,0,2023,7,6,1,0,0,161.0,155.0,182.71428571428572,191.76666666666668,-3.0
2023-07-10,MBP14,187,0,0,2023,7,0,0,0,0,158.0,207.0,183.14285714285714,189.76666666666668,29.0
2023-07-11,MBP14,184,0,0,2023,7,1,0,0,0,187.0,178.0,180.28571428571428,190.4,-3.0
2023-07-12,MBP14,198,0,0,2023,7,2,0,0,0,184.0,191.0,181.14285714285714,191.03333333333333,14.0
2023-07-13,MBP14,194,0,0,2023,7,3,0,0,0,198.0,184.0,182.14285714285714,191.63333333333333,-4.0
2023-07-14,MBP14,187,0,0,2023,7,4,0,0,0,194.0,203.0,183.57142857142858,191.43333333333334,-7.0
2023-07-15,MBP14,157,0,0,2023,7,5,1,0,0,187.0,161.0,181.28571428571428,191.0,-30.0
2023-07-16,MBP14,155,0,0,2023,7,6,1,0,0,157.0,158.0,180.71428571428572,189.6,-2.0
2023-07-17,MBP14,203,0,0,2023,7,0,0,0,0,155.0,187.0,180.28571428571428,188.53333333333333,48.0
2023-07-18,MBP14,199,0,0,2023,7,1,0,0,0,203.0,184.0,182.57142857142858,190.0,-4.0
2023-07-19,MBP14,193,0,0,2023,7,2,0,0,0,199.0,198.0,184.71428571428572,191.26666666666668,-6.0
2023-07-20,MBP14,157,0,1,2023,7,3,0,0,0,193.0,194.0,184.0,191.33333333333334,-36.0
2023-07-21,MBP14,198,0,0,2023,7,4,0,0,0,157.0,187.0,178.71428571428572,189.6,41.0
2023-07-22,MBP14,394,1,0,2023,7,5,1,0,0,198.0,157.0,180.28571428571428,189.5,196.0
2023-07-23,MBP14,145,0,0,2023,7,6,1,0,0,394.0,155.0,214.14285714285714,196.2,-249.0
2023-07-24,MBP14,206,0,0,2023,7,0,0,0,0,145.0,203.0,212.71428571428572,194.53333333333333,61.0
2023-07-25,MBP14,224,1,0,2023,7,1,0,0,0,206.0,199.0,213.14285714285714,188.76666666666668,18.0
2023-07-26,MBP14,205,0,0,2023,7,2,0,0,0,224.0,193.0,216.71428571428572,191.06666666666666,-19.0
2023-07-27,MBP14,204,0,0,2023,7,3,0,0,0,205.0,157.0,218.42857142857142,191.7,-1.0
2023-07-28,MBP14,191,0,0,2023,7,4,0,0,0,204.0,198.0,225.14285714285714,192.13333333333333,-13.0
2023-07-29,MBP14,171,0,0,2023,7,5,1,0,0,191.0,394.0,224.14285714285714,191.9,-20.0
2023-07-30,MBP14,161,0,0,2023,7,6,1,0,0,171.0,145.0,192.28571428571428,191.0,-10.0
2023-07-31,MBP14,204,0,0,2023,7,0,0,0,0,161.0,206.0,194.57142857142858,190.0,43.0
2023-08-01,MBP14,265,0,0,2023,8,1,0,1,0,204.0,224.0,194.28571428571428,191.8,61.0
2023-08-02,MBP14,200,0,1,2023,8,2,0,1,0,265.0,205.0,200.14285714285714,195.46666666666667,-65.0
2023-08-03,MBP14,261,0,0,2023,8,3,0,1,0,200.0,204.0,199.42857142857142,195.23333333333332,61.0
2023-08-04,MBP14,217,0,1,2023,8,4,0,1,0,261.0,191.0,207.57142857142858,198.0,-44.0
2023-08-05,MBP14,209,0,0,2023,8,5,1,1,0,217.0,171.0,211.28571428571428,198.86666666666667,-8.0
2023-08-06,MBP14,215,0,0,2023,8,6,1,1,0,209.0,161.0,216.71428571428572,199.7,6.0
2023-08-07,MBP14,259,0,0,2023,8,0,0,1,0,215.0,204.0,224.42857142857142,200.1,44.0
2023-08-08,MBP14,256,0,0,2023,8,1,0,1,0,259.0,265.0,232.28571428571428,203.36666666666667,-3.0
2023-08-09,MBP14,237,0,0,2023,8,2,0,1,0,256.0,200.0,231.0,206.63333333333333,-19.0
2023-08-10,MBP14,244,0,0,2023,8,3,0,1,0,237.0,261.0,236.28571428571428,208.3,7.0
2023-08-11,MBP14,254,0,0,2023,8,4,0,1,0,244.0,217.0,233.85714285714286,210.3,10.0
2023-08-12,MBP14,208,0,0,2023,8,5,1,1,0,254.0,209.0,239.14285714285714,212.16666666666666,-46.0
2023-08-13,MBP14,223,0,0,2023,8,6,1,1,0,208.0,215.0,239.0,212.63333333333333,15.0
2023-08-14,MBP14,254,0,0,2023,8,0,0,1,0,223.0,259.0,240.14285714285714,213.83333333333334,31.0
2023-08-15,MBP14,254,0,0,2023,8,1,0,1,0,254.0,256.0,239.42857142857142,217.06666666666666,0.0
2023-08-16,MBP14,280,0,0,2023,8,2,0,1,0,254.0,237.0,239.14285714285714,220.36666666666667,26.0
2023-08-17,MBP14,285,1,0,2023,8,3,0,1,0,280.0,244.0,245.28571428571428,222.93333333333334,5.0
2023-08-18,MBP14,290,0,0,2023,8,4,0,1,0,285.0,254.0,251.14285714285714,225.8,5.0
2023-08-19,MBP14,218,0,0,2023,8,5,1,1,0,290.0,208.0,256.2857142857143,229.03333333333333,-72.0
2023-08-20,MBP14,524,1,0,2023,8,6,1,1,0,218.0,223.0,257.7142857142857,231.06666666666666,306.0
2023-08-21,MBP14,254,1,0,2023,8,0,0,1,0,524.0,254.0,300.7142857142857,241.93333333333334,-270.0
2023-08-22,MBP14,279,1,0,2023,8,1,0,1,0,254.0,254.0,300.7142857142857,237.26666666666668,25.0
2023-08-23,MBP14,279,0,0,2023,8,2,0,1,0,279.0,280.0,304.2857142857143,241.73333333333332,0.0
2023-08-24,MBP14,256,0,0,2023,8,3,0,1,0,279.0,285.0,304.14285714285717,244.16666666666666,-23.0
2023-08-25,MBP14,267,0,0,2023,8,4,0,1,0,256.0,290.0,300.0,245.23333333333332,11.0
2023-08-26,MBP14,204,0,0,2023,8,5,1,1,0,267.0,218.0,296.7142857142857,247.3,-63.0
2023-08-27,MBP14,205,0,0,2023,8,6,1,1,0,204.0,524.0,294.7142857142857,247.3,1.0
2023-08-28,MBP14,260,0,0,2023,8,0,0,1,0,205.0,254.0,249.14285714285714,247.76666666666668,55.0
2023-08-29,MBP14,287,1,0,2023,8,1,0,1,0,260.0,279.0,250.0,250.73333333333332,27.0
2023-08-30,MBP14,263,0,0,2023,8,2,0,1,0,287.0,279.0,251.14285714285714,254.93333333333334,-24.0
2023-08-31,MBP14,265,0,0,2023,8,3,0,1,0,263.0,256.0,248.85714285714286,256.9,2.0
2023-09-01,MBP14,271,1,0,2023,9,4,0,1,0,265.0,267.0,250.14285714285714,256.9,6.0
2023-09-02,MBP14,213,0,0,2023,9,5,1,1,0,271.0,204.0,250.71428571428572,259.26666666666665,-58.0
2023-09-03,MBP14,213,0,0,2023,9,6,1,1,0,213.0,205.0,252.0,257.6666666666667,0.0
2023-09-04,MBP14,267,0,0,2023,9,0,0,1,0,213.0,260.0,253.14285714285714,257.53333333333336,54.0
2023-09-05,MBP14,259,0,0,2023,9,1,0,1,0,267.0,287.0,254.14285714285714,259.46666666666664,-8.0
2023-09-06,MBP14,265,0,0,2023,9,2,0,1,0,259.0,263.0,250.14285714285714,260.93333333333334,6.0
2023-09-07,MBP14,241,0,0,2023,9,3,0,1,0,265.0,265.0,250.42857142857142,261.1333333333333,-24.0
2023-09-08,MBP14,248,0,0,2023,9,4,0,1,0,241.0,271.0,247.0,260.6333333333333,7.0
2023-09-09,MBP14,213,0,0,2023,9,5,1,1,0,248.0,213.0,243.71428571428572,261.0,-35.0
2023-09-10,MBP14,201,0,0,2023,9,6,1,1,0,213.0,213.0,243.71428571428572,259.96666666666664,-12.0
2023-09-11,MBP14,267,0,0,2023,9,0,0,1,0,201.0,267.0,242.0,258.2,66.0
2023-09-12,MBP14,261,0,0,2023,9,1,0,1,0,267.0,259.0,242.0,260.1666666666667,-6.0
2023-09-13,MBP14,265,0,0,2023,9,2,0,1,0,261.0,265.0,242.28571428571428,261.43333333333334,4.0
2023-09-14,MBP14,271,0,0,2023,9,3,0,1,0,265.0,241.0,242.28571428571428,261.8,6.0
2023-09-15,MBP14,274,1,0,2023,9,4,0,1,0,271.0,248.0,246.57142857142858,262.3666666666667,3.0
2023-09-16,MBP14,198,0,0,2023,9,5,1,1,0,274.0,213.0,250.28571428571428,262.1666666666667,-76.0
2023-09-17,MBP14,205,0,0,2023,9,6,1,1,0,198.0,201.0,248.14285714285714,259.26666666666665,7.0
2023-09-18,MBP14,271,0,0,2023,9,0,0,1,0,205.0,267.0,248.71428571428572,256.43333333333334,66.0
2023-09-19,MBP14,290,1,0,2023,9,1,0,1,0,271.0,261.0,249.28571428571428,258.2,19.0
2023-09-20,MBP14,258,0,0,2023,9,2,0,1,0,290.0,265.0,253.42857142857142,250.4,-32.0
2023-09-21,MBP14,210,0,1,2023,9,3,0,1,0,258.0,271.0,252.42857142857142,250.53333333333333,-48.0
2023-09-22,MBP14,247,0,0,2023,9,4,0,1,0,210.0,274.0,243.71428571428572,248.23333333333332,37.0
2023-09-23,MBP14,217,0,0,2023,9,5,1,1,0,247.0,198.0,239.85714285714286,247.16666666666666,-30.0
2023-09-24,MBP14,220,0,0,2023,9,6,1,1,0,217.0,205.0,242.57142857142858,245.86666666666667,3.0
2023-09-25,MBP14,260,0,0,2023,9,0,0,1,0,220.0,271.0,244.71428571428572,244.3,40.0
2023-09-26,MBP14,269,0,0,2023,9,1,0,1,0,260.0,290.0,243.14285714285714,246.16666666666666,9.0
2023-09-27,MBP14,271,0,0,2023,9,2,0,1,0,269.0,258.0,240.14285714285714,248.3,2.0
2023-09-28,MBP14,259,0,0,2023,9,3,0,1,0,271.0,210.0,242.0,248.66666666666666,-12.0
2023-09-29,MBP14,246,0,0,2023,9,4,0,1,0,259.0,247.0,249.0,247.73333333333332,-13.0
2023-09-30,MBP14,201,0,0,2023,9,5,1,1,0,246.0,217.0,248.85714285714286,247.16666666666666,-45.0
2023-10-01,MBP14,160,0,0,2023,10,6,1,0,0,201.0,220.0,246.57142857142858,245.03333333333333,-41.0
2023-10-02,MBP14,195,0,0,2023,10,0,0,0,0,160.0,260.0,238.0,241.33333333333334,35.0
2023-10-03,MBP14,200,1,0,2023,10,1,0,0,0,195.0,269.0,228.71428571428572,240.73333333333332,5.0
2023-10-04,MBP14,180,0,0,2023,10,2,0,0,0,200.0,271.0,218.85714285714286,240.3,-20.0
2023-10-05,MBP14,188,0,0,2023,10,3,0,0,0,180.0,259.0,205.85714285714286,237.4,8.0
2023-10-06,MBP14,203,0,0,2023,10,4,0,0,0,188.0,246.0,195.71428571428572,235.03333333333333,15.0
2023-10-07,MBP14,171,0,0,2023,10,5,1,0,0,203.0,201.0,189.57142857142858,232.96666666666667,-32.0
2023-10-08,MBP14,158,0,0,2023,10,6,1,0,0,171.0,160.0,185.28571428571428,230.63333333333333,-13.0
2023-10-09,MBP14,179,0,0,2023,10,0,0,0,0,158.0,195.0,185.0,227.63333333333333,21.0
2023-10-10,MBP14,206,1,0,2023,10,1,0,0,0,179.0,200.0,182.71428571428572,226.5,27.0
2023-10-11,MBP14,195,0,0,2023,10,2,0,0,0,206.0,180.0,183.57142857142858,226.66666666666666,-11.0
2023-10-12,MBP14,191,0,0,2023,10,3,0,0,0,195.0,188.0,185.71428571428572,224.26666666666668,-4.0
2023-10-13,MBP14,149,0,1,2023,10,4,0,0,0,191.0,203.0,186.14285714285714,221.93333333333334,-42.0
2023-10-14,MBP14,157,0,0,2023,10,5,1,0,0,149.0,171.0,178.42857142857142,218.06666666666666,8.0
2023-10-15,MBP14,163,0,0,2023,10,6,1,0,0,157.0,158.0,176.42857142857142,214.26666666666668,6.0
2023-10-16,MBP14,192,0,0,2023,10,0,0,0,0,163.0,179.0,177.14285714285714,210.56666666666666,29.0
2023-10-17,MBP14,190,0,0,2023,10,1,0,0,0,192.0,206.0,179.0,210.36666666666667,-2.0
2023-10-18,MBP14,194,0,0,2023,10,2,0,0,0,190.0,195.0,176.71428571428572,209.86666666666667,4.0
2023-10-19,MBP14,197,0,0,2023,10,3,0,0,0,194.0,191.0,176.57142857142858,207.3,3.0
2023-10-20,MBP14,196,0,0,2023,10,4,0,0,0,197.0,149.0,177.42857142857142,204.2,-1.0
2023-10-21,MBP14,158,0,0,2023,10,5,1,0,0,196.0,157.0,184.14285714285714,202.13333333333333,-38.0
2023-10-22,MBP14,388,1,0,2023,10,6,1,0,0,158.0,163.0,184.28571428571428,200.4,230.0
2023-10-23,MBP14,201,0,0,2023,10,0,0,0,0,388.0,192.0,216.42857142857142,205.1,-187.0
2023-10-24,MBP14,205,0,0,2023,10,1,0,0,0,201.0,190.0,217.71428571428572,204.56666666666666,4.0
2023-10-25,MBP14,195,0,0,2023,10,2,0,0,0,205.0,194.0,219.85714285714286,204.06666666666666,-10.0
2023-10-26,MBP14,202,0,0,2023,10,3,0,0,0,195.0,197.0,220.0,201.9,7.0
2023-10-27,MBP14,197,0,0,2023,10,4,0,0,0,202.0,196.0,220.71428571428572,199.66666666666666,-5.0
2023-10-28,MBP14,149,0,0,2023,10,5,1,0,0,197.0,158.0,220.85714285714286,197.2,-48.0
2023-10-29,MBP14,163,0,0,2023,10,6,1,0,0,149.0,388.0,219.57142857142858,193.53333333333333,14.0
2023-10-30,MBP14,195,0,0,2023,10,0,0,0,0,163.0,201.0,187.42857142857142,190.76666666666668,32.0
2023-10-31,MBP14,201,0,0,2023,10,1,0,0,0,195.0,205.0,186.57142857142858,190.56666666666666,6.0
2023-11-01,MBP14,296,0,0,2023,11,2,0,0,1,201.0,195.0,186.0,191.93333333333334,95.0
2023-11-02,MBP14,279,0,0,2023,11,3,0,0,1,296.0,202.0,200.42857142857142,195.3,-17.0
2023-11-03,MBP14,288,1,0,2023,11,4,0,0,1,279.0,197.0,211.42857142857142,197.93333333333334,9.0
2023-11-04,MBP14,223,0,0,2023,11,5,1,0,1,288.0,149.0,224.42857142857142,201.53333333333333,-65.0
2023-11-05,MBP14,577,1,0,2023,11,6,1,0,1,223.0,163.0,235.0,202.7,354.0
2023-11-06,MBP14,288,0,0,2023,11,0,0,0,1,577.0,195.0,294.14285714285717,215.16666666666666,-289.0
2023-11-07,MBP14,288,0,0,2023,11,1,0,0,1,288.0,201.0,307.42857142857144,219.06666666666666,0.0
2023-11-08,MBP14,279,0,0,2023,11,2,0,0,1,288.0,296.0,319.85714285714283,223.4,-9.0
2023-11-09,MBP14,284,0,0,2023,11,3,0,0,1,279.0,279.0,317.42857142857144,226.73333333333332,5.0
2023-11-10,MBP14,283,0,0,2023,11,4,0,0,1,284.0,288.0,318.14285714285717,229.33333333333334,-1.0
2023-11-11,MBP14,241,0,0,2023,11,5,1,0,1,283.0,223.0,317.42857142857144,232.26666666666668,-42.0
2023-11-12,MBP14,225,0,0,2023,11,6,1,0,1,241.0,577.0,320.0,233.93333333333334,-16.0
2023-11-13,MBP14,277,0,0,2023,11,0,0,0,1,225.0,288.0,269.7142857142857,236.46666666666667,52.0
2023-11-14,MBP14,278,0,0,2023,11,1,0,0,1,277.0,288.0,268.14285714285717,240.46666666666667,1.0
2023-11-15,MBP14,292,0,0,2023,11,2,0,0,1,278.0,279.0,266.7142857142857,244.3,14.0
2023-11-16,MBP14,289,0,0,2023,11,3,0,0,1,292.0,284.0,268.57142857142856,247.63333333333333,-3.0
2023-11-17,MBP14,272,0,0,2023,11,4,0,0,1,289.0,283.0,269.2857142857143,250.93333333333334,-17.0
2023-11-18,MBP14,218,0,0,2023,11,5,1,0,1,272.0,241.0,267.7142857142857,253.53333333333333,-54.0
2023-11-19,MBP14,232,0,0,2023,11,6,1,0,1,218.0,225.0,264.42857142857144,254.23333333333332,14.0
2023-11-20,MBP14,56,0,1,2023,11,0,0,0,1,232.0,277.0,265.42857142857144,255.43333333333334,-176.0
2023-11-21,MBP14,281,1,0,2023,11,1,0,0,1,56.0,278.0,233.85714285714286,252.03333333333333,225.0
2023-11-22,MBP14,272,0,0,2023,11,2,0,0,1,281.0,292.0,234.28571428571428,248.46666666666667,-9.0
2023-11-23,MBP14,282,0,0,2023,11,3,0,0,1,272.0,289.0,231.42857142857142,250.83333333333334,10.0
2023-11-24,MBP14,305,0,0,2023,11,4,0,0,1,282.0,272.0,230.42857142857142,253.4,23.0
2023-11-25,MBP14,577,1,0,2023,11,5,1,0,1,305.0,218.0,235.14285714285714,257.06666666666666,272.0
2023-11-26,MBP14,221,0,0,2023,11,6,1,0,1,577.0,232.0,286.42857142857144,269.56666666666666,-356.0
2023-11-27,MBP14,309,1,0,2023,11,0,0,0,1,221.0,56.0,284.85714285714283,270.3666666666667,88.0
2023-11-28,MBP14,273,0,0,2023,11,1,0,0,1,309.0,281.0,321.0,275.7,-36.0
2023-11-29,MBP14,277,0,0,2023,11,2,0,0,1,273.0,272.0,319.85714285714283,279.3666666666667,4.0
2023-11-30,MBP14,295,0,0,2023,11,3,0,0,1,277.0,282.0,320.57142857142856,282.1,18.0
2023-12-01,MBP14,273,0,0,2023,12,4,0,0,1,295.0,305.0,322.42857142857144,285.23333333333335,-22.0
2023-12-02,MBP14,242,0,0,2023,12,5,1,0,1,273.0,577.0,317.85714285714283,284.46666666666664,-31.0
2023-12-03,MBP14,553,1,0,2023,12,6,1,0,1,242.0,221.0,270.0,283.23333333333335,311.0
2023-12-04,MBP14,301,1,0,2023,12,0,0,0,1,553.0,309.0,317.42857142857144,292.06666666666666,-252.0
2023-12-05,MBP14,284,0,0,2023,12,1,0,0,1,301.0,273.0,316.2857142857143,294.6666666666667,-17.0
2023-12-06,MBP14,291,0,0,2023,12,2,0,0,1,284.0,277.0,317.85714285714283,284.9,7.0
2023-12-07,MBP14,284,0,0,2023,12,3,0,0,1,291.0,295.0,319.85714285714283,285.0,-7.0
2023-12-08,MBP14,285,0,0,2023,12,4,0,0,1,284.0,273.0,318.2857142857143,284.8666666666667,1.0
2023-12-09,MBP14,223,0,0,2023,12,5,1,0,1,285.0,242.0,320.0,285.06666666666666,-62.0
2023-12-10,MBP14,226,0,0,2023,12,6,1,0,1,223.0,553.0,317.2857142857143,283.03333333333336,3.0
2023-12-11,MBP14,295,0,0,2023,12,0,0,0,1,226.0,301.0,270.57142857142856,281.1333333333333,69.0
2023-12-12,MBP14,286,0,0,2023,12,1,0,0,1,295.0,284.0,269.7142857142857,282.93333333333334,-9.0
2023-12-13,MBP14,288,0,0,2023,12,2,0,0,1,286.0,291.0,270.0,284.96666666666664,2.0
2023-12-14,MBP14,285,0,0,2023,12,3,0,0,1,288.0,284.0,269.57142857142856,285.3333333333333,-3.0
2023-12-15,MBP14,281,0,0,2023,12,4,0,0,1,285.0,285.0,269.7142857142857,285.56666666666666,-4.0
2023-12-16,MBP14,213,0,0,2023,12,5,1,0,1,281.0,223.0,269.14285714285717,285.2,-68.0
2023-12-17,MBP14,240,0,0,2023,12,6,1,0,1,213.0,226.0,267.7142857142857,282.6666666666667,27.0
2023-12-18,MBP14,289,0,0,2023,12,0,0,0,1,240.0,295.0,269.7142857142857,281.6,49.0
2023-12-19,MBP14,283,0,0,2023,12,1,0,0,1,289.0,286.0,268.85714285714283,283.96666666666664,-6.0
2023-12-20,MBP14,275,0,0,2023,12,2,0,0,1,283.0,288.0,268.42857142857144,285.6666666666667,-8.0
2023-12-21,MBP14,304,1,0,2023,12,3,0,0,1,275.0,285.0,266.57142857142856,292.96666666666664,29.0
2023-12-22,MBP14,275,0,0,2023,12,4,0,0,1,304.0,281.0,269.2857142857143,293.73333333333335,-29.0
2023-12-23,MBP14,234,0,0,2023,12,5,1,0,1,275.0,213.0,268.42857142857144,293.8333333333333,-41.0
2023-12-24,MBP14,223,0,0,2023,12,6,1,0,1,234.0,240.0,271.42857142857144,292.23333333333335,-11.0
2023-12-25,MBP14,285,0,0,2023,12,0,0,0,1,223.0,289.0,269.0,289.5,62.0
2023-12-26,MBP14,294,0,0,2023,12,1,0,0,1,285.0,283.0,268.42857142857144,279.76666666666665,9.0
2023-12-27,MBP14,284,0,0,2023,12,2,0,0,1,294.0,275.0,270.0,282.2,-10.0
2023-12-28,MBP14,287,0,0,2023,12,3,0,0,1,284.0,304.0,271.2857142857143,281.3666666666667,3.0
2023-12-29,MBP14,299,0,0,2023,12,4,0,0,1,287.0,275.0,268.85714285714283,281.8333333333333,12.0
2023-12-30,MBP14,232,0,0,2023,12,5,1,0,1,299.0,234.0,272.2857142857143,282.56666666666666,-67.0
2023-12-31,MBP14,221,0,0,2023,12,6,1,0,1,232.0,223.0,272.0,280.46666666666664,-11.0
2024-01-01,MBP14,206,0,0,2024,1,0,0,0,0,221.0,285.0,271.7142857142857,278.73333333333335,-15.0
2024-01-02,MBP14,198,0,0,2024,1,1,0,0,0,206.0,294.0,260.42857142857144,277.53333333333336,-8.0
2024-01-03,MBP14,225,1,0,2024,1,2,0,0,0,198.0,284.0,246.71428571428572,265.7,27.0
2024-01-04,MBP14,198,0,0,2024,1,3,0,0,0,225.0,287.0,238.28571428571428,263.1666666666667,-27.0
2024-01-05,MBP14,198,0,0,2024,1,4,0,0,0,198.0,299.0,225.57142857142858,260.3,0.0
2024-01-06,MBP14,167,0,0,2024,1,5,1,0,0,198.0,232.0,211.14285714285714,257.2,-31.0
2024-01-07,MBP14,165,0,0,2024,1,6,1,0,0,167.0,221.0,201.85714285714286,253.3,-2.0
2024-01-08,MBP14,206,0,0,2024,1,0,0,0,0,165.0,206.0,193.85714285714286,249.3,41.0
2024-01-09,MBP14,207,1,0,2024,1,1,0,0,0,206.0,198.0,193.85714285714286,248.73333333333332,1.0
2024-01-10,MBP14,208,0,0,2024,1,2,0,0,0,207.0,225.0,195.14285714285714,248.1,1.0
2024-01-11,MBP14,187,0,0,2024,1,3,0,0,0,208.0,198.0,192.71428571428572,245.2,-21.0
2024-01-12,MBP14,196,0,0,2024,1,4,0,0,0,187.0,198.0,191.14285714285714,241.9,9.0
2024-01-13,MBP14,168,0,0,2024,1,5,1,0,0,196.0,167.0,190.85714285714286,238.83333333333334,-28.0
2024-01-14,MBP14,147,0,0,2024,1,6,1,0,0,168.0,165.0,191.0,234.93333333333334,-21.0
2024-01-15,MBP14,204,0,0,2024,1,0,0,0,0,147.0,206.0,188.42857142857142,230.46666666666667,57.0
2024-01-16,MBP14,203,0,0,2024,1,1,0,0,0,204.0,207.0,188.14285714285714,230.16666666666666,-1.0
2024-01-17,MBP14,194,0,0,2024,1,2,0,0,0,203.0,208.0,187.57142857142858,228.93333333333334,-9.0
2024-01-18,MBP14,205,0,0,2024,1,3,0,0,0,194.0,187.0,185.57142857142858,225.76666666666668,11.0
2024-01-19,MBP14,195,0,0,2024,1,4,0,0,0,205.0,196.0,188.14285714285714,223.16666666666666,-10.0
2024-01-20,MBP14,412,1,0,2024,1,5,1,0,0,195.0,168.0,188.0,220.5,217.0
2024-01-21,MBP14,165,0,0,2024,1,6,1,0,0,412.0,147.0,222.85714285714286,224.1,-247.0
2024-01-22,MBP14,209,0,0,2024,1,0,0,0,0,165.0,204.0,225.42857142857142,220.43333333333334,44.0
2024-01-23,MBP14,219,0,0,2024,1,1,0,0,0,209.0,203.0,226.14285714285714,219.6,10.0
2024-01-24,MBP14,204,0,0,2024,1,2,0,0,0,219.0,194.0,228.42857142857142,219.46666666666667,-15.0
2024-01-25,MBP14,210,0,0,2024,1,3,0,0,0,204.0,205.0,229.85714285714286,216.76666666666668,6.0
2024-01-26,MBP14,201,1,0,2024,1,4,0,0,0,210.0,195.0,230.57142857142858,213.96666666666667,-9.0
2024-01-27,MBP14,168,0,0,2024,1,5,1,0,0,201.0,412.0,231.42857142857142,211.2,-33.0
2024-01-28,MBP14,387,1,0,2024,1,6,1,0,0,168.0,165.0,196.57142857142858,207.23333333333332,219.0
2024-01-29,MBP14,206,0,0,2024,1,0,0,0,0,387.0,209.0,228.28571428571428,210.16666666666666,-181.0
2024-01-30,MBP14,191,0,0,2024,1,1,0,0,0,206.0,219.0,227.85714285714286,209.3,-15.0
2024-01-31,MBP14,208,0,0,2024,1,2,0,0,0,191.0,204.0,223.85714285714286,208.3,17.0
2024-02-01,MBP14,211,0,0,2024,2,3,0,0,0,208.0,210.0,224.42857142857142,208.36666666666667,3.0
2024-02-02,MBP14,206,0,0,2024,2,4,0,0,0,211.0,201.0,224.57142857142858,208.8,-5.0
2024-02-03,MBP14,147,0,0,2024,2,5,1,0,0,206.0,168.0,225.28571428571428,208.16666666666666,-59.0
2024-02-04,MBP14,159,0,0,2024,2,6,1,0,0,147.0,387.0,222.28571428571428,206.46666666666667,12.0
2024-02-05,MBP14,184,0,0,2024,2,0,0,0,0,159.0,206.0,189.71428571428572,205.16666666666666,25.0
2024-02-06,MBP14,218,0,0,2024,2,1,0,0,0,184.0,191.0,186.57142857142858,205.73333333333332,34.0
2024-02-07,MBP14,205,0,0,2024,2,2,0,0,0,218.0,208.0,190.42857142857142,207.5,-13.0
2024-02-08,MBP14,217,1,0,2024,2,3,0,0,0,205.0,211.0,190.0,207.46666666666667,12.0
2024-02-09,MBP14,192,0,0,2024,2,4,0,0,0,217.0,206.0,190.85714285714286,207.8,-25.0
2024-02-10,MBP14,155,0,0,2024,2,5,1,0,0,192.0,147.0,188.85714285714286,207.26666666666668,-37.0
2024-02-11,MBP14,161,0,0,2024,2,6,1,0,0,155.0,159.0,190.0,206.2,6.0
2024-02-12,MBP14,209,0,0,2024,2,0,0,0,0,161.0,184.0,190.28571428571428,205.03333333333333,48.0
2024-02-13,MBP14,204,1,0,2024,2,1,0,0,0,209.0,218.0,193.85714285714286,206.4,-5.0
2024-02-14,MBP14,218,0,0,2024,2,2,0,0,0,204.0,205.0,191.85714285714286,208.3,14.0
2024-02-15,MBP14,197,1,0,2024,2,3,0,0,0,218.0,217.0,193.71428571428572,208.76666666666668,-21.0
2024-02-16,MBP14,199,0,0,2024,2,4,0,0,0,197.0,192.0,190.85714285714286,208.56666666666666,2.0
2024-02-17,MBP14,175,0,0,2024,2,5,1,0,0,199.0,155.0,191.85714285714286,208.73333333333332,-24.0
2024-02-18,MBP14,153,0,0,2024,2,6,1,0,0,175.0,161.0,194.71428571428572,207.73333333333332,-22.0
2024-02-19,MBP14,196,0,0,2024,2,0,0,0,0,153.0,209.0,193.57142857142858,206.33333333333334,43.0
2024-02-20,MBP14,202,0,0,2024,2,1,0,0,0,196.0,204.0,191.71428571428572,199.13333333333333,6.0
2024-02-21,MBP14,192,0,0,2024,2,2,0,0,0,202.0,218.0,191.42857142857142,200.36666666666667,-10.0
2024-02-22,MBP14,186,0,0,2024,2,3,0,0,0,192.0,197.0,187.71428571428572,199.8,-6.0
2024-02-23,MBP14,194,0,0,2024,2,4,0,0,0,186.0,199.0,186.14285714285714,198.7,8.0
2024-02-24,MBP14,173,0,0,2024,2,5,1,0,0,194.0,175.0,185.42857142857142,198.36666666666667,-21.0
2024-02-25,MBP14,161,0,0,2024,2,6,1,0,0,173.0,153.0,185.14285714285714,197.13333333333333,-12.0
2024-02-26,MBP14,151,0,1,2024,2,0,0,0,0,161.0,196.0,186.28571428571428,195.8,-10.0
2024-02-27,MBP14,192,0,0,2024,2,1,0,0,0,151.0,202.0,179.85714285714286,195.23333333333332,41.0
2024-02-28,MBP14,209,0,0,2024,2,2,0,0,0,192.0,192.0,178.42857142857142,188.73333333333332,17.0
2024-02-29,MBP14,194,0,0,2024,2,3,0,0,0,209.0,186.0,180.85714285714286,188.83333333333334,-15.0
2024-03-01,MBP14,164,0,1,2024,3,4,0,0,0,194.0,194.0,182.0,188.93333333333334,-30.0
2024-03-02,MBP14,159,0,0,2024,3,5,1,0,0,164.0,173.0,177.71428571428572,187.46666666666667,-5.0
2024-03-03,MBP14,165,0,0,2024,3,6,1,0,0,159.0,161.0,175.71428571428572,185.73333333333332,6.0
2024-03-04,MBP14,209,0,0,2024,3,0,0,0,0,165.0,151.0,176.28571428571428,184.36666666666667,44.0
2024-03-05,MBP14,209,0,0,2024,3,1,0,0,0,209.0,192.0,184.57142857142858,186.43333333333334,0.0
2024-03-06,MBP14,192,0,0,2024,3,2,0,0,0,209.0,209.0,187.0,188.1,-17.0
2024-03-07,MBP14,159,0,1,2024,3,3,0,0,0,192.0,194.0,184.57142857142858,188.36666666666667,-33.0
2024-03-08,MBP14,196,0,0,2024,3,4,0,0,0,159.0,164.0,179.57142857142858,186.4,37.0
2024-03-09,MBP14,172,0,0,2024,3,5,1,0,0,196.0,159.0,184.14285714285714,186.1,-24.0
2024-03-10,MBP14,154,0,0,2024,3,6,1,0,0,172.0,165.0,186.0,184.6,-18.0
2024-03-11,MBP14,204,0,0,2024,3,0,0,0,0,154.0,209.0,184.42857142857142,183.33333333333334,50.0
2024-03-12,MBP14,204,0,0,2024,3,1,0,0,0,204.0,209.0,183.71428571428572,184.96666666666667,0.0
2024-03-13,MBP14,193,0,0,2024,3,2,0,0,0,204.0,192.0,183.0,186.4,-11.0
2024-03-14,MBP14,186,0,0,2024,3,3,0,0,0,193.0,159.0,183.14285714285714,185.86666666666667,-7.0
2024-03-15,MBP14,195,0,0,2024,3,4,0,0,0,186.0,196.0,187.0,185.26666666666668,9.0
2024-03-16,MBP14,160,0,0,2024,3,5,1,0,0,195.0,172.0,186.85714285714286,184.5,-35.0
2024-03-17,MBP14,403,1,0,2024,3,6,1,0,0,160.0,154.0,185.14285714285714,183.26666666666668,243.0
2024-03-18,MBP14,197,0,0,2024,3,0,0,0,0,403.0,204.0,220.71428571428572,190.06666666666666,-206.0
2024-03-19,MBP14,206,0,0,2024,3,1,0,0,0,197.0,204.0,219.71428571428572,190.8,9.0
2024-03-20,MBP14,208,0,0,2024,3,2,0,0,0,206.0,193.0,220.0,192.56666666666666,2.0
2024-03-21,MBP14,210,0,0,2024,3,3,0,0,0,208.0,186.0,222.14285714285714,192.96666666666667,2.0
2024-03-22,MBP14,204,1,0,2024,3,4,0,0,0,210.0,195.0,225.57142857142858,193.23333333333332,-6.0
2024-03-23,MBP14,404,1,0,2024,3,5,1,0,0,204.0,160.0,226.85714285714286,193.63333333333333,200.0
2024-03-24,MBP14,175,0,0,2024,3,6,1,0,0,404.0,403.0,261.7142857142857,200.9,-229.0
2024-03-25,MBP14,199,0,0,2024,3,0,0,0,0,175.0,197.0,229.14285714285714,200.26666666666668,24.0
2024-03-26,MBP14,217,0,0,2024,3,1,0,0,0,199.0,206.0,229.42857142857142,201.13333333333333,18.0
2024-03-27,MBP14,156,0,1,2024,3,2,0,0,0,217.0,208.0,231.0,203.0,-61.0
2024-03-28,MBP14,205,0,0,2024,3,3,0,0,0,156.0,210.0,223.57142857142858,203.16666666666666,49.0
2024-03-29,MBP14,207,0,0,2024,3,4,0,0,0,205.0,204.0,222.85714285714286,203.6,2.0
2024-03-30,MBP14,404,1,0,2024,3,5,1,0,0,207.0,404.0,223.28571428571428,203.53333333333333,197.0
2024-03-31,MBP14,159,0,0,2024,3,6,1,0,0,404.0,175.0,223.28571428571428,210.53333333333333,-245.0
2024-04-01,MBP14,191,0,0,2024,4,0,0,0,0,159.0,199.0,221.0,210.36666666666667,32.0
2024-04-02,MBP14,197,0,0,2024,4,1,0,0,0,191.0,217.0,219.85714285714286,211.43333333333334,6.0
2024-04-03,MBP14,189,0,0,2024,4,2,0,0,0,197.0,156.0,217.0,212.5,-8.0
2024-04-04,MBP14,210,0,0,2024,4,3,0,0,0,189.0,205.0,221.71428571428572,211.83333333333334,21.0
2024-04-05,MBP14,187,0,0,2024,4,4,0,0,0,210.0,207.0,222.42857142857142,211.86666666666667,-23.0
2024-04-06,MBP14,157,0,0,2024,4,5,1,0,0,187.0,404.0,219.57142857142858,211.7,-30.0
2024-04-07,MBP14,164,0,0,2024,4,6,1,0,0,157.0,159.0,184.28571428571428,211.63333333333333,7.0
2024-04-08,MBP14,161,0,1,2024,4,0,0,0,0,164.0,191.0,185.0,210.56666666666666,-3.0
2024-04-09,MBP14,193,0,0,2024,4,1,0,0,0,161.0,197.0,180.71428571428572,210.2,32.0
2024-04-10,MBP14,203,0,0,2024,4,2,0,0,0,193.0,189.0,180.14285714285714,211.5,10.0
2024-04-11,MBP14,149,0,1,2024,4,3,0,0,0,203.0,210.0,182.14285714285714,211.46666666666667,-54.0
2024-04-12,MBP14,202,0,0,2024,4,4,0,0,0,149.0,187.0,173.42857142857142,209.63333333333333,53.0
2024-04-13,MBP14,156,0,0,2024,4,5,1,0,0,202.0,157.0,175.57142857142858,209.93333333333334,-46.0
2024-04-14,MBP14,150,0,0,2024,4,6,1,0,0,156.0,164.0,175.42857142857142,208.93333333333334,-6.0
2024-04-15,MBP14,198,0,0,2024,4,0,0,0,0,150.0,161.0,173.42857142857142,207.43333333333334,48.0
2024-04-16,MBP14,208,0,0,2024,4,1,0,0,0,198.0,193.0,178.71428571428572,208.7,10.0
2024-04-17,MBP14,193,0,0,2024,4,2,0,0,0,208.0,203.0,180.85714285714286,202.2,-15.0
2024-04-18,MBP14,206,0,0,2024,4,3,0,0,0,193.0,149.0,179.42857142857142,202.06666666666666,13.0
2024-04-19,MBP14,200,0,0,2024,4,4,0,0,0,206.0,202.0,187.57142857142858,202.06666666666666,-6.0
2024-04-20,MBP14,153,0,0,2024,4,5,1,0,0,200.0,156.0,187.28571428571428,201.8,-47.0
2024-04-21,MBP14,159,0,0,2024,4,6,1,0,0,153.0,150.0,186.85714285714286,199.9,6.0
2024-04-22,MBP14,199,0,0,2024,4,0,0,0,0,159.0,198.0,188.14285714285714,198.4,40.0
2024-04-23,MBP14,179,0,0,2024,4,1,0,0,0,199.0,208.0,188.28571428571428,191.56666666666666,-20.0
2024-04-24,MBP14,187,0,0,2024,4,2,0,0,0,179.0,193.0,184.14285714285714,191.7,8.0
2024-04-25,MBP14,197,0,0,2024,4,3,0,0,0,187.0,206.0,183.28571428571428,191.3,10.0
2024-04-26,MBP14,199,1,0,2024,4,4,0,0,0,197.0,200.0,182.0,190.63333333333333,2.0
2024-04-27,MBP14,413,1,0,2024,4,5,1,0,0,199.0,153.0,181.85714285714286,192.06666666666666,214.0
2024-04-28,MBP14,166,0,0,2024,4,6,1,0,0,413.0,159.0,219.0,199.0,-247.0
2024-04-29,MBP14,204,0,0,2024,4,0,0,0,0,166.0,199.0,220.0,197.63333333333333,38.0
2024-04-30,MBP14,194,0,0,2024,4,1,0,0,0,204.0,179.0,220.71428571428572,190.96666666666667,-10.0
2024-05-01,MBP14,192,0,0,2024,5,2,0,0,0,194.0,187.0,222.85714285714286,192.13333333333333,-2.0
2024-05-02,MBP14,202,0,0,2024,5,3,0,0,0,192.0,197.0,223.57142857142858,192.16666666666666,10.0
2024-05-03,MBP14,207,0,0,2024,5,4,0,0,0,202.0,199.0,224.28571428571428,192.33333333333334,5.0
2024-05-04,MBP14,180,0,0,2024,5,5,1,0,0,207.0,413.0,225.42857142857142,192.93333333333334,-27.0
2024-05-05,MBP14,416,1,0,2024,5,6,1,0,0,180.0,166.0,192.14285714285714,191.93333333333334,236.0
2024-05-06,MBP14,212,0,0,2024,5,0,0,0,0,416.0,204.0,227.85714285714286,199.56666666666666,-204.0
2024-05-07,MBP14,209,0,0,2024,5,1,0,0,0,212.0,194.0,229.0,201.4,-3.0
2024-05-08,MBP14,199,0,0,2024,5,2,0,0,0,209.0,192.0,231.14285714285714,202.9,-10.0
2024-05-09,MBP14,193,0,0,2024,5,3,0,0,0,199.0,202.0,232.14285714285714,204.16666666666666,-6.0
2024-05-10,MBP14,183,0,0,2024,5,4,0,0,0,193.0,207.0,230.85714285714286,204.16666666666666,-10.0
2024-05-11,MBP14,160,0,0,2024,5,5,1,0,0,183.0,180.0,227.42857142857142,203.5,-23.0
2024-05-12,MBP14,171,0,0,2024,5,6,1,0,0,160.0,416.0,224.57142857142858,203.86666666666667,11.0
2024-05-13,MBP14,195,0,0,2024,5,0,0,0,0,171.0,212.0,189.57142857142858,202.83333333333334,24.0
2024-05-14,MBP14,201,0,0,2024,5,1,0,0,0,195.0,209.0,187.14285714285714,204.13333333333333,6.0
2024-05-15,MBP14,195,0,0,2024,5,2,0,0,0,201.0,199.0,186.0,205.83333333333334,-6.0
2024-05-16,MBP14,204,0,0,2024,5,3,0,0,0,195.0,193.0,185.42857142857142,205.73333333333332,9.0
2024-05-17,MBP14,208,1,0,2024,5,4,0,0,0,204.0,183.0,187.0,205.6,4.0
2024-05-18,MBP14,139,0,0,2024,5,5,1,0,0,208.0,160.0,190.57142857142858,206.1,-69.0
2024-05-19,MBP14,394,1,0,2024,5,6,1,0,0,139.0,171.0,187.57142857142858,203.86666666666667,255.0
2024-05-20,MBP14,206,0,0,2024,5,0,0,0,0,394.0,195.0,219.42857142857142,210.33333333333334,-188.0
2024-05-21,MBP14,181,0,0,2024,5,1,0,0,0,206.0,201.0,221.0,212.1,-25.0
2024-05-22,MBP14,201,0,0,2024,5,2,0,0,0,181.0,195.0,218.14285714285714,212.83333333333334,20.0
2024-05-23,MBP14,206,0,0,2024,5,3,0,0,0,201.0,204.0,219.0,212.9,5.0
2024-05-24,MBP14,148,0,1,2024,5,4,0,0,0,206.0,208.0,219.28571428571428,213.8,-58.0
2024-05-25,MBP14,171,0,0,2024,5,5,1,0,0,148.0,139.0,210.71428571428572,212.5,23.0
2024-05-26,MBP14,175,0,0,2024,5,6,1,0,0,171.0,394.0,215.28571428571428,211.63333333333333,4.0
2024-05-27,MBP14,189,0,0,2024,5,0,0,0,0,175.0,206.0,184.0,210.83333333333334,14.0
2024-05-28,MBP14,195,0,0,2024,5,1,0,0,0,189.0,181.0,181.57142857142858,203.36666666666667,6.0
2024-05-29,MBP14,202,0,0,2024,5,2,0,0,0,195.0,201.0,183.57142857142858,204.33333333333334,7.0
2024-05-30,MBP14,215,0,0,2024,5,3,0,0,0,202.0,206.0,183.71428571428572,204.26666666666668,13.0
2024-05-31,MBP14,197,0,0,2024,5,4,0,0,0,215.0,148.0,185.0,204.96666666666667,-18.0
2024-06-01,MBP14,169,0,0,2024,6,5,1,0,0,197.0,171.0,192.0,205.13333333333333,-28.0
2024-06-02,MBP14,163,0,0,2024,6,6,1,0,0,169.0,175.0,191.71428571428572,204.03333333333333,-6.0
2024-06-03,MBP14,195,0,0,2024,6,0,0,0,0,163.0,189.0,190.0,202.56666666666666,32.0
2024-06-04,MBP14,185,0,0,2024,6,1,0,0,0,195.0,195.0,190.85714285714286,203.06666666666666,-10.0
2024-06-05,MBP14,193,0,0,2024,6,2,0,0,0,185.0,202.0,189.42857142857142,195.36666666666667,8.0
2024-06-06,MBP14,203,1,0,2024,6,3,0,0,0,193.0,215.0,188.14285714285714,194.73333333333332,10.0
2024-06-07,MBP14,217,0,0,2024,6,4,0,0,0,203.0,197.0,186.42857142857142,194.53333333333333,14.0
2024-06-08,MBP14,170,0,0,2024,6,5,1,0,0,217.0,169.0,189.28571428571428,195.13333333333333,-47.0
2024-06-09,MBP14,158,0,0,2024,6,6,1,0,0,170.0,163.0,189.42857142857142,194.36666666666667,-12.0
2024-06-10,MBP14,201,0,0,2024,6,0,0,0,0,158.0,195.0,188.71428571428572,193.53333333333333,43.0
2024-06-11,MBP14,194,0,0,2024,6,1,0,0,0,201.0,185.0,189.57142857142858,194.9,-7.0
2024-06-12,MBP14,211,0,0,2024,6,2,0,0,0,194.0,193.0,190.85714285714286,195.66666666666666,17.0
2024-06-13,MBP14,194,0,0,2024,6,3,0,0,0,211.0,203.0,193.42857142857142,196.2,-17.0
2024-06-14,MBP14,193,0,0,2024,6,4,0,0,0,194.0,217.0,192.14285714285714,195.96666666666667,-1.0
2024-06-15,MBP14,162,0,0,2024,6,5,1,0,0,193.0,170.0,188.71428571428572,195.9,-31.0
2024-06-16,MBP14,150,0,0,2024,6,6,1,0,0,162.0,158.0,187.57142857142858,194.5,-12.0
2024-06-17,MBP14,198,0,0,2024,6,0,0,0,0,150.0,201.0,186.42857142857142,192.56666666666666,48.0
2024-06-18,MBP14,195,0,0,2024,6,1,0,0,0,198.0,194.0,186.0,194.53333333333333,-3.0
2024-06-19,MBP14,204,0,0,2024,6,2,0,0,0,195.0,211.0,186.14285714285714,187.9,9.0
2024-06-20,MBP14,212,0,0,2024,6,3,0,0,0,204.0,194.0,185.14285714285714,187.83333333333334,8.0
2024-06-21,MBP14,210,1,0,2024,6,4,0,0,0,212.0,193.0,187.71428571428572,188.86666666666667,-2.0
2024-06-22,MBP14,163,0,0,2024,6,5,1,0,0,210.0,162.0,190.14285714285714,189.16666666666666,-47.0
2024-06-23,MBP14,168,0,0,2024,6,6,1,0,0,163.0,150.0,190.28571428571428,187.73333333333332,5.0
2024-06-24,MBP14,186,0,0,2024,6,0,0,0,0,168.0,198.0,192.85714285714286,188.4,18.0
2024-06-25,MBP14,196,0,0,2024,6,1,0,0,0,186.0,195.0,191.14285714285714,188.9,10.0
2024-06-26,MBP14,207,0,0,2024,6,2,0,0,0,196.0,204.0,191.28571428571428,189.6,11.0
2024-06-27,MBP14,210,0,0,2024,6,3,0,0,0,207.0,212.0,191.71428571428572,190.2,3.0
2024-06-28,MBP14,206,0,0,2024,6,4,0,0,0,210.0,210.0,191.42857142857142,190.7,-4.0
2024-06-29,MBP14,175,0,0,2024,6,5,1,0,0,206.0,163.0,190.85714285714286,190.83333333333334,-31.0
2024-06-30,MBP14,399,1,0,2024,6,6,1,0,0,175.0,168.0,192.57142857142858,189.5,224.0
2024-07-01,MBP14,210,0,0,2024,7,0,0,0,0,399.0,186.0,225.57142857142858,196.23333333333332,-189.0
2024-07-02,MBP14,200,0,0,2024,7,1,0,0,0,210.0,196.0,229.0,197.6,-10.0
2024-07-03,MBP14,184,0,0,2024,7,2,0,0,0,200.0,207.0,229.57142857142858,198.83333333333334,-16.0
2024-07-04,MBP14,172,0,0,2024,7,3,0,0,0,184.0,210.0,226.28571428571428,198.46666666666667,-12.0
2024-07-05,MBP14,204,0,0,2024,7,4,0,0,0,172.0,206.0,220.85714285714286,198.03333333333333,32.0
2024-07-06,MBP14,160,0,0,2024,7,5,1,0,0,204.0,175.0,220.57142857142858,198.4,-44.0
2024-07-07,MBP14,180,0,0,2024,7,6,1,0,0,160.0,399.0,218.42857142857142,196.96666666666667,20.0
2024-07-08,MBP14,202,0,0,2024,7,0,0,0,0,180.0,210.0,187.14285714285714,195.73333333333332,22.0
2024-07-09,MBP14,196,0,0,2024,7,1,0,0,0,202.0,200.0,186.0,196.8,-6.0
2024-07-10,MBP14,201,0,0,2024,7,2,0,0,0,196.0,184.0,185.42857142857142,198.06666666666666,5.0
2024-07-11,MBP14,196,0,0,2024,7,3,0,0,0,201.0,172.0,187.85714285714286,198.06666666666666,-5.0
2024-07-12,MBP14,190,0,0,2024,7,4,0,0,0,196.0,204.0,191.28571428571428,198.13333333333333,-6.0
2024-07-13,MBP14,162,0,0,2024,7,5,1,0,0,190.0,160.0,189.28571428571428,197.43333333333334,-28.0
2024-07-14,MBP14,155,0,0,2024,7,6,1,0,0,162.0,180.0,189.57142857142858,196.36666666666667,-7.0
2024-07-15,MBP14,208,0,0,2024,7,0,0,0,0,155.0,202.0,186.0,195.1,53.0
2024-07-16,MBP14,219,0,0,2024,7,1,0,0,0,208.0,196.0,186.85714285714286,196.63333333333333,11.0
2024-07-17,MBP14,197,0,0,2024,7,2,0,0,0,219.0,201.0,190.14285714285714,198.93333333333334,-22.0
2024-07-18,MBP14,214,0,0,2024,7,3,0,0,0,197.0,196.0,189.57142857142858,198.9,17.0
2024-07-19,MBP14,187,0,0,2024,7,4,0,0,0,214.0,190.0,192.14285714285714,199.53333333333333,-27.0
2024-07-20,MBP14,414,1,0,2024,7,5,1,0,0,187.0,162.0,191.71428571428572,198.96666666666667,227.0
2024-07-21,MBP14,407,1,0,2024,7,6,1,0,0,414.0,155.0,227.71428571428572,205.7,-7.0
2024-07-22,MBP14,205,0,0,2024,7,0,0,0,0,407.0,208.0,263.7142857142857,212.26666666666668,-202.0
2024-07-23,MBP14,211,0,0,2024,7,1,0,0,0,205.0,219.0,263.2857142857143,213.66666666666666,6.0
2024-07-24,MBP14,213,1,0,2024,7,2,0,0,0,211.0,197.0,262.14285714285717,215.1,2.0
2024-07-25,MBP14,187,0,0,2024,7,3,0,0,0,213.0,214.0,264.42857142857144,216.0,-26.0
2024-07-26,MBP14,217,1,0,2024,7,4,0,0,0,187.0,187.0,260.57142857142856,215.7,30.0
2024-07-27,MBP14,410,1,0,2024,7,5,1,0,0,217.0,414.0,264.85714285714283,216.03333333333333,193.0
2024-07-28,MBP14,159,0,0,2024,7,6,1,0,0,410.0,407.0,264.2857142857143,222.7,-251.0
2024-07-29,MBP14,199,0,0,2024,7,0,0,0,0,159.0,205.0,228.85714285714286,221.13333333333333,40.0
2024-07-30,MBP14,207,0,0,2024,7,1,0,0,0,199.0,211.0,228.0,221.93333333333334,8.0
2024-07-31,MBP14,202,0,0,2024,7,2,0,0,0,207.0,213.0,227.42857142857142,215.53333333333333,-5.0
2024-08-01,MBP14,267,0,0,2024,8,3,0,1,0,202.0,187.0,225.85714285714286,215.26666666666668,65.0
2024-08-02,MBP14,271,0,0,2024,8,4,0,1,0,267.0,217.0,237.28571428571428,217.5,4.0
2024-08-03,MBP14,210,0,0,2024,8,5,1,1,0,271.0,410.0,245.0,220.4,-61.0
2024-08-04,MBP14,212,0,0,2024,8,6,1,1,0,210.0,159.0,216.42857142857142,221.66666666666666,2.0
2024-08-05,MBP14,270,0,0,2024,8,0,0,1,0,212.0,199.0,224.0,221.93333333333334,58.0
2024-08-06,MBP14,270,0,0,2024,8,1,0,1,0,270.0,207.0,234.14285714285714,225.6,0.0
2024-08-07,MBP14,272,0,0,2024,8,2,0,1,0,270.0,202.0,243.14285714285714,228.6,2.0
2024-08-08,MBP14,270,0,0,2024,8,3,0,1,0,272.0,267.0,253.14285714285714,230.93333333333334,-2.0
2024-08-09,MBP14,259,0,0,2024,8,4,0,1,0,270.0,271.0,253.57142857142858,233.4,-11.0
2024-08-10,MBP14,232,0,0,2024,8,5,1,1,0,259.0,210.0,251.85714285714286,235.33333333333334,-27.0
2024-08-11,MBP14,229,0,0,2024,8,6,1,1,0,232.0,212.0,255.0,236.53333333333333,-3.0
2024-08-12,MBP14,274,0,0,2024,8,0,0,1,0,229.0,270.0,257.42857142857144,237.83333333333334,45.0
2024-08-13,MBP14,266,0,0,2024,8,1,0,1,0,274.0,270.0,258.0,241.56666666666666,-8.0
2024-08-14,MBP14,279,0,0,2024,8,2,0,1,0,266.0,272.0,257.42857142857144,245.26666666666668,13.0
2024-08-15,MBP14,278,0,0,2024,8,3,0,1,0,279.0,270.0,258.42857142857144,247.63333333333333,-1.0
2024-08-16,MBP14,282,0,0,2024,8,4,0,1,0,278.0,259.0,259.57142857142856,249.6,4.0
2024-08-17,MBP14,224,0,0,2024,8,5,1,1,0,282.0,232.0,262.85714285714283,252.43333333333334,-58.0
2024-08-18,MBP14,172,0,1,2024,8,6,1,1,0,224.0,229.0,261.7142857142857,252.76666666666668,-52.0
2024-08-19,MBP14,275,0,0,2024,8,0,0,1,0,172.0,274.0,253.57142857142858,252.26666666666668,103.0
2024-08-20,MBP14,253,0,0,2024,8,1,0,1,0,275.0,266.0,253.71428571428572,247.63333333333333,-22.0
2024-08-21,MBP14,267,0,0,2024,8,2,0,1,0,253.0,279.0,251.85714285714286,242.5,14.0
2024-08-22,MBP14,286,0,0,2024,8,3,0,1,0,267.0,278.0,250.14285714285714,244.56666666666666,19.0
2024-08-23,MBP14,259,0,0,2024,8,4,0,1,0,286.0,282.0,251.28571428571428,247.06666666666666,-27.0
2024-08-24,MBP14,204,0,0,2024,8,5,1,1,0,259.0,224.0,248.0,248.6,-55.0
2024-08-25,MBP14,216,0,0,2024,8,6,1,1,0,204.0,172.0,245.14285714285714,249.16666666666666,12.0
2024-08-26,MBP14,268,0,0,2024,8,0,0,1,0,216.0,275.0,251.42857142857142,249.13333333333333,52.0
2024-08-27,MBP14,278,0,0,2024,8,1,0,1,0,268.0,253.0,250.42857142857142,244.4,10.0
2024-08-28,MBP14,286,1,0,2024,8,2,0,1,0,278.0,267.0,254.0,248.36666666666667,8.0
2024-08-29,MBP14,270,0,0,2024,8,3,0,1,0,286.0,286.0,256.7142857142857,251.26666666666668,-16.0
2024-08-30,MBP14,256,0,0,2024,8,4,0,1,0,270.0,259.0,254.42857142857142,253.36666666666667,-14.0
2024-08-31,MBP14,219,0,0,2024,8,5,1,1,0,256.0,204.0,254.0,255.16666666666666,-37.0
2024-09-01,MBP14,212,0,0,2024,9,6,1,1,0,219.0,216.0,256.14285714285717,253.56666666666666,-7.0
2024-09-02,MBP14,277,0,0,2024,9,0,0,1,0,212.0,268.0,255.57142857142858,251.6,65.0
2024-09-03,MBP14,271,0,0,2024,9,1,0,1,0,277.0,278.0,256.85714285714283,253.83333333333334,-6.0
2024-09-04,MBP14,249,0,0,2024,9,2,0,1,0,271.0,286.0,255.85714285714286,255.8,-22.0
2024-09-05,MBP14,282,0,0,2024,9,3,0,1,0,249.0,270.0,250.57142857142858,255.1,33.0
2024-09-06,MBP14,239,0,0,2024,9,4,0,1,0,282.0,256.0,252.28571428571428,255.5,-43.0
2024-09-07,MBP14,209,0,0,2024,9,5,1,1,0,239.0,219.0,249.85714285714286,254.4,-30.0
2024-09-08,MBP14,220,0,0,2024,9,6,1,1,0,209.0,212.0,248.42857142857142,252.36666666666667,11.0
2024-09-09,MBP14,269,0,0,2024,9,0,0,1,0,220.0,277.0,249.57142857142858,251.06666666666666,49.0
2024-09-10,MBP14,275,0,0,2024,9,1,0,1,0,269.0,271.0,248.42857142857142,252.3,6.0
2024-09-11,MBP14,265,0,0,2024,9,2,0,1,0,275.0,249.0,249.0,253.83333333333334,-10.0
2024-09-12,MBP14,264,0,0,2024,9,3,0,1,0,265.0,282.0,251.28571428571428,253.53333333333333,-1.0
2024-09-13,MBP14,269,0,0,2024,9,4,0,1,0,264.0,239.0,248.71428571428572,253.46666666666667,5.0
2024-09-14,MBP14,232,0,0,2024,9,5,1,1,0,269.0,209.0,253.0,253.13333333333333,-37.0
2024-09-15,MBP14,208,0,0,2024,9,6,1,1,0,232.0,220.0,256.2857142857143,251.6,-24.0
2024-09-16,MBP14,271,0,0,2024,9,0,0,1,0,208.0,269.0,254.57142857142858,249.13333333333333,63.0
2024-09-17,MBP14,273,0,0,2024,9,1,0,1,0,271.0,275.0,254.85714285714286,250.7,2.0
2024-09-18,MBP14,272,0,0,2024,9,2,0,1,0,273.0,265.0,254.57142857142858,254.06666666666666,-1.0
2024-09-19,MBP14,266,0,0,2024,9,3,0,1,0,272.0,264.0,255.57142857142858,253.96666666666667,-6.0
2024-09-20,MBP14,267,0,0,2024,9,4,0,1,0,266.0,269.0,255.85714285714286,254.4,1.0
2024-09-21,MBP14,217,0,0,2024,9,5,1,1,0,267.0,232.0,255.57142857142858,254.4,-50.0
2024-09-22,MBP14,219,0,0,2024,9,6,1,1,0,217.0,208.0,253.42857142857142,252.1,2.0
2024-09-23,MBP14,266,1,0,2024,9,0,0,1,0,219.0,271.0,255.0,250.76666666666668,47.0
2024-09-24,MBP14,275,0,0,2024,9,1,0,1,0,266.0,273.0,254.28571428571428,252.83333333333334,9.0
2024-09-25,MBP14,274,0,0,2024,9,2,0,1,0,275.0,272.0,254.57142857142858,254.8,-1.0
2024-09-26,MBP14,278,0,0,2024,9,3,0,1,0,274.0,266.0,254.85714285714286,255.0,4.0
2024-09-27,MBP14,254,0,0,2024,9,4,0,1,0,278.0,267.0,256.57142857142856,255.0,-24.0
2024-09-28,MBP14,550,1,0,2024,9,5,1,1,0,254.0,217.0,254.71428571428572,253.93333333333334,296.0
2024-09-29,MBP14,218,0,0,2024,9,6,1,1,0,550.0,219.0,302.2857142857143,263.26666666666665,-332.0
2024-09-30,MBP14,272,0,0,2024,9,0,0,1,0,218.0,266.0,302.14285714285717,262.0,54.0
2024-10-01,MBP14,198,0,0,2024,10,1,0,0,0,272.0,275.0,303.0,263.76666666666665,-74.0
2024-10-02,MBP14,204,0,0,2024,10,2,0,0,0,198.0,274.0,292.0,263.3,6.0
2024-10-03,MBP14,195,0,0,2024,10,3,0,0,0,204.0,278.0,282.0,260.8666666666667,-9.0
2024-10-04,MBP14,211,1,0,2024,10,4,0,0,0,195.0,254.0,270.14285714285717,258.3333333333333,16.0
2024-10-05,MBP14,148,0,0,2024,10,5,1,0,0,211.0,550.0,264.0,257.06666666666666,-63.0
2024-10-06,MBP14,159,0,0,2024,10,6,1,0,0,148.0,218.0,206.57142857142858,252.6,11.0
2024-10-07,MBP14,197,0,0,2024,10,0,0,0,0,159.0,272.0,198.14285714285714,249.93333333333334,38.0
2024-10-08,MBP14,179,0,0,2024,10,1,0,0,0,197.0,198.0,187.42857142857142,249.53333333333333,-18.0
2024-10-09,MBP14,201,0,0,2024,10,2,0,0,0,179.0,204.0,184.71428571428572,248.16666666666666,22.0
2024-10-10,MBP14,213,1,0,2024,10,3,0,0,0,201.0,195.0,184.28571428571428,245.9,12.0
2024-10-11,MBP14,197,0,0,2024,10,4,0,0,0,213.0,211.0,186.85714285714286,243.83333333333334,-16.0
2024-10-12,MBP14,412,1,0,2024,10,5,1,0,0,197.0,148.0,184.85714285714286,241.56666666666666,215.0
2024-10-13,MBP14,174,0,0,2024,10,6,1,0,0,412.0,159.0,222.57142857142858,246.5,-238.0
2024-10-14,MBP14,228,1,0,2024,10,0,0,0,0,174.0,197.0,224.71428571428572,243.33333333333334,54.0
2024-10-15,MBP14,189,0,0,2024,10,1,0,0,0,228.0,179.0,229.14285714285714,243.2,-39.0
2024-10-16,MBP14,205,0,0,2024,10,2,0,0,0,189.0,201.0,230.57142857142858,242.56666666666666,16.0
2024-10-17,MBP14,201,0,0,2024,10,3,0,0,0,205.0,213.0,231.14285714285714,240.36666666666667,-4.0
2024-10-18,MBP14,200,0,0,2024,10,4,0,0,0,201.0,197.0,229.42857142857142,237.96666666666667,-1.0
2024-10-19,MBP14,151,0,0,2024,10,5,1,0,0,200.0,412.0,229.85714285714286,235.56666666666666,-49.0
2024-10-20,MBP14,130,0,1,2024,10,6,1,0,0,151.0,174.0,192.57142857142858,231.73333333333332,-21.0
2024-10-21,MBP14,180,0,0,2024,10,0,0,0,0,130.0,228.0,186.28571428571428,227.16666666666666,50.0
2024-10-22,MBP14,198,0,0,2024,10,1,0,0,0,180.0,189.0,179.42857142857142,225.93333333333334,18.0
2024-10-23,MBP14,185,0,0,2024,10,2,0,0,0,198.0,205.0,180.71428571428572,225.23333333333332,-13.0
2024-10-24,MBP14,196,0,0,2024,10,3,0,0,0,185.0,201.0,177.85714285714286,222.53333333333333,11.0
2024-10-25,MBP14,219,1,0,2024,10,4,0,0,0,196.0,200.0,177.14285714285714,219.9,23.0
2024-10-26,MBP14,399,1,0,2024,10,5,1,0,0,219.0,151.0,179.85714285714286,218.06666666666666,180.0
2024-10-27,MBP14,113,0,1,2024,10,6,1,0,0,399.0,130.0,215.28571428571428,222.1,-286.0
2024-10-28,MBP14,203,0,0,2024,10,0,0,0,0,113.0,180.0,212.85714285714286,217.4,90.0
2024-10-29,MBP14,204,1,0,2024,10,1,0,0,0,203.0,198.0,216.14285714285714,205.83333333333334,1.0
2024-10-30,MBP14,218,0,0,2024,10,2,0,0,0,204.0,185.0,217.0,205.36666666666667,14.0
2024-10-31,MBP14,186,0,0,2024,10,3,0,0,0,218.0,196.0,221.71428571428572,203.56666666666666,-32.0
2024-11-01,MBP14,316,0,0,2024,11,4,0,0,1,186.0,219.0,220.28571428571428,203.16666666666666,130.0
2024-11-02,MBP14,583,1,0,2024,11,5,1,0,1,316.0,399.0,234.14285714285714,206.9,267.0
2024-11-03,MBP14,230,0,0,2024,11,6,1,0,1,583.0,113.0,260.42857142857144,219.83333333333334,-353.0
2024-11-04,MBP14,278,0,0,2024,11,0,0,0,1,230.0,203.0,277.14285714285717,220.46666666666667,48.0
2024-11-05,MBP14,294,0,0,2024,11,1,0,0,1,278.0,204.0,287.85714285714283,224.8,16.0
2024-11-06,MBP14,271,0,0,2024,11,2,0,0,1,294.0,218.0,300.7142857142857,229.3,-23.0
2024-11-07,MBP14,293,0,0,2024,11,3,0,0,1,271.0,186.0,308.2857142857143,231.76666666666668,22.0
2024-11-08,MBP14,313,1,0,2024,11,4,0,0,1,293.0,316.0,323.57142857142856,235.56666666666666,20.0
2024-11-09,MBP14,224,0,0,2024,11,5,1,0,1,313.0,583.0,323.14285714285717,239.3,-89.0
2024-11-10,MBP14,250,0,0,2024,11,6,1,0,1,224.0,230.0,271.85714285714283,239.66666666666666,26.0
2024-11-11,MBP14,283,0,0,2024,11,0,0,0,1,250.0,278.0,274.7142857142857,241.43333333333334,33.0
2024-11-12,MBP14,288,0,0,2024,11,1,0,0,1,283.0,294.0,275.42857142857144,237.13333333333333,5.0
2024-11-13,MBP14,275,0,0,2024,11,2,0,0,1,288.0,271.0,274.57142857142856,240.93333333333334,-13.0
2024-11-14,MBP14,289,0,0,2024,11,3,0,0,1,275.0,293.0,275.14285714285717,242.5,14.0
2024-11-15,MBP14,309,1,0,2024,11,4,0,0,1,289.0,313.0,274.57142857142856,245.83333333333334,20.0
2024-11-16,MBP14,224,0,0,2024,11,5,1,0,1,309.0,224.0,274.0,249.3,-85.0
2024-11-17,MBP14,237,0,0,2024,11,6,1,0,1,224.0,250.0,274.0,250.06666666666666,13.0
2024-11-18,MBP14,62,0,1,2024,11,0,0,0,1,237.0,283.0,272.14285714285717,251.3,-175.0
2024-11-19,MBP14,297,0,0,2024,11,1,0,0,1,62.0,288.0,240.57142857142858,248.33333333333334,235.0
2024-11-20,MBP14,290,0,0,2024,11,2,0,0,1,297.0,275.0,241.85714285714286,253.9,-7.0
2024-11-21,MBP14,301,0,0,2024,11,3,0,0,1,290.0,289.0,244.0,257.56666666666666,11.0
2024-11-22,MBP14,279,0,0,2024,11,4,0,0,1,301.0,309.0,245.71428571428572,261.0,-22.0
2024-11-23,MBP14,238,0,0,2024,11,5,1,0,1,279.0,224.0,241.42857142857142,264.1333333333333,-41.0
2024-11-24,MBP14,228,0,0,2024,11,6,1,0,1,238.0,237.0,243.42857142857142,265.53333333333336,-10.0
2024-11-25,MBP14,293,0,0,2024,11,0,0,0,1,228.0,62.0,242.14285714285714,265.8333333333333,65.0
2024-11-26,MBP14,291,0,0,2024,11,1,0,0,1,293.0,297.0,275.14285714285717,262.3,-2.0
2024-11-27,MBP14,283,0,0,2024,11,2,0,0,1,291.0,290.0,274.2857142857143,268.23333333333335,-8.0
2024-11-28,MBP14,289,0,0,2024,11,3,0,0,1,283.0,301.0,273.2857142857143,270.9,6.0
2024-11-29,MBP14,283,0,0,2024,11,4,0,0,1,289.0,279.0,271.57142857142856,273.73333333333335,-6.0
2024-11-30,MBP14,64,0,1,2024,11,5,1,0,1,283.0,238.0,272.14285714285717,275.9,-219.0
2024-12-01,MBP14,241,0,0,2024,12,6,1,0,1,64.0,228.0,247.28571428571428,271.8333333333333,177.0
2024-12-02,MBP14,322,1,0,2024,12,0,0,0,1,241.0,293.0,249.14285714285714,269.3333333333333,81.0
2024-12-03,MBP14,297,1,0,2024,12,1,0,0,1,322.0,291.0,253.28571428571428,260.6333333333333,-25.0
2024-12-04,MBP14,275,0,0,2024,12,2,0,0,1,297.0,283.0,254.14285714285714,262.8666666666667,-22.0
2024-12-05,MBP14,308,1,0,2024,12,3,0,0,1,275.0,289.0,253.0,262.76666666666665,33.0
2024-12-06,MBP14,293,0,0,2024,12,4,0,0,1,308.0,283.0,255.71428571428572,263.23333333333335,-15.0
2024-12-07,MBP14,241,0,0,2024,12,5,1,0,1,293.0,64.0,257.14285714285717,263.96666666666664,-52.0
2024-12-08,MBP14,594,1,0,2024,12,6,1,0,1,241.0,241.0,282.42857142857144,262.23333333333335,353.0
2024-12-09,MBP14,306,0,0,2024,12,0,0,0,1,594.0,322.0,332.85714285714283,271.6,-288.0
2024-12-10,MBP14,296,0,0,2024,12,1,0,0,1,306.0,297.0,330.57142857142856,274.3333333333333,-10.0
2024-12-11,MBP14,48,0,1,2024,12,2,0,0,1,296.0,275.0,330.42857142857144,275.8666666666667,-248.0
2024-12-12,MBP14,277,0,0,2024,12,3,0,0,1,48.0,308.0,298.0,268.03333333333336,229.0
2024-12-13,MBP14,307,0,0,2024,12,4,0,0,1,277.0,293.0,293.57142857142856,267.6666666666667,30.0
2024-12-14,MBP14,235,0,0,2024,12,5,1,0,1,307.0,241.0,295.57142857142856,268.73333333333335,-72.0
2024-12-15,MBP14,247,0,0,2024,12,6,1,0,1,235.0,594.0,294.7142857142857,266.93333333333334,12.0
2024-12-16,MBP14,282,0,0,2024,12,0,0,0,1,247.0,306.0,245.14285714285714,264.8666666666667,35.0
2024-12-17,MBP14,296,0,0,2024,12,1,0,0,1,282.0,296.0,241.71428571428572,266.8,14.0
2024-12-18,MBP14,282,0,0,2024,12,2,0,0,1,296.0,48.0,241.71428571428572,268.76666666666665,-14.0
2024-12-19,MBP14,268,0,0,2024,12,3,0,0,1,282.0,277.0,275.14285714285717,276.1,-14.0
2024-12-20,MBP14,300,0,0,2024,12,4,0,0,1,268.0,307.0,273.85714285714283,275.1333333333333,32.0
2024-12-21,MBP14,224,0,0,2024,12,5,1,0,1,300.0,235.0,272.85714285714283,275.46666666666664,-76.0
2024-12-22,MBP14,223,0,0,2024,12,6,1,0,1,224.0,247.0,271.2857142857143,272.9,-1.0
2024-12-23,MBP14,289,0,0,2024,12,0,0,0,1,223.0,282.0,267.85714285714283,271.03333333333336,66.0
2024-12-24,MBP14,304,1,0,2024,12,1,0,0,1,289.0,296.0,268.85714285714283,272.73333333333335,15.0
2024-12-25,MBP14,292,0,0,2024,12,2,0,0,1,304.0,282.0,270.0,275.26666666666665,-12.0
2024-12-26,MBP14,294,0,0,2024,12,3,0,0,1,292.0,268.0,271.42857142857144,275.23333333333335,2.0
2024-12-27,MBP14,297,1,0,2024,12,4,0,0,1,294.0,300.0,275.14285714285717,275.3333333333333,3.0
2024-12-28,MBP14,223,0,0,2024,12,5,1,0,1,297.0,224.0,274.7142857142857,275.8,-74.0
2024-12-29,MBP14,246,0,0,2024,12,6,1,0,1,223.0,223.0,274.57142857142856,273.6,23.0
2024-12-30,MBP14,298,0,0,2024,12,0,0,0,1,246.0,289.0,277.85714285714283,272.3666666666667,52.0
2024-12-31,MBP14,279,0,0,2024,12,1,0,0,1,298.0,304.0,279.14285714285717,280.1666666666667,-19.0
2025-01-01,MBP14,191,0,0,2025,1,2,0,0,0,279.0,292.0,275.57142857142856,281.43333333333334,-88.0
2025-01-02,MBP14,202,0,0,2025,1,3,0,0,0,191.0,294.0,261.14285714285717,277.06666666666666,11.0
2025-01-03,MBP14,193,0,0,2025,1,4,0,0,0,202.0,297.0,248.0,273.9,-9.0
2025-01-04,MBP14,162,0,0,2025,1,5,1,0,0,193.0,223.0,233.14285714285714,271.1666666666667,-31.0
2025-01-05,MBP14,173,0,0,2025,1,6,1,0,0,162.0,246.0,224.42857142857142,266.3,11.0
2025-01-06,MBP14,204,0,0,2025,1,0,0,0,0,173.0,298.0,214.0,262.3,31.0
2025-01-07,MBP14,216,0,0,2025,1,1,0,0,0,204.0,279.0,200.57142857142858,261.06666666666666,12.0
2025-01-08,MBP14,203,0,0,2025,1,2,0,0,0,216.0,191.0,191.57142857142858,248.46666666666667,-13.0
2025-01-09,MBP14,215,0,0,2025,1,3,0,0,0,203.0,202.0,193.28571428571428,245.03333333333333,12.0
2025-01-10,MBP14,212,1,0,2025,1,4,0,0,0,215.0,193.0,195.14285714285714,242.33333333333334,-3.0
2025-01-11,MBP14,144,0,0,2025,1,5,1,0,0,212.0,162.0,197.85714285714286,247.8,-68.0
2025-01-12,MBP14,170,0,0,2025,1,6,1,0,0,144.0,173.0,195.28571428571428,243.36666666666667,26.0
2025-01-13,MBP14,188,0,0,2025,1,0,0,0,0,170.0,204.0,194.85714285714286,238.8,18.0
2025-01-14,MBP14,200,0,0,2025,1,1,0,0,0,188.0,216.0,192.57142857142858,237.23333333333332,12.0
2025-01-15,MBP14,183,0,0,2025,1,2,0,0,0,200.0,203.0,190.28571428571428,235.66666666666666,-17.0
2025-01-16,MBP14,205,0,0,2025,1,3,0,0,0,183.0,215.0,187.42857142857142,232.36666666666667,22.0
2025-01-17,MBP14,207,0,0,2025,1,4,0,0,0,205.0,212.0,186.0,229.33333333333334,2.0
2025-01-18,MBP14,171,0,0,2025,1,5,1,0,0,207.0,144.0,185.28571428571428,226.83333333333334,-36.0
2025-01-19,MBP14,152,0,0,2025,1,6,1,0,0,171.0,170.0,189.14285714285714,223.6,-19.0
2025-01-20,MBP14,197,0,0,2025,1,0,0,0,0,152.0,188.0,186.57142857142858,218.66666666666666,45.0
2025-01-21,MBP14,202,0,0,2025,1,1,0,0,0,197.0,200.0,187.85714285714286,217.76666666666668,5.0
2025-01-22,MBP14,210,0,0,2025,1,2,0,0,0,202.0,183.0,188.14285714285714,217.06666666666666,8.0
2025-01-23,MBP14,207,0,0,2025,1,3,0,0,0,210.0,205.0,192.0,214.43333333333334,-3.0
2025-01-24,MBP14,196,0,0,2025,1,4,0,0,0,207.0,207.0,192.28571428571428,211.2,-11.0
2025-01-25,MBP14,176,0,0,2025,1,5,1,0,0,196.0,171.0,190.71428571428572,208.0,-20.0
2025-01-26,MBP14,152,0,0,2025,1,6,1,0,0,176.0,152.0,191.42857142857142,204.06666666666666,-24.0
2025-01-27,MBP14,208,0,0,2025,1,0,0,0,0,152.0,197.0,191.42857142857142,199.23333333333332,56.0
2025-01-28,MBP14,198,0,0,2025,1,1,0,0,0,208.0,202.0,193.0,198.73333333333332,-10.0
2025-01-29,MBP14,213,0,0,2025,1,2,0,0,0,198.0,210.0,192.42857142857142,197.13333333333333,15.0
2025-01-30,MBP14,210,1,0,2025,1,3,0,0,0,213.0,207.0,192.85714285714286,194.3,-3.0
2025-01-31,MBP14,232,0,0,2025,1,4,0,0,0,210.0,196.0,193.28571428571428,192.0,22.0
2025-02-01,MBP14,169,0,0,2025,2,5,1,0,0,232.0,176.0,198.42857142857142,193.36666666666667,-63.0
2025-02-02,MBP14,179,0,0,2025,2,6,1,0,0,169.0,152.0,197.42857142857142,192.26666666666668,10.0
2025-02-03,MBP14,222,0,0,2025,2,0,0,0,0,179.0,208.0,201.28571428571428,191.8,43.0
2025-02-04,MBP14,203,0,0,2025,2,1,0,0,0,222.0,198.0,203.28571428571428,193.8,-19.0
2025-02-05,MBP14,204,0,0,2025,2,2,0,0,0,203.0,213.0,204.0,194.8,1.0
2025-02-06,MBP14,217,0,0,2025,2,3,0,0,0,204.0,210.0,202.71428571428572,194.8,13.0
2025-02-07,MBP14,206,0,0,2025,2,4,0,0,0,217.0,232.0,203.71428571428572,194.83333333333334,-11.0
2025-02-08,MBP14,157,0,0,2025,2,5,1,0,0,206.0,169.0,200.0,194.93333333333334,-49.0
2025-02-09,MBP14,151,0,0,2025,2,6,1,0,0,157.0,179.0,198.28571428571428,193.0,-6.0
2025-02-10,MBP14,207,0,0,2025,2,0,0,0,0,151.0,222.0,194.28571428571428,190.96666666666667,56.0
2025-02-11,MBP14,159,0,1,2025,2,1,0,0,0,207.0,203.0,192.14285714285714,193.06666666666666,-48.0
2025-02-12,MBP14,212,0,0,2025,2,2,0,0,0,159.0,204.0,185.85714285714286,192.7,53.0
2025-02-13,MBP14,201,0,0,2025,2,3,0,0,0,212.0,217.0,187.0,193.5,-11.0
2025-02-14,MBP14,222,0,0,2025,2,4,0,0,0,201.0,206.0,184.71428571428572,193.53333333333333,21.0
2025-02-15,MBP14,158,0,0,2025,2,5,1,0,0,222.0,157.0,187.0,194.83333333333334,-64.0
2025-02-16,MBP14,155,0,0,2025,2,6,1,0,0,158.0,151.0,187.14285714285714,193.26666666666668,-3.0
2025-02-17,MBP14,204,0,0,2025,2,0,0,0,0,155.0,207.0,187.71428571428572,191.53333333333333,49.0
2025-02-18,MBP14,211,0,0,2025,2,1,0,0,0,204.0,159.0,187.28571428571428,192.63333333333333,7.0
2025-02-19,MBP14,213,0,0,2025,2,2,0,0,0,211.0,212.0,194.71428571428572,194.6,2.0
2025-02-20,MBP14,206,0,0,2025,2,3,0,0,0,213.0,201.0,194.85714285714286,195.13333333333333,-7.0
2025-02-21,MBP14,222,0,0,2025,2,4,0,0,0,206.0,222.0,195.57142857142858,195.26666666666668,16.0
2025-02-22,MBP14,166,0,0,2025,2,5,1,0,0,222.0,158.0,195.57142857142858,195.66666666666666,-56.0
2025-02-23,MBP14,163,0,0,2025,2,6,1,0,0,166.0,155.0,196.71428571428572,194.3,-3.0
2025-02-24,MBP14,209,0,0,2025,2,0,0,0,0,163.0,204.0,197.85714285714286,193.2,46.0
2025-02-25,MBP14,195,0,0,2025,2,1,0,0,0,209.0,211.0,198.57142857142858,194.3,-14.0
2025-02-26,MBP14,215,0,0,2025,2,2,0,0,0,195.0,213.0,196.28571428571428,195.73333333333332,20.0
2025-02-27,MBP14,217,0,0,2025,2,3,0,0,0,215.0,206.0,196.57142857142858,195.96666666666667,2.0
2025-02-28,MBP14,217,1,0,2025,2,4,0,0,0,217.0,222.0,198.14285714285714,196.6,0.0
2025-03-01,MBP14,157,0,0,2025,3,5,1,0,0,217.0,166.0,197.42857142857142,196.73333333333332,-60.0
2025-03-02,MBP14,168,0,0,2025,3,6,1,0,0,157.0,163.0,196.14285714285714,194.96666666666667,11.0
2025-03-03,MBP14,232,1,0,2025,3,0,0,0,0,168.0,209.0,196.85714285714286,192.83333333333334,64.0
2025-03-04,MBP14,210,0,0,2025,3,1,0,0,0,232.0,195.0,200.14285714285714,194.93333333333334,-22.0
2025-03-05,MBP14,213,0,0,2025,3,2,0,0,0,210.0,215.0,202.28571428571428,195.96666666666667,3.0
2025-03-06,MBP14,214,0,0,2025,3,3,0,0,0,213.0,217.0,202.0,195.66666666666666,1.0
2025-03-07,MBP14,195,0,0,2025,3,4,0,0,0,214.0,217.0,201.57142857142858,196.03333333333333,-19.0
2025-03-08,MBP14,164,0,0,2025,3,5,1,0,0,195.0,157.0,198.42857142857142,195.73333333333332,-31.0
2025-03-09,MBP14,173,0,0,2025,3,6,1,0,0,164.0,168.0,199.42857142857142,193.96666666666667,9.0
2025-03-10,MBP14,193,0,0,2025,3,0,0,0,0,173.0,232.0,200.14285714285714,192.86666666666667,20.0
2025-03-11,MBP14,216,0,0,2025,3,1,0,0,0,193.0,210.0,194.57142857142858,194.06666666666666,23.0
2025-03-12,MBP14,193,0,0,2025,3,2,0,0,0,216.0,213.0,195.42857142857142,196.23333333333332,-23.0
2025-03-13,MBP14,201,0,0,2025,3,3,0,0,0,193.0,214.0,192.57142857142858,195.76666666666668,8.0
2025-03-14,MBP14,216,0,0,2025,3,4,0,0,0,201.0,195.0,190.71428571428572,197.16666666666666,15.0
2025-03-15,MBP14,165,0,0,2025,3,5,1,0,0,216.0,164.0,193.71428571428572,197.3,-51.0
2025-03-16,MBP14,168,0,0,2025,3,6,1,0,0,165.0,173.0,193.85714285714286,196.1,3.0
2025-03-17,MBP14,224,0,0,2025,3,0,0,0,0,168.0,193.0,193.14285714285714,194.3,56.0
2025-03-18,MBP14,214,0,0,2025,3,1,0,0,0,224.0,216.0,197.57142857142858,196.5,-10.0
2025-03-19,MBP14,205,0,0,2025,3,2,0,0,0,214.0,193.0,197.28571428571428,198.46666666666667,-9.0
2025-03-20,MBP14,191,0,0,2025,3,3,0,0,0,205.0,201.0,199.0,198.5,-14.0
2025-03-21,MBP14,174,0,1,2025,3,4,0,0,0,191.0,216.0,197.57142857142858,197.83333333333334,-17.0
2025-03-22,MBP14,166,0,0,2025,3,5,1,0,0,174.0,165.0,191.57142857142858,196.53333333333333,-8.0
2025-03-23,MBP14,164,0,0,2025,3,6,1,0,0,166.0,168.0,191.71428571428572,195.2,-2.0
2025-03-24,MBP14,216,1,0,2025,3,0,0,0,0,164.0,224.0,191.14285714285714,193.26666666666668,52.0
2025-03-25,MBP14,202,0,0,2025,3,1,0,0,0,216.0,214.0,190.0,194.93333333333334,-14.0
2025-03-26,MBP14,199,0,0,2025,3,2,0,0,0,202.0,205.0,188.28571428571428,196.23333333333332,-3.0
2025-03-27,MBP14,201,0,0,2025,3,3,0,0,0,199.0,191.0,187.42857142857142,195.9,2.0
2025-03-28,MBP14,200,0,0,2025,3,4,0,0,0,201.0,174.0,188.85714285714286,196.1,-1.0
2025-03-29,MBP14,158,0,0,2025,3,5,1,0,0,200.0,166.0,192.57142857142858,195.6,-42.0
2025-03-30,MBP14,422,1,0,2025,3,6,1,0,0,158.0,164.0,191.42857142857142,193.63333333333333,264.0
2025-03-31,MBP14,213,0,0,2025,3,0,0,0,0,422.0,216.0,228.28571428571428,200.46666666666667,-209.0
2025-04-01,MBP14,204,0,0,2025,4,1,0,0,0,213.0,202.0,227.85714285714286,202.33333333333334,-9.0
2025-04-02,MBP14,224,0,0,2025,4,2,0,0,0,204.0,199.0,228.14285714285714,203.53333333333333,20.0
2025-04-03,MBP14,228,1,0,2025,4,3,0,0,0,224.0,201.0,231.71428571428572,203.26666666666668,4.0
2025-04-04,MBP14,211,0,0,2025,4,4,0,0,0,228.0,200.0,235.57142857142858,203.86666666666667,-17.0
2025-04-05,MBP14,175,0,0,2025,4,5,1,0,0,211.0,158.0,237.14285714285714,203.8,-36.0
2025-04-06,MBP14,155,0,0,2025,4,6,1,0,0,175.0,422.0,239.57142857142858,202.5,-20.0
2025-04-07,MBP14,217,0,0,2025,4,0,0,0,0,155.0,213.0,201.42857142857142,201.16666666666666,62.0
2025-04-08,MBP14,200,0,0,2025,4,1,0,0,0,217.0,204.0,202.0,202.93333333333334,-17.0
2025-04-09,MBP14,222,0,0,2025,4,2,0,0,0,200.0,224.0,201.42857142857142,203.83333333333334,22.0
2025-04-10,MBP14,231,0,0,2025,4,3,0,0,0,222.0,228.0,201.14285714285714,204.8,9.0
2025-04-11,MBP14,227,0,0,2025,4,4,0,0,0,231.0,211.0,201.57142857142858,205.3,-4.0
2025-04-12,MBP14,172,0,0,2025,4,5,1,0,0,227.0,175.0,203.85714285714286,206.43333333333334,-55.0
2025-04-13,MBP14,424,1,0,2025,4,6,1,0,0,172.0,155.0,203.42857142857142,205.46666666666667,252.0
2025-04-14,MBP14,213,0,0,2025,4,0,0,0,0,424.0,217.0,241.85714285714286,212.4,-211.0
2025-04-15,MBP14,203,0,0,2025,4,1,0,0,0,213.0,200.0,241.28571428571428,214.0,-10.0
2025-04-16,MBP14,211,0,0,2025,4,2,0,0,0,203.0,222.0,241.71428571428572,215.16666666666666,8.0
2025-04-17,MBP14,199,0,0,2025,4,3,0,0,0,211.0,231.0,240.14285714285714,214.73333333333332,-12.0
2025-04-18,MBP14,222,0,0,2025,4,4,0,0,0,199.0,227.0,235.57142857142858,214.23333333333332,23.0
2025-04-19,MBP14,173,0,0,2025,4,5,1,0,0,222.0,172.0,234.85714285714286,214.8,-49.0
2025-04-20,MBP14,178,0,0,2025,4,6,1,0,0,173.0,424.0,235.0,214.2,5.0
2025-04-21,MBP14,217,1,0,2025,4,0,0,0,0,178.0,213.0,199.85714285714286,214.33333333333334,39.0
2025-04-22,MBP14,202,0,0,2025,4,1,0,0,0,217.0,203.0,200.42857142857142,216.03333333333333,-15.0
2025-04-23,MBP14,194,0,0,2025,4,2,0,0,0,202.0,211.0,200.28571428571428,217.3,-8.0
2025-04-24,MBP14,200,0,0,2025,4,3,0,0,0,194.0,199.0,197.85714285714286,216.56666666666666,6.0
2025-04-25,MBP14,215,1,0,2025,4,4,0,0,0,200.0,222.0,198.0,216.5,15.0
2025-04-26,MBP14,140,0,1,2025,4,5,1,0,0,215.0,173.0,197.0,217.03333333333333,-75.0
2025-04-27,MBP14,170,0,0,2025,4,6,1,0,0,140.0,178.0,192.28571428571428,215.0,30.0
2025-04-28,MBP14,208,0,0,2025,4,0,0,0,0,170.0,217.0,191.14285714285714,214.0,38.0
2025-04-29,MBP14,223,1,0,2025,4,1,0,0,0,208.0,202.0,189.85714285714286,215.66666666666666,15.0
2025-04-30,MBP14,205,0,0,2025,4,2,0,0,0,223.0,194.0,192.85714285714286,209.03333333333333,-18.0
2025-05-01,MBP14,212,0,0,2025,5,3,0,0,0,205.0,200.0,194.42857142857142,208.76666666666668,7.0
2025-05-02,MBP14,208,0,0,2025,5,4,0,0,0,212.0,215.0,196.14285714285714,209.03333333333333,-4.0
2025-05-03,MBP14,168,0,0,2025,5,5,1,0,0,208.0,140.0,195.14285714285714,208.5,-40.0
2025-05-04,MBP14,160,0,0,2025,5,6,1,0,0,168.0,170.0,199.14285714285714,206.5,-8.0
2025-05-05,MBP14,203,0,0,2025,5,0,0,0,0,160.0,208.0,197.71428571428572,204.8,43.0
2025-05-06,MBP14,189,0,0,2025,5,1,0,0,0,203.0,223.0,197.0,205.73333333333332,-14.0
2025-05-07,MBP14,198,0,0,2025,5,2,0,0,0,189.0,205.0,192.14285714285714,206.86666666666667,9.0
2025-05-08,MBP14,216,0,0,2025,5,3,0,0,0,198.0,212.0,191.14285714285714,206.23333333333332,18.0
2025-05-09,MBP14,199,0,0,2025,5,4,0,0,0,216.0,208.0,191.71428571428572,206.76666666666668,-17.0
2025-05-10,MBP14,170,0,0,2025,5,5,1,0,0,199.0,168.0,190.42857142857142,206.0,-29.0
2025-05-11,MBP14,159,0,0,2025,5,6,1,0,0,170.0,160.0,190.71428571428572,203.96666666666667,-11.0
2025-05-12,MBP14,214,0,0,2025,5,0,0,0,0,159.0,203.0,190.57142857142858,201.7,55.0
2025-05-13,MBP14,210,0,0,2025,5,1,0,0,0,214.0,189.0,192.14285714285714,203.1,-4.0
2025-05-14,MBP14,205,1,0,2025,5,2,0,0,0,210.0,198.0,195.14285714285714,195.96666666666667,-5.0
2025-05-15,MBP14,215,0,0,2025,5,3,0,0,0,205.0,216.0,196.14285714285714,195.7,10.0
2025-05-16,MBP14,217,0,0,2025,5,4,0,0,0,215.0,199.0,196.0,196.1,2.0
2025-05-17,MBP14,159,0,0,2025,5,5,1,0,0,217.0,170.0,198.57142857142858,196.3,-58.0
2025-05-18,MBP14,164,0,0,2025,5,6,1,0,0,159.0,159.0,197.0,194.96666666666667,5.0
2025-05-19,MBP14,197,0,0,2025,5,0,0,0,0,164.0,214.0,197.71428571428572,193.03333333333333,33.0
2025-05-20,MBP14,214,0,0,2025,5,1,0,0,0,197.0,210.0,195.28571428571428,193.83333333333334,17.0
2025-05-21,MBP14,206,0,0,2025,5,2,0,0,0,214.0,205.0,195.85714285714286,195.03333333333333,-8.0
2025-05-22,MBP14,206,0,0,2025,5,3,0,0,0,206.0,215.0,196.0,194.66666666666666,0.0
2025-05-23,MBP14,187,0,0,2025,5,4,0,0,0,206.0,217.0,194.71428571428572,194.8,-19.0
2025-05-24,MBP14,165,0,0,2025,5,5,1,0,0,187.0,159.0,190.42857142857142,194.56666666666666,-22.0
2025-05-25,MBP14,429,1,0,2025,5,6,1,0,0,165.0,164.0,191.28571428571428,193.4,264.0
2025-05-26,MBP14,226,0,0,2025,5,0,0,0,0,429.0,197.0,229.14285714285714,200.53333333333333,-203.0
2025-05-27,MBP14,218,0,0,2025,5,1,0,0,0,226.0,214.0,233.28571428571428,203.4,-8.0
2025-05-28,MBP14,224,1,0,2025,5,2,0,0,0,218.0,206.0,233.85714285714286,205.0,6.0
2025-05-29,MBP14,202,0,0,2025,5,3,0,0,0,224.0,206.0,236.42857142857142,205.53333333333333,-22.0
2025-05-30,MBP14,200,0,0,2025,5,4,0,0,0,202.0,187.0,235.85714285714286,204.83333333333334,-2.0
2025-05-31,MBP14,410,1,0,2025,5,5,1,0,0,200.0,165.0,237.71428571428572,204.66666666666666,210.0
2025-06-01,MBP14,164,0,0,2025,6,6,1,0,0,410.0,429.0,272.7142857142857,211.26666666666668,-246.0
2025-06-02,MBP14,202,0,0,2025,6,0,0,0,0,164.0,226.0,234.85714285714286,209.8,38.0
2025-06-03,MBP14,222,1,0,2025,6,1,0,0,0,202.0,218.0,231.42857142857142,210.93333333333334,20.0
2025-06-04,MBP14,193,0,0,2025,6,2,0,0,0,222.0,224.0,232.0,213.0,-29.0
2025-06-05,MBP14,203,0,0,2025,6,3,0,0,0,193.0,202.0,227.57142857142858,212.66666666666666,10.0
2025-06-06,MBP14,189,0,0,2025,6,4,0,0,0,203.0,200.0,227.71428571428572,213.13333333333333,-14.0
2025-06-07,MBP14,175,0,0,2025,6,5,1,0,0,189.0,410.0,226.14285714285714,212.83333333333334,-14.0
2025-06-08,MBP14,163,0,0,2025,6,6,1,0,0,175.0,164.0,192.57142857142858,211.46666666666667,-12.0
2025-06-09,MBP14,221,0,0,2025,6,0,0,0,0,163.0,202.0,192.42857142857142,210.26666666666668,58.0
2025-06-10,MBP14,212,0,0,2025,6,1,0,0,0,221.0,222.0,195.14285714285714,211.96666666666667,-9.0
2025-06-11,MBP14,199,1,0,2025,6,2,0,0,0,212.0,193.0,193.71428571428572,213.73333333333332,-13.0
2025-06-12,MBP14,194,0,0,2025,6,3,0,0,0,199.0,203.0,194.57142857142858,213.23333333333332,-5.0
2025-06-13,MBP14,202,0,0,2025,6,4,0,0,0,194.0,189.0,193.28571428571428,212.7,8.0
2025-06-14,MBP14,187,0,0,2025,6,5,1,0,0,202.0,175.0,195.14285714285714,212.6,-15.0
2025-06-15,MBP14,158,0,0,2025,6,6,1,0,0,187.0,163.0,196.85714285714286,211.66666666666666,-29.0
2025-06-16,MBP14,208,0,0,2025,6,0,0,0,0,158.0,221.0,196.14285714285714,209.7,50.0
2025-06-17,MBP14,215,0,0,2025,6,1,0,0,0,208.0,212.0,194.28571428571428,211.33333333333334,7.0
2025-06-18,MBP14,228,1,0,2025,6,2,0,0,0,215.0,199.0,194.71428571428572,213.03333333333333,13.0
2025-06-19,MBP14,205,0,0,2025,6,3,0,0,0,228.0,194.0,198.85714285714286,214.06666666666666,-23.0
2025-06-20,MBP14,197,0,0,2025,6,4,0,0,0,205.0,202.0,200.42857142857142,213.76666666666668,-8.0
2025-06-21,MBP14,417,1,0,2025,6,5,1,0,0,197.0,187.0,199.71428571428572,213.46666666666667,220.0
2025-06-22,MBP14,176,0,0,2025,6,6,1,0,0,417.0,158.0,232.57142857142858,220.5,-241.0
2025-06-23,MBP14,212,0,0,2025,6,0,0,0,0,176.0,208.0,235.14285714285714,220.13333333333333,36.0
2025-06-24,MBP14,190,0,0,2025,6,1,0,0,0,212.0,215.0,235.71428571428572,221.7,-22.0
2025-06-25,MBP14,192,0,0,2025,6,2,0,0,0,190.0,228.0,232.14285714285714,213.73333333333332,2.0
2025-06-26,MBP14,193,0,0,2025,6,3,0,0,0,192.0,205.0,227.0,212.6,1.0
2025-06-27,MBP14,174,0,1,2025,6,4,0,0,0,193.0,197.0,225.28571428571428,211.76666666666668,-19.0
2025-06-28,MBP14,155,0,0,2025,6,5,1,0,0,174.0,417.0,222.0,210.1,-19.0
2025-06-29,MBP14,405,1,0,2025,6,6,1,0,0,155.0,176.0,184.57142857142858,208.53333333333333,250.0
2025-06-30,MBP14,207,0,0,2025,6,0,0,0,0,405.0,212.0,217.28571428571428,215.36666666666667,-198.0
2025-07-01,MBP14,215,0,0,2025,7,1,0,0,0,207.0,190.0,216.57142857142858,208.6,8.0
2025-07-02,MBP14,220,0,0,2025,7,2,0,0,0,215.0,192.0,220.14285714285714,210.3,5.0
2025-07-03,MBP14,205,1,0,2025,7,3,0,0,0,220.0,193.0,224.14285714285714,210.9,-15.0
2025-07-04,MBP14,236,1,0,2025,7,4,0,0,0,205.0,174.0,225.85714285714286,210.33333333333334,31.0
2025-07-05,MBP14,150,0,0,2025,7,5,1,0,0,236.0,155.0,234.71428571428572,211.76666666666668,-86.0
2025-07-06,MBP14,162,0,0,2025,7,6,1,0,0,150.0,405.0,234.0,210.0,12.0
2025-07-07,MBP14,211,0,0,2025,7,0,0,0,0,162.0,207.0,199.28571428571428,209.1,49.0
2025-07-08,MBP14,196,0,0,2025,7,1,0,0,0,211.0,215.0,199.85714285714286,210.3,-15.0
2025-07-09,MBP14,203,0,0,2025,7,2,0,0,0,196.0,220.0,197.14285714285714,211.4,7.0
2025-07-10,MBP14,202,0,0,2025,7,3,0,0,0,203.0,205.0,194.71428571428572,210.8,-1.0
2025-07-11,MBP14,180,0,0,2025,7,4,0,0,0,202.0,236.0,194.28571428571428,210.46666666666667,-22.0
2025-07-12,MBP14,151,0,0,2025,7,5,1,0,0,180.0,150.0,186.28571428571428,209.83333333333334,-29.0
2025-07-13,MBP14,166,0,0,2025,7,6,1,0,0,151.0,162.0,186.42857142857142,208.4,15.0
2025-07-14,MBP14,199,0,0,2025,7,0,0,0,0,166.0,211.0,187.0,207.2,33.0
2025-07-15,MBP14,198,0,0,2025,7,1,0,0,0,199.0,196.0,185.28571428571428,207.6,-1.0
2025-07-16,MBP14,212,1,0,2025,7,2,0,0,0,198.0,203.0,185.57142857142858,208.93333333333334,14.0
2025-07-17,MBP14,218,0,0,2025,7,3,0,0,0,212.0,202.0,186.85714285714286,209.06666666666666,6.0
2025-07-18,MBP14,215,0,0,2025,7,4,0,0,0,218.0,180.0,189.14285714285714,209.16666666666666,-3.0
2025-07-19,MBP14,396,1,0,2025,7,5,1,0,0,215.0,151.0,194.14285714285714,208.73333333333332,181.0
2025-07-20,MBP14,424,1,0,2025,7,6,1,0,0,396.0,166.0,229.14285714285714,215.1,28.0
2025-07-21,MBP14,196,0,0,2025,7,0,0,0,0,424.0,199.0,266.0,222.66666666666666,-228.0
2025-07-22,MBP14,222,0,0,2025,7,1,0,0,0,196.0,198.0,265.57142857142856,215.3,26.0
2025-07-23,MBP14,196,0,0,2025,7,2,0,0,0,222.0,212.0,269.0,216.83333333333334,-26.0
2025-07-24,MBP14,212,0,0,2025,7,3,0,0,0,196.0,218.0,266.7142857142857,216.3,16.0
2025-07-25,MBP14,202,0,0,2025,7,4,0,0,0,212.0,215.0,265.85714285714283,217.03333333333333,-10.0
2025-07-26,MBP14,170,0,0,2025,7,5,1,0,0,202.0,396.0,264.0,217.36666666666667,-32.0
2025-07-27,MBP14,163,0,0,2025,7,6,1,0,0,170.0,424.0,231.71428571428572,216.6,-7.0
2025-07-28,MBP14,195,0,0,2025,7,0,0,0,0,163.0,196.0,194.42857142857142,216.23333333333332,32.0
2025-07-29,MBP14,198,0,0,2025,7,1,0,0,0,195.0,222.0,194.28571428571428,217.56666666666666,3.0
2025-07-30,MBP14,190,0,0,2025,7,2,0,0,0,198.0,196.0,190.85714285714286,210.66666666666666,-8.0
2025-07-31,MBP14,216,0,0,2025,7,3,0,0,0,190.0,212.0,190.0,210.1,26.0
2025-08-01,MBP14,285,0,0,2025,8,4,0,1,0,216.0,202.0,190.57142857142858,210.13333333333333,69.0
2025-08-02,MBP14,228,0,0,2025,8,5,1,1,0,285.0,170.0,202.42857142857142,212.3,-57.0
2025-08-03,MBP14,228,0,0,2025,8,6,1,1,0,228.0,163.0,210.71428571428572,213.06666666666666,0.0
2025-08-04,MBP14,269,0,0,2025,8,0,0,1,0,228.0,195.0,220.0,212.8,41.0
2025-08-05,MBP14,279,0,0,2025,8,1,0,1,0,269.0,198.0,230.57142857142858,216.76666666666668,10.0
2025-08-06,MBP14,286,1,0,2025,8,2,0,1,0,279.0,190.0,242.14285714285714,220.66666666666666,7.0
2025-08-07,MBP14,296,0,0,2025,8,3,0,1,0,286.0,216.0,255.85714285714286,223.16666666666666,10.0
2025-08-08,MBP14,281,0,0,2025,8,4,0,1,0,296.0,285.0,267.2857142857143,226.5,-15.0
2025-08-09,MBP14,218,0,0,2025,8,5,1,1,0,281.0,228.0,266.7142857142857,229.1,-63.0
2025-08-10,MBP14,222,0,0,2025,8,6,1,1,0,218.0,228.0,265.2857142857143,229.63333333333333,4.0
2025-08-11,MBP14,277,0,0,2025,8,0,0,1,0,222.0,269.0,264.42857142857144,231.03333333333333,55.0
2025-08-12,MBP14,274,0,0,2025,8,1,0,1,0,277.0,279.0,265.57142857142856,235.23333333333332,-3.0
2025-08-13,MBP14,213,0,1,2025,8,2,0,1,0,274.0,286.0,264.85714285714283,238.83333333333334,-61.0
2025-08-14,MBP14,282,0,0,2025,8,3,0,1,0,213.0,296.0,254.42857142857142,239.3,69.0
2025-08-15,MBP14,285,0,0,2025,8,4,0,1,0,282.0,281.0,252.42857142857142,242.1,3.0
2025-08-16,MBP14,233,0,0,2025,8,5,1,1,0,285.0,218.0,253.0,244.53333333333333,-52.0
2025-08-17,MBP14,231,0,0,2025,8,6,1,1,0,233.0,222.0,255.14285714285714,245.03333333333333,-2.0
2025-08-18,MBP14,269,0,0,2025,8,0,0,1,0,231.0,277.0,256.42857142857144,245.56666666666666,38.0
2025-08-19,MBP14,284,0,0,2025,8,1,0,1,0,269.0,274.0,255.28571428571428,241.33333333333334,15.0
2025-08-20,MBP14,284,0,0,2025,8,2,0,1,0,284.0,213.0,256.7142857142857,236.66666666666666,0.0
2025-08-21,MBP14,282,0,0,2025,8,3,0,1,0,284.0,282.0,266.85714285714283,239.6,-2.0
2025-08-22,MBP14,287,0,0,2025,8,4,0,1,0,282.0,285.0,266.85714285714283,241.6,5.0
2025-08-23,MBP14,219,0,0,2025,8,5,1,1,0,287.0,233.0,267.14285714285717,244.63333333333333,-68.0
2025-08-24,MBP14,222,0,0,2025,8,6,1,1,0,219.0,231.0,265.14285714285717,244.86666666666667,3.0
2025-08-25,MBP14,286,0,0,2025,8,0,0,1,0,222.0,269.0,263.85714285714283,245.53333333333333,64.0
2025-08-26,MBP14,277,0,0,2025,8,1,0,1,0,286.0,284.0,266.2857142857143,249.4,-9.0
2025-08-27,MBP14,273,0,0,2025,8,2,0,1,0,277.0,284.0,265.2857142857143,253.2,-4.0
2025-08-28,MBP14,281,0,0,2025,8,3,0,1,0,273.0,282.0,263.7142857142857,255.8,8.0
2025-08-29,MBP14,290,0,0,2025,8,4,0,1,0,281.0,287.0,263.57142857142856,258.56666666666666,9.0
2025-08-30,MBP14,219,0,0,2025,8,5,1,1,0,290.0,219.0,264.0,261.9,-71.0
2025-08-31,MBP14,244,0,0,2025,8,6,1,1,0,219.0,222.0,264.0,262.0,25.0
2025-09-01,MBP14,271,0,0,2025,9,0,0,1,0,244.0,286.0,267.14285714285717,260.6333333333333,27.0
2025-09-02,MBP14,277,0,0,2025,9,1,0,1,0,271.0,277.0,265.0,262.06666666666666,6.0
2025-09-03,MBP14,292,0,0,2025,9,2,0,1,0,277.0,273.0,265.0,263.7,15.0
2025-09-04,MBP14,278,0,0,2025,9,3,0,1,0,292.0,281.0,267.7142857142857,264.46666666666664,-14.0
2025-09-05,MBP14,287,0,0,2025,9,4,0,1,0,278.0,290.0,267.2857142857143,264.43333333333334,9.0
2025-09-06,MBP14,212,0,0,2025,9,5,1,1,0,287.0,219.0,266.85714285714283,264.46666666666664,-75.0
2025-09-07,MBP14,221,0,0,2025,9,6,1,1,0,212.0,244.0,265.85714285714283,261.6666666666667,9.0
2025-09-08,MBP14,279,0,0,2025,9,0,0,1,0,221.0,271.0,262.57142857142856,259.6666666666667,58.0
2025-09-09,MBP14,264,0,0,2025,9,1,0,1,0,279.0,277.0,263.7142857142857,261.7,-15.0
2025-09-10,MBP14,267,0,0,2025,9,2,0,1,0,264.0,292.0,261.85714285714283,263.1,3.0
2025-09-11,MBP14,285,0,0,2025,9,3,0,1,0,267.0,278.0,258.2857142857143,262.76666666666665,18.0
2025-09-12,MBP14,276,0,0,2025,9,4,0,1,0,285.0,287.0,259.2857142857143,263.1333333333333,-9.0
2025-09-13,MBP14,221,0,0,2025,9,5,1,1,0,276.0,212.0,257.7142857142857,265.23333333333335,-55.0
2025-09-14,MBP14,221,0,0,2025,9,6,1,1,0,221.0,221.0,259.0,263.2,0.0
2025-09-15,MBP14,294,0,0,2025,9,0,0,1,0,221.0,279.0,259.0,261.06666666666666,73.0
2025-09-16,MBP14,287,0,0,2025,9,1,0,1,0,294.0,264.0,261.14285714285717,263.1,-7.0
2025-09-17,MBP14,284,0,0,2025,9,2,0,1,0,287.0,267.0,264.42857142857144,264.96666666666664,-3.0
2025-09-18,MBP14,277,0,0,2025,9,3,0,1,0,284.0,285.0,266.85714285714283,265.46666666666664,-7.0
2025-09-19,MBP14,264,0,0,2025,9,4,0,1,0,277.0,276.0,265.7142857142857,265.23333333333335,-13.0
2025-09-20,MBP14,225,0,0,2025,9,5,1,1,0,264.0,221.0,264.0,264.56666666666666,-39.0
2025-09-21,MBP14,222,0,0,2025,9,6,1,1,0,225.0,221.0,264.57142857142856,262.6666666666667,-3.0
2025-09-22,MBP14,263,0,0,2025,9,0,0,1,0,222.0,294.0,264.7142857142857,260.5,41.0
2025-09-23,MBP14,295,0,0,2025,9,1,0,1,0,263.0,287.0,260.2857142857143,261.96666666666664,32.0
2025-09-24,MBP14,286,0,0,2025,9,2,0,1,0,295.0,284.0,261.42857142857144,264.4,-9.0
2025-09-25,MBP14,283,0,0,2025,9,3,0,1,0,286.0,277.0,261.7142857142857,264.4,-3.0
2025-09-26,MBP14,262,0,0,2025,9,4,0,1,0,283.0,264.0,262.57142857142856,264.6,-21.0
2025-09-27,MBP14,236,0,0,2025,9,5,1,1,0,262.0,225.0,262.2857142857143,264.23333333333335,-26.0
2025-09-28,MBP14,222,0,0,2025,9,6,1,1,0,236.0,222.0,263.85714285714283,262.73333333333335,-14.0
2025-09-29,MBP14,274,0,0,2025,9,0,0,1,0,222.0,263.0,263.85714285714283,260.46666666666664,52.0
2025-09-30,MBP14,282,0,0,2025,9,1,0,1,0,274.0,295.0,265.42857142857144,262.3,8.0
2025-10-01,MBP14,207,0,0,2025,10,2,0,0,0,282.0,286.0,263.57142857142856,263.56666666666666,-75.0
2025-10-02,MBP14,235,1,0,2025,10,3,0,0,0,207.0,283.0,252.28571428571428,261.43333333333334,28.0
2025-10-03,MBP14,152,0,1,2025,10,4,0,0,0,235.0,262.0,245.42857142857142,260.03333333333336,-83.0
2025-10-04,MBP14,164,0,0,2025,10,5,1,0,0,152.0,236.0,229.71428571428572,255.36666666666667,12.0
2025-10-05,MBP14,155,0,0,2025,10,6,1,0,0,164.0,222.0,219.42857142857142,251.56666666666666,-9.0
2025-10-06,MBP14,195,0,0,2025,10,0,0,0,0,155.0,274.0,209.85714285714286,247.16666666666666,40.0
2025-10-07,MBP14,210,0,0,2025,10,1,0,0,0,195.0,282.0,198.57142857142858,246.6,15.0
2025-10-08,MBP14,206,0,0,2025,10,2,0,0,0,210.0,207.0,188.28571428571428,246.23333333333332,-4.0
2025-10-09,MBP14,220,0,0,2025,10,3,0,0,0,206.0,235.0,188.14285714285714,243.8,14.0
2025-10-10,MBP14,156,0,1,2025,10,4,0,0,0,220.0,152.0,186.0,242.33333333333334,-64.0
2025-10-11,MBP14,182,0,0,2025,10,5,1,0,0,156.0,164.0,186.57142857142858,238.63333333333333,26.0
2025-10-12,MBP14,161,0,0,2025,10,6,1,0,0,182.0,155.0,189.14285714285714,235.2,-21.0
2025-10-13,MBP14,201,0,0,2025,10,0,0,0,0,161.0,195.0,190.0,231.36666666666667,40.0
2025-10-14,MBP14,198,0,0,2025,10,1,0,0,0,201.0,210.0,190.85714285714286,230.7,-3.0
2025-10-15,MBP14,209,0,0,2025,10,2,0,0,0,198.0,206.0,189.14285714285714,229.93333333333334,11.0
2025-10-16,MBP14,213,0,0,2025,10,3,0,0,0,209.0,220.0,189.57142857142858,227.1,4.0
2025-10-17,MBP14,200,0,0,2025,10,4,0,0,0,213.0,156.0,188.57142857142858,224.63333333333333,-13.0
2025-10-18,MBP14,147,0,1,2025,10,5,1,0,0,200.0,182.0,194.85714285714286,221.83333333333334,-53.0
2025-10-19,MBP14,408,1,0,2025,10,6,1,0,0,147.0,161.0,189.85714285714286,217.5,261.0
2025-10-20,MBP14,206,0,0,2025,10,0,0,0,0,408.0,201.0,225.14285714285714,222.3,-202.0
2025-10-21,MBP14,211,0,0,2025,10,1,0,0,0,206.0,198.0,225.85714285714286,221.66666666666666,5.0
2025-10-22,MBP14,215,0,0,2025,10,2,0,0,0,211.0,209.0,227.71428571428572,221.3,4.0
2025-10-23,MBP14,218,0,0,2025,10,3,0,0,0,215.0,213.0,228.57142857142858,219.7,3.0
2025-10-24,MBP14,163,0,1,2025,10,4,0,0,0,218.0,200.0,229.28571428571428,217.13333333333333,-55.0
2025-10-25,MBP14,172,0,0,2025,10,5,1,0,0,163.0,147.0,224.0,213.03333333333333,9.0
2025-10-26,MBP14,172,0,0,2025,10,6,1,0,0,172.0,408.0,227.57142857142858,209.33333333333334,0.0
2025-10-27,MBP14,198,0,0,2025,10,0,0,0,0,172.0,206.0,193.85714285714286,206.33333333333334,26.0
2025-10-28,MBP14,204,0,0,2025,10,1,0,0,0,198.0,211.0,192.71428571428572,205.06666666666666,6.0
2025-10-29,MBP14,197,0,0,2025,10,2,0,0,0,204.0,215.0,191.71428571428572,204.46666666666667,-7.0
2025-10-30,MBP14,202,0,0,2025,10,3,0,0,0,197.0,218.0,189.14285714285714,201.9,5.0
2025-10-31,MBP14,205,0,0,2025,10,4,0,0,0,202.0,163.0,186.85714285714286,199.23333333333332,3.0
2025-11-01,MBP14,246,0,0,2025,11,5,1,0,1,205.0,172.0,192.85714285714286,199.16666666666666,41.0
2025-11-02,MBP14,237,0,0,2025,11,6,1,0,1,246.0,172.0,203.42857142857142,199.53333333333333,-9.0
2025-11-03,MBP14,307,0,0,2025,11,0,0,0,1,237.0,198.0,212.71428571428572,202.36666666666667,70.0
2025-11-04,MBP14,286,0,0,2025,11,1,0,0,1,307.0,204.0,228.28571428571428,207.13333333333333,-21.0
2025-11-05,MBP14,295,0,0,2025,11,2,0,0,1,286.0,197.0,240.0,211.5,9.0
2025-11-06,MBP14,293,0,0,2025,11,3,0,0,1,295.0,202.0,254.0,214.83333333333334,-2.0
2025-11-07,MBP14,307,0,0,2025,11,4,0,0,1,293.0,205.0,267.0,217.6,14.0
2025-11-08,MBP14,239,0,0,2025,11,5,1,0,1,307.0,246.0,281.57142857142856,220.96666666666667,-68.0
2025-11-09,MBP14,237,0,0,2025,11,6,1,0,1,239.0,237.0,280.57142857142856,221.6,-2.0
2025-11-10,MBP14,288,0,0,2025,11,0,0,0,1,237.0,307.0,280.57142857142856,224.3,51.0
2025-11-11,MBP14,304,0,0,2025,11,1,0,0,1,288.0,286.0,277.85714285714283,227.83333333333334,16.0
2025-11-12,MBP14,299,1,0,2025,11,2,0,0,1,304.0,295.0,280.42857142857144,232.6,-5.0
2025-11-13,MBP14,305,0,0,2025,11,3,0,0,1,299.0,293.0,281.0,235.86666666666667,6.0
2025-11-14,MBP14,297,0,0,2025,11,4,0,0,1,305.0,307.0,282.7142857142857,239.43333333333334,-8.0
2025-11-15,MBP14,237,0,0,2025,11,5,1,0,1,297.0,239.0,281.2857142857143,242.36666666666667,-60.0
2025-11-16,MBP14,601,1,0,2025,11,6,1,0,1,237.0,237.0,281.0,243.16666666666666,364.0
2025-11-17,MBP14,296,0,0,2025,11,0,0,0,1,601.0,288.0,333.0,256.53333333333336,-305.0
2025-11-18,MBP14,296,0,0,2025,11,1,0,0,1,296.0,304.0,334.14285714285717,261.5,0.0
2025-11-19,MBP14,295,1,0,2025,11,2,0,0,1,296.0,299.0,333.0,257.76666666666665,-1.0
2025-11-20,MBP14,308,0,0,2025,11,3,0,0,1,295.0,305.0,332.42857142857144,260.73333333333335,13.0
2025-11-21,MBP14,288,0,0,2025,11,4,0,0,1,308.0,297.0,332.85714285714283,263.96666666666664,-20.0
2025-11-22,MBP14,233,0,0,2025,11,5,1,0,1,288.0,237.0,331.57142857142856,266.4,-55.0
2025-11-23,MBP14,239,0,0,2025,11,6,1,0,1,233.0,601.0,331.0,266.9,6.0
2025-11-24,MBP14,305,0,0,2025,11,0,0,0,1,239.0,296.0,279.2857142857143,269.43333333333334,66.0
2025-11-25,MBP14,301,0,0,2025,11,1,0,0,1,305.0,296.0,280.57142857142856,273.8666666666667,-4.0
2025-11-26,MBP14,290,0,0,2025,11,2,0,0,1,301.0,295.0,281.2857142857143,278.1666666666667,-11.0
2025-11-27,MBP14,311,0,0,2025,11,3,0,0,1,290.0,308.0,280.57142857142856,281.23333333333335,21.0
2025-11-28,MBP14,297,0,0,2025,11,4,0,0,1,311.0,288.0,281.0,284.8,-14.0
2025-11-29,MBP14,621,1,0,2025,11,5,1,0,1,297.0,233.0,282.2857142857143,288.1333333333333,324.0
2025-11-30,MBP14,246,0,0,2025,11,6,1,0,1,621.0,239.0,337.7142857142857,302.1,-375.0
2025-12-01,MBP14,303,0,0,2025,12,0,0,0,1,246.0,305.0,338.7142857142857,303.46666666666664,57.0
2025-12-02,MBP14,292,0,0,2025,12,1,0,0,1,303.0,301.0,338.42857142857144,305.3666666666667,-11.0
2025-12-03,MBP14,298,1,0,2025,12,2,0,0,1,292.0,290.0,337.14285714285717,307.2,6.0
2025-12-04,MBP14,290,0,0,2025,12,3,0,0,1,298.0,311.0,338.2857142857143,306.9,-8.0
2025-12-05,MBP14,306,0,0,2025,12,4,0,0,1,290.0,297.0,335.2857142857143,307.03333333333336,16.0
2025-12-06,MBP14,243,0,0,2025,12,5,1,0,1,306.0,621.0,336.57142857142856,307.4,-63.0
2025-12-07,MBP14,230,0,0,2025,12,6,1,0,1,243.0,246.0,282.57142857142856,305.73333333333335,-13.0
2025-12-08,MBP14,315,0,0,2025,12,0,0,0,1,230.0,303.0,280.2857142857143,303.1666666666667,85.0
2025-12-09,MBP14,299,0,0,2025,12,1,0,0,1,315.0,292.0,282.0,305.7,-16.0
2025-12-10,MBP14,301,0,0,2025,12,2,0,0,1,299.0,298.0,283.0,307.76666666666665,2.0
2025-12-11,MBP14,319,1,0,2025,12,3,0,0,1,301.0,290.0,283.42857142857144,308.2,18.0
2025-12-12,MBP14,307,1,0,2025,12,4,0,0,1,319.0,306.0,287.57142857142856,308.7,-12.0
2025-12-13,MBP14,254,0,0,2025,12,5,1,0,1,307.0,243.0,287.7142857142857,308.96666666666664,-53.0
2025-12-14,MBP14,228,0,0,2025,12,6,1,0,1,254.0,230.0,289.2857142857143,307.26666666666665,-26.0
2025-12-15,MBP14,304,0,0,2025,12,0,0,0,1,228.0,315.0,289.0,304.96666666666664,76.0
2025-12-16,MBP14,322,0,0,2025,12,1,0,0,1,304.0,299.0,287.42857142857144,307.2,18.0
2025-12-17,MBP14,282,0,0,2025,12,2,0,0,1,322.0,301.0,290.7142857142857,297.9,-40.0
2025-12-18,MBP14,301,1,0,2025,12,3,0,0,1,282.0,319.0,288.0,297.43333333333334,19.0
2025-12-19,MBP14,307,0,0,2025,12,4,0,0,1,301.0,307.0,285.42857142857144,297.6,6.0
2025-12-20,MBP14,226,0,0,2025,12,5,1,0,1,307.0,254.0,285.42857142857144,298.0,-81.0
2025-12-21,MBP14,246,0,0,2025,12,6,1,0,1,226.0,228.0,281.42857142857144,295.26666666666665,20.0
2025-12-22,MBP14,299,0,0,2025,12,0,0,0,1,246.0,304.0,284.0,293.8666666666667,53.0
2025-12-23,MBP14,319,1,0,2025,12,1,0,0,1,299.0,322.0,283.2857142857143,296.06666666666666,20.0
2025-12-24,MBP14,293,0,0,2025,12,2,0,0,1,319.0,282.0,282.85714285714283,298.73333333333335,-26.0
2025-12-25,MBP14,297,0,0,2025,12,3,0,0,1,293.0,301.0,284.42857142857144,298.3333333333333,4.0
2025-12-26,MBP14,299,0,0,2025,12,4,0,0,1,297.0,307.0,283.85714285714283,298.2,2.0
2025-12-27,MBP14,250,0,0,2025,12,5,1,0,1,299.0,226.0,282.7142857142857,298.5,-49.0
2025-12-28,MBP14,233,0,0,2025,12,6,1,0,1,250.0,246.0,286.14285714285717,296.46666666666664,-17.0
2025-12-29,MBP14,309,1,0,2025,12,0,0,0,1,233.0,299.0,284.2857142857143,294.3333333333333,76.0
2025-12-30,MBP14,294,0,0,2025,12,1,0,0,1,309.0,319.0,285.7142857142857,283.93333333333334,-15.0
2025-12-31,MBP14,269,0,0,2025,12,2,0,0,1,294.0,293.0,282.14285714285717,285.53333333333336,-25.0
2023-01-31,MBP16,112,0,0,2023,1,1,0,0,0,108.0,115.0,110.71428571428571,121.16666666666667,4.0
2023-02-01,MBP16,113,0,0,2023,2,2,0,0,0,112.0,119.0,110.28571428571429,121.46666666666667,1.0
2023-02-02,MBP16,117,0,0,2023,2,3,0,0,0,113.0,117.0,109.42857142857143,121.36666666666666,4.0
2023-02-03,MBP16,122,0,0,2023,2,4,0,0,0,117.0,116.0,109.42857142857143,121.0,5.0
2023-02-04,MBP16,82,0,0,2023,2,5,1,0,0,122.0,95.0,110.28571428571429,121.0,-40.0
2023-02-05,MBP16,94,0,0,2023,2,6,1,0,0,82.0,105.0,108.42857142857143,119.7,12.0
2023-02-06,MBP16,123,0,0,2023,2,0,0,0,0,94.0,108.0,106.85714285714286,119.03333333333333,29.0
2023-02-07,MBP16,101,0,1,2023,2,1,0,0,0,123.0,112.0,109.0,119.8,-22.0
2023-02-08,MBP16,116,1,0,2023,2,2,0,0,0,101.0,113.0,107.42857142857143,115.16666666666667,15.0
2023-02-09,MBP16,124,0,0,2023,2,3,0,0,0,116.0,117.0,107.85714285714286,115.03333333333333,8.0
2023-02-10,MBP16,123,0,0,2023,2,4,0,0,0,124.0,122.0,108.85714285714286,114.9,-1.0
2023-02-11,MBP16,102,0,0,2023,2,5,1,0,0,123.0,82.0,109.0,115.06666666666666,-21.0
2023-02-12,MBP16,76,0,1,2023,2,6,1,0,0,102.0,94.0,111.85714285714286,114.23333333333333,-26.0
2023-02-13,MBP16,120,0,0,2023,2,0,0,0,0,76.0,123.0,109.28571428571429,112.86666666666666,44.0
2023-02-14,MBP16,123,0,0,2023,2,1,0,0,0,120.0,101.0,108.85714285714286,114.2,3.0
2023-02-15,MBP16,119,0,0,2023,2,2,0,0,0,123.0,116.0,112.0,115.3,-4.0
2023-02-16,MBP16,110,0,0,2023,2,3,0,0,0,119.0,124.0,112.42857142857143,115.53333333333333,-9.0
2023-02-17,MBP16,113,0,0,2023,2,4,0,0,0,110.0,123.0,110.42857142857143,115.2,3.0
2023-02-18,MBP16,240,1,0,2023,2,5,1,0,0,113.0,102.0,109.0,115.66666666666667,127.0
2023-02-19,MBP16,105,0,0,2023,2,6,1,0,0,240.0,76.0,128.71428571428572,119.4,-135.0
2023-02-20,MBP16,121,0,0,2023,2,0,0,0,0,105.0,120.0,132.85714285714286,118.73333333333333,16.0
2023-02-21,MBP16,114,0,0,2023,2,1,0,0,0,121.0,123.0,133.0,114.66666666666667,-7.0
2023-02-22,MBP16,121,1,0,2023,2,2,0,0,0,114.0,119.0,131.71428571428572,115.5,7.0
2023-02-23,MBP16,115,0,0,2023,2,3,0,0,0,121.0,110.0,132.0,115.53333333333333,-6.0
2023-02-24,MBP16,93,0,1,2023,2,4,0,0,0,115.0,113.0,132.71428571428572,115.53333333333333,-22.0
2023-02-25,MBP16,95,0,0,2023,2,5,1,0,0,93.0,240.0,129.85714285714286,114.66666666666667,2.0
2023-02-26,MBP16,94,0,0,2023,2,6,1,0,0,95.0,105.0,109.14285714285714,113.93333333333334,-1.0
2023-02-27,MBP16,123,1,0,2023,2,0,0,0,0,94.0,121.0,107.57142857142857,113.2,29.0
2023-02-28,MBP16,116,1,0,2023,2,1,0,0,0,123.0,114.0,107.85714285714286,114.13333333333334,-7.0
2023-03-01,MBP16,110,0,0,2023,3,2,0,0,0,116.0,121.0,108.14285714285714,114.5,-6.0
2023-03-02,MBP16,116,0,0,2023,3,3,0,0,0,110.0,115.0,106.57142857142857,114.56666666666666,6.0
2023-03-03,MBP16,112,0,0,2023,3,4,0,0,0,116.0,93.0,106.71428571428571,114.7,-4.0
2023-03-04,MBP16,95,0,0,2023,3,5,1,0,0,112.0,95.0,109.42857142857143,114.66666666666667,-17.0
2023-03-05,MBP16,100,0,0,2023,3,6,1,0,0,95.0,94.0,109.42857142857143,113.93333333333334,5.0
2023-03-06,MBP16,125,0,0,2023,3,0,0,0,0,100.0,123.0,110.28571428571429,113.2,25.0
2023-03-07,MBP16,123,0,0,2023,3,1,0,0,0,125.0,116.0,110.57142857142857,114.63333333333334,-2.0
2023-03-08,MBP16,118,0,0,2023,3,2,0,0,0,123.0,110.0,111.57142857142857,115.6,-5.0
2023-03-09,MBP16,122,0,0,2023,3,3,0,0,0,118.0,116.0,112.71428571428571,115.43333333333334,4.0
2023-03-10,MBP16,118,0,0,2023,3,4,0,0,0,122.0,112.0,113.57142857142857,116.13333333333334,-4.0
2023-03-11,MBP16,76,0,1,2023,3,5,1,0,0,118.0,95.0,114.42857142857143,116.2,-42.0
2023-03-12,MBP16,99,0,0,2023,3,6,1,0,0,76.0,100.0,111.71428571428571,114.6,23.0
2023-03-13,MBP16,93,0,1,2023,3,0,0,0,0,99.0,125.0,111.57142857142857,113.8,-6.0
2023-03-14,MBP16,110,0,0,2023,3,1,0,0,0,93.0,123.0,107.0,113.5,17.0
2023-03-15,MBP16,117,0,0,2023,3,2,0,0,0,110.0,118.0,105.14285714285714,114.63333333333334,7.0
2023-03-16,MBP16,109,0,0,2023,3,3,0,0,0,117.0,122.0,105.0,114.53333333333333,-8.0
2023-03-17,MBP16,116,0,0,2023,3,4,0,0,0,109.0,118.0,103.14285714285714,114.06666666666666,7.0
2023-03-18,MBP16,98,0,0,2023,3,5,1,0,0,116.0,76.0,102.85714285714286,113.96666666666667,-18.0
2023-03-19,MBP16,97,0,0,2023,3,6,1,0,0,98.0,99.0,106.0,113.56666666666666,-1.0
2023-03-20,MBP16,118,0,0,2023,3,0,0,0,0,97.0,93.0,105.71428571428571,113.03333333333333,21.0
2023-03-21,MBP16,117,0,0,2023,3,1,0,0,0,118.0,110.0,109.28571428571429,108.96666666666667,-1.0
2023-03-22,MBP16,120,0,0,2023,3,2,0,0,0,117.0,117.0,110.28571428571429,109.36666666666666,3.0
2023-03-23,MBP16,122,0,0,2023,3,3,0,0,0,120.0,109.0,110.71428571428571,109.33333333333333,2.0
2023-03-24,MBP16,116,0,0,2023,3,4,0,0,0,122.0,116.0,112.57142857142857,109.6,-6.0
2023-03-25,MBP16,89,0,0,2023,3,5,1,0,0,116.0,98.0,112.57142857142857,109.43333333333334,-27.0
2023-03-26,MBP16,97,0,0,2023,3,6,1,0,0,89.0,97.0,111.28571428571429,108.56666666666666,8.0
2023-03-27,MBP16,113,0,0,2023,3,0,0,0,0,97.0,118.0,111.28571428571429,108.7,16.0
2023-03-28,MBP16,90,0,1,2023,3,1,0,0,0,113.0,117.0,110.57142857142857,109.3,-23.0
2023-03-29,MBP16,123,0,0,2023,3,2,0,0,0,90.0,120.0,106.71428571428571,109.16666666666667,33.0
2023-03-30,MBP16,120,0,0,2023,3,3,0,0,0,123.0,122.0,107.14285714285714,109.16666666666667,-3.0
2023-03-31,MBP16,126,0,0,2023,3,4,0,0,0,120.0,116.0,106.85714285714286,109.3,6.0
2023-04-01,MBP16,101,0,0,2023,4,5,1,0,0,126.0,89.0,108.28571428571429,109.83333333333333,-25.0
2023-04-02,MBP16,96,0,0,2023,4,6,1,0,0,101.0,97.0,110.0,109.33333333333333,-5.0
2023-04-03,MBP16,123,0,0,2023,4,0,0,0,0,96.0,113.0,109.85714285714286,108.8,27.0
2023-04-04,MBP16,113,0,0,2023,4,1,0,0,0,123.0,90.0,111.28571428571429,109.73333333333333,-10.0
2023-04-05,MBP16,118,0,0,2023,4,2,0,0,0,113.0,123.0,114.57142857142857,110.16666666666667,5.0
2023-04-06,MBP16,119,0,0,2023,4,3,0,0,0,118.0,120.0,113.85714285714286,109.93333333333334,1.0
2023-04-07,MBP16,117,0,0,2023,4,4,0,0,0,119.0,126.0,113.71428571428571,109.8,-2.0
2023-04-08,MBP16,100,0,0,2023,4,5,1,0,0,117.0,101.0,112.42857142857143,109.76666666666667,-17.0
2023-04-09,MBP16,242,1,0,2023,4,6,1,0,0,100.0,96.0,112.28571428571429,109.03333333333333,142.0
2023-04-10,MBP16,120,0,0,2023,4,0,0,0,0,242.0,123.0,133.14285714285714,113.16666666666667,-122.0
2023-04-11,MBP16,127,0,0,2023,4,1,0,0,0,120.0,113.0,132.71428571428572,114.63333333333334,7.0
2023-04-12,MBP16,119,0,0,2023,4,2,0,0,0,127.0,118.0,134.71428571428572,115.56666666666666,-8.0
2023-04-13,MBP16,124,0,0,2023,4,3,0,0,0,119.0,119.0,134.85714285714286,116.43333333333334,5.0
2023-04-14,MBP16,125,0,0,2023,4,4,0,0,0,124.0,117.0,135.57142857142858,116.9,1.0
2023-04-15,MBP16,100,0,0,2023,4,5,1,0,0,125.0,100.0,136.71428571428572,117.16666666666667,-25.0
2023-04-16,MBP16,104,0,0,2023,4,6,1,0,0,100.0,242.0,136.71428571428572,116.86666666666666,4.0
2023-04-17,MBP16,119,0,0,2023,4,0,0,0,0,104.0,120.0,117.0,116.46666666666667,15.0
2023-04-18,MBP16,120,0,0,2023,4,1,0,0,0,119.0,127.0,116.85714285714286,117.16666666666667,1.0
2023-04-19,MBP16,115,0,0,2023,4,2,0,0,0,120.0,119.0,115.85714285714286,117.93333333333334,-5.0
2023-04-20,MBP16,116,0,0,2023,4,3,0,0,0,115.0,124.0,115.28571428571429,117.83333333333333,1.0
2023-04-21,MBP16,120,0,0,2023,4,4,0,0,0,116.0,125.0,114.14285714285714,117.8,4.0
2023-04-22,MBP16,94,0,0,2023,4,5,1,0,0,120.0,100.0,113.42857142857143,117.8,-26.0
2023-04-23,MBP16,98,0,0,2023,4,6,1,0,0,94.0,104.0,112.57142857142857,116.86666666666666,4.0
2023-04-24,MBP16,119,0,0,2023,4,0,0,0,0,98.0,119.0,111.71428571428571,116.26666666666667,21.0
2023-04-25,MBP16,125,0,0,2023,4,1,0,0,0,119.0,120.0,111.71428571428571,117.26666666666667,6.0
2023-04-26,MBP16,118,0,0,2023,4,2,0,0,0,125.0,115.0,112.42857142857143,118.2,-7.0
2023-04-27,MBP16,124,0,0,2023,4,3,0,0,0,118.0,116.0,112.85714285714286,118.36666666666666,6.0
2023-04-28,MBP16,111,0,0,2023,4,4,0,0,0,124.0,120.0,114.0,119.5,-13.0
2023-04-29,MBP16,92,0,0,2023,4,5,1,0,0,111.0,94.0,112.71428571428571,119.1,-19.0
2023-04-30,MBP16,97,0,0,2023,4,6,1,0,0,92.0,98.0,112.42857142857143,118.16666666666667,5.0
2023-05-01,MBP16,116,0,0,2023,5,0,0,0,0,97.0,119.0,112.28571428571429,117.2,19.0
2023-05-02,MBP16,118,0,0,2023,5,1,0,0,0,116.0,125.0,111.85714285714286,117.7,2.0
2023-05-03,MBP16,118,0,0,2023,5,2,0,0,0,118.0,118.0,110.85714285714286,118.43333333333334,0.0
2023-05-04,MBP16,118,0,0,2023,5,3,0,0,0,118.0,124.0,110.85714285714286,118.26666666666667,0.0
2023-05-05,MBP16,111,0,0,2023,5,4,0,0,0,118.0,111.0,110.0,118.43333333333334,-7.0
2023-05-06,MBP16,97,0,0,2023,5,5,1,0,0,111.0,92.0,110.0,118.2,-14.0
2023-05-07,MBP16,105,0,0,2023,5,6,1,0,0,97.0,97.0,110.71428571428571,117.46666666666667,8.0
2023-05-08,MBP16,119,0,0,2023,5,0,0,0,0,105.0,116.0,111.85714285714286,117.06666666666666,14.0
2023-05-09,MBP16,119,0,0,2023,5,1,0,0,0,119.0,118.0,112.28571428571429,117.7,0.0
2023-05-10,MBP16,128,0,0,2023,5,2,0,0,0,119.0,118.0,112.42857142857143,113.6,9.0
2023-05-11,MBP16,133,0,0,2023,5,3,0,0,0,128.0,118.0,113.85714285714286,113.86666666666666,5.0
2023-05-12,MBP16,114,0,0,2023,5,4,0,0,0,133.0,111.0,116.0,114.06666666666666,-19.0
2023-05-13,MBP16,106,0,0,2023,5,5,1,0,0,114.0,97.0,116.42857142857143,113.9,-8.0
2023-05-14,MBP16,95,0,0,2023,5,6,1,0,0,106.0,105.0,117.71428571428571,113.3,-11.0
2023-05-15,MBP16,112,0,0,2023,5,0,0,0,0,95.0,119.0,116.28571428571429,112.3,17.0
2023-05-16,MBP16,123,0,0,2023,5,1,0,0,0,112.0,119.0,115.28571428571429,112.7,11.0
2023-05-17,MBP16,112,0,0,2023,5,2,0,0,0,123.0,128.0,115.85714285714286,113.33333333333333,-11.0
2023-05-18,MBP16,118,0,0,2023,5,3,0,0,0,112.0,133.0,113.57142857142857,113.1,6.0
2023-05-19,MBP16,93,0,1,2023,5,4,0,0,0,118.0,114.0,111.42857142857143,113.03333333333333,-25.0
2023-05-20,MBP16,77,0,1,2023,5,5,1,0,0,93.0,106.0,108.42857142857143,112.3,-16.0
2023-05-21,MBP16,89,0,0,2023,5,6,1,0,0,77.0,95.0,104.28571428571429,111.0,12.0
2023-05-22,MBP16,117,1,0,2023,5,0,0,0,0,89.0,112.0,103.42857142857143,109.96666666666667,28.0
2023-05-23,MBP16,123,0,0,2023,5,1,0,0,0,117.0,123.0,104.14285714285714,110.73333333333333,6.0
2023-05-24,MBP16,125,0,0,2023,5,2,0,0,0,123.0,112.0,104.14285714285714,111.56666666666666,2.0
2023-05-25,MBP16,126,0,0,2023,5,3,0,0,0,125.0,118.0,106.0,111.76666666666667,1.0
2023-05-26,MBP16,116,1,0,2023,5,4,0,0,0,126.0,93.0,107.14285714285714,111.8,-10.0
2023-05-27,MBP16,92,0,0,2023,5,5,1,0,0,116.0,77.0,110.42857142857143,111.73333333333333,-24.0
2023-05-28,MBP16,109,0,0,2023,5,6,1,0,0,92.0,89.0,112.57142857142857,110.66666666666667,17.0
2023-05-29,MBP16,114,0,0,2023,5,0,0,0,0,109.0,117.0,115.42857142857143,110.6,5.0
2023-05-30,MBP16,110,0,0,2023,5,1,0,0,0,114.0,123.0,115.0,111.33333333333333,-4.0
2023-05-31,MBP16,116,0,0,2023,5,2,0,0,0,110.0,125.0,113.14285714285714,111.76666666666667,6.0
2023-06-01,MBP16,108,0,0,2023,6,3,0,0,0,116.0,126.0,111.85714285714286,111.76666666666667,-8.0
2023-06-02,MBP16,115,1,0,2023,6,4,0,0,0,108.0,116.0,109.28571428571429,111.43333333333334,7.0
2023-06-03,MBP16,93,0,0,2023,6,5,1,0,0,115.0,92.0,109.14285714285714,111.33333333333333,-22.0
2023-06-04,MBP16,93,0,0,2023,6,6,1,0,0,93.0,109.0,109.28571428571429,110.5,0.0
2023-06-05,MBP16,109,0,0,2023,6,0,0,0,0,93.0,114.0,107.0,109.9,16.0
2023-06-06,MBP16,125,0,0,2023,6,1,0,0,0,109.0,110.0,106.28571428571429,110.3,16.0
2023-06-07,MBP16,116,0,0,2023,6,2,0,0,0,125.0,116.0,108.42857142857143,110.96666666666667,-9.0
2023-06-08,MBP16,117,0,0,2023,6,3,0,0,0,116.0,108.0,108.42857142857143,110.86666666666666,1.0
2023-06-09,MBP16,116,0,0,2023,6,4,0,0,0,117.0,115.0,109.71428571428571,110.8,-1.0
2023-06-10,MBP16,96,0,0,2023,6,5,1,0,0,116.0,93.0,109.85714285714286,110.4,-20.0
2023-06-11,MBP16,106,0,0,2023,6,6,1,0,0,96.0,93.0,110.28571428571429,109.16666666666667,10.0
2023-06-12,MBP16,122,0,0,2023,6,0,0,0,0,106.0,109.0,112.14285714285714,108.9,16.0
2023-06-13,MBP16,119,0,0,2023,6,1,0,0,0,122.0,125.0,114.0,109.43333333333334,-3.0
2023-06-14,MBP16,113,0,0,2023,6,2,0,0,0,119.0,116.0,113.14285714285714,110.23333333333333,-6.0
2023-06-15,MBP16,120,1,0,2023,6,3,0,0,0,113.0,117.0,112.71428571428571,110.26666666666667,7.0
2023-06-16,MBP16,117,0,0,2023,6,4,0,0,0,120.0,116.0,113.14285714285714,110.16666666666667,-3.0
2023-06-17,MBP16,94,0,0,2023,6,5,1,0,0,117.0,96.0,113.28571428571429,110.33333333333333,-23.0
2023-06-18,MBP16,99,0,0,2023,6,6,1,0,0,94.0,106.0,113.0,109.53333333333333,5.0
2023-06-19,MBP16,109,0,0,2023,6,0,0,0,0,99.0,122.0,112.0,109.73333333333333,10.0
2023-06-20,MBP16,129,1,0,2023,6,1,0,0,0,109.0,119.0,110.14285714285714,110.8,20.0
2023-06-21,MBP16,117,0,0,2023,6,2,0,0,0,129.0,113.0,111.57142857142857,112.13333333333334,-12.0
2023-06-22,MBP16,112,0,0,2023,6,3,0,0,0,117.0,120.0,112.14285714285714,112.13333333333334,-5.0
2023-06-23,MBP16,119,0,0,2023,6,4,0,0,0,112.0,117.0,111.0,111.76666666666667,7.0
2023-06-24,MBP16,95,0,0,2023,6,5,1,0,0,119.0,94.0,111.28571428571429,111.56666666666666,-24.0
2023-06-25,MBP16,73,0,1,2023,6,6,1,0,0,95.0,99.0,111.42857142857143,110.53333333333333,-22.0
2023-06-26,MBP16,133,0,0,2023,6,0,0,0,0,73.0,109.0,107.71428571428571,109.1,60.0
2023-06-27,MBP16,116,0,0,2023,6,1,0,0,0,133.0,129.0,111.14285714285714,110.46666666666667,-17.0
2023-06-28,MBP16,124,0,0,2023,6,2,0,0,0,116.0,117.0,109.28571428571429,110.7,8.0
2023-06-29,MBP16,128,0,0,2023,6,3,0,0,0,124.0,112.0,110.28571428571429,111.03333333333333,4.0
2023-06-30,MBP16,119,0,0,2023,6,4,0,0,0,128.0,119.0,112.57142857142857,111.63333333333334,-9.0
2023-07-01,MBP16,245,1,0,2023,7,5,1,0,0,119.0,95.0,112.57142857142857,111.73333333333333,126.0
2023-07-02,MBP16,100,0,0,2023,7,6,1,0,0,245.0,73.0,134.0,116.3,-145.0
2023-07-03,MBP16,124,0,0,2023,7,0,0,0,0,100.0,133.0,137.85714285714286,115.8,24.0
2023-07-04,MBP16,118,0,0,2023,7,1,0,0,0,124.0,116.0,136.57142857142858,116.83333333333333,-6.0
2023-07-05,MBP16,123,0,0,2023,7,2,0,0,0,118.0,124.0,136.85714285714286,117.66666666666667,5.0
2023-07-06,MBP16,121,0,0,2023,7,3,0,0,0,123.0,128.0,136.71428571428572,118.13333333333334,-2.0
2023-07-07,MBP16,115,0,0,2023,7,4,0,0,0,121.0,119.0,135.71428571428572,118.0,-6.0
2023-07-08,MBP16,100,0,0,2023,7,5,1,0,0,115.0,245.0,135.14285714285714,117.96666666666667,-15.0
2023-07-09,MBP16,93,0,0,2023,7,6,1,0,0,100.0,100.0,114.42857142857143,117.4,-7.0
2023-07-10,MBP16,128,0,0,2023,7,0,0,0,0,93.0,124.0,113.42857142857143,116.63333333333334,35.0
2023-07-11,MBP16,114,0,0,2023,7,1,0,0,0,128.0,118.0,114.0,117.7,-14.0
2023-07-12,MBP16,116,0,0,2023,7,2,0,0,0,114.0,123.0,113.42857142857143,117.96666666666667,2.0
2023-07-13,MBP16,107,0,0,2023,7,3,0,0,0,116.0,121.0,112.42857142857143,117.76666666666667,-9.0
2023-07-14,MBP16,90,0,1,2023,7,4,0,0,0,107.0,115.0,110.42857142857143,117.36666666666666,-17.0
2023-07-15,MBP16,106,0,0,2023,7,5,1,0,0,90.0,100.0,106.85714285714286,116.6,16.0
2023-07-16,MBP16,105,0,0,2023,7,6,1,0,0,106.0,93.0,107.71428571428571,116.13333333333334,-1.0
2023-07-17,MBP16,119,0,0,2023,7,0,0,0,0,105.0,128.0,109.42857142857143,115.73333333333333,14.0
2023-07-18,MBP16,115,0,0,2023,7,1,0,0,0,119.0,114.0,108.14285714285714,116.56666666666666,-4.0
2023-07-19,MBP16,120,0,0,2023,7,2,0,0,0,115.0,116.0,108.28571428571429,117.1,5.0
2023-07-20,MBP16,114,0,0,2023,7,3,0,0,0,120.0,107.0,108.85714285714286,117.46666666666667,-6.0
2023-07-21,MBP16,117,0,0,2023,7,4,0,0,0,114.0,90.0,109.85714285714286,116.96666666666667,3.0
2023-07-22,MBP16,99,0,0,2023,7,5,1,0,0,117.0,106.0,113.71428571428571,116.96666666666667,-18.0
2023-07-23,MBP16,94,0,0,2023,7,6,1,0,0,99.0,105.0,112.71428571428571,116.53333333333333,-5.0
2023-07-24,MBP16,119,0,0,2023,7,0,0,0,0,94.0,119.0,111.14285714285714,115.7,25.0
2023-07-25,MBP16,122,0,0,2023,7,1,0,0,0,119.0,115.0,111.14285714285714,116.5,3.0
2023-07-26,MBP16,122,0,0,2023,7,2,0,0,0,122.0,120.0,112.14285714285714,118.13333333333334,0.0
2023-07-27,MBP16,116,0,0,2023,7,3,0,0,0,122.0,114.0,112.42857142857143,117.76666666666667,-6.0
2023-07-28,MBP16,115,0,0,2023,7,4,0,0,0,116.0,117.0,112.71428571428571,117.76666666666667,-1.0
2023-07-29,MBP16,100,0,0,2023,7,5,1,0,0,115.0,99.0,112.42857142857143,117.46666666666667,-15.0
2023-07-30,MBP16,96,0,0,2023,7,6,1,0,0,100.0,94.0,112.57142857142857,116.53333333333333,-4.0
2023-07-31,MBP16,99,0,1,2023,7,0,0,0,0,96.0,119.0,112.85714285714286,115.76666666666667,3.0
2023-08-01,MBP16,157,0,0,2023,8,1,0,1,0,99.0,122.0,110.0,110.9,58.0
2023-08-02,MBP16,158,0,0,2023,8,2,0,1,0,157.0,122.0,115.0,112.8,1.0
2023-08-03,MBP16,165,0,0,2023,8,3,0,1,0,158.0,116.0,120.14285714285714,113.93333333333334,7.0
2023-08-04,MBP16,158,0,0,2023,8,4,0,1,0,165.0,115.0,127.14285714285714,115.5,-7.0
2023-08-05,MBP16,112,0,0,2023,8,5,1,1,0,158.0,100.0,133.28571428571428,116.66666666666667,-46.0
2023-08-06,MBP16,329,1,0,2023,8,6,1,1,0,112.0,96.0,135.0,116.36666666666666,217.0
2023-08-07,MBP16,170,1,0,2023,8,0,0,1,0,329.0,99.0,168.28571428571428,123.5,-159.0
2023-08-08,MBP16,158,0,0,2023,8,1,0,1,0,170.0,157.0,178.42857142857142,125.83333333333333,-12.0
2023-08-09,MBP16,170,0,0,2023,8,2,0,1,0,158.0,158.0,178.57142857142858,128.0,12.0
2023-08-10,MBP16,155,0,0,2023,8,3,0,1,0,170.0,165.0,180.28571428571428,129.4,-15.0
2023-08-11,MBP16,161,0,0,2023,8,4,0,1,0,155.0,158.0,178.85714285714286,130.76666666666668,6.0
2023-08-12,MBP16,129,0,0,2023,8,5,1,1,0,161.0,112.0,179.28571428571428,132.26666666666668,-32.0
2023-08-13,MBP16,95,0,1,2023,8,6,1,1,0,129.0,329.0,181.71428571428572,133.0,-34.0
2023-08-14,MBP16,159,0,0,2023,8,0,0,1,0,95.0,170.0,148.28571428571428,133.16666666666666,64.0
2023-08-15,MBP16,167,0,0,2023,8,1,0,1,0,159.0,158.0,146.71428571428572,134.93333333333334,8.0
2023-08-16,MBP16,167,1,0,2023,8,2,0,1,0,167.0,170.0,148.0,137.0,0.0
2023-08-17,MBP16,159,0,0,2023,8,3,0,1,0,167.0,155.0,147.57142857142858,138.6,-8.0
2023-08-18,MBP16,168,0,0,2023,8,4,0,1,0,159.0,161.0,148.14285714285714,140.06666666666666,9.0
2023-08-19,MBP16,123,0,0,2023,8,5,1,1,0,168.0,129.0,149.14285714285714,141.66666666666666,-45.0
2023-08-20,MBP16,136,0,0,2023,8,6,1,1,0,123.0,95.0,148.28571428571428,141.96666666666667,13.0
2023-08-21,MBP16,150,0,0,2023,8,0,0,1,0,136.0,159.0,154.14285714285714,142.6,14.0
2023-08-22,MBP16,174,1,0,2023,8,1,0,1,0,150.0,167.0,152.85714285714286,144.3,24.0
2023-08-23,MBP16,153,0,0,2023,8,2,0,1,0,174.0,167.0,153.85714285714286,146.96666666666667,-21.0
2023-08-24,MBP16,156,0,0,2023,8,3,0,1,0,153.0,159.0,151.85714285714286,148.1,3.0
2023-08-25,MBP16,154,0,0,2023,8,4,0,1,0,156.0,168.0,151.42857142857142,149.23333333333332,-2.0
2023-08-26,MBP16,134,0,0,2023,8,5,1,1,0,154.0,123.0,149.42857142857142,150.3,-20.0
2023-08-27,MBP16,325,1,0,2023,8,6,1,1,0,134.0,136.0,151.0,150.9,191.0
2023-08-28,MBP16,165,0,0,2023,8,0,0,1,0,325.0,150.0,178.0,157.9,-160.0
2023-08-29,MBP16,169,1,0,2023,8,1,0,1,0,165.0,174.0,180.14285714285714,160.06666666666666,4.0
2023-08-30,MBP16,158,0,0,2023,8,2,0,1,0,169.0,153.0,179.42857142857142,162.5,-11.0
2023-08-31,MBP16,164,0,0,2023,8,3,0,1,0,158.0,156.0,180.14285714285714,164.46666666666667,6.0
2023-09-01,MBP16,170,1,0,2023,9,4,0,1,0,164.0,154.0,181.28571428571428,164.7,6.0
2023-09-02,MBP16,131,0,0,2023,9,5,1,1,0,170.0,134.0,183.57142857142858,165.1,-39.0
2023-09-03,MBP16,127,0,0,2023,9,6,1,1,0,131.0,325.0,183.14285714285714,163.96666666666667,-4.0
2023-09-04,MBP16,160,0,0,2023,9,0,0,1,0,127.0,165.0,154.85714285714286,162.93333333333334,33.0
2023-09-05,MBP16,159,0,0,2023,9,1,0,1,0,160.0,169.0,154.14285714285714,164.53333333333333,-1.0
2023-09-06,MBP16,167,1,0,2023,9,2,0,1,0,159.0,158.0,152.71428571428572,158.86666666666667,8.0
2023-09-07,MBP16,161,0,0,2023,9,3,0,1,0,167.0,164.0,154.0,158.76666666666668,-6.0
2023-09-08,MBP16,174,0,0,2023,9,4,0,1,0,161.0,170.0,153.57142857142858,158.86666666666667,13.0
2023-09-09,MBP16,126,0,0,2023,9,5,1,1,0,174.0,131.0,154.14285714285714,159.0,-48.0
2023-09-10,MBP16,139,0,0,2023,9,6,1,1,0,126.0,127.0,153.42857142857142,158.03333333333333,13.0
2023-09-11,MBP16,164,0,0,2023,9,0,0,1,0,139.0,160.0,155.14285714285714,157.3,25.0
2023-09-12,MBP16,159,0,0,2023,9,1,0,1,0,164.0,159.0,155.71428571428572,158.46666666666667,-5.0
2023-09-13,MBP16,154,0,0,2023,9,2,0,1,0,159.0,167.0,155.71428571428572,160.6,-5.0
2023-09-14,MBP16,152,0,0,2023,9,3,0,1,0,154.0,161.0,153.85714285714286,160.43333333333334,-2.0
2023-09-15,MBP16,158,0,0,2023,9,4,0,1,0,152.0,174.0,152.57142857142858,159.93333333333334,6.0
2023-09-16,MBP16,130,0,0,2023,9,5,1,1,0,158.0,126.0,150.28571428571428,159.63333333333333,-28.0
2023-09-17,MBP16,136,0,0,2023,9,6,1,1,0,130.0,139.0,150.85714285714286,158.66666666666666,6.0
2023-09-18,MBP16,166,0,0,2023,9,0,0,1,0,136.0,164.0,150.42857142857142,157.6,30.0
2023-09-19,MBP16,159,0,0,2023,9,1,0,1,0,166.0,159.0,150.71428571428572,159.03333333333333,-7.0
2023-09-20,MBP16,158,0,0,2023,9,2,0,1,0,159.0,154.0,150.71428571428572,159.8,-1.0
2023-09-21,MBP16,127,0,1,2023,9,3,0,1,0,158.0,152.0,151.28571428571428,160.06666666666666,-31.0
2023-09-22,MBP16,161,0,0,2023,9,4,0,1,0,127.0,158.0,147.71428571428572,158.5,34.0
2023-09-23,MBP16,126,0,0,2023,9,5,1,1,0,161.0,130.0,148.14285714285714,158.76666666666668,-35.0
2023-09-24,MBP16,131,0,0,2023,9,6,1,1,0,126.0,136.0,147.57142857142858,157.76666666666668,5.0
2023-09-25,MBP16,161,0,0,2023,9,0,0,1,0,131.0,166.0,146.85714285714286,157.0,30.0
2023-09-26,MBP16,161,0,0,2023,9,1,0,1,0,161.0,159.0,146.14285714285714,157.9,0.0
2023-09-27,MBP16,169,0,0,2023,9,2,0,1,0,161.0,158.0,146.42857142857142,152.43333333333334,8.0
2023-09-28,MBP16,168,0,0,2023,9,3,0,1,0,169.0,127.0,148.0,152.56666666666666,-1.0
2023-09-29,MBP16,163,0,0,2023,9,4,0,1,0,168.0,161.0,153.85714285714286,152.53333333333333,-5.0
2023-09-30,MBP16,132,0,0,2023,9,5,1,1,0,163.0,126.0,154.14285714285714,152.7,-31.0
2023-10-01,MBP16,253,1,0,2023,10,6,1,0,0,132.0,131.0,155.0,151.63333333333333,121.0
2023-10-02,MBP16,104,0,0,2023,10,0,0,0,0,253.0,161.0,172.42857142857142,154.4,-149.0
2023-10-03,MBP16,124,0,0,2023,10,1,0,0,0,104.0,161.0,164.28571428571428,153.5,20.0
2023-10-04,MBP16,139,1,0,2023,10,2,0,0,0,124.0,169.0,159.0,153.4,15.0
2023-10-05,MBP16,117,0,0,2023,10,3,0,0,0,139.0,168.0,154.71428571428572,152.7,-22.0
2023-10-06,MBP16,121,0,0,2023,10,4,0,0,0,117.0,163.0,147.42857142857142,151.3,4.0
2023-10-07,MBP16,96,0,0,2023,10,5,1,0,0,121.0,132.0,141.42857142857142,149.76666666666668,-25.0
2023-10-08,MBP16,98,0,0,2023,10,6,1,0,0,96.0,253.0,136.28571428571428,147.6,2.0
2023-10-09,MBP16,125,0,0,2023,10,0,0,0,0,98.0,104.0,114.14285714285714,145.06666666666666,27.0
2023-10-10,MBP16,128,0,0,2023,10,1,0,0,0,125.0,124.0,117.14285714285714,145.03333333333333,3.0
2023-10-11,MBP16,124,1,0,2023,10,2,0,0,0,128.0,139.0,117.71428571428571,144.66666666666666,-4.0
2023-10-12,MBP16,124,0,0,2023,10,3,0,0,0,124.0,117.0,115.57142857142857,143.33333333333334,0.0
2023-10-13,MBP16,124,0,0,2023,10,4,0,0,0,124.0,121.0,116.57142857142857,142.16666666666666,0.0
2023-10-14,MBP16,95,0,0,2023,10,5,1,0,0,124.0,96.0,117.0,141.16666666666666,-29.0
2023-10-15,MBP16,98,0,0,2023,10,6,1,0,0,95.0,98.0,116.85714285714286,139.26666666666668,3.0
2023-10-16,MBP16,121,0,0,2023,10,0,0,0,0,98.0,125.0,116.85714285714286,137.26666666666668,23.0
2023-10-17,MBP16,110,0,0,2023,10,1,0,0,0,121.0,128.0,116.28571428571429,136.96666666666667,-11.0
2023-10-18,MBP16,122,0,0,2023,10,2,0,0,0,110.0,124.0,113.71428571428571,136.1,12.0
2023-10-19,MBP16,114,1,0,2023,10,3,0,0,0,122.0,124.0,113.42857142857143,134.63333333333333,-8.0
2023-10-20,MBP16,123,0,0,2023,10,4,0,0,0,114.0,124.0,112.0,133.13333333333333,9.0
2023-10-21,MBP16,98,0,0,2023,10,5,1,0,0,123.0,95.0,111.85714285714286,131.96666666666667,-25.0
2023-10-22,MBP16,102,0,0,2023,10,6,1,0,0,98.0,98.0,112.28571428571429,131.0,4.0
2023-10-23,MBP16,104,0,0,2023,10,0,0,0,0,102.0,121.0,112.85714285714286,129.03333333333333,2.0
2023-10-24,MBP16,131,1,0,2023,10,1,0,0,0,104.0,110.0,110.42857142857143,128.3,27.0
2023-10-25,MBP16,124,0,0,2023,10,2,0,0,0,131.0,122.0,113.42857142857143,128.3,-7.0
2023-10-26,MBP16,128,0,0,2023,10,3,0,0,0,124.0,114.0,113.71428571428571,127.06666666666666,4.0
2023-10-27,MBP16,110,0,0,2023,10,4,0,0,0,128.0,123.0,115.71428571428571,125.96666666666667,-18.0
2023-10-28,MBP16,244,1,0,2023,10,5,1,0,0,110.0,98.0,113.85714285714286,124.0,134.0
2023-10-29,MBP16,86,0,0,2023,10,6,1,0,0,244.0,102.0,134.71428571428572,126.53333333333333,-158.0
2023-10-30,MBP16,122,0,0,2023,10,0,0,0,0,86.0,104.0,132.42857142857142,123.96666666666667,36.0
2023-10-31,MBP16,125,0,0,2023,10,1,0,0,0,122.0,131.0,135.0,123.63333333333334,3.0
2023-11-01,MBP16,168,0,0,2023,11,2,0,0,1,125.0,124.0,134.14285714285714,119.36666666666666,43.0
2023-11-02,MBP16,171,0,0,2023,11,3,0,0,1,168.0,128.0,140.42857142857142,121.5,3.0
2023-11-03,MBP16,173,0,0,2023,11,4,0,0,1,171.0,110.0,146.57142857142858,123.06666666666666,2.0
2023-11-04,MBP16,131,0,0,2023,11,5,1,0,1,173.0,244.0,155.57142857142858,124.2,-42.0
2023-11-05,MBP16,143,0,0,2023,11,6,1,0,1,131.0,86.0,139.42857142857142,124.66666666666667,12.0
2023-11-06,MBP16,162,0,0,2023,11,0,0,0,1,143.0,122.0,147.57142857142858,125.4,19.0
2023-11-07,MBP16,171,0,0,2023,11,1,0,0,1,162.0,125.0,153.28571428571428,127.6,9.0
2023-11-08,MBP16,182,0,0,2023,11,2,0,0,1,171.0,168.0,159.85714285714286,130.03333333333333,11.0
2023-11-09,MBP16,174,0,0,2023,11,3,0,0,1,182.0,171.0,161.85714285714286,131.93333333333334,-8.0
2023-11-10,MBP16,165,0,0,2023,11,4,0,0,1,174.0,173.0,162.28571428571428,133.46666666666667,-9.0
2023-11-11,MBP16,134,0,0,2023,11,5,1,0,1,165.0,131.0,161.14285714285714,134.83333333333334,-31.0
2023-11-12,MBP16,131,0,0,2023,11,6,1,0,1,134.0,143.0,161.57142857142858,135.16666666666666,-3.0
2023-11-13,MBP16,176,0,0,2023,11,0,0,0,1,131.0,162.0,159.85714285714286,135.4,45.0
2023-11-14,MBP16,174,1,0,2023,11,1,0,0,1,176.0,171.0,161.85714285714286,138.1,-2.0
2023-11-15,MBP16,177,0,0,2023,11,2,0,0,1,174.0,182.0,162.28571428571428,140.63333333333333,3.0
2023-11-16,MBP16,173,0,0,2023,11,3,0,0,1,177.0,174.0,161.57142857142858,142.5,-4.0
2023-11-17,MBP16,162,0,0,2023,11,4,0,0,1,173.0,165.0,161.42857142857142,144.6,-11.0
2023-11-18,MBP16,129,0,0,2023,11,5,1,0,1,162.0,134.0,161.0,145.93333333333334,-33.0
2023-11-19,MBP16,135,0,0,2023,11,6,1,0,1,129.0,131.0,160.28571428571428,146.43333333333334,6.0
2023-11-20,MBP16,172,0,0,2023,11,0,0,0,1,135.0,176.0,160.85714285714286,146.83333333333334,37.0
2023-11-21,MBP16,179,0,0,2023,11,1,0,0,1,172.0,174.0,160.28571428571428,149.3,7.0
2023-11-22,MBP16,175,0,0,2023,11,2,0,0,1,179.0,177.0,161.0,151.86666666666667,-4.0
2023-11-23,MBP16,176,0,0,2023,11,3,0,0,1,175.0,173.0,160.71428571428572,154.23333333333332,1.0
2023-11-24,MBP16,171,0,0,2023,11,4,0,0,1,176.0,162.0,161.14285714285714,155.73333333333332,-5.0
2023-11-25,MBP16,340,1,0,2023,11,5,1,0,1,171.0,129.0,162.42857142857142,157.3,169.0
2023-11-26,MBP16,143,0,0,2023,11,6,1,0,1,340.0,135.0,192.57142857142858,164.36666666666667,-197.0
2023-11-27,MBP16,173,0,0,2023,11,0,0,0,1,143.0,172.0,193.71428571428572,165.46666666666667,30.0
2023-11-28,MBP16,169,0,0,2023,11,1,0,0,1,173.0,179.0,193.85714285714286,163.1,-4.0
2023-11-29,MBP16,173,0,0,2023,11,2,0,0,1,169.0,175.0,192.42857142857142,165.86666666666667,4.0
2023-11-30,MBP16,169,0,0,2023,11,3,0,0,1,173.0,176.0,192.14285714285714,167.56666666666666,-4.0
2023-12-01,MBP16,169,0,0,2023,12,4,0,0,1,169.0,171.0,191.14285714285714,169.03333333333333,0.0
2023-12-02,MBP16,142,0,0,2023,12,5,1,0,1,169.0,340.0,190.85714285714286,169.06666666666666,-27.0
2023-12-03,MBP16,143,0,0,2023,12,6,1,0,1,142.0,143.0,162.57142857142858,168.1,1.0
2023-12-04,MBP16,163,0,0,2023,12,0,0,0,1,143.0,173.0,162.57142857142858,167.1,20.0
2023-12-05,MBP16,171,0,0,2023,12,1,0,0,1,163.0,169.0,161.14285714285714,168.16666666666666,8.0
2023-12-06,MBP16,179,1,0,2023,12,2,0,0,1,171.0,173.0,161.42857142857142,169.1,8.0
2023-12-07,MBP16,181,0,0,2023,12,3,0,0,1,179.0,169.0,162.28571428571428,169.66666666666666,2.0
2023-12-08,MBP16,177,0,0,2023,12,4,0,0,1,181.0,169.0,164.0,170.0,-4.0
2023-12-09,MBP16,144,0,0,2023,12,5,1,0,1,177.0,142.0,165.14285714285714,169.83333333333334,-33.0
2023-12-10,MBP16,136,0,0,2023,12,6,1,0,1,144.0,143.0,165.42857142857142,168.83333333333334,-8.0
2023-12-11,MBP16,166,0,0,2023,12,0,0,0,1,136.0,163.0,164.42857142857142,167.86666666666667,30.0
2023-12-12,MBP16,168,0,0,2023,12,1,0,0,1,166.0,171.0,164.85714285714286,168.93333333333334,2.0
2023-12-13,MBP16,179,0,0,2023,12,2,0,0,1,168.0,179.0,164.42857142857142,170.16666666666666,11.0
2023-12-14,MBP16,166,0,0,2023,12,3,0,0,1,179.0,181.0,164.42857142857142,170.26666666666668,-13.0
2023-12-15,MBP16,192,1,0,2023,12,4,0,0,1,166.0,177.0,162.28571428571428,170.0,26.0
2023-12-16,MBP16,140,0,0,2023,12,5,1,0,1,192.0,144.0,164.42857142857142,170.5,-52.0
2023-12-17,MBP16,150,0,0,2023,12,6,1,0,1,140.0,136.0,163.85714285714286,169.4,10.0
2023-12-18,MBP16,179,0,0,2023,12,0,0,0,1,150.0,166.0,165.85714285714286,169.0,29.0
2023-12-19,MBP16,162,0,0,2023,12,1,0,0,1,179.0,168.0,167.71428571428572,170.66666666666666,-17.0
2023-12-20,MBP16,169,0,0,2023,12,2,0,0,1,162.0,179.0,166.85714285714286,171.56666666666666,7.0
2023-12-21,MBP16,175,0,0,2023,12,3,0,0,1,169.0,166.0,165.42857142857142,171.46666666666667,6.0
2023-12-22,MBP16,169,0,0,2023,12,4,0,0,1,175.0,192.0,166.71428571428572,171.33333333333334,-6.0
2023-12-23,MBP16,143,0,0,2023,12,5,1,0,1,169.0,140.0,163.42857142857142,171.13333333333333,-26.0
2023-12-24,MBP16,153,0,0,2023,12,6,1,0,1,143.0,150.0,163.85714285714286,170.03333333333333,10.0
2023-12-25,MBP16,182,0,0,2023,12,0,0,0,1,153.0,179.0,164.28571428571428,169.43333333333334,29.0
2023-12-26,MBP16,186,0,0,2023,12,1,0,0,1,182.0,162.0,164.71428571428572,164.16666666666666,4.0
2023-12-27,MBP16,31,0,1,2023,12,2,0,0,1,186.0,169.0,168.14285714285714,165.6,-155.0
2023-12-28,MBP16,184,0,0,2023,12,3,0,0,1,31.0,175.0,148.42857142857142,160.86666666666667,153.0
2023-12-29,MBP16,170,0,0,2023,12,4,0,0,1,184.0,169.0,149.71428571428572,161.36666666666667,-14.0
2023-12-30,MBP16,139,0,0,2023,12,5,1,0,1,170.0,143.0,149.85714285714286,161.26666666666668,-31.0
2023-12-31,MBP16,142,0,0,2023,12,6,1,0,1,139.0,153.0,149.28571428571428,160.26666666666668,3.0
2024-01-01,MBP16,123,0,0,2024,1,0,0,0,0,142.0,182.0,147.71428571428572,159.36666666666667,-19.0
2024-01-02,MBP16,132,0,0,2024,1,1,0,0,0,123.0,186.0,139.28571428571428,158.73333333333332,9.0
2024-01-03,MBP16,133,0,0,2024,1,2,0,0,0,132.0,31.0,131.57142857142858,158.36666666666667,1.0
2024-01-04,MBP16,126,0,0,2024,1,3,0,0,0,133.0,184.0,146.14285714285714,157.36666666666667,-7.0
2024-01-05,MBP16,115,0,0,2024,1,4,0,0,0,126.0,170.0,137.85714285714286,155.86666666666667,-11.0
2024-01-06,MBP16,108,0,0,2024,1,5,1,0,0,115.0,139.0,130.0,153.73333333333332,-7.0
2024-01-07,MBP16,89,0,1,2024,1,6,1,0,0,108.0,142.0,125.57142857142857,151.3,-19.0
2024-01-08,MBP16,123,0,0,2024,1,0,0,0,0,89.0,123.0,118.0,148.36666666666667,34.0
2024-01-09,MBP16,113,0,0,2024,1,1,0,0,0,123.0,132.0,118.0,147.66666666666666,-10.0
2024-01-10,MBP16,113,0,0,2024,1,2,0,0,0,113.0,133.0,115.28571428571429,146.9,0.0
2024-01-11,MBP16,116,0,0,2024,1,3,0,0,0,113.0,126.0,112.42857142857143,145.13333333333333,3.0
2024-01-12,MBP16,122,0,0,2024,1,4,0,0,0,116.0,115.0,111.0,143.4,6.0
2024-01-13,MBP16,108,0,0,2024,1,5,1,0,0,122.0,108.0,112.0,141.5,-14.0
2024-01-14,MBP16,105,0,0,2024,1,6,1,0,0,108.0,89.0,112.0,139.56666666666666,-3.0
2024-01-15,MBP16,129,0,0,2024,1,0,0,0,0,105.0,123.0,114.28571428571429,136.66666666666666,24.0
2024-01-16,MBP16,126,0,0,2024,1,1,0,0,0,129.0,113.0,115.14285714285714,136.3,-3.0
2024-01-17,MBP16,100,0,1,2024,1,2,0,0,0,126.0,113.0,117.0,135.5,-26.0
2024-01-18,MBP16,124,0,0,2024,1,3,0,0,0,100.0,116.0,115.14285714285714,132.86666666666667,24.0
2024-01-19,MBP16,117,0,0,2024,1,4,0,0,0,124.0,122.0,116.28571428571429,131.6,-7.0
2024-01-20,MBP16,94,0,0,2024,1,5,1,0,0,117.0,108.0,115.57142857142857,129.86666666666667,-23.0
2024-01-21,MBP16,247,1,0,2024,1,6,1,0,0,94.0,105.0,113.57142857142857,127.16666666666667,153.0
2024-01-22,MBP16,120,0,0,2024,1,0,0,0,0,247.0,129.0,133.85714285714286,129.76666666666668,-127.0
2024-01-23,MBP16,124,0,0,2024,1,1,0,0,0,120.0,126.0,132.57142857142858,129.0,4.0
2024-01-24,MBP16,136,1,0,2024,1,2,0,0,0,124.0,100.0,132.28571428571428,128.03333333333333,12.0
2024-01-25,MBP16,117,0,0,2024,1,3,0,0,0,136.0,124.0,137.42857142857142,126.5,-19.0
2024-01-26,MBP16,121,0,0,2024,1,4,0,0,0,117.0,117.0,136.42857142857142,124.2,4.0
2024-01-27,MBP16,104,0,0,2024,1,5,1,0,0,121.0,94.0,137.0,127.2,-17.0
2024-01-28,MBP16,253,1,0,2024,1,6,1,0,0,104.0,247.0,138.42857142857142,124.53333333333333,149.0
2024-01-29,MBP16,100,0,1,2024,1,0,0,0,0,253.0,120.0,139.28571428571428,127.3,-153.0
2024-01-30,MBP16,131,1,0,2024,1,1,0,0,0,100.0,124.0,136.42857142857142,126.0,31.0
2024-01-31,MBP16,123,0,0,2024,1,2,0,0,0,131.0,136.0,137.42857142857142,125.63333333333334,-8.0
2024-02-01,MBP16,124,0,0,2024,2,3,0,0,0,123.0,117.0,135.57142857142858,125.63333333333334,1.0
2024-02-02,MBP16,134,0,0,2024,2,4,0,0,0,124.0,121.0,136.57142857142858,125.36666666666666,10.0
2024-02-03,MBP16,92,0,0,2024,2,5,1,0,0,134.0,104.0,138.42857142857142,125.4,-42.0
2024-02-04,MBP16,99,0,0,2024,2,6,1,0,0,92.0,253.0,136.71428571428572,124.26666666666667,7.0
2024-02-05,MBP16,118,0,0,2024,2,0,0,0,0,99.0,100.0,114.71428571428571,123.73333333333333,19.0
2024-02-06,MBP16,127,0,0,2024,2,1,0,0,0,118.0,131.0,117.28571428571429,124.06666666666666,9.0
2024-02-07,MBP16,123,0,0,2024,2,2,0,0,0,127.0,123.0,116.71428571428571,125.33333333333333,-4.0
2024-02-08,MBP16,127,1,0,2024,2,3,0,0,0,123.0,124.0,116.71428571428571,125.33333333333333,4.0
2024-02-09,MBP16,122,0,0,2024,2,4,0,0,0,127.0,134.0,117.14285714285714,125.8,-5.0
2024-02-10,MBP16,104,0,0,2024,2,5,1,0,0,122.0,92.0,115.42857142857143,126.1,-18.0
2024-02-11,MBP16,112,0,0,2024,2,6,1,0,0,104.0,99.0,117.14285714285714,125.7,8.0
2024-02-12,MBP16,122,0,0,2024,2,0,0,0,0,112.0,118.0,119.0,125.36666666666666,10.0
2024-02-13,MBP16,126,0,0,2024,2,1,0,0,0,122.0,127.0,119.57142857142857,125.83333333333333,4.0
2024-02-14,MBP16,121,0,0,2024,2,2,0,0,0,126.0,123.0,119.42857142857143,126.53333333333333,-5.0
2024-02-15,MBP16,132,0,0,2024,2,3,0,0,0,121.0,127.0,119.14285714285714,126.26666666666667,11.0
2024-02-16,MBP16,132,0,0,2024,2,4,0,0,0,132.0,122.0,119.85714285714286,126.46666666666667,0.0
2024-02-17,MBP16,97,0,0,2024,2,5,1,0,0,132.0,104.0,121.28571428571429,127.53333333333333,-35.0
2024-02-18,MBP16,248,1,0,2024,2,6,1,0,0,97.0,112.0,120.28571428571429,126.63333333333334,151.0
2024-02-19,MBP16,117,0,0,2024,2,0,0,0,0,248.0,122.0,139.71428571428572,131.0,-131.0
2024-02-20,MBP16,128,0,0,2024,2,1,0,0,0,117.0,126.0,139.0,131.76666666666668,11.0
2024-02-21,MBP16,128,0,0,2024,2,2,0,0,0,128.0,121.0,139.28571428571428,127.8,0.0
2024-02-22,MBP16,122,0,0,2024,2,3,0,0,0,128.0,132.0,140.28571428571428,128.06666666666666,-6.0
2024-02-23,MBP16,127,0,0,2024,2,4,0,0,0,122.0,132.0,138.85714285714286,128.0,5.0
2024-02-24,MBP16,98,0,0,2024,2,5,1,0,0,127.0,97.0,138.14285714285714,127.7,-29.0
2024-02-25,MBP16,99,0,0,2024,2,6,1,0,0,98.0,248.0,138.28571428571428,127.06666666666666,1.0
2024-02-26,MBP16,128,0,0,2024,2,0,0,0,0,99.0,117.0,117.0,126.33333333333333,29.0
2024-02-27,MBP16,118,0,0,2024,2,1,0,0,0,128.0,128.0,118.57142857142857,127.13333333333334,-10.0
2024-02-28,MBP16,125,0,0,2024,2,2,0,0,0,118.0,128.0,117.14285714285714,122.63333333333334,7.0
2024-02-29,MBP16,119,0,0,2024,2,3,0,0,0,125.0,122.0,116.71428571428571,123.46666666666667,-6.0
2024-03-01,MBP16,133,0,0,2024,3,4,0,0,0,119.0,127.0,116.28571428571429,123.06666666666666,14.0
2024-03-02,MBP16,100,0,0,2024,3,5,1,0,0,133.0,98.0,117.14285714285714,123.4,-33.0
2024-03-03,MBP16,99,0,0,2024,3,6,1,0,0,100.0,99.0,117.42857142857143,122.6,-1.0
2024-03-04,MBP16,122,0,0,2024,3,0,0,0,0,99.0,128.0,117.42857142857143,121.43333333333334,23.0
2024-03-05,MBP16,117,0,0,2024,3,1,0,0,0,122.0,118.0,116.57142857142857,122.43333333333334,-5.0
2024-03-06,MBP16,116,0,0,2024,3,2,0,0,0,117.0,125.0,116.42857142857143,123.03333333333333,-1.0
2024-03-07,MBP16,130,0,0,2024,3,3,0,0,0,116.0,119.0,115.14285714285714,122.96666666666667,14.0
2024-03-08,MBP16,118,0,0,2024,3,4,0,0,0,130.0,133.0,116.71428571428571,123.06666666666666,-12.0
2024-03-09,MBP16,97,0,0,2024,3,5,1,0,0,118.0,100.0,114.57142857142857,122.9,-21.0
2024-03-10,MBP16,248,1,0,2024,3,6,1,0,0,97.0,99.0,114.14285714285714,121.9,151.0
2024-03-11,MBP16,123,0,0,2024,3,0,0,0,0,248.0,122.0,135.42857142857142,126.1,-125.0
2024-03-12,MBP16,130,1,0,2024,3,1,0,0,0,123.0,117.0,135.57142857142858,126.73333333333333,7.0
2024-03-13,MBP16,126,0,0,2024,3,2,0,0,0,130.0,116.0,137.42857142857142,127.33333333333333,-4.0
2024-03-14,MBP16,131,0,0,2024,3,3,0,0,0,126.0,130.0,138.85714285714286,127.46666666666667,5.0
2024-03-15,MBP16,123,0,0,2024,3,4,0,0,0,131.0,118.0,139.0,127.63333333333334,-8.0
2024-03-16,MBP16,91,0,0,2024,3,5,1,0,0,123.0,97.0,139.71428571428572,127.7,-32.0
2024-03-17,MBP16,103,0,0,2024,3,6,1,0,0,91.0,248.0,138.85714285714286,126.33333333333333,12.0
2024-03-18,MBP16,123,0,0,2024,3,0,0,0,0,103.0,123.0,118.14285714285714,125.36666666666666,20.0
2024-03-19,MBP16,121,0,0,2024,3,1,0,0,0,123.0,130.0,118.14285714285714,126.23333333333333,-2.0
2024-03-20,MBP16,120,0,0,2024,3,2,0,0,0,121.0,126.0,116.85714285714286,122.0,-1.0
2024-03-21,MBP16,132,0,0,2024,3,3,0,0,0,120.0,131.0,116.0,122.1,12.0
2024-03-22,MBP16,123,0,0,2024,3,4,0,0,0,132.0,123.0,116.14285714285714,122.23333333333333,-9.0
2024-03-23,MBP16,95,0,0,2024,3,5,1,0,0,123.0,91.0,116.14285714285714,122.06666666666666,-28.0
2024-03-24,MBP16,102,0,0,2024,3,6,1,0,0,95.0,103.0,116.71428571428571,121.16666666666667,7.0
2024-03-25,MBP16,130,0,0,2024,3,0,0,0,0,102.0,123.0,116.57142857142857,120.33333333333333,28.0
2024-03-26,MBP16,117,0,0,2024,3,1,0,0,0,130.0,121.0,117.57142857142857,121.4,-13.0
2024-03-27,MBP16,130,0,0,2024,3,2,0,0,0,117.0,120.0,117.0,122.0,13.0
2024-03-28,MBP16,115,0,0,2024,3,3,0,0,0,130.0,132.0,118.42857142857143,122.06666666666666,-15.0
2024-03-29,MBP16,124,0,0,2024,3,4,0,0,0,115.0,123.0,116.0,121.96666666666667,9.0
2024-03-30,MBP16,104,0,0,2024,3,5,1,0,0,124.0,95.0,116.14285714285714,121.93333333333334,-20.0
2024-03-31,MBP16,96,0,0,2024,3,6,1,0,0,104.0,102.0,117.42857142857143,121.43333333333334,-8.0
2024-04-01,MBP16,116,0,0,2024,4,0,0,0,0,96.0,130.0,116.57142857142857,120.2,20.0
2024-04-02,MBP16,121,0,0,2024,4,1,0,0,0,116.0,117.0,114.57142857142857,120.73333333333333,5.0
2024-04-03,MBP16,131,0,0,2024,4,2,0,0,0,121.0,130.0,115.14285714285714,121.46666666666667,10.0
2024-04-04,MBP16,126,0,0,2024,4,3,0,0,0,131.0,115.0,115.28571428571429,121.76666666666667,-5.0
2024-04-05,MBP16,91,0,1,2024,4,4,0,0,0,126.0,124.0,116.85714285714286,122.06666666666666,-35.0
2024-04-06,MBP16,110,0,0,2024,4,5,1,0,0,91.0,104.0,112.14285714285714,121.23333333333333,19.0
2024-04-07,MBP16,97,0,0,2024,4,6,1,0,0,110.0,96.0,113.0,120.56666666666666,-13.0
2024-04-08,MBP16,124,0,0,2024,4,0,0,0,0,97.0,116.0,113.14285714285714,119.86666666666666,27.0
2024-04-09,MBP16,127,0,0,2024,4,1,0,0,0,124.0,121.0,114.28571428571429,120.76666666666667,3.0
2024-04-10,MBP16,127,0,0,2024,4,2,0,0,0,127.0,131.0,115.14285714285714,116.73333333333333,0.0
2024-04-11,MBP16,121,0,0,2024,4,3,0,0,0,127.0,126.0,114.57142857142857,116.86666666666666,-6.0
2024-04-12,MBP16,131,1,0,2024,4,4,0,0,0,121.0,91.0,113.85714285714286,116.56666666666666,10.0
2024-04-13,MBP16,102,0,0,2024,4,5,1,0,0,131.0,110.0,119.57142857142857,116.73333333333333,-29.0
2024-04-14,MBP16,100,0,0,2024,4,6,1,0,0,102.0,97.0,118.42857142857143,115.76666666666667,-2.0
2024-04-15,MBP16,133,0,0,2024,4,0,0,0,0,100.0,124.0,118.85714285714286,115.0,33.0
2024-04-16,MBP16,119,0,0,2024,4,1,0,0,0,133.0,127.0,120.14285714285714,116.4,-14.0
2024-04-17,MBP16,118,0,0,2024,4,2,0,0,0,119.0,127.0,119.0,116.93333333333334,-1.0
2024-04-18,MBP16,126,0,0,2024,4,3,0,0,0,118.0,121.0,117.71428571428571,116.76666666666667,8.0
2024-04-19,MBP16,126,0,0,2024,4,4,0,0,0,126.0,131.0,118.42857142857143,116.93333333333334,0.0
2024-04-20,MBP16,104,0,0,2024,4,5,1,0,0,126.0,102.0,117.71428571428571,117.13333333333334,-22.0
2024-04-21,MBP16,93,0,0,2024,4,6,1,0,0,104.0,100.0,118.0,116.2,-11.0
2024-04-22,MBP16,126,0,0,2024,4,0,0,0,0,93.0,133.0,117.0,115.2,33.0
2024-04-23,MBP16,113,0,0,2024,4,1,0,0,0,126.0,119.0,116.0,116.23333333333333,-13.0
2024-04-24,MBP16,121,0,0,2024,4,2,0,0,0,113.0,118.0,115.14285714285714,116.6,8.0
2024-04-25,MBP16,113,0,0,2024,4,3,0,0,0,121.0,126.0,115.57142857142857,116.3,-8.0
2024-04-26,MBP16,118,0,0,2024,4,4,0,0,0,113.0,126.0,113.71428571428571,116.16666666666667,5.0
2024-04-27,MBP16,256,1,0,2024,4,5,1,0,0,118.0,104.0,112.57142857142857,115.76666666666667,138.0
2024-04-28,MBP16,243,1,0,2024,4,6,1,0,0,256.0,93.0,134.28571428571428,120.46666666666667,-13.0
2024-04-29,MBP16,112,1,0,2024,4,0,0,0,0,243.0,126.0,155.71428571428572,124.43333333333334,-131.0
2024-04-30,MBP16,125,0,0,2024,4,1,0,0,0,112.0,113.0,153.71428571428572,124.7,13.0
2024-05-01,MBP16,113,0,0,2024,5,2,0,0,0,125.0,121.0,155.42857142857142,125.66666666666667,-12.0
2024-05-02,MBP16,115,0,0,2024,5,3,0,0,0,113.0,113.0,154.28571428571428,125.56666666666666,2.0
2024-05-03,MBP16,120,0,0,2024,5,4,0,0,0,115.0,118.0,154.57142857142858,125.36666666666666,5.0
2024-05-04,MBP16,92,0,0,2024,5,5,1,0,0,120.0,256.0,154.85714285714286,125.0,-28.0
2024-05-05,MBP16,99,0,0,2024,5,6,1,0,0,92.0,243.0,131.42857142857142,123.86666666666666,7.0
2024-05-06,MBP16,122,0,0,2024,5,0,0,0,0,99.0,112.0,110.85714285714286,124.13333333333334,23.0
2024-05-07,MBP16,123,1,0,2024,5,1,0,0,0,122.0,125.0,112.28571428571429,124.53333333333333,1.0
2024-05-08,MBP16,124,0,0,2024,5,2,0,0,0,123.0,113.0,112.0,125.4,1.0
2024-05-09,MBP16,113,0,0,2024,5,3,0,0,0,124.0,115.0,113.57142857142857,125.4,-11.0
2024-05-10,MBP16,135,0,0,2024,5,4,0,0,0,113.0,120.0,113.28571428571429,124.93333333333334,22.0
2024-05-11,MBP16,106,0,0,2024,5,5,1,0,0,135.0,92.0,115.42857142857143,125.2,-29.0
2024-05-12,MBP16,95,0,0,2024,5,6,1,0,0,106.0,99.0,117.42857142857143,124.7,-11.0
2024-05-13,MBP16,128,0,0,2024,5,0,0,0,0,95.0,122.0,116.85714285714286,123.5,33.0
2024-05-14,MBP16,125,0,0,2024,5,1,0,0,0,128.0,123.0,117.71428571428571,124.36666666666666,-3.0
2024-05-15,MBP16,125,0,0,2024,5,2,0,0,0,125.0,124.0,118.0,125.2,0.0
2024-05-16,MBP16,117,0,0,2024,5,3,0,0,0,125.0,113.0,118.14285714285714,124.93333333333334,-8.0
2024-05-17,MBP16,117,0,0,2024,5,4,0,0,0,117.0,135.0,118.71428571428571,124.86666666666666,0.0
2024-05-18,MBP16,95,0,0,2024,5,5,1,0,0,117.0,106.0,116.14285714285714,124.83333333333333,-22.0
2024-05-19,MBP16,102,0,0,2024,5,6,1,0,0,95.0,95.0,114.57142857142857,123.8,7.0
2024-05-20,MBP16,120,0,0,2024,5,0,0,0,0,102.0,128.0,115.57142857142857,123.0,18.0
2024-05-21,MBP16,116,1,0,2024,5,1,0,0,0,120.0,125.0,114.42857142857143,123.53333333333333,-4.0
2024-05-22,MBP16,93,0,1,2024,5,2,0,0,0,116.0,125.0,113.14285714285714,124.3,-23.0
2024-05-23,MBP16,129,0,0,2024,5,3,0,0,0,93.0,117.0,108.57142857142857,123.2,36.0
2024-05-24,MBP16,117,0,0,2024,5,4,0,0,0,129.0,117.0,110.28571428571429,123.73333333333333,-12.0
2024-05-25,MBP16,101,0,0,2024,5,5,1,0,0,117.0,95.0,110.28571428571429,123.6,-16.0
2024-05-26,MBP16,95,0,0,2024,5,6,1,0,0,101.0,102.0,111.14285714285714,123.2,-6.0
2024-05-27,MBP16,115,0,0,2024,5,0,0,0,0,95.0,120.0,110.14285714285714,122.43333333333334,20.0
2024-05-28,MBP16,130,0,0,2024,5,1,0,0,0,115.0,116.0,109.42857142857143,117.73333333333333,15.0
2024-05-29,MBP16,122,1,0,2024,5,2,0,0,0,130.0,93.0,111.42857142857143,113.96666666666667,-8.0
2024-05-30,MBP16,130,0,0,2024,5,3,0,0,0,122.0,129.0,115.57142857142857,114.3,8.0
2024-05-31,MBP16,98,0,1,2024,5,4,0,0,0,130.0,117.0,115.71428571428571,114.46666666666667,-32.0
2024-06-01,MBP16,99,0,0,2024,6,5,1,0,0,98.0,101.0,113.0,113.96666666666667,1.0
2024-06-02,MBP16,104,0,0,2024,6,6,1,0,0,99.0,95.0,112.71428571428571,113.43333333333334,5.0
2024-06-03,MBP16,126,0,0,2024,6,0,0,0,0,104.0,115.0,114.0,112.9,22.0
2024-06-04,MBP16,124,0,0,2024,6,1,0,0,0,126.0,130.0,115.57142857142857,114.03333333333333,-2.0
2024-06-05,MBP16,120,0,0,2024,6,2,0,0,0,124.0,122.0,114.71428571428571,114.86666666666666,-4.0
2024-06-06,MBP16,126,0,0,2024,6,3,0,0,0,120.0,130.0,114.42857142857143,114.8,6.0
2024-06-07,MBP16,127,0,0,2024,6,4,0,0,0,126.0,98.0,113.85714285714286,114.9,1.0
2024-06-08,MBP16,91,0,0,2024,6,5,1,0,0,127.0,99.0,118.0,115.0,-36.0
2024-06-09,MBP16,99,0,0,2024,6,6,1,0,0,91.0,104.0,116.85714285714286,114.26666666666667,8.0
2024-06-10,MBP16,116,1,0,2024,6,0,0,0,0,99.0,126.0,116.14285714285714,113.06666666666666,17.0
2024-06-11,MBP16,125,0,0,2024,6,1,0,0,0,116.0,124.0,114.71428571428571,113.4,9.0
2024-06-12,MBP16,117,0,0,2024,6,2,0,0,0,125.0,120.0,114.85714285714286,114.4,-8.0
2024-06-13,MBP16,125,0,0,2024,6,3,0,0,0,117.0,126.0,114.42857142857143,114.03333333333333,8.0
2024-06-14,MBP16,122,0,0,2024,6,4,0,0,0,125.0,127.0,114.28571428571429,114.03333333333333,-3.0
2024-06-15,MBP16,101,0,0,2024,6,5,1,0,0,122.0,91.0,113.57142857142857,113.93333333333334,-21.0
2024-06-16,MBP16,108,0,0,2024,6,6,1,0,0,101.0,99.0,115.0,113.4,7.0
2024-06-17,MBP16,118,0,0,2024,6,0,0,0,0,108.0,116.0,116.28571428571429,113.1,10.0
2024-06-18,MBP16,122,0,0,2024,6,1,0,0,0,118.0,125.0,116.57142857142857,113.86666666666666,4.0
2024-06-19,MBP16,123,0,0,2024,6,2,0,0,0,122.0,117.0,116.14285714285714,114.53333333333333,1.0
2024-06-20,MBP16,116,0,0,2024,6,3,0,0,0,123.0,125.0,117.0,114.63333333333334,-7.0
2024-06-21,MBP16,134,1,0,2024,6,4,0,0,0,116.0,122.0,115.71428571428571,114.63333333333334,18.0
2024-06-22,MBP16,107,0,0,2024,6,5,1,0,0,134.0,101.0,117.42857142857143,116.0,-27.0
2024-06-23,MBP16,100,0,0,2024,6,6,1,0,0,107.0,108.0,118.28571428571429,115.26666666666667,-7.0
2024-06-24,MBP16,132,0,0,2024,6,0,0,0,0,100.0,118.0,117.14285714285714,114.7,32.0
2024-06-25,MBP16,126,0,0,2024,6,1,0,0,0,132.0,122.0,119.14285714285714,115.73333333333333,-6.0
2024-06-26,MBP16,123,0,0,2024,6,2,0,0,0,126.0,123.0,119.71428571428571,116.76666666666667,-3.0
2024-06-27,MBP16,134,1,0,2024,6,3,0,0,0,123.0,116.0,119.71428571428571,117.03333333333333,11.0
2024-06-28,MBP16,128,1,0,2024,6,4,0,0,0,134.0,134.0,122.28571428571429,117.16666666666667,-6.0
2024-06-29,MBP16,78,0,1,2024,6,5,1,0,0,128.0,107.0,121.42857142857143,117.36666666666666,-50.0
2024-06-30,MBP16,102,0,0,2024,6,6,1,0,0,78.0,100.0,117.28571428571429,115.63333333333334,24.0
2024-07-01,MBP16,134,0,0,2024,7,0,0,0,0,102.0,132.0,117.57142857142857,115.76666666666667,32.0
2024-07-02,MBP16,118,0,0,2024,7,1,0,0,0,134.0,126.0,117.85714285714286,116.93333333333334,-16.0
2024-07-03,MBP16,122,1,0,2024,7,2,0,0,0,118.0,123.0,116.71428571428571,117.4,4.0
2024-07-04,MBP16,124,0,0,2024,7,3,0,0,0,122.0,134.0,116.57142857142857,117.26666666666667,2.0
2024-07-05,MBP16,111,0,0,2024,7,4,0,0,0,124.0,128.0,115.14285714285714,117.26666666666667,-13.0
2024-07-06,MBP16,97,0,0,2024,7,5,1,0,0,111.0,78.0,112.71428571428571,116.96666666666667,-14.0
2024-07-07,MBP16,99,0,0,2024,7,6,1,0,0,97.0,102.0,115.42857142857143,116.0,2.0
2024-07-08,MBP16,95,0,1,2024,7,0,0,0,0,99.0,134.0,115.0,115.06666666666666,-4.0
2024-07-09,MBP16,130,0,0,2024,7,1,0,0,0,95.0,118.0,109.42857142857143,115.2,35.0
2024-07-10,MBP16,130,0,0,2024,7,2,0,0,0,130.0,122.0,111.14285714285714,116.23333333333333,0.0
2024-07-11,MBP16,133,0,0,2024,7,3,0,0,0,130.0,124.0,112.28571428571429,116.7,3.0
2024-07-12,MBP16,123,0,0,2024,7,4,0,0,0,133.0,111.0,113.57142857142857,116.96666666666667,-10.0
2024-07-13,MBP16,100,0,0,2024,7,5,1,0,0,123.0,97.0,115.28571428571429,117.16666666666667,-23.0
2024-07-14,MBP16,97,0,0,2024,7,6,1,0,0,100.0,99.0,115.71428571428571,116.33333333333333,-3.0
2024-07-15,MBP16,129,0,0,2024,7,0,0,0,0,97.0,95.0,115.42857142857143,115.5,32.0
2024-07-16,MBP16,114,0,0,2024,7,1,0,0,0,129.0,130.0,120.28571428571429,116.43333333333334,-15.0
2024-07-17,MBP16,120,0,0,2024,7,2,0,0,0,114.0,130.0,118.0,116.63333333333334,6.0
2024-07-18,MBP16,129,0,0,2024,7,3,0,0,0,120.0,133.0,116.57142857142857,116.7,9.0
2024-07-19,MBP16,128,1,0,2024,7,4,0,0,0,129.0,123.0,116.0,116.93333333333334,-1.0
2024-07-20,MBP16,96,0,0,2024,7,5,1,0,0,128.0,100.0,116.71428571428571,117.1,-32.0
2024-07-21,MBP16,95,0,0,2024,7,6,1,0,0,96.0,97.0,116.14285714285714,116.43333333333334,-1.0
2024-07-22,MBP16,118,0,0,2024,7,0,0,0,0,95.0,129.0,115.85714285714286,115.13333333333334,23.0
2024-07-23,MBP16,120,0,0,2024,7,1,0,0,0,118.0,114.0,114.28571428571429,115.5,2.0
2024-07-24,MBP16,125,0,0,2024,7,2,0,0,0,120.0,120.0,115.14285714285714,116.16666666666667,5.0
2024-07-25,MBP16,123,0,0,2024,7,3,0,0,0,125.0,129.0,115.85714285714286,115.93333333333334,-2.0
2024-07-26,MBP16,131,0,0,2024,7,4,0,0,0,123.0,128.0,115.0,115.83333333333333,8.0
2024-07-27,MBP16,91,0,0,2024,7,5,1,0,0,131.0,96.0,115.42857142857143,116.1,-40.0
2024-07-28,MBP16,96,0,0,2024,7,6,1,0,0,91.0,95.0,114.71428571428571,114.66666666666667,5.0
2024-07-29,MBP16,116,0,0,2024,7,0,0,0,0,96.0,118.0,114.85714285714286,113.6,20.0
2024-07-30,MBP16,118,0,0,2024,7,1,0,0,0,116.0,120.0,114.57142857142857,114.86666666666666,2.0
2024-07-31,MBP16,125,1,0,2024,7,2,0,0,0,118.0,125.0,114.28571428571429,115.4,7.0
2024-08-01,MBP16,176,1,0,2024,8,3,0,1,0,125.0,123.0,114.28571428571429,115.1,51.0
2024-08-02,MBP16,169,0,0,2024,8,4,0,1,0,176.0,131.0,121.85714285714286,117.03333333333333,-7.0
2024-08-03,MBP16,137,0,0,2024,8,5,1,1,0,169.0,91.0,127.28571428571429,118.6,-32.0
2024-08-04,MBP16,139,0,0,2024,8,6,1,1,0,137.0,96.0,133.85714285714286,119.03333333333333,2.0
2024-08-05,MBP16,171,0,0,2024,8,0,0,1,0,139.0,116.0,140.0,119.96666666666667,32.0
2024-08-06,MBP16,168,0,0,2024,8,1,0,1,0,171.0,118.0,147.85714285714286,122.43333333333334,-3.0
2024-08-07,MBP16,170,0,0,2024,8,2,0,1,0,168.0,125.0,155.0,124.73333333333333,2.0
2024-08-08,MBP16,164,0,0,2024,8,3,0,1,0,170.0,176.0,161.42857142857142,127.23333333333333,-6.0
2024-08-09,MBP16,166,1,0,2024,8,4,0,1,0,164.0,169.0,159.71428571428572,128.36666666666667,2.0
2024-08-10,MBP16,130,0,0,2024,8,5,1,1,0,166.0,137.0,159.28571428571428,129.56666666666666,-36.0
2024-08-11,MBP16,142,0,0,2024,8,6,1,1,0,130.0,139.0,158.28571428571428,129.46666666666667,12.0
2024-08-12,MBP16,159,0,0,2024,8,0,0,1,0,142.0,171.0,158.71428571428572,130.1,17.0
2024-08-13,MBP16,163,0,0,2024,8,1,0,1,0,159.0,168.0,157.0,132.06666666666666,4.0
2024-08-14,MBP16,158,0,0,2024,8,2,0,1,0,163.0,170.0,156.28571428571428,134.26666666666668,-5.0
2024-08-15,MBP16,171,0,0,2024,8,3,0,1,0,158.0,164.0,154.57142857142858,135.23333333333332,13.0
2024-08-16,MBP16,165,0,0,2024,8,4,0,1,0,171.0,166.0,155.57142857142858,137.13333333333333,-6.0
2024-08-17,MBP16,333,1,0,2024,8,5,1,1,0,165.0,130.0,155.42857142857142,138.63333333333333,168.0
2024-08-18,MBP16,123,0,0,2024,8,6,1,1,0,333.0,142.0,184.42857142857142,145.43333333333334,-210.0
2024-08-19,MBP16,165,0,0,2024,8,0,0,1,0,123.0,159.0,181.71428571428572,145.26666666666668,42.0
2024-08-20,MBP16,171,0,0,2024,8,1,0,1,0,165.0,163.0,182.57142857142858,147.56666666666666,6.0
2024-08-21,MBP16,169,0,0,2024,8,2,0,1,0,171.0,158.0,183.71428571428572,150.1,-2.0
2024-08-22,MBP16,162,0,0,2024,8,3,0,1,0,169.0,171.0,185.28571428571428,151.8,-7.0
2024-08-23,MBP16,160,0,0,2024,8,4,0,1,0,162.0,165.0,184.0,153.2,-2.0
2024-08-24,MBP16,134,0,0,2024,8,5,1,1,0,160.0,333.0,183.28571428571428,154.36666666666667,-26.0
2024-08-25,MBP16,125,0,0,2024,8,6,1,1,0,134.0,123.0,154.85714285714286,154.73333333333332,-9.0
2024-08-26,MBP16,168,0,0,2024,8,0,0,1,0,125.0,165.0,155.14285714285714,154.53333333333333,43.0
2024-08-27,MBP16,159,0,0,2024,8,1,0,1,0,168.0,171.0,155.57142857142858,157.1,-9.0
2024-08-28,MBP16,161,0,0,2024,8,2,0,1,0,159.0,169.0,153.85714285714286,159.2,2.0
2024-08-29,MBP16,169,1,0,2024,8,3,0,1,0,161.0,162.0,152.71428571428572,160.7,8.0
2024-08-30,MBP16,169,0,0,2024,8,4,0,1,0,169.0,160.0,153.71428571428572,162.4,0.0
2024-08-31,MBP16,128,0,0,2024,8,5,1,1,0,169.0,134.0,155.0,163.86666666666667,-41.0
2024-09-01,MBP16,129,0,0,2024,9,6,1,1,0,128.0,125.0,154.14285714285714,162.26666666666668,1.0
2024-09-02,MBP16,174,0,0,2024,9,0,0,1,0,129.0,168.0,154.71428571428572,160.93333333333334,45.0
2024-09-03,MBP16,169,0,0,2024,9,1,0,1,0,174.0,159.0,155.57142857142858,162.16666666666666,-5.0
2024-09-04,MBP16,174,1,0,2024,9,2,0,1,0,169.0,161.0,157.0,163.16666666666666,5.0
2024-09-05,MBP16,166,0,0,2024,9,3,0,1,0,174.0,169.0,158.85714285714286,163.26666666666668,-8.0
2024-09-06,MBP16,162,1,0,2024,9,4,0,1,0,166.0,169.0,158.42857142857142,163.2,-4.0
2024-09-07,MBP16,135,0,0,2024,9,5,1,1,0,162.0,128.0,157.42857142857142,162.93333333333334,-27.0
2024-09-08,MBP16,141,0,0,2024,9,6,1,1,0,135.0,129.0,158.42857142857142,161.96666666666667,6.0
2024-09-09,MBP16,160,0,0,2024,9,0,0,1,0,141.0,174.0,160.14285714285714,161.13333333333333,19.0
2024-09-10,MBP16,157,0,0,2024,9,1,0,1,0,160.0,169.0,158.14285714285714,162.13333333333333,-3.0
2024-09-11,MBP16,121,0,1,2024,9,2,0,1,0,157.0,174.0,156.42857142857142,162.63333333333333,-36.0
2024-09-12,MBP16,159,0,0,2024,9,3,0,1,0,121.0,166.0,148.85714285714286,161.36666666666667,38.0
2024-09-13,MBP16,157,0,0,2024,9,4,0,1,0,159.0,162.0,147.85714285714286,161.23333333333332,-2.0
2024-09-14,MBP16,135,0,0,2024,9,5,1,1,0,157.0,135.0,147.14285714285714,161.2,-22.0
2024-09-15,MBP16,137,0,0,2024,9,6,1,1,0,135.0,141.0,147.14285714285714,160.0,2.0
2024-09-16,MBP16,169,0,0,2024,9,0,0,1,0,137.0,160.0,146.57142857142858,159.06666666666666,32.0
2024-09-17,MBP16,162,0,0,2024,9,1,0,1,0,169.0,157.0,147.85714285714286,153.6,-7.0
2024-09-18,MBP16,171,0,0,2024,9,2,0,1,0,162.0,121.0,148.57142857142858,154.9,9.0
2024-09-19,MBP16,162,1,0,2024,9,3,0,1,0,171.0,159.0,155.71428571428572,155.1,-9.0
2024-09-20,MBP16,162,0,0,2024,9,4,0,1,0,162.0,157.0,156.14285714285714,154.8,0.0
2024-09-21,MBP16,131,0,0,2024,9,5,1,1,0,162.0,135.0,156.85714285714286,154.56666666666666,-31.0
2024-09-22,MBP16,137,0,0,2024,9,6,1,1,0,131.0,137.0,156.28571428571428,153.53333333333333,6.0
2024-09-23,MBP16,157,0,0,2024,9,0,0,1,0,137.0,169.0,156.28571428571428,152.76666666666668,20.0
2024-09-24,MBP16,165,0,0,2024,9,1,0,1,0,157.0,162.0,154.57142857142858,153.53333333333333,8.0
2024-09-25,MBP16,170,0,0,2024,9,2,0,1,0,165.0,171.0,155.0,154.86666666666667,5.0
2024-09-26,MBP16,169,0,0,2024,9,3,0,1,0,170.0,162.0,154.85714285714286,154.93333333333334,-1.0
2024-09-27,MBP16,162,0,0,2024,9,4,0,1,0,169.0,162.0,155.85714285714286,155.26666666666668,-7.0
2024-09-28,MBP16,109,0,1,2024,9,5,1,1,0,162.0,131.0,155.85714285714286,155.3,-53.0
2024-09-29,MBP16,131,0,0,2024,9,6,1,1,0,109.0,137.0,152.71428571428572,153.3,22.0
2024-09-30,MBP16,162,0,0,2024,9,0,0,1,0,131.0,157.0,151.85714285714286,152.03333333333333,31.0
2024-10-01,MBP16,121,0,0,2024,10,1,0,0,0,162.0,165.0,152.57142857142858,153.16666666666666,-41.0
2024-10-02,MBP16,132,0,0,2024,10,2,0,0,0,121.0,170.0,146.28571428571428,152.9,11.0
2024-10-03,MBP16,131,0,0,2024,10,3,0,0,0,132.0,169.0,140.85714285714286,151.5,-1.0
2024-10-04,MBP16,134,1,0,2024,10,4,0,0,0,131.0,162.0,135.42857142857142,150.23333333333332,3.0
2024-10-05,MBP16,93,0,0,2024,10,5,1,0,0,134.0,109.0,131.42857142857142,148.9,-41.0
2024-10-06,MBP16,104,0,0,2024,10,6,1,0,0,93.0,131.0,129.14285714285714,146.46666666666667,11.0
2024-10-07,MBP16,121,0,0,2024,10,0,0,0,0,104.0,162.0,125.28571428571429,144.53333333333333,17.0
2024-10-08,MBP16,125,0,0,2024,10,1,0,0,0,121.0,121.0,119.42857142857143,144.06666666666666,4.0
2024-10-09,MBP16,118,0,0,2024,10,2,0,0,0,125.0,132.0,120.0,143.53333333333333,-7.0
2024-10-10,MBP16,126,0,0,2024,10,3,0,0,0,118.0,131.0,118.0,142.13333333333333,8.0
2024-10-11,MBP16,127,0,0,2024,10,4,0,0,0,126.0,134.0,117.28571428571429,141.1,1.0
2024-10-12,MBP16,100,0,0,2024,10,5,1,0,0,127.0,93.0,116.28571428571429,141.3,-27.0
2024-10-13,MBP16,82,0,1,2024,10,6,1,0,0,100.0,104.0,117.28571428571429,139.33333333333334,-18.0
2024-10-14,MBP16,116,0,0,2024,10,0,0,0,0,82.0,121.0,114.14285714285714,136.83333333333334,34.0
2024-10-15,MBP16,101,0,1,2024,10,1,0,0,0,116.0,125.0,113.42857142857143,136.2,-15.0
2024-10-16,MBP16,119,0,0,2024,10,2,0,0,0,101.0,118.0,110.0,135.0,18.0
2024-10-17,MBP16,130,0,0,2024,10,3,0,0,0,119.0,126.0,110.14285714285714,133.33333333333334,11.0
2024-10-18,MBP16,120,0,0,2024,10,4,0,0,0,130.0,127.0,110.71428571428571,132.26666666666668,-10.0
2024-10-19,MBP16,91,0,0,2024,10,5,1,0,0,120.0,100.0,109.71428571428571,130.56666666666666,-29.0
2024-10-20,MBP16,106,0,0,2024,10,6,1,0,0,91.0,82.0,108.42857142857143,128.2,15.0
2024-10-21,MBP16,123,0,0,2024,10,0,0,0,0,106.0,116.0,111.85714285714286,126.33333333333333,17.0
2024-10-22,MBP16,126,0,0,2024,10,1,0,0,0,123.0,101.0,112.85714285714286,126.06666666666666,3.0
2024-10-23,MBP16,129,1,0,2024,10,2,0,0,0,126.0,119.0,116.42857142857143,125.7,3.0
2024-10-24,MBP16,120,1,0,2024,10,3,0,0,0,129.0,130.0,117.85714285714286,124.76666666666667,-9.0
2024-10-25,MBP16,121,0,0,2024,10,4,0,0,0,120.0,120.0,116.42857142857143,123.26666666666667,1.0
2024-10-26,MBP16,99,0,0,2024,10,5,1,0,0,121.0,91.0,116.57142857142857,121.63333333333334,-22.0
2024-10-27,MBP16,103,0,0,2024,10,6,1,0,0,99.0,106.0,117.71428571428571,119.3,4.0
2024-10-28,MBP16,123,0,0,2024,10,0,0,0,0,103.0,123.0,117.28571428571429,117.33333333333333,20.0
2024-10-29,MBP16,121,0,0,2024,10,1,0,0,0,123.0,126.0,117.28571428571429,117.8,-2.0
2024-10-30,MBP16,121,0,0,2024,10,2,0,0,0,121.0,129.0,116.57142857142857,117.46666666666667,0.0
2024-10-31,MBP16,126,0,0,2024,10,3,0,0,0,121.0,120.0,115.42857142857143,116.1,5.0
2024-11-01,MBP16,182,0,0,2024,11,4,0,0,1,126.0,121.0,116.28571428571429,116.26666666666667,56.0
2024-11-02,MBP16,23,0,1,2024,11,5,1,0,1,182.0,99.0,125.0,117.93333333333334,-159.0
2024-11-03,MBP16,144,0,0,2024,11,6,1,0,1,23.0,103.0,114.14285714285714,114.33333333333333,121.0
2024-11-04,MBP16,182,0,0,2024,11,0,0,0,1,144.0,123.0,120.0,114.66666666666667,38.0
2024-11-05,MBP16,187,0,0,2024,11,1,0,0,1,182.0,121.0,128.42857142857142,117.63333333333334,5.0
2024-11-06,MBP16,185,0,0,2024,11,2,0,0,1,187.0,121.0,137.85714285714286,120.4,-2.0
2024-11-07,MBP16,170,0,0,2024,11,3,0,0,1,185.0,126.0,147.0,122.53333333333333,-15.0
2024-11-08,MBP16,177,0,0,2024,11,4,0,0,1,170.0,182.0,153.28571428571428,124.03333333333333,7.0
2024-11-09,MBP16,136,0,0,2024,11,5,1,0,1,177.0,23.0,152.57142857142858,126.0,-41.0
2024-11-10,MBP16,152,0,0,2024,11,6,1,0,1,136.0,144.0,168.71428571428572,126.33333333333333,16.0
2024-11-11,MBP16,179,0,0,2024,11,0,0,0,1,152.0,182.0,169.85714285714286,127.16666666666667,27.0
2024-11-12,MBP16,182,0,0,2024,11,1,0,0,1,179.0,187.0,169.42857142857142,129.8,3.0
2024-11-13,MBP16,173,0,0,2024,11,2,0,0,1,182.0,185.0,168.71428571428572,133.13333333333333,-9.0
2024-11-14,MBP16,174,0,0,2024,11,3,0,0,1,173.0,170.0,167.0,135.03333333333333,1.0
2024-11-15,MBP16,179,0,0,2024,11,4,0,0,1,174.0,177.0,167.57142857142858,137.46666666666667,5.0
2024-11-16,MBP16,150,0,0,2024,11,5,1,0,1,179.0,136.0,167.85714285714286,139.46666666666667,-29.0
2024-11-17,MBP16,134,0,0,2024,11,6,1,0,1,150.0,152.0,169.85714285714286,140.13333333333333,-16.0
2024-11-18,MBP16,183,0,0,2024,11,0,0,0,1,134.0,179.0,167.28571428571428,140.6,49.0
2024-11-19,MBP16,179,0,0,2024,11,1,0,0,1,183.0,182.0,167.85714285714286,143.66666666666666,-4.0
2024-11-20,MBP16,176,1,0,2024,11,2,0,0,1,179.0,173.0,167.42857142857142,146.1,-3.0
2024-11-21,MBP16,181,0,0,2024,11,3,0,0,1,176.0,174.0,167.85714285714286,147.86666666666667,5.0
2024-11-22,MBP16,182,0,0,2024,11,4,0,0,1,181.0,179.0,168.85714285714286,149.7,1.0
2024-11-23,MBP16,144,0,0,2024,11,5,1,0,1,182.0,150.0,169.28571428571428,151.46666666666667,-38.0
2024-11-24,MBP16,141,0,0,2024,11,6,1,0,1,144.0,134.0,168.42857142857142,152.26666666666668,-3.0
2024-11-25,MBP16,173,0,0,2024,11,0,0,0,1,141.0,183.0,169.42857142857142,152.93333333333334,32.0
2024-11-26,MBP16,180,0,0,2024,11,1,0,0,1,173.0,179.0,168.0,155.4,7.0
2024-11-27,MBP16,179,1,0,2024,11,2,0,0,1,180.0,176.0,168.14285714285714,157.96666666666667,-1.0
2024-11-28,MBP16,194,1,0,2024,11,3,0,0,1,179.0,181.0,168.57142857142858,159.83333333333334,15.0
2024-11-29,MBP16,173,0,0,2024,11,4,0,0,1,194.0,182.0,170.42857142857142,162.26666666666668,-21.0
2024-11-30,MBP16,133,0,0,2024,11,5,1,0,1,173.0,144.0,169.14285714285714,164.0,-40.0
2024-12-01,MBP16,149,0,0,2024,12,6,1,0,1,133.0,141.0,167.57142857142858,164.23333333333332,16.0
2024-12-02,MBP16,190,1,0,2024,12,0,0,0,1,149.0,173.0,168.71428571428572,163.13333333333333,41.0
2024-12-03,MBP16,179,0,0,2024,12,1,0,0,1,190.0,180.0,171.14285714285714,168.7,-11.0
2024-12-04,MBP16,183,0,0,2024,12,2,0,0,1,179.0,179.0,171.0,169.86666666666667,4.0
2024-12-05,MBP16,181,1,0,2024,12,3,0,0,1,183.0,194.0,171.57142857142858,169.9,-2.0
2024-12-06,MBP16,183,0,0,2024,12,4,0,0,1,181.0,173.0,169.71428571428572,169.7,2.0
2024-12-07,MBP16,149,0,0,2024,12,5,1,0,1,183.0,133.0,171.14285714285714,169.63333333333333,-34.0
2024-12-08,MBP16,149,0,0,2024,12,6,1,0,1,149.0,149.0,173.42857142857142,168.93333333333334,0.0
2024-12-09,MBP16,189,1,0,2024,12,0,0,0,1,149.0,190.0,173.42857142857142,168.0,40.0
2024-12-10,MBP16,181,1,0,2024,12,1,0,0,1,189.0,179.0,173.28571428571428,169.76666666666668,-8.0
2024-12-11,MBP16,176,0,0,2024,12,2,0,0,1,181.0,183.0,173.57142857142858,170.73333333333332,-5.0
2024-12-12,MBP16,183,0,0,2024,12,3,0,0,1,176.0,181.0,172.57142857142858,170.63333333333333,7.0
2024-12-13,MBP16,185,1,0,2024,12,4,0,0,1,183.0,183.0,172.85714285714286,170.66666666666666,2.0
2024-12-14,MBP16,138,0,0,2024,12,5,1,0,1,185.0,149.0,173.14285714285714,171.06666666666666,-47.0
2024-12-15,MBP16,156,0,0,2024,12,6,1,0,1,138.0,149.0,171.57142857142858,169.86666666666667,18.0
2024-12-16,MBP16,168,0,0,2024,12,0,0,0,1,156.0,189.0,172.57142857142858,169.1,12.0
2024-12-17,MBP16,175,0,0,2024,12,1,0,0,1,168.0,181.0,169.57142857142858,169.7,7.0
2024-12-18,MBP16,181,0,0,2024,12,2,0,0,1,175.0,176.0,168.71428571428572,171.06666666666666,6.0
2024-12-19,MBP16,199,1,0,2024,12,3,0,0,1,181.0,183.0,169.42857142857142,171.0,18.0
2024-12-20,MBP16,176,0,0,2024,12,4,0,0,1,199.0,185.0,171.71428571428572,171.66666666666666,-23.0
2024-12-21,MBP16,358,1,0,2024,12,5,1,0,1,176.0,138.0,170.42857142857142,171.66666666666666,182.0
2024-12-22,MBP16,143,0,0,2024,12,6,1,0,1,358.0,156.0,201.85714285714286,177.56666666666666,-215.0
2024-12-23,MBP16,172,0,0,2024,12,0,0,0,1,143.0,168.0,200.0,176.26666666666668,29.0
2024-12-24,MBP16,171,0,0,2024,12,1,0,0,1,172.0,175.0,200.57142857142858,177.2,-1.0
2024-12-25,MBP16,183,0,0,2024,12,2,0,0,1,171.0,181.0,200.0,178.2,12.0
2024-12-26,MBP16,178,0,0,2024,12,3,0,0,1,183.0,199.0,200.28571428571428,178.53333333333333,-5.0
2024-12-27,MBP16,168,0,0,2024,12,4,0,0,1,178.0,176.0,197.28571428571428,178.46666666666667,-10.0
2024-12-28,MBP16,138,0,0,2024,12,5,1,0,1,168.0,358.0,196.14285714285714,178.1,-30.0
2024-12-29,MBP16,152,0,0,2024,12,6,1,0,1,138.0,143.0,164.71428571428572,176.23333333333332,14.0
2024-12-30,MBP16,185,0,0,2024,12,0,0,0,1,152.0,172.0,166.0,175.53333333333333,33.0
2024-12-31,MBP16,173,0,0,2024,12,1,0,0,1,185.0,171.0,167.85714285714286,177.26666666666668,-12.0
2025-01-01,MBP16,129,0,0,2025,1,2,0,0,0,173.0,183.0,168.14285714285714,178.06666666666666,-44.0
2025-01-02,MBP16,118,0,0,2025,1,3,0,0,0,129.0,178.0,160.42857142857142,176.03333333333333,-11.0
2025-01-03,MBP16,123,0,0,2025,1,4,0,0,0,118.0,168.0,151.85714285714286,174.0,5.0
2025-01-04,MBP16,118,0,0,2025,1,5,1,0,0,123.0,138.0,145.42857142857142,172.0,-5.0
2025-01-05,MBP16,104,0,0,2025,1,6,1,0,0,118.0,152.0,142.57142857142858,169.9,-14.0
2025-01-06,MBP16,123,0,0,2025,1,0,0,0,0,104.0,185.0,135.71428571428572,167.26666666666668,19.0
2025-01-07,MBP16,132,1,0,2025,1,1,0,0,0,123.0,173.0,126.85714285714286,166.4,9.0
2025-01-08,MBP16,122,0,0,2025,1,2,0,0,0,132.0,129.0,121.0,165.83333333333334,-10.0
2025-01-09,MBP16,118,0,0,2025,1,3,0,0,0,122.0,118.0,120.0,163.6,-4.0
2025-01-10,MBP16,133,0,0,2025,1,4,0,0,0,118.0,123.0,120.0,161.5,15.0
2025-01-11,MBP16,91,0,0,2025,1,5,1,0,0,133.0,118.0,121.42857142857143,160.06666666666666,-42.0
2025-01-12,MBP16,105,0,0,2025,1,6,1,0,0,91.0,104.0,117.57142857142857,157.0,14.0
2025-01-13,MBP16,131,1,0,2025,1,0,0,0,0,105.0,123.0,117.71428571428571,154.33333333333334,26.0
2025-01-14,MBP16,133,0,0,2025,1,1,0,0,0,131.0,132.0,118.85714285714286,154.1,2.0
2025-01-15,MBP16,125,0,0,2025,1,2,0,0,0,133.0,122.0,119.0,153.33333333333334,-8.0
2025-01-16,MBP16,127,0,0,2025,1,3,0,0,0,125.0,118.0,119.42857142857143,151.9,2.0
2025-01-17,MBP16,125,0,0,2025,1,4,0,0,0,127.0,133.0,120.71428571428571,150.3,-2.0
2025-01-18,MBP16,105,0,0,2025,1,5,1,0,0,125.0,91.0,119.57142857142857,148.43333333333334,-20.0
2025-01-19,MBP16,96,0,0,2025,1,6,1,0,0,105.0,105.0,121.57142857142857,145.3,-9.0
2025-01-20,MBP16,123,0,0,2025,1,0,0,0,0,96.0,131.0,120.28571428571429,142.63333333333333,27.0
2025-01-21,MBP16,133,0,0,2025,1,1,0,0,0,123.0,133.0,119.14285714285714,134.8,10.0
2025-01-22,MBP16,130,0,0,2025,1,2,0,0,0,133.0,125.0,119.14285714285714,134.46666666666667,-3.0
2025-01-23,MBP16,128,0,0,2025,1,3,0,0,0,130.0,127.0,119.85714285714286,133.06666666666666,-2.0
2025-01-24,MBP16,127,0,0,2025,1,4,0,0,0,128.0,125.0,120.0,131.63333333333333,-1.0
2025-01-25,MBP16,100,0,0,2025,1,5,1,0,0,127.0,105.0,120.28571428571429,129.76666666666668,-27.0
2025-01-26,MBP16,101,0,0,2025,1,6,1,0,0,100.0,96.0,119.57142857142857,127.16666666666667,1.0
2025-01-27,MBP16,128,0,0,2025,1,0,0,0,0,101.0,123.0,120.28571428571429,124.93333333333334,27.0
2025-01-28,MBP16,130,0,0,2025,1,1,0,0,0,128.0,133.0,121.0,124.6,2.0
2025-01-29,MBP16,134,1,0,2025,1,2,0,0,0,130.0,130.0,120.57142857142857,123.86666666666666,4.0
2025-01-30,MBP16,130,0,0,2025,1,3,0,0,0,134.0,128.0,121.14285714285714,122.16666666666667,-4.0
2025-01-31,MBP16,129,0,0,2025,1,4,0,0,0,130.0,127.0,121.42857142857143,120.73333333333333,-1.0
2025-02-01,MBP16,245,1,0,2025,2,5,1,0,0,129.0,100.0,121.71428571428571,120.73333333333333,116.0
2025-02-02,MBP16,100,0,0,2025,2,6,1,0,0,245.0,101.0,142.42857142857142,124.96666666666667,-145.0
2025-02-03,MBP16,123,0,0,2025,2,0,0,0,0,100.0,128.0,142.28571428571428,124.2,23.0
2025-02-04,MBP16,119,0,0,2025,2,1,0,0,0,123.0,130.0,141.57142857142858,124.36666666666666,-4.0
2025-02-05,MBP16,135,1,0,2025,2,2,0,0,0,119.0,134.0,140.0,124.86666666666666,16.0
2025-02-06,MBP16,131,0,0,2025,2,3,0,0,0,135.0,130.0,140.14285714285714,125.26666666666667,-4.0
2025-02-07,MBP16,125,0,0,2025,2,4,0,0,0,131.0,129.0,140.28571428571428,125.23333333333333,-6.0
2025-02-08,MBP16,87,0,0,2025,2,5,1,0,0,125.0,245.0,139.71428571428572,125.33333333333333,-38.0
2025-02-09,MBP16,95,0,0,2025,2,6,1,0,0,87.0,100.0,117.14285714285714,124.3,8.0
2025-02-10,MBP16,120,0,0,2025,2,0,0,0,0,95.0,123.0,116.42857142857143,123.03333333333333,25.0
2025-02-11,MBP16,127,1,0,2025,2,1,0,0,0,120.0,119.0,116.0,124.0,7.0
2025-02-12,MBP16,123,0,0,2025,2,2,0,0,0,127.0,135.0,117.14285714285714,124.73333333333333,-4.0
2025-02-13,MBP16,124,0,0,2025,2,3,0,0,0,123.0,131.0,115.42857142857143,124.46666666666667,1.0
2025-02-14,MBP16,126,0,0,2025,2,4,0,0,0,124.0,125.0,114.42857142857143,124.16666666666667,2.0
2025-02-15,MBP16,111,0,0,2025,2,5,1,0,0,126.0,87.0,114.57142857142857,124.2,-15.0
2025-02-16,MBP16,105,0,0,2025,2,6,1,0,0,111.0,95.0,118.0,123.66666666666667,-6.0
2025-02-17,MBP16,132,0,0,2025,2,0,0,0,0,105.0,120.0,119.42857142857143,123.0,27.0
2025-02-18,MBP16,96,0,1,2025,2,1,0,0,0,132.0,127.0,121.14285714285714,123.9,-36.0
2025-02-19,MBP16,122,0,0,2025,2,2,0,0,0,96.0,123.0,116.71428571428571,123.9,26.0
2025-02-20,MBP16,133,1,0,2025,2,3,0,0,0,122.0,124.0,116.57142857142857,123.86666666666666,11.0
2025-02-21,MBP16,128,0,0,2025,2,4,0,0,0,133.0,126.0,117.85714285714286,123.86666666666666,-5.0
2025-02-22,MBP16,99,0,0,2025,2,5,1,0,0,128.0,111.0,118.14285714285714,123.8,-29.0
2025-02-23,MBP16,102,0,0,2025,2,6,1,0,0,99.0,105.0,116.42857142857143,122.83333333333333,3.0
2025-02-24,MBP16,134,0,0,2025,2,0,0,0,0,102.0,132.0,116.0,122.0,32.0
2025-02-25,MBP16,123,0,0,2025,2,1,0,0,0,134.0,96.0,116.28571428571429,123.13333333333334,-11.0
2025-02-26,MBP16,124,0,0,2025,2,2,0,0,0,123.0,122.0,120.14285714285714,123.86666666666666,1.0
2025-02-27,MBP16,120,0,0,2025,2,3,0,0,0,124.0,133.0,120.42857142857143,123.73333333333333,-4.0
2025-02-28,MBP16,133,0,0,2025,2,4,0,0,0,120.0,128.0,118.57142857142857,123.4,13.0
2025-03-01,MBP16,92,0,0,2025,3,5,1,0,0,133.0,99.0,119.28571428571429,123.36666666666666,-41.0
2025-03-02,MBP16,103,0,0,2025,3,6,1,0,0,92.0,102.0,118.28571428571429,122.1,11.0
2025-03-03,MBP16,126,0,0,2025,3,0,0,0,0,103.0,134.0,118.42857142857143,121.23333333333333,23.0
2025-03-04,MBP16,122,0,0,2025,3,1,0,0,0,126.0,123.0,117.28571428571429,117.26666666666667,-4.0
2025-03-05,MBP16,121,0,0,2025,3,2,0,0,0,122.0,124.0,117.14285714285714,118.0,-1.0
2025-03-06,MBP16,123,0,0,2025,3,3,0,0,0,121.0,120.0,116.71428571428571,117.93333333333334,2.0
2025-03-07,MBP16,128,1,0,2025,3,4,0,0,0,123.0,133.0,117.14285714285714,118.06666666666666,5.0
2025-03-08,MBP16,97,0,0,2025,3,5,1,0,0,128.0,92.0,116.42857142857143,117.83333333333333,-31.0
2025-03-09,MBP16,102,0,0,2025,3,6,1,0,0,97.0,103.0,117.14285714285714,116.7,5.0
2025-03-10,MBP16,122,0,0,2025,3,0,0,0,0,102.0,126.0,117.0,115.93333333333334,20.0
2025-03-11,MBP16,127,0,0,2025,3,1,0,0,0,122.0,122.0,116.42857142857143,117.1,5.0
2025-03-12,MBP16,135,1,0,2025,3,2,0,0,0,127.0,121.0,117.14285714285714,118.16666666666667,8.0
2025-03-13,MBP16,124,0,0,2025,3,3,0,0,0,135.0,123.0,119.14285714285714,118.66666666666667,-11.0
2025-03-14,MBP16,132,1,0,2025,3,4,0,0,0,124.0,128.0,119.28571428571429,118.56666666666666,8.0
2025-03-15,MBP16,109,0,0,2025,3,5,1,0,0,132.0,97.0,119.85714285714286,118.86666666666666,-23.0
2025-03-16,MBP16,105,0,0,2025,3,6,1,0,0,109.0,102.0,121.57142857142857,118.36666666666666,-4.0
2025-03-17,MBP16,119,0,0,2025,3,0,0,0,0,105.0,122.0,122.0,117.66666666666667,14.0
2025-03-18,MBP16,137,1,0,2025,3,1,0,0,0,119.0,127.0,121.57142857142857,117.93333333333334,18.0
2025-03-19,MBP16,136,0,0,2025,3,2,0,0,0,137.0,135.0,123.0,119.0,-1.0
2025-03-20,MBP16,137,1,0,2025,3,3,0,0,0,136.0,124.0,123.14285714285714,119.13333333333334,1.0
2025-03-21,MBP16,126,0,0,2025,3,4,0,0,0,137.0,132.0,125.0,120.5,-11.0
2025-03-22,MBP16,106,0,0,2025,3,5,1,0,0,126.0,109.0,124.14285714285714,120.63333333333334,-20.0
2025-03-23,MBP16,106,0,0,2025,3,6,1,0,0,106.0,105.0,123.71428571428571,119.73333333333333,0.0
2025-03-24,MBP16,131,0,0,2025,3,0,0,0,0,106.0,119.0,123.85714285714286,119.0,25.0
2025-03-25,MBP16,125,0,0,2025,3,1,0,0,0,131.0,137.0,125.57142857142857,120.06666666666666,-6.0
2025-03-26,MBP16,118,0,0,2025,3,2,0,0,0,125.0,136.0,123.85714285714286,120.83333333333333,-7.0
2025-03-27,MBP16,123,0,0,2025,3,3,0,0,0,118.0,137.0,121.28571428571429,120.3,5.0
2025-03-28,MBP16,127,0,0,2025,3,4,0,0,0,123.0,126.0,119.28571428571429,120.3,4.0
2025-03-29,MBP16,109,0,0,2025,3,5,1,0,0,127.0,106.0,119.42857142857143,120.4,-18.0
2025-03-30,MBP16,106,0,0,2025,3,6,1,0,0,109.0,106.0,119.85714285714286,120.03333333333333,-3.0
2025-03-31,MBP16,125,0,0,2025,3,0,0,0,0,106.0,131.0,119.85714285714286,119.13333333333334,19.0
2025-04-01,MBP16,126,0,0,2025,4,1,0,0,0,125.0,125.0,119.0,120.23333333333333,1.0
2025-04-02,MBP16,114,0,0,2025,4,2,0,0,0,126.0,118.0,119.14285714285714,121.0,-12.0
2025-04-03,MBP16,126,0,0,2025,4,3,0,0,0,114.0,123.0,118.57142857142857,120.6,12.0
2025-04-04,MBP16,120,0,0,2025,4,4,0,0,0,126.0,127.0,119.0,120.73333333333333,-6.0
2025-04-05,MBP16,113,0,0,2025,4,5,1,0,0,120.0,109.0,118.0,120.7,-7.0
2025-04-06,MBP16,96,0,0,2025,4,6,1,0,0,113.0,106.0,118.57142857142857,120.36666666666666,-17.0
2025-04-07,MBP16,113,0,0,2025,4,0,0,0,0,96.0,125.0,117.14285714285714,119.3,17.0
2025-04-08,MBP16,123,0,0,2025,4,1,0,0,0,113.0,126.0,115.42857142857143,119.83333333333333,10.0
2025-04-09,MBP16,132,0,0,2025,4,2,0,0,0,123.0,114.0,115.0,120.53333333333333,9.0
2025-04-10,MBP16,126,0,0,2025,4,3,0,0,0,132.0,126.0,117.57142857142857,120.86666666666666,-6.0
2025-04-11,MBP16,128,0,0,2025,4,4,0,0,0,126.0,120.0,117.57142857142857,120.83333333333333,2.0
2025-04-12,MBP16,97,0,0,2025,4,5,1,0,0,128.0,113.0,118.71428571428571,120.6,-31.0
2025-04-13,MBP16,253,1,0,2025,4,6,1,0,0,97.0,96.0,116.42857142857143,119.7,156.0
2025-04-14,MBP16,128,0,0,2025,4,0,0,0,0,253.0,113.0,138.85714285714286,123.73333333333333,-125.0
2025-04-15,MBP16,122,0,0,2025,4,1,0,0,0,128.0,123.0,141.0,124.36666666666666,-6.0
2025-04-16,MBP16,129,0,0,2025,4,2,0,0,0,122.0,132.0,140.85714285714286,124.93333333333334,7.0
2025-04-17,MBP16,123,0,0,2025,4,3,0,0,0,129.0,126.0,140.42857142857142,125.26666666666667,-6.0
2025-04-18,MBP16,121,0,0,2025,4,4,0,0,0,123.0,128.0,140.0,124.8,-2.0
2025-04-19,MBP16,105,0,0,2025,4,5,1,0,0,121.0,97.0,139.0,124.3,-16.0
2025-04-20,MBP16,98,0,0,2025,4,6,1,0,0,105.0,253.0,140.14285714285714,123.23333333333333,-7.0
2025-04-21,MBP16,133,1,0,2025,4,0,0,0,0,98.0,128.0,118.0,122.3,35.0
2025-04-22,MBP16,126,0,0,2025,4,1,0,0,0,133.0,122.0,118.71428571428571,123.2,-7.0
2025-04-23,MBP16,131,0,0,2025,4,2,0,0,0,126.0,129.0,119.28571428571429,123.86666666666666,5.0
2025-04-24,MBP16,127,0,0,2025,4,3,0,0,0,131.0,123.0,119.57142857142857,123.86666666666666,-4.0
2025-04-25,MBP16,128,0,0,2025,4,4,0,0,0,127.0,121.0,120.14285714285714,123.93333333333334,1.0
2025-04-26,MBP16,244,1,0,2025,4,5,1,0,0,128.0,105.0,121.14285714285714,124.26666666666667,116.0
2025-04-27,MBP16,112,0,0,2025,4,6,1,0,0,244.0,98.0,141.0,128.3,-132.0
2025-04-28,MBP16,128,0,0,2025,4,0,0,0,0,112.0,133.0,143.0,127.8,16.0
2025-04-29,MBP16,126,0,0,2025,4,1,0,0,0,128.0,126.0,142.28571428571428,128.43333333333334,-2.0
2025-04-30,MBP16,116,0,0,2025,4,2,0,0,0,126.0,131.0,142.28571428571428,129.1,-10.0
2025-05-01,MBP16,134,0,0,2025,5,3,0,0,0,116.0,127.0,140.14285714285714,128.8,18.0
2025-05-02,MBP16,125,0,0,2025,5,4,0,0,0,134.0,128.0,141.14285714285714,129.06666666666666,-9.0
2025-05-03,MBP16,107,0,0,2025,5,5,1,0,0,125.0,244.0,140.71428571428572,129.43333333333334,-18.0
2025-05-04,MBP16,99,0,0,2025,5,6,1,0,0,107.0,112.0,121.14285714285714,128.8,-8.0
2025-05-05,MBP16,125,0,0,2025,5,0,0,0,0,99.0,128.0,119.28571428571429,128.1,26.0
2025-05-06,MBP16,118,0,0,2025,5,1,0,0,0,125.0,126.0,118.85714285714286,128.5,-7.0
2025-05-07,MBP16,130,0,0,2025,5,2,0,0,0,118.0,116.0,117.71428571428571,129.23333333333332,12.0
2025-05-08,MBP16,131,1,0,2025,5,3,0,0,0,130.0,134.0,119.71428571428571,129.8,1.0
2025-05-09,MBP16,132,0,0,2025,5,4,0,0,0,131.0,125.0,119.28571428571429,130.06666666666666,1.0
2025-05-10,MBP16,255,1,0,2025,5,5,1,0,0,132.0,107.0,120.28571428571429,130.06666666666666,123.0
2025-05-11,MBP16,108,0,0,2025,5,6,1,0,0,255.0,99.0,141.42857142857142,134.36666666666667,-147.0
2025-05-12,MBP16,133,0,0,2025,5,0,0,0,0,108.0,125.0,142.71428571428572,133.7,25.0
2025-05-13,MBP16,126,0,0,2025,5,1,0,0,0,133.0,118.0,143.85714285714286,134.9,-7.0
2025-05-14,MBP16,123,0,0,2025,5,2,0,0,0,126.0,130.0,145.0,130.66666666666666,-3.0
2025-05-15,MBP16,114,0,0,2025,5,3,0,0,0,123.0,131.0,144.0,130.5,-9.0
2025-05-16,MBP16,121,0,0,2025,5,4,0,0,0,114.0,132.0,141.57142857142858,130.23333333333332,7.0
2025-05-17,MBP16,94,0,1,2025,5,5,1,0,0,121.0,255.0,140.0,129.96666666666667,-27.0
2025-05-18,MBP16,100,0,0,2025,5,6,1,0,0,94.0,108.0,117.0,129.0,6.0
2025-05-19,MBP16,115,0,0,2025,5,0,0,0,0,100.0,133.0,115.85714285714286,128.3,15.0
2025-05-20,MBP16,118,0,0,2025,5,1,0,0,0,115.0,126.0,113.28571428571429,128.63333333333333,3.0
2025-05-21,MBP16,125,0,0,2025,5,2,0,0,0,118.0,123.0,112.14285714285714,129.3,7.0
2025-05-22,MBP16,127,1,0,2025,5,3,0,0,0,125.0,114.0,112.42857142857143,129.03333333333333,2.0
2025-05-23,MBP16,126,0,0,2025,5,4,0,0,0,127.0,121.0,114.28571428571429,129.06666666666666,-1.0
2025-05-24,MBP16,248,1,0,2025,5,5,1,0,0,126.0,94.0,115.0,128.9,122.0
2025-05-25,MBP16,101,0,0,2025,5,6,1,0,0,248.0,100.0,137.0,132.93333333333334,-147.0
2025-05-26,MBP16,112,0,1,2025,5,0,0,0,0,101.0,115.0,137.14285714285714,132.03333333333333,11.0
2025-05-27,MBP16,124,0,0,2025,5,1,0,0,0,112.0,118.0,136.71428571428572,127.63333333333334,12.0
2025-05-28,MBP16,125,0,0,2025,5,2,0,0,0,124.0,125.0,137.57142857142858,128.03333333333333,1.0
2025-05-29,MBP16,125,0,0,2025,5,3,0,0,0,125.0,127.0,137.57142857142858,127.93333333333334,0.0
2025-05-30,MBP16,102,0,1,2025,5,4,0,0,0,125.0,126.0,137.28571428571428,127.9,-23.0
2025-05-31,MBP16,104,0,0,2025,5,5,1,0,0,102.0,248.0,133.85714285714286,127.43333333333334,2.0
2025-06-01,MBP16,103,0,0,2025,6,6,1,0,0,104.0,101.0,113.28571428571429,126.43333333333334,-1.0
2025-06-02,MBP16,126,0,0,2025,6,0,0,0,0,103.0,112.0,113.57142857142857,125.7,23.0
2025-06-03,MBP16,125,0,0,2025,6,1,0,0,0,126.0,124.0,115.57142857142857,126.33333333333333,-1.0
2025-06-04,MBP16,130,0,0,2025,6,2,0,0,0,125.0,125.0,115.71428571428571,127.2,5.0
2025-06-05,MBP16,121,0,0,2025,6,3,0,0,0,130.0,125.0,116.42857142857143,127.36666666666666,-9.0
2025-06-06,MBP16,123,0,0,2025,6,4,0,0,0,121.0,102.0,115.85714285714286,127.46666666666667,2.0
2025-06-07,MBP16,94,0,0,2025,6,5,1,0,0,123.0,104.0,118.85714285714286,127.23333333333333,-29.0
2025-06-08,MBP16,104,0,0,2025,6,6,1,0,0,94.0,103.0,117.42857142857143,126.0,10.0
2025-06-09,MBP16,130,0,0,2025,6,0,0,0,0,104.0,126.0,117.57142857142857,125.06666666666666,26.0
2025-06-10,MBP16,127,1,0,2025,6,1,0,0,0,130.0,125.0,118.14285714285714,120.9,-3.0
2025-06-11,MBP16,129,0,0,2025,6,2,0,0,0,127.0,130.0,118.42857142857143,121.53333333333333,2.0
2025-06-12,MBP16,116,0,0,2025,6,3,0,0,0,129.0,121.0,118.28571428571429,121.4,-13.0
2025-06-13,MBP16,120,0,0,2025,6,4,0,0,0,116.0,123.0,117.57142857142857,121.06666666666666,4.0
2025-06-14,MBP16,96,0,0,2025,6,5,1,0,0,120.0,94.0,117.14285714285714,120.96666666666667,-24.0
2025-06-15,MBP16,103,0,0,2025,6,6,1,0,0,96.0,104.0,117.42857142857143,120.36666666666666,7.0
2025-06-16,MBP16,123,0,0,2025,6,0,0,0,0,103.0,130.0,117.28571428571429,119.76666666666667,20.0
2025-06-17,MBP16,111,0,0,2025,6,1,0,0,0,123.0,127.0,116.28571428571429,120.73333333333333,-12.0
2025-06-18,MBP16,141,0,0,2025,6,2,0,0,0,111.0,129.0,114.0,121.1,30.0
2025-06-19,MBP16,124,0,0,2025,6,3,0,0,0,141.0,116.0,115.71428571428571,121.96666666666667,-17.0
2025-06-20,MBP16,124,0,0,2025,6,4,0,0,0,124.0,120.0,116.85714285714286,122.16666666666667,0.0
2025-06-21,MBP16,262,1,0,2025,6,5,1,0,0,124.0,96.0,117.42857142857143,122.13333333333334,138.0
2025-06-22,MBP16,97,0,0,2025,6,6,1,0,0,262.0,103.0,141.14285714285714,126.63333333333334,-165.0
2025-06-23,MBP16,125,0,0,2025,6,0,0,0,0,97.0,123.0,140.28571428571428,125.66666666666667,28.0
2025-06-24,MBP16,132,0,0,2025,6,1,0,0,0,125.0,111.0,140.57142857142858,121.56666666666666,7.0
2025-06-25,MBP16,123,0,0,2025,6,2,0,0,0,132.0,141.0,143.57142857142858,122.6,-9.0
2025-06-26,MBP16,117,0,0,2025,6,3,0,0,0,123.0,124.0,141.0,122.96666666666667,-6.0
2025-06-27,MBP16,133,0,0,2025,6,4,0,0,0,117.0,124.0,140.0,122.73333333333333,16.0
2025-06-28,MBP16,102,0,0,2025,6,5,1,0,0,133.0,262.0,141.28571428571428,123.0,-31.0
2025-06-29,MBP16,102,0,0,2025,6,6,1,0,0,102.0,97.0,118.42857142857143,122.23333333333333,0.0
2025-06-30,MBP16,133,0,0,2025,6,0,0,0,0,102.0,125.0,119.14285714285714,122.23333333333333,31.0
2025-07-01,MBP16,126,0,0,2025,7,1,0,0,0,133.0,132.0,120.28571428571429,123.2,-7.0
2025-07-02,MBP16,120,0,0,2025,7,2,0,0,0,126.0,123.0,119.42857142857143,123.96666666666667,-6.0
2025-07-03,MBP16,131,0,0,2025,7,3,0,0,0,120.0,117.0,119.0,123.76666666666667,11.0
2025-07-04,MBP16,124,0,0,2025,7,4,0,0,0,131.0,133.0,121.0,123.96666666666667,-7.0
2025-07-05,MBP16,80,0,1,2025,7,5,1,0,0,124.0,102.0,119.71428571428571,123.76666666666667,-44.0
2025-07-06,MBP16,113,0,0,2025,7,6,1,0,0,80.0,102.0,116.57142857142857,122.4,33.0
2025-07-07,MBP16,129,0,0,2025,7,0,0,0,0,113.0,133.0,118.14285714285714,122.06666666666666,16.0
2025-07-08,MBP16,132,1,0,2025,7,1,0,0,0,129.0,126.0,117.57142857142857,123.23333333333333,3.0
2025-07-09,MBP16,135,0,0,2025,7,2,0,0,0,132.0,120.0,118.42857142857143,124.16666666666667,3.0
2025-07-10,MBP16,119,0,0,2025,7,3,0,0,0,135.0,131.0,120.57142857142857,124.33333333333333,-16.0
2025-07-11,MBP16,126,0,0,2025,7,4,0,0,0,119.0,124.0,118.85714285714286,124.06666666666666,7.0
2025-07-12,MBP16,99,0,0,2025,7,5,1,0,0,126.0,80.0,119.14285714285714,123.96666666666667,-27.0
2025-07-13,MBP16,98,0,0,2025,7,6,1,0,0,99.0,113.0,121.85714285714286,123.4,-1.0
2025-07-14,MBP16,128,0,0,2025,7,0,0,0,0,98.0,129.0,119.71428571428571,122.66666666666667,30.0
2025-07-15,MBP16,123,0,0,2025,7,1,0,0,0,128.0,132.0,119.57142857142857,123.73333333333333,-5.0
2025-07-16,MBP16,128,0,0,2025,7,2,0,0,0,123.0,135.0,118.28571428571429,124.4,5.0
2025-07-17,MBP16,125,0,0,2025,7,3,0,0,0,128.0,119.0,117.28571428571429,124.56666666666666,-3.0
2025-07-18,MBP16,125,0,0,2025,7,4,0,0,0,125.0,126.0,118.14285714285714,125.03333333333333,0.0
2025-07-19,MBP16,98,0,0,2025,7,5,1,0,0,125.0,99.0,118.0,124.5,-27.0
2025-07-20,MBP16,114,0,0,2025,7,6,1,0,0,98.0,98.0,117.85714285714286,123.63333333333334,16.0
2025-07-21,MBP16,120,0,0,2025,7,0,0,0,0,114.0,128.0,120.14285714285714,123.3,6.0
2025-07-22,MBP16,123,0,0,2025,7,1,0,0,0,120.0,123.0,119.0,118.56666666666666,3.0
2025-07-23,MBP16,131,0,0,2025,7,2,0,0,0,123.0,128.0,119.0,119.43333333333334,8.0
2025-07-24,MBP16,124,0,0,2025,7,3,0,0,0,131.0,125.0,119.42857142857143,119.63333333333334,-7.0
2025-07-25,MBP16,134,1,0,2025,7,4,0,0,0,124.0,125.0,119.28571428571429,119.36666666666666,10.0
2025-07-26,MBP16,107,0,0,2025,7,5,1,0,0,134.0,98.0,120.57142857142857,119.73333333333333,-27.0
2025-07-27,MBP16,102,0,0,2025,7,6,1,0,0,107.0,114.0,121.85714285714286,119.4,-5.0
2025-07-28,MBP16,109,0,0,2025,7,0,0,0,0,102.0,120.0,120.14285714285714,118.36666666666666,7.0
2025-07-29,MBP16,126,0,0,2025,7,1,0,0,0,109.0,123.0,118.57142857142857,118.6,17.0
2025-07-30,MBP16,129,0,0,2025,7,2,0,0,0,126.0,131.0,119.0,119.4,3.0
2025-07-31,MBP16,103,0,1,2025,7,3,0,0,0,129.0,124.0,118.71428571428571,119.26666666666667,-26.0
2025-08-01,MBP16,166,0,0,2025,8,4,0,1,0,103.0,134.0,115.71428571428571,118.5,63.0
2025-08-02,MBP16,146,0,0,2025,8,5,1,1,0,166.0,107.0,120.28571428571429,120.03333333333333,-20.0
2025-08-03,MBP16,129,0,0,2025,8,6,1,1,0,146.0,102.0,125.85714285714286,120.53333333333333,-17.0
2025-08-04,MBP16,168,0,0,2025,8,0,0,1,0,129.0,109.0,129.71428571428572,120.7,39.0
2025-08-05,MBP16,182,1,0,2025,8,1,0,1,0,168.0,126.0,138.14285714285714,123.63333333333334,14.0
2025-08-06,MBP16,189,0,0,2025,8,2,0,1,0,182.0,129.0,146.14285714285714,125.93333333333334,7.0
2025-08-07,MBP16,130,0,1,2025,8,3,0,1,0,189.0,103.0,154.71428571428572,127.93333333333334,-59.0
2025-08-08,MBP16,160,0,0,2025,8,4,0,1,0,130.0,166.0,158.57142857142858,127.86666666666666,30.0
2025-08-09,MBP16,152,0,0,2025,8,5,1,1,0,160.0,146.0,157.71428571428572,128.7,-8.0
2025-08-10,MBP16,142,0,0,2025,8,6,1,1,0,152.0,129.0,158.57142857142858,129.8,-10.0
2025-08-11,MBP16,172,0,0,2025,8,0,0,1,0,142.0,168.0,160.42857142857142,130.33333333333334,30.0
2025-08-12,MBP16,166,0,0,2025,8,1,0,1,0,172.0,182.0,161.0,132.76666666666668,-6.0
2025-08-13,MBP16,170,0,0,2025,8,2,0,1,0,166.0,189.0,158.71428571428572,135.03333333333333,4.0
2025-08-14,MBP16,166,0,0,2025,8,3,0,1,0,170.0,130.0,156.0,136.43333333333334,-4.0
2025-08-15,MBP16,176,0,0,2025,8,4,0,1,0,166.0,160.0,161.14285714285714,137.86666666666667,10.0
2025-08-16,MBP16,142,0,0,2025,8,5,1,1,0,176.0,152.0,163.42857142857142,139.46666666666667,-34.0
2025-08-17,MBP16,345,1,0,2025,8,6,1,1,0,142.0,142.0,162.0,140.03333333333333,203.0
2025-08-18,MBP16,173,0,0,2025,8,0,0,1,0,345.0,172.0,191.0,147.36666666666667,-172.0
2025-08-19,MBP16,172,0,0,2025,8,1,0,1,0,173.0,166.0,191.14285714285714,149.86666666666667,-1.0
2025-08-20,MBP16,164,0,0,2025,8,2,0,1,0,172.0,170.0,192.0,151.8,-8.0
2025-08-21,MBP16,161,0,0,2025,8,3,0,1,0,164.0,166.0,191.14285714285714,153.26666666666668,-3.0
2025-08-22,MBP16,183,1,0,2025,8,4,0,1,0,161.0,176.0,190.42857142857142,154.53333333333333,22.0
2025-08-23,MBP16,350,1,0,2025,8,5,1,1,0,183.0,142.0,191.42857142857142,156.26666666666668,167.0
2025-08-24,MBP16,134,0,0,2025,8,6,1,1,0,350.0,345.0,221.14285714285714,163.8,-216.0
2025-08-25,MBP16,180,0,0,2025,8,0,0,1,0,134.0,173.0,191.0,163.8,46.0
2025-08-26,MBP16,171,0,0,2025,8,1,0,1,0,180.0,172.0,192.0,166.23333333333332,-9.0
2025-08-27,MBP16,159,0,0,2025,8,2,0,1,0,171.0,164.0,191.85714285714286,168.53333333333333,-12.0
2025-08-28,MBP16,173,0,0,2025,8,3,0,1,0,159.0,161.0,191.14285714285714,170.2,14.0
2025-08-29,MBP16,183,0,0,2025,8,4,0,1,0,173.0,183.0,192.85714285714286,171.76666666666668,10.0
2025-08-30,MBP16,137,0,0,2025,8,5,1,1,0,183.0,350.0,192.85714285714286,173.56666666666666,-46.0
2025-08-31,MBP16,139,0,0,2025,8,6,1,1,0,137.0,134.0,162.42857142857142,174.7,2.0
2025-09-01,MBP16,180,0,0,2025,9,0,0,1,0,139.0,180.0,163.14285714285714,173.8,41.0
2025-09-02,MBP16,159,0,0,2025,9,1,0,1,0,180.0,171.0,163.14285714285714,174.93333333333334,-21.0
2025-09-03,MBP16,162,0,0,2025,9,2,0,1,0,159.0,159.0,161.42857142857142,175.93333333333334,3.0
2025-09-04,MBP16,171,0,0,2025,9,3,0,1,0,162.0,173.0,161.85714285714286,175.73333333333332,9.0
2025-09-05,MBP16,167,0,0,2025,9,4,0,1,0,171.0,183.0,161.57142857142858,175.36666666666667,-4.0
2025-09-06,MBP16,138,0,0,2025,9,5,1,1,0,167.0,137.0,159.28571428571428,174.63333333333333,-29.0
2025-09-07,MBP16,133,0,0,2025,9,6,1,1,0,138.0,139.0,159.42857142857142,174.9,-5.0
2025-09-08,MBP16,178,0,0,2025,9,0,0,1,0,133.0,180.0,158.57142857142858,174.0,45.0
2025-09-09,MBP16,174,0,0,2025,9,1,0,1,0,178.0,159.0,158.28571428571428,174.86666666666667,-4.0
2025-09-10,MBP16,173,0,0,2025,9,2,0,1,0,174.0,162.0,160.42857142857142,175.93333333333334,-1.0
2025-09-11,MBP16,169,0,0,2025,9,3,0,1,0,173.0,171.0,162.0,175.96666666666667,-4.0
2025-09-12,MBP16,169,0,0,2025,9,4,0,1,0,169.0,167.0,161.71428571428572,176.06666666666666,0.0
2025-09-13,MBP16,131,0,0,2025,9,5,1,1,0,169.0,138.0,162.0,176.03333333333333,-38.0
2025-09-14,MBP16,146,0,0,2025,9,6,1,1,0,131.0,133.0,161.0,174.86666666666667,15.0
2025-09-15,MBP16,173,0,0,2025,9,0,0,1,0,146.0,178.0,162.85714285714286,173.86666666666667,27.0
2025-09-16,MBP16,168,0,0,2025,9,1,0,1,0,173.0,174.0,162.14285714285714,174.9,-5.0
2025-09-17,MBP16,140,0,1,2025,9,2,0,1,0,168.0,173.0,161.28571428571428,169.0,-28.0
2025-09-18,MBP16,174,0,0,2025,9,3,0,1,0,140.0,169.0,156.57142857142858,167.9,34.0
2025-09-19,MBP16,172,0,0,2025,9,4,0,1,0,174.0,169.0,157.28571428571428,167.96666666666667,-2.0
2025-09-20,MBP16,147,0,0,2025,9,5,1,1,0,172.0,131.0,157.71428571428572,168.23333333333332,-25.0
2025-09-21,MBP16,144,0,0,2025,9,6,1,1,0,147.0,146.0,160.0,167.76666666666668,-3.0
2025-09-22,MBP16,174,0,0,2025,9,0,0,1,0,144.0,173.0,159.71428571428572,166.46666666666667,30.0
2025-09-23,MBP16,169,0,0,2025,9,1,0,1,0,174.0,168.0,159.85714285714286,160.6,-5.0
2025-09-24,MBP16,134,0,1,2025,9,2,0,1,0,169.0,140.0,160.0,161.76666666666668,-35.0
2025-09-25,MBP16,143,0,1,2025,9,3,0,1,0,134.0,174.0,159.14285714285714,160.23333333333332,9.0
2025-09-26,MBP16,178,0,0,2025,9,4,0,1,0,143.0,172.0,154.71428571428572,159.3,35.0
2025-09-27,MBP16,152,0,0,2025,9,5,1,1,0,178.0,147.0,155.57142857142858,159.93333333333334,-26.0
2025-09-28,MBP16,344,1,0,2025,9,6,1,1,0,152.0,144.0,156.28571428571428,159.23333333333332,192.0
2025-09-29,MBP16,170,0,0,2025,9,0,0,1,0,344.0,174.0,184.85714285714286,164.6,-174.0
2025-09-30,MBP16,163,0,0,2025,9,1,0,1,0,170.0,169.0,184.28571428571428,165.7,-7.0
2025-10-01,MBP16,136,0,0,2025,10,2,0,0,0,163.0,134.0,183.42857142857142,166.5,-27.0
2025-10-02,MBP16,128,0,0,2025,10,3,0,0,0,136.0,143.0,183.71428571428572,165.03333333333333,-8.0
2025-10-03,MBP16,136,0,0,2025,10,4,0,0,0,128.0,178.0,181.57142857142858,164.0,8.0
2025-10-04,MBP16,247,1,0,2025,10,5,1,0,0,136.0,152.0,175.57142857142858,163.13333333333333,111.0
2025-10-05,MBP16,101,0,0,2025,10,6,1,0,0,247.0,344.0,189.14285714285714,165.66666666666666,-146.0
2025-10-06,MBP16,125,0,0,2025,10,0,0,0,0,101.0,170.0,154.42857142857142,163.46666666666667,24.0
2025-10-07,MBP16,130,0,0,2025,10,1,0,0,0,125.0,163.0,148.0,163.03333333333333,5.0
2025-10-08,MBP16,128,0,0,2025,10,2,0,0,0,130.0,136.0,143.28571428571428,162.93333333333334,-2.0
2025-10-09,MBP16,129,0,0,2025,10,3,0,0,0,128.0,128.0,142.14285714285714,161.26666666666668,1.0
2025-10-10,MBP16,123,0,0,2025,10,4,0,0,0,129.0,136.0,142.28571428571428,159.76666666666668,-6.0
2025-10-11,MBP16,104,0,0,2025,10,5,1,0,0,123.0,247.0,140.42857142857142,158.1,-19.0
2025-10-12,MBP16,106,0,0,2025,10,6,1,0,0,104.0,101.0,120.0,155.93333333333334,2.0
2025-10-13,MBP16,126,0,0,2025,10,0,0,0,0,106.0,125.0,120.71428571428571,153.83333333333334,20.0
2025-10-14,MBP16,123,0,0,2025,10,1,0,0,0,126.0,130.0,120.85714285714286,153.66666666666666,-3.0
2025-10-15,MBP16,120,0,0,2025,10,2,0,0,0,123.0,128.0,119.85714285714286,152.9,-3.0
2025-10-16,MBP16,131,0,0,2025,10,3,0,0,0,120.0,129.0,118.71428571428571,151.13333333333333,11.0
2025-10-17,MBP16,128,0,0,2025,10,4,0,0,0,131.0,123.0,119.0,149.9,-3.0
2025-10-18,MBP16,117,0,0,2025,10,5,1,0,0,128.0,104.0,119.71428571428571,149.5,-11.0
2025-10-19,MBP16,108,0,0,2025,10,6,1,0,0,117.0,106.0,121.57142857142857,147.6,-9.0
2025-10-20,MBP16,118,0,0,2025,10,0,0,0,0,108.0,126.0,121.85714285714286,145.46666666666667,10.0
2025-10-21,MBP16,93,0,1,2025,10,1,0,0,0,118.0,123.0,120.71428571428571,144.5,-25.0
2025-10-22,MBP16,130,0,0,2025,10,2,0,0,0,93.0,120.0,116.42857142857143,142.8,37.0
2025-10-23,MBP16,130,0,0,2025,10,3,0,0,0,130.0,131.0,117.85714285714286,141.33333333333334,0.0
2025-10-24,MBP16,126,0,0,2025,10,4,0,0,0,130.0,128.0,117.71428571428571,140.03333333333333,-4.0
2025-10-25,MBP16,107,0,0,2025,10,5,1,0,0,126.0,117.0,117.42857142857143,139.76666666666668,-19.0
2025-10-26,MBP16,104,0,0,2025,10,6,1,0,0,107.0,108.0,116.0,138.56666666666666,-3.0
2025-10-27,MBP16,127,0,0,2025,10,0,0,0,0,104.0,118.0,115.42857142857143,136.1,23.0
2025-10-28,MBP16,115,0,0,2025,10,1,0,0,0,127.0,93.0,116.71428571428571,135.26666666666668,-12.0
2025-10-29,MBP16,132,0,0,2025,10,2,0,0,0,115.0,130.0,119.85714285714286,127.63333333333334,17.0
2025-10-30,MBP16,113,0,0,2025,10,3,0,0,0,132.0,130.0,120.14285714285714,126.36666666666666,-19.0
2025-10-31,MBP16,135,0,0,2025,10,4,0,0,0,113.0,126.0,117.71428571428571,124.7,22.0
2025-11-01,MBP16,159,0,0,2025,11,5,1,0,1,135.0,107.0,119.0,124.66666666666667,24.0
2025-11-02,MBP16,140,0,0,2025,11,6,1,0,1,159.0,104.0,126.42857142857143,125.7,-19.0
2025-11-03,MBP16,196,1,0,2025,11,0,0,0,1,140.0,127.0,131.57142857142858,125.83333333333333,56.0
2025-11-04,MBP16,186,1,0,2025,11,1,0,0,1,196.0,115.0,141.42857142857142,124.13333333333334,-10.0
2025-11-05,MBP16,179,0,0,2025,11,2,0,0,1,186.0,132.0,151.57142857142858,126.96666666666667,-7.0
2025-11-06,MBP16,179,0,0,2025,11,3,0,0,1,179.0,113.0,158.28571428571428,128.76666666666668,0.0
2025-11-07,MBP16,194,1,0,2025,11,4,0,0,1,179.0,135.0,167.71428571428572,130.4,15.0
2025-11-08,MBP16,150,0,0,2025,11,5,1,0,1,194.0,159.0,176.14285714285714,132.6,-44.0
2025-11-09,MBP16,147,0,0,2025,11,6,1,0,1,150.0,140.0,174.85714285714286,133.3,-3.0
2025-11-10,MBP16,26,0,1,2025,11,0,0,0,1,147.0,196.0,175.85714285714286,134.1,-121.0
2025-11-11,MBP16,180,0,0,2025,11,1,0,0,1,26.0,186.0,151.57142857142858,131.5,154.0
2025-11-12,MBP16,192,0,0,2025,11,2,0,0,1,180.0,179.0,150.71428571428572,133.96666666666667,12.0
2025-11-13,MBP16,187,0,0,2025,11,3,0,0,1,192.0,179.0,152.57142857142858,136.16666666666666,-5.0
2025-11-14,MBP16,187,1,0,2025,11,4,0,0,1,187.0,194.0,153.71428571428572,138.3,0.0
2025-11-15,MBP16,31,0,1,2025,11,5,1,0,1,187.0,150.0,152.71428571428572,140.53333333333333,-156.0
2025-11-16,MBP16,147,0,0,2025,11,6,1,0,1,31.0,147.0,135.71428571428572,137.2,116.0
2025-11-17,MBP16,46,0,1,2025,11,0,0,0,1,147.0,26.0,135.71428571428572,137.83333333333334,-101.0
2025-11-18,MBP16,182,0,0,2025,11,1,0,0,1,46.0,180.0,138.57142857142858,135.46666666666667,136.0
2025-11-19,MBP16,176,0,0,2025,11,2,0,0,1,182.0,192.0,138.85714285714286,137.93333333333334,-6.0
2025-11-20,MBP16,35,0,1,2025,11,3,0,0,1,176.0,187.0,136.57142857142858,139.86666666666667,-141.0
2025-11-21,MBP16,201,1,0,2025,11,4,0,0,1,35.0,187.0,114.85714285714286,137.93333333333334,166.0
2025-11-22,MBP16,155,0,0,2025,11,5,1,0,1,201.0,31.0,116.85714285714286,140.3,-46.0
2025-11-23,MBP16,149,0,0,2025,11,6,1,0,1,155.0,147.0,134.57142857142858,141.13333333333333,-6.0
2025-11-24,MBP16,177,0,0,2025,11,0,0,0,1,149.0,46.0,134.85714285714286,141.9,28.0
2025-11-25,MBP16,187,0,0,2025,11,1,0,0,1,177.0,182.0,153.57142857142858,144.23333333333332,10.0
2025-11-26,MBP16,176,0,0,2025,11,2,0,0,1,187.0,176.0,154.28571428571428,147.0,-11.0
2025-11-27,MBP16,184,0,0,2025,11,3,0,0,1,176.0,35.0,154.28571428571428,148.63333333333333,8.0
2025-11-28,MBP16,186,0,0,2025,11,4,0,0,1,184.0,201.0,175.57142857142858,150.93333333333334,2.0
2025-11-29,MBP16,141,0,0,2025,11,5,1,0,1,186.0,155.0,173.42857142857142,152.73333333333332,-45.0
2025-11-30,MBP16,147,0,0,2025,11,6,1,0,1,141.0,149.0,171.42857142857142,153.66666666666666,6.0
2025-12-01,MBP16,185,0,0,2025,12,0,0,0,1,147.0,177.0,171.14285714285714,154.06666666666666,38.0
2025-12-02,MBP16,186,0,0,2025,12,1,0,0,1,185.0,187.0,172.28571428571428,154.93333333333334,1.0
2025-12-03,MBP16,186,0,0,2025,12,2,0,0,1,186.0,176.0,172.14285714285714,156.46666666666667,0.0
2025-12-04,MBP16,179,0,0,2025,12,3,0,0,1,186.0,184.0,173.57142857142858,156.13333333333333,-7.0
2025-12-05,MBP16,180,0,0,2025,12,4,0,0,1,179.0,186.0,172.85714285714286,155.9,1.0
2025-12-06,MBP16,145,0,0,2025,12,5,1,0,1,180.0,141.0,172.0,155.93333333333334,-35.0
2025-12-07,MBP16,133,0,0,2025,12,6,1,0,1,145.0,147.0,172.57142857142858,154.8,-12.0
2025-12-08,MBP16,190,0,0,2025,12,0,0,0,1,133.0,185.0,170.57142857142858,152.76666666666668,57.0
2025-12-09,MBP16,182,0,0,2025,12,1,0,0,1,190.0,186.0,171.28571428571428,154.1,-8.0
2025-12-10,MBP16,198,1,0,2025,12,2,0,0,1,182.0,186.0,170.71428571428572,155.26666666666668,16.0
2025-12-11,MBP16,189,0,0,2025,12,3,0,0,1,198.0,179.0,172.42857142857142,161.0,-9.0
2025-12-12,MBP16,194,0,0,2025,12,4,0,0,1,189.0,180.0,173.85714285714286,161.3,5.0
2025-12-13,MBP16,142,0,0,2025,12,5,1,0,1,194.0,145.0,175.85714285714286,161.36666666666667,-52.0
2025-12-14,MBP16,151,0,0,2025,12,6,1,0,1,142.0,133.0,175.42857142857142,159.86666666666667,9.0
2025-12-15,MBP16,182,0,0,2025,12,0,0,0,1,151.0,190.0,178.0,158.66666666666666,31.0
2025-12-16,MBP16,183,0,0,2025,12,1,0,0,1,182.0,182.0,176.85714285714286,163.7,1.0
2025-12-17,MBP16,186,0,0,2025,12,2,0,0,1,183.0,198.0,177.0,164.9,3.0
2025-12-18,MBP16,179,0,0,2025,12,3,0,0,1,186.0,189.0,175.28571428571428,169.56666666666666,-7.0
2025-12-19,MBP16,181,0,0,2025,12,4,0,0,1,179.0,194.0,173.85714285714286,169.46666666666667,2.0
2025-12-20,MBP16,136,0,0,2025,12,5,1,0,1,181.0,142.0,172.0,169.63333333333333,-45.0
2025-12-21,MBP16,145,0,0,2025,12,6,1,0,1,136.0,151.0,171.14285714285714,173.0,9.0
2025-12-22,MBP16,192,0,0,2025,12,0,0,0,1,145.0,182.0,170.28571428571428,171.13333333333333,47.0
2025-12-23,MBP16,187,0,0,2025,12,1,0,0,1,192.0,183.0,171.71428571428572,172.36666666666667,-5.0
2025-12-24,MBP16,186,0,0,2025,12,2,0,0,1,187.0,186.0,172.28571428571428,173.63333333333333,-1.0
2025-12-25,MBP16,41,0,1,2025,12,3,0,0,1,186.0,179.0,172.28571428571428,173.93333333333334,-145.0
2025-12-26,MBP16,183,0,0,2025,12,4,0,0,1,41.0,181.0,152.57142857142858,169.06666666666666,142.0
2025-12-27,MBP16,154,0,0,2025,12,5,1,0,1,183.0,136.0,152.85714285714286,169.3,-29.0
2025-12-28,MBP16,144,0,0,2025,12,6,1,0,1,154.0,145.0,155.42857142857142,168.3,-10.0
2025-12-29,MBP16,182,0,0,2025,12,0,0,0,1,144.0,192.0,155.28571428571428,166.9,38.0
2025-12-30,MBP16,182,0,0,2025,12,1,0,0,1,182.0,187.0,153.85714285714286,168.26666666666668,0.0
2025-12-31,MBP16,189,0,0,2025,12,2,0,0,1,182.0,186.0,153.14285714285714,169.43333333333334,7.0
