date,sku_id,units_sold,year,month,day,day_of_week,day_of_year,is_weekend,is_back_to_school,is_holiday_season,lag_1,lag_7,lag_14,rolling_mean_7,rolling_mean_30
2022-01-31,MBA13,305,2022,1,31,0,31,0,0,0,274.0,301.0,274.0,284.42857142857144,283.93333333333334
2022-02-01,MBA13,149,2022,2,1,1,32,0,0,0,305.0,319.0,326.0,285.0,285.6
2022-02-02,MBA13,314,2022,2,2,2,33,0,0,0,149.0,300.0,260.0,260.7142857142857,282.8
2022-02-03,MBA13,324,2022,2,3,3,34,0,0,0,314.0,290.0,454.0,262.7142857142857,283.73333333333335
2022-02-04,MBA13,287,2022,2,4,4,35,0,0,0,324.0,284.0,322.0,267.57142857142856,285.0
2022-02-05,MBA13,217,2022,2,5,5,36,1,0,0,287.0,223.0,197.0,268.0,276.1666666666667
2022-02-06,MBA13,187,2022,2,6,6,37,1,0,0,217.0,274.0,193.0,267.14285714285717,272.73333333333335
2022-02-07,MBA13,331,2022,2,7,0,38,0,0,0,187.0,305.0,301.0,254.71428571428572,269.8333333333333
2022-02-08,MBA13,334,2022,2,8,1,39,0,0,0,331.0,149.0,319.0,258.42857142857144,273.53333333333336
2022-02-09,MBA13,264,2022,2,9,2,40,0,0,0,334.0,314.0,300.0,284.85714285714283,279.6666666666667
2022-02-10,MBA13,259,2022,2,10,3,41,0,0,0,264.0,324.0,290.0,277.7142857142857,277.6
2022-02-11,MBA13,291,2022,2,11,4,42,0,0,0,259.0,287.0,284.0,268.42857142857144,276.9
2022-02-12,MBA13,288,2022,2,12,5,43,1,0,0,291.0,217.0,223.0,269.0,277.6333333333333
2022-02-13,MBA13,249,2022,2,13,6,44,1,0,0,288.0,187.0,274.0,279.14285714285717,278.1333333333333
2022-02-14,MBA13,281,2022,2,14,0,45,0,0,0,249.0,331.0,305.0,288.0,275.96666666666664
2022-02-15,MBA13,435,2022,2,15,1,46,0,0,0,281.0,334.0,149.0,280.85714285714283,277.26666666666665
2022-02-16,MBA13,297,2022,2,16,2,47,0,0,0,435.0,264.0,314.0,295.2857142857143,284.4
2022-02-17,MBA13,227,2022,2,17,3,48,0,0,0,297.0,259.0,324.0,300.0,285.1666666666667
2022-02-18,MBA13,344,2022,2,18,4,49,0,0,0,227.0,291.0,287.0,295.42857142857144,281.8666666666667
2022-02-19,MBA13,221,2022,2,19,5,50,1,0,0,344.0,288.0,217.0,303.0,284.6666666666667
2022-02-20,MBA13,211,2022,2,20,6,51,1,0,0,221.0,249.0,187.0,293.42857142857144,276.9
2022-02-21,MBA13,277,2022,2,21,0,52,0,0,0,211.0,281.0,331.0,288.0,273.2
2022-02-22,MBA13,325,2022,2,22,1,53,0,0,0,277.0,435.0,334.0,287.42857142857144,275.8666666666667
2022-02-23,MBA13,305,2022,2,23,2,54,0,0,0,325.0,297.0,264.0,271.7142857142857,280.26666666666665
2022-02-24,MBA13,297,2022,2,24,3,55,0,0,0,305.0,227.0,259.0,272.85714285714283,280.4
2022-02-25,MBA13,327,2022,2,25,4,56,0,0,0,297.0,344.0,291.0,282.85714285714283,279.6666666666667
2022-02-26,MBA13,214,2022,2,26,5,57,1,0,0,327.0,221.0,288.0,280.42857142857144,280.56666666666666
2022-02-27,MBA13,227,2022,2,27,6,58,1,0,0,214.0,211.0,249.0,279.42857142857144,278.03333333333336
2022-02-28,MBA13,442,2022,2,28,0,59,0,0,0,227.0,277.0,281.0,281.7142857142857,276.1333333333333
2022-03-01,MBA13,303,2022,3,1,1,60,0,0,0,442.0,325.0,435.0,305.2857142857143,283.43333333333334
2022-03-02,MBA13,281,2022,3,2,2,61,0,0,0,303.0,305.0,297.0,302.14285714285717,284.4
2022-03-03,MBA13,284,2022,3,3,3,62,0,0,0,281.0,297.0,227.0,298.7142857142857,283.6
2022-03-04,MBA13,301,2022,3,4,4,63,0,0,0,284.0,327.0,344.0,296.85714285714283,288.1
2022-03-05,MBA13,170,2022,3,5,5,64,1,0,0,301.0,214.0,221.0,293.14285714285717,287.6666666666667
2022-03-06,MBA13,237,2022,3,6,6,65,1,0,0,170.0,227.0,211.0,286.85714285714283,282.53333333333336
2022-03-07,MBA13,238,2022,3,7,0,66,0,0,0,237.0,442.0,277.0,288.2857142857143,280.8666666666667
2022-03-08,MBA13,297,2022,3,8,1,67,0,0,0,238.0,303.0,325.0,259.14285714285717,281.56666666666666
2022-03-09,MBA13,279,2022,3,9,2,68,0,0,0,297.0,281.0,305.0,258.2857142857143,285.23333333333335
2022-03-10,MBA13,310,2022,3,10,3,69,0,0,0,279.0,284.0,297.0,258.0,283.5
2022-03-11,MBA13,285,2022,3,11,4,70,0,0,0,310.0,301.0,327.0,261.7142857142857,282.7
2022-03-12,MBA13,249,2022,3,12,5,71,1,0,0,285.0,170.0,214.0,259.42857142857144,283.4
2022-03-13,MBA13,238,2022,3,13,6,72,1,0,0,249.0,237.0,227.0,270.7142857142857,283.06666666666666
2022-03-14,MBA13,268,2022,3,14,0,73,0,0,0,238.0,238.0,442.0,270.85714285714283,281.3
2022-03-15,MBA13,320,2022,3,15,1,74,0,0,0,268.0,297.0,303.0,275.14285714285717,280.6333333333333
2022-03-16,MBA13,341,2022,3,16,2,75,0,0,0,320.0,279.0,281.0,278.42857142857144,283.0
2022-03-17,MBA13,341,2022,3,17,3,76,0,0,0,341.0,310.0,284.0,287.2857142857143,285.0
2022-03-18,MBA13,277,2022,3,18,4,77,0,0,0,341.0,285.0,301.0,291.7142857142857,281.8666666666667
2022-03-19,MBA13,397,2022,3,19,5,78,1,0,0,277.0,249.0,170.0,290.57142857142856,281.2
2022-03-20,MBA13,186,2022,3,20,6,79,1,0,0,397.0,238.0,237.0,311.7142857142857,286.8666666666667
2022-03-21,MBA13,296,2022,3,21,0,80,0,0,0,186.0,268.0,238.0,304.2857142857143,281.6
2022-03-22,MBA13,263,2022,3,22,1,81,0,0,0,296.0,320.0,297.0,308.2857142857143,284.1
2022-03-23,MBA13,346,2022,3,23,2,82,0,0,0,263.0,341.0,279.0,300.14285714285717,285.8333333333333
2022-03-24,MBA13,268,2022,3,24,3,83,0,0,0,346.0,341.0,310.0,300.85714285714283,288.1333333333333
2022-03-25,MBA13,283,2022,3,25,4,84,0,0,0,268.0,277.0,285.0,290.42857142857144,286.23333333333335
2022-03-26,MBA13,265,2022,3,26,5,85,1,0,0,283.0,397.0,249.0,291.2857142857143,285.5
2022-03-27,MBA13,197,2022,3,27,6,86,1,0,0,265.0,186.0,238.0,272.42857142857144,284.43333333333334
2022-03-28,MBA13,240,2022,3,28,0,87,0,0,0,197.0,296.0,268.0,274.0,280.1
2022-03-29,MBA13,300,2022,3,29,1,88,0,0,0,240.0,263.0,320.0,266.0,280.96666666666664
2022-03-30,MBA13,303,2022,3,30,2,89,0,0,0,300.0,346.0,341.0,271.2857142857143,283.4
2022-03-31,MBA13,320,2022,3,31,3,90,0,0,0,303.0,268.0,341.0,265.14285714285717,278.76666666666665
2022-04-01,MBA13,312,2022,4,1,4,91,0,0,0,320.0,283.0,277.0,272.57142857142856,279.3333333333333
2022-04-02,MBA13,248,2022,4,2,5,92,1,0,0,312.0,265.0,397.0,276.7142857142857,280.3666666666667
2022-04-03,MBA13,215,2022,4,3,6,93,1,0,0,248.0,197.0,186.0,274.2857142857143,279.1666666666667
2022-04-04,MBA13,302,2022,4,4,0,94,0,0,0,215.0,240.0,296.0,276.85714285714283,276.3
2022-04-05,MBA13,410,2022,4,5,1,95,0,0,0,302.0,300.0,263.0,285.7142857142857,280.7
2022-04-06,MBA13,270,2022,4,6,2,96,0,0,0,410.0,303.0,346.0,301.42857142857144,286.46666666666664
2022-04-07,MBA13,329,2022,4,7,3,97,0,0,0,270.0,320.0,268.0,296.7142857142857,287.53333333333336
2022-04-08,MBA13,339,2022,4,8,4,98,0,0,0,329.0,312.0,283.0,298.0,288.6
2022-04-09,MBA13,213,2022,4,9,5,99,1,0,0,339.0,248.0,265.0,301.85714285714283,290.6
2022-04-10,MBA13,200,2022,4,10,6,100,1,0,0,213.0,215.0,197.0,296.85714285714283,287.3666666666667
2022-04-11,MBA13,308,2022,4,11,0,101,0,0,0,200.0,302.0,240.0,294.7142857142857,284.53333333333336
2022-04-12,MBA13,326,2022,4,12,1,102,0,0,0,308.0,410.0,300.0,295.57142857142856,286.5
2022-04-13,MBA13,248,2022,4,13,2,103,0,0,0,326.0,270.0,303.0,283.57142857142856,289.43333333333334
2022-04-14,MBA13,112,2022,4,14,3,104,0,0,0,248.0,329.0,320.0,280.42857142857144,288.76666666666665
2022-04-15,MBA13,303,2022,4,15,4,105,0,0,0,112.0,339.0,312.0,249.42857142857142,281.8333333333333
2022-04-16,MBA13,266,2022,4,16,5,106,1,0,0,303.0,213.0,248.0,244.28571428571428,280.56666666666666
2022-04-17,MBA13,229,2022,4,17,6,107,1,0,0,266.0,200.0,215.0,251.85714285714286,278.06666666666666
2022-04-18,MBA13,385,2022,4,18,0,108,0,0,0,229.0,308.0,302.0,256.0,276.46666666666664
2022-04-19,MBA13,258,2022,4,19,1,109,0,0,0,385.0,326.0,410.0,267.0,276.06666666666666
2022-04-20,MBA13,310,2022,4,20,2,110,0,0,0,258.0,248.0,270.0,257.2857142857143,278.46666666666664
2022-04-21,MBA13,452,2022,4,21,3,111,0,0,0,310.0,112.0,329.0,266.14285714285717,278.93333333333334
2022-04-22,MBA13,318,2022,4,22,4,112,0,0,0,452.0,303.0,339.0,314.7142857142857,285.23333333333335
2022-04-23,MBA13,223,2022,4,23,5,113,1,0,0,318.0,266.0,213.0,316.85714285714283,284.3
2022-04-24,MBA13,264,2022,4,24,6,114,1,0,0,223.0,229.0,200.0,310.7142857142857,282.8
2022-04-25,MBA13,263,2022,4,25,0,115,0,0,0,264.0,385.0,308.0,315.7142857142857,282.1666666666667
2022-04-26,MBA13,277,2022,4,26,1,116,0,0,0,263.0,258.0,326.0,298.2857142857143,282.1
2022-04-27,MBA13,315,2022,4,27,2,117,0,0,0,277.0,310.0,248.0,301.0,284.76666666666665
2022-04-28,MBA13,353,2022,4,28,3,118,0,0,0,315.0,452.0,112.0,301.7142857142857,287.26666666666665
2022-04-29,MBA13,330,2022,4,29,4,119,0,0,0,353.0,318.0,303.0,287.57142857142856,289.03333333333336
2022-04-30,MBA13,240,2022,4,30,5,120,1,0,0,330.0,223.0,266.0,289.2857142857143,289.93333333333334
2022-05-01,MBA13,206,2022,5,1,6,121,1,0,0,240.0,264.0,229.0,291.7142857142857,287.26666666666665
2022-05-02,MBA13,340,2022,5,2,0,122,0,0,0,206.0,263.0,385.0,283.42857142857144,283.73333333333335
2022-05-03,MBA13,304,2022,5,3,1,123,0,0,0,340.0,277.0,258.0,294.42857142857144,286.8
2022-05-04,MBA13,303,2022,5,4,2,124,0,0,0,304.0,315.0,310.0,298.2857142857143,289.76666666666665
2022-05-05,MBA13,342,2022,5,5,3,125,0,0,0,303.0,353.0,452.0,296.57142857142856,289.8
2022-05-06,MBA13,294,2022,5,6,4,126,0,0,0,342.0,330.0,318.0,295.0,287.53333333333336
2022-05-07,MBA13,246,2022,5,7,5,127,1,0,0,294.0,240.0,223.0,289.85714285714283,288.3333333333333
2022-05-08,MBA13,244,2022,5,8,6,128,1,0,0,246.0,206.0,264.0,290.7142857142857,285.56666666666666
2022-05-09,MBA13,431,2022,5,9,0,129,0,0,0,244.0,340.0,263.0,296.14285714285717,282.4
2022-05-10,MBA13,265,2022,5,10,1,130,0,0,0,431.0,304.0,277.0,309.14285714285717,289.6666666666667
2022-05-11,MBA13,416,2022,5,11,2,131,0,0,0,265.0,303.0,315.0,303.57142857142856,291.8333333333333
2022-05-12,MBA13,240,2022,5,12,3,132,0,0,0,416.0,342.0,353.0,319.7142857142857,295.43333333333334
2022-05-13,MBA13,264,2022,5,13,4,133,0,0,0,240.0,294.0,330.0,305.14285714285717,292.56666666666666
2022-05-14,MBA13,227,2022,5,14,5,134,1,0,0,264.0,246.0,240.0,300.85714285714283,293.1
2022-05-15,MBA13,256,2022,5,15,6,135,1,0,0,227.0,244.0,206.0,298.14285714285717,296.93333333333334
2022-05-16,MBA13,251,2022,5,16,0,136,0,0,0,256.0,431.0,340.0,299.85714285714283,295.3666666666667
2022-05-17,MBA13,374,2022,5,17,1,137,0,0,0,251.0,265.0,304.0,274.14285714285717,294.8666666666667
2022-05-18,MBA13,356,2022,5,18,2,138,0,0,0,374.0,416.0,303.0,289.7142857142857,299.7
2022-05-19,MBA13,295,2022,5,19,3,139,0,0,0,356.0,240.0,342.0,281.14285714285717,298.73333333333335
2022-05-20,MBA13,309,2022,5,20,4,140,0,0,0,295.0,264.0,294.0,289.0,299.96666666666664
2022-05-21,MBA13,223,2022,5,21,5,141,1,0,0,309.0,227.0,246.0,295.42857142857144,299.93333333333334
2022-05-22,MBA13,289,2022,5,22,6,142,1,0,0,223.0,256.0,244.0,294.85714285714283,292.3
2022-05-23,MBA13,311,2022,5,23,0,143,0,0,0,289.0,251.0,431.0,299.57142857142856,291.3333333333333
2022-05-24,MBA13,323,2022,5,24,1,144,0,0,0,311.0,374.0,265.0,308.14285714285717,294.26666666666665
2022-05-25,MBA13,278,2022,5,25,2,145,0,0,0,323.0,356.0,416.0,300.85714285714283,296.23333333333335
2022-05-26,MBA13,272,2022,5,26,3,146,0,0,0,278.0,295.0,240.0,289.7142857142857,296.73333333333335
2022-05-27,MBA13,252,2022,5,27,4,147,0,0,0,272.0,309.0,264.0,286.42857142857144,296.56666666666666
2022-05-28,MBA13,269,2022,5,28,5,148,1,0,0,252.0,223.0,227.0,278.2857142857143,294.46666666666664
2022-05-29,MBA13,309,2022,5,29,6,149,1,0,0,269.0,289.0,256.0,284.85714285714283,291.6666666666667
2022-05-30,MBA13,329,2022,5,30,0,150,0,0,0,309.0,311.0,251.0,287.7142857142857,290.96666666666664
2022-05-31,MBA13,449,2022,5,31,1,151,0,0,0,329.0,323.0,374.0,290.2857142857143,293.93333333333334
2022-06-01,MBA13,355,2022,6,1,2,152,0,0,0,449.0,278.0,356.0,308.2857142857143,302.03333333333336
2022-06-02,MBA13,309,2022,6,2,3,153,0,0,0,355.0,272.0,295.0,319.2857142857143,302.53333333333336
2022-06-03,MBA13,320,2022,6,3,4,154,0,0,0,309.0,252.0,309.0,324.57142857142856,302.7
2022-06-04,MBA13,129,2022,6,4,5,155,1,0,0,320.0,269.0,223.0,334.2857142857143,303.26666666666665
2022-06-05,MBA13,204,2022,6,5,6,156,1,0,0,129.0,309.0,289.0,314.2857142857143,296.1666666666667
2022-06-06,MBA13,349,2022,6,6,0,157,0,0,0,204.0,329.0,311.0,299.2857142857143,293.1666666666667
2022-06-07,MBA13,347,2022,6,7,1,158,0,0,0,349.0,449.0,323.0,302.14285714285717,296.6
2022-06-08,MBA13,296,2022,6,8,2,159,0,0,0,347.0,355.0,278.0,287.57142857142856,300.03333333333336
2022-06-09,MBA13,373,2022,6,9,3,160,0,0,0,296.0,309.0,272.0,279.14285714285717,295.53333333333336
2022-06-10,MBA13,287,2022,6,10,4,161,0,0,0,373.0,320.0,252.0,288.2857142857143,299.1333333333333
2022-06-11,MBA13,240,2022,6,11,5,162,1,0,0,287.0,129.0,269.0,283.57142857142856,294.8333333333333
2022-06-12,MBA13,174,2022,6,12,6,163,1,0,0,240.0,204.0,309.0,299.42857142857144,294.8333333333333
2022-06-13,MBA13,337,2022,6,13,0,164,0,0,0,174.0,349.0,329.0,295.14285714285717,291.8333333333333
2022-06-14,MBA13,317,2022,6,14,1,165,0,0,0,337.0,347.0,449.0,293.42857142857144,295.5
2022-06-15,MBA13,296,2022,6,15,2,166,0,0,0,317.0,296.0,355.0,289.14285714285717,297.53333333333336
2022-06-16,MBA13,278,2022,6,16,3,167,0,0,0,296.0,373.0,309.0,289.14285714285717,299.03333333333336
2022-06-17,MBA13,301,2022,6,17,4,168,0,0,0,278.0,287.0,320.0,275.57142857142856,295.8333333333333
2022-06-18,MBA13,217,2022,6,18,5,169,1,0,0,301.0,240.0,129.0,277.57142857142856,294.0
2022-06-19,MBA13,226,2022,6,19,6,170,1,0,0,217.0,174.0,204.0,274.2857142857143,291.4
2022-06-20,MBA13,306,2022,6,20,0,171,0,0,0,226.0,337.0,349.0,281.7142857142857,288.6333333333333
2022-06-21,MBA13,314,2022,6,21,1,172,0,0,0,306.0,317.0,347.0,277.2857142857143,291.4
2022-06-22,MBA13,313,2022,6,22,2,173,0,0,0,314.0,296.0,296.0,276.85714285714283,292.23333333333335
2022-06-23,MBA13,114,2022,6,23,3,174,0,0,0,313.0,278.0,373.0,279.2857142857143,292.3
2022-06-24,MBA13,337,2022,6,24,4,175,0,0,0,114.0,301.0,287.0,255.85714285714286,285.3333333333333
2022-06-25,MBA13,218,2022,6,25,5,176,1,0,0,337.0,217.0,240.0,261.0,287.3
2022-06-26,MBA13,231,2022,6,26,6,177,1,0,0,218.0,226.0,174.0,261.14285714285717,285.5
2022-06-27,MBA13,331,2022,6,27,0,178,0,0,0,231.0,306.0,337.0,261.85714285714283,284.8
2022-06-28,MBA13,338,2022,6,28,1,179,0,0,0,331.0,314.0,317.0,265.42857142857144,286.8666666666667
2022-06-29,MBA13,295,2022,6,29,2,180,0,0,0,338.0,313.0,296.0,268.85714285714283,287.8333333333333
2022-06-30,MBA13,305,2022,6,30,3,181,0,0,0,295.0,114.0,278.0,266.2857142857143,286.7
2022-07-01,MBA13,290,2022,7,1,4,182,0,0,0,305.0,337.0,301.0,293.57142857142856,281.9
2022-07-02,MBA13,211,2022,7,2,5,183,1,0,0,290.0,218.0,217.0,286.85714285714283,279.73333333333335
2022-07-03,MBA13,308,2022,7,3,6,184,1,0,0,211.0,231.0,226.0,285.85714285714283,276.46666666666664
2022-07-04,MBA13,333,2022,7,4,0,185,0,0,0,308.0,331.0,306.0,296.85714285714283,276.06666666666666
2022-07-05,MBA13,321,2022,7,5,1,186,0,0,0,333.0,338.0,314.0,297.14285714285717,282.8666666666667
2022-07-06,MBA13,294,2022,7,6,2,187,0,0,0,321.0,295.0,313.0,294.7142857142857,286.76666666666665
2022-07-07,MBA13,264,2022,7,7,3,188,0,0,0,294.0,305.0,114.0,294.57142857142856,284.93333333333334
2022-07-08,MBA13,327,2022,7,8,4,189,0,0,0,264.0,290.0,337.0,288.7142857142857,282.1666666666667
2022-07-09,MBA13,233,2022,7,9,5,190,1,0,0,327.0,211.0,218.0,294.0,283.2
2022-07-10,MBA13,252,2022,7,10,6,191,1,0,0,233.0,308.0,231.0,297.14285714285717,278.53333333333336
2022-07-11,MBA13,275,2022,7,11,0,192,0,0,0,252.0,333.0,331.0,289.14285714285717,277.3666666666667
2022-07-12,MBA13,302,2022,7,12,1,193,0,0,0,275.0,321.0,338.0,280.85714285714283,278.53333333333336
2022-07-13,MBA13,277,2022,7,13,2,194,0,0,0,302.0,294.0,295.0,278.14285714285717,282.8
2022-07-14,MBA13,278,2022,7,14,3,195,0,0,0,277.0,264.0,305.0,275.7142857142857,280.8
2022-07-15,MBA13,124,2022,7,15,4,196,0,0,0,278.0,327.0,290.0,277.7142857142857,279.5
2022-07-16,MBA13,277,2022,7,16,5,197,1,0,0,124.0,233.0,211.0,248.71428571428572,273.76666666666665
2022-07-17,MBA13,117,2022,7,17,6,198,1,0,0,277.0,252.0,308.0,255.0,273.73333333333335
2022-07-18,MBA13,270,2022,7,18,0,199,0,0,0,117.0,275.0,333.0,235.71428571428572,267.6
2022-07-19,MBA13,287,2022,7,19,1,200,0,0,0,270.0,302.0,321.0,235.0,269.3666666666667
2022-07-20,MBA13,323,2022,7,20,2,201,0,0,0,287.0,277.0,294.0,232.85714285714286,271.4
2022-07-21,MBA13,289,2022,7,21,3,202,0,0,0,323.0,278.0,264.0,239.42857142857142,271.96666666666664
2022-07-22,MBA13,293,2022,7,22,4,203,0,0,0,289.0,124.0,327.0,241.0,271.1333333333333
2022-07-23,MBA13,228,2022,7,23,5,204,1,0,0,293.0,277.0,233.0,265.14285714285717,270.46666666666664
2022-07-24,MBA13,249,2022,7,24,6,205,1,0,0,228.0,117.0,252.0,258.14285714285717,274.26666666666665
2022-07-25,MBA13,266,2022,7,25,0,206,0,0,0,249.0,270.0,275.0,277.0,271.3333333333333
2022-07-26,MBA13,290,2022,7,26,1,207,0,0,0,266.0,287.0,302.0,276.42857142857144,272.93333333333334
2022-07-27,MBA13,307,2022,7,27,2,208,0,0,0,290.0,323.0,277.0,276.85714285714283,274.9
2022-07-28,MBA13,302,2022,7,28,3,209,0,0,0,307.0,289.0,278.0,274.57142857142856,274.1
2022-07-29,MBA13,294,2022,7,29,4,210,0,0,0,302.0,293.0,124.0,276.42857142857144,272.9
2022-07-30,MBA13,239,2022,7,30,5,211,1,0,0,294.0,228.0,277.0,276.57142857142856,272.8666666666667
2022-07-31,MBA13,255,2022,7,31,6,212,1,0,0,239.0,249.0,117.0,278.14285714285717,270.6666666666667
2022-08-01,MBA13,469,2022,8,1,0,213,0,1,0,255.0,266.0,270.0,279.0,269.5
2022-08-02,MBA13,371,2022,8,2,1,214,0,1,0,469.0,290.0,287.0,308.0,278.1
2022-08-03,MBA13,470,2022,8,3,2,215,0,1,0,371.0,307.0,323.0,319.57142857142856,280.2
2022-08-04,MBA13,370,2022,8,4,3,216,0,1,0,470.0,302.0,289.0,342.85714285714283,284.76666666666665
2022-08-05,MBA13,326,2022,8,5,4,217,0,1,0,370.0,294.0,293.0,352.57142857142856,286.4
2022-08-06,MBA13,304,2022,8,6,5,218,1,1,0,326.0,239.0,228.0,357.14285714285717,287.46666666666664
2022-08-07,MBA13,333,2022,8,7,6,219,1,1,0,304.0,255.0,249.0,366.42857142857144,288.8
2022-08-08,MBA13,460,2022,8,8,0,220,0,1,0,333.0,469.0,266.0,377.57142857142856,289.0
2022-08-09,MBA13,367,2022,8,9,1,221,0,1,0,460.0,371.0,290.0,376.2857142857143,296.56666666666666
2022-08-10,MBA13,413,2022,8,10,2,222,0,1,0,367.0,470.0,307.0,375.7142857142857,300.4
2022-08-11,MBA13,353,2022,8,11,3,223,0,1,0,413.0,370.0,302.0,367.57142857142856,305.0
2022-08-12,MBA13,458,2022,8,12,4,224,0,1,0,353.0,326.0,294.0,365.14285714285717,306.7
2022-08-13,MBA13,125,2022,8,13,5,225,1,1,0,458.0,304.0,239.0,384.0,312.73333333333335
2022-08-14,MBA13,306,2022,8,14,6,226,1,1,0,125.0,333.0,255.0,358.42857142857144,307.6333333333333
2022-08-15,MBA13,408,2022,8,15,0,227,0,1,0,306.0,460.0,469.0,354.57142857142856,313.7
2022-08-16,MBA13,394,2022,8,16,1,228,0,1,0,408.0,367.0,371.0,347.14285714285717,318.06666666666666
2022-08-17,MBA13,315,2022,8,17,2,229,0,1,0,394.0,413.0,470.0,351.0,327.3
2022-08-18,MBA13,367,2022,8,18,3,230,0,1,0,315.0,353.0,370.0,337.0,328.8
2022-08-19,MBA13,243,2022,8,19,4,231,0,1,0,367.0,458.0,326.0,339.0,331.46666666666664
2022-08-20,MBA13,331,2022,8,20,5,232,1,1,0,243.0,125.0,304.0,308.2857142857143,328.8
2022-08-21,MBA13,306,2022,8,21,6,233,1,1,0,331.0,306.0,333.0,337.7142857142857,330.2
2022-08-22,MBA13,418,2022,8,22,0,234,0,1,0,306.0,408.0,460.0,337.7142857142857,330.6333333333333
2022-08-23,MBA13,401,2022,8,23,1,235,0,1,0,418.0,394.0,367.0,339.14285714285717,336.96666666666664
2022-08-24,MBA13,414,2022,8,24,2,236,0,1,0,401.0,315.0,413.0,340.14285714285717,342.03333333333336
2022-08-25,MBA13,345,2022,8,25,3,237,0,1,0,414.0,367.0,353.0,354.2857142857143,346.96666666666664
2022-08-26,MBA13,440,2022,8,26,4,238,0,1,0,345.0,243.0,458.0,351.14285714285717,348.8
2022-08-27,MBA13,373,2022,8,27,5,239,1,1,0,440.0,331.0,125.0,379.2857142857143,353.23333333333335
2022-08-28,MBA13,325,2022,8,28,6,240,1,1,0,373.0,306.0,306.0,385.2857142857143,355.6
2022-08-29,MBA13,466,2022,8,29,0,241,0,1,0,325.0,418.0,408.0,388.0,356.6333333333333
2022-08-30,MBA13,456,2022,8,30,1,242,0,1,0,466.0,401.0,394.0,394.85714285714283,364.2
2022-08-31,MBA13,419,2022,8,31,2,243,0,1,0,456.0,414.0,315.0,402.7142857142857,370.9
2022-09-01,MBA13,443,2022,9,1,3,244,0,1,0,419.0,345.0,367.0,403.42857142857144,369.23333333333335
2022-09-02,MBA13,432,2022,9,2,4,245,0,1,0,443.0,440.0,243.0,417.42857142857144,371.6333333333333
2022-09-03,MBA13,262,2022,9,3,5,246,1,1,0,432.0,373.0,331.0,416.2857142857143,370.3666666666667
2022-09-04,MBA13,312,2022,9,4,6,247,1,1,0,262.0,325.0,306.0,400.42857142857144,366.76666666666665
2022-09-05,MBA13,421,2022,9,5,0,248,0,1,0,312.0,466.0,418.0,398.57142857142856,366.3
2022-09-06,MBA13,452,2022,9,6,1,249,0,1,0,421.0,456.0,401.0,392.14285714285717,370.2
2022-09-07,MBA13,351,2022,9,7,2,250,0,1,0,452.0,419.0,414.0,391.57142857142856,374.1666666666667
2022-09-08,MBA13,340,2022,9,8,3,251,0,1,0,351.0,443.0,345.0,381.85714285714283,370.53333333333336
2022-09-09,MBA13,177,2022,9,9,4,252,0,1,0,340.0,432.0,440.0,367.14285714285717,369.6333333333333
2022-09-10,MBA13,359,2022,9,10,5,253,1,1,0,177.0,262.0,373.0,330.7142857142857,361.76666666666665
2022-09-11,MBA13,273,2022,9,11,6,254,1,1,0,359.0,312.0,325.0,344.57142857142856,361.96666666666664
2022-09-12,MBA13,360,2022,9,12,0,255,0,1,0,273.0,421.0,466.0,339.0,355.8
2022-09-13,MBA13,413,2022,9,13,1,256,0,1,0,360.0,452.0,456.0,330.2857142857143,363.6333333333333
2022-09-14,MBA13,466,2022,9,14,2,257,0,1,0,413.0,351.0,419.0,324.7142857142857,367.2
2022-09-15,MBA13,386,2022,9,15,3,258,0,1,0,466.0,340.0,443.0,341.14285714285717,369.1333333333333
2022-09-16,MBA13,369,2022,9,16,4,259,0,1,0,386.0,177.0,432.0,347.7142857142857,368.8666666666667
2022-09-17,MBA13,303,2022,9,17,5,260,1,1,0,369.0,359.0,262.0,375.14285714285717,370.6666666666667
2022-09-18,MBA13,273,2022,9,18,6,261,1,1,0,303.0,273.0,312.0,367.14285714285717,368.53333333333336
2022-09-19,MBA13,390,2022,9,19,0,262,0,1,0,273.0,360.0,421.0,367.14285714285717,369.53333333333336
2022-09-20,MBA13,393,2022,9,20,1,263,0,1,0,390.0,413.0,452.0,371.42857142857144,371.5
2022-09-21,MBA13,398,2022,9,21,2,264,0,1,0,393.0,466.0,351.0,368.57142857142856,374.4
2022-09-22,MBA13,426,2022,9,22,3,265,0,1,0,398.0,386.0,340.0,358.85714285714283,373.73333333333335
2022-09-23,MBA13,376,2022,9,23,4,266,0,1,0,426.0,369.0,177.0,364.57142857142856,374.56666666666666
2022-09-24,MBA13,303,2022,9,24,5,267,1,1,0,376.0,303.0,359.0,365.57142857142856,373.3
2022-09-25,MBA13,280,2022,9,25,6,268,1,1,0,303.0,273.0,273.0,365.57142857142856,371.9
2022-09-26,MBA13,376,2022,9,26,0,269,0,1,0,280.0,390.0,360.0,366.57142857142856,366.56666666666666
2022-09-27,MBA13,445,2022,9,27,1,270,0,1,0,376.0,393.0,413.0,364.57142857142856,366.6666666666667
2022-09-28,MBA13,416,2022,9,28,2,271,0,1,0,445.0,398.0,466.0,372.0,370.6666666666667
2022-09-29,MBA13,407,2022,9,29,3,272,0,1,0,416.0,426.0,386.0,374.57142857142856,369.0
2022-09-30,MBA13,393,2022,9,30,4,273,0,1,0,407.0,376.0,369.0,371.85714285714283,367.3666666666667
2022-10-01,MBA13,206,2022,10,1,5,274,1,0,0,393.0,303.0,303.0,374.2857142857143,366.5
2022-10-02,MBA13,297,2022,10,2,6,275,1,0,0,206.0,280.0,273.0,360.42857142857144,358.6
2022-10-03,MBA13,246,2022,10,3,0,276,0,0,0,297.0,376.0,390.0,362.85714285714283,354.1
2022-10-04,MBA13,268,2022,10,4,1,277,0,0,0,246.0,445.0,393.0,344.2857142857143,353.56666666666666
2022-10-05,MBA13,282,2022,10,5,2,278,0,0,0,268.0,416.0,398.0,319.0,352.1
2022-10-06,MBA13,329,2022,10,6,3,279,0,0,0,282.0,407.0,426.0,299.85714285714283,347.46666666666664
2022-10-07,MBA13,316,2022,10,7,4,280,0,0,0,329.0,393.0,376.0,288.7142857142857,343.3666666666667
2022-10-08,MBA13,318,2022,10,8,5,281,1,0,0,316.0,206.0,303.0,277.7142857142857,342.2
2022-10-09,MBA13,272,2022,10,9,6,282,1,0,0,318.0,297.0,280.0,293.7142857142857,341.46666666666664
2022-10-10,MBA13,281,2022,10,10,0,283,0,0,0,272.0,246.0,376.0,290.14285714285717,344.6333333333333
2022-10-11,MBA13,272,2022,10,11,1,284,0,0,0,281.0,268.0,445.0,295.14285714285717,342.03333333333336
2022-10-12,MBA13,111,2022,10,12,2,285,0,0,0,272.0,282.0,416.0,295.7142857142857,342.0
2022-10-13,MBA13,326,2022,10,13,3,286,0,0,0,111.0,329.0,407.0,271.2857142857143,333.7
2022-10-14,MBA13,272,2022,10,14,4,287,0,0,0,326.0,316.0,393.0,270.85714285714283,330.8
2022-10-15,MBA13,222,2022,10,15,5,288,1,0,0,272.0,318.0,206.0,264.57142857142856,324.3333333333333
2022-10-16,MBA13,240,2022,10,16,6,289,1,0,0,222.0,272.0,297.0,250.85714285714286,318.8666666666667
2022-10-17,MBA13,89,2022,10,17,0,290,0,0,0,240.0,281.0,246.0,246.28571428571428,314.56666666666666
2022-10-18,MBA13,307,2022,10,18,1,291,0,0,0,89.0,272.0,268.0,218.85714285714286,307.43333333333334
2022-10-19,MBA13,291,2022,10,19,2,292,0,0,0,307.0,111.0,282.0,223.85714285714286,308.56666666666666
2022-10-20,MBA13,270,2022,10,20,3,293,0,0,0,291.0,326.0,329.0,249.57142857142858,305.26666666666665
2022-10-21,MBA13,276,2022,10,21,4,294,0,0,0,270.0,272.0,316.0,241.57142857142858,301.1666666666667
2022-10-22,MBA13,307,2022,10,22,5,295,1,0,0,276.0,222.0,318.0,242.14285714285714,297.1
2022-10-23,MBA13,292,2022,10,23,6,296,1,0,0,307.0,240.0,272.0,254.28571428571428,293.1333333333333
2022-10-24,MBA13,275,2022,10,24,0,297,0,0,0,292.0,89.0,281.0,261.7142857142857,290.3333333333333
2022-10-25,MBA13,260,2022,10,25,1,298,0,0,0,275.0,307.0,272.0,288.2857142857143,289.4
2022-10-26,MBA13,279,2022,10,26,2,299,0,0,0,260.0,291.0,111.0,281.57142857142856,288.73333333333335
2022-10-27,MBA13,284,2022,10,27,3,300,0,0,0,279.0,270.0,326.0,279.85714285714283,285.5
2022-10-28,MBA13,256,2022,10,28,4,301,0,0,0,284.0,276.0,272.0,281.85714285714283,280.1333333333333
2022-10-29,MBA13,247,2022,10,29,5,302,1,0,0,256.0,307.0,222.0,279.0,274.8
2022-10-30,MBA13,233,2022,10,30,6,303,1,0,0,247.0,292.0,240.0,270.42857142857144,269.46666666666664
2022-10-31,MBA13,280,2022,10,31,0,304,0,0,0,233.0,275.0,89.0,262.0,264.1333333333333
2022-11-01,MBA13,406,2022,11,1,1,305,0,0,1,280.0,260.0,307.0,262.7142857142857,266.6
2022-11-02,MBA13,452,2022,11,2,2,306,0,0,1,406.0,279.0,291.0,283.57142857142856,270.23333333333335
2022-11-03,MBA13,402,2022,11,3,3,307,0,0,1,452.0,284.0,270.0,308.2857142857143,277.1
2022-11-04,MBA13,508,2022,11,4,4,308,0,0,1,402.0,256.0,276.0,325.14285714285717,281.56666666666666
2022-11-05,MBA13,351,2022,11,5,5,309,1,0,1,508.0,247.0,307.0,361.14285714285717,289.1
2022-11-06,MBA13,348,2022,11,6,6,310,1,0,1,351.0,233.0,292.0,376.0,289.8333333333333
2022-11-07,MBA13,443,2022,11,7,0,311,0,0,1,348.0,280.0,275.0,392.42857142857144,290.9
2022-11-08,MBA13,479,2022,11,8,1,312,0,0,1,443.0,406.0,260.0,415.7142857142857,295.06666666666666
2022-11-09,MBA13,406,2022,11,9,2,313,0,0,1,479.0,452.0,279.0,426.14285714285717,301.96666666666664
2022-11-10,MBA13,446,2022,11,10,3,314,0,0,1,406.0,402.0,284.0,419.57142857142856,306.1333333333333
2022-11-11,MBA13,445,2022,11,11,4,315,0,0,1,446.0,508.0,256.0,425.85714285714283,311.93333333333334
2022-11-12,MBA13,380,2022,11,12,5,316,1,0,1,445.0,351.0,247.0,416.85714285714283,323.06666666666666
2022-11-13,MBA13,336,2022,11,13,6,317,1,0,1,380.0,348.0,233.0,421.0,324.8666666666667
2022-11-14,MBA13,458,2022,11,14,0,318,0,0,1,336.0,443.0,280.0,419.2857142857143,327.0
2022-11-15,MBA13,404,2022,11,15,1,319,0,0,1,458.0,479.0,406.0,421.42857142857144,334.8666666666667
2022-11-16,MBA13,351,2022,11,16,2,320,0,0,1,404.0,406.0,452.0,410.7142857142857,340.3333333333333
2022-11-17,MBA13,373,2022,11,17,3,321,0,0,1,351.0,446.0,402.0,402.85714285714283,349.06666666666666
2022-11-18,MBA13,427,2022,11,18,4,322,0,0,1,373.0,445.0,508.0,392.42857142857144,351.26666666666665
2022-11-19,MBA13,375,2022,11,19,5,323,1,0,1,427.0,380.0,351.0,389.85714285714283,355.8
2022-11-20,MBA13,348,2022,11,20,6,324,1,0,1,375.0,336.0,348.0,389.14285714285717,359.3
2022-11-21,MBA13,432,2022,11,21,0,325,0,0,1,348.0,458.0,443.0,390.85714285714283,361.7
2022-11-22,MBA13,445,2022,11,22,1,326,0,0,1,432.0,404.0,479.0,387.14285714285717,365.8666666666667
2022-11-23,MBA13,443,2022,11,23,2,327,0,0,1,445.0,351.0,406.0,393.0,370.96666666666664
2022-11-24,MBA13,468,2022,11,24,3,328,0,0,1,443.0,373.0,446.0,406.14285714285717,376.56666666666666
2022-11-25,MBA13,410,2022,11,25,4,329,0,0,1,468.0,427.0,445.0,419.7142857142857,383.5
2022-11-26,MBA13,359,2022,11,26,5,330,1,0,1,410.0,375.0,380.0,417.2857142857143,387.8666666666667
2022-11-27,MBA13,396,2022,11,27,6,331,1,0,1,359.0,348.0,336.0,415.0,390.3666666666667
2022-11-28,MBA13,440,2022,11,28,0,332,0,0,1,396.0,432.0,458.0,421.85714285714283,395.03333333333336
2022-11-29,MBA13,470,2022,11,29,1,333,0,0,1,440.0,445.0,404.0,423.0,401.46666666666664
2022-11-30,MBA13,411,2022,11,30,2,334,0,0,1,470.0,443.0,351.0,426.57142857142856,409.3666666666667
2022-12-01,MBA13,459,2022,12,1,3,335,0,0,1,411.0,468.0,373.0,422.0,413.73333333333335
2022-12-02,MBA13,459,2022,12,2,4,336,0,0,1,459.0,410.0,427.0,420.7142857142857,415.5
2022-12-03,MBA13,290,2022,12,3,5,337,1,0,1,459.0,359.0,375.0,427.7142857142857,415.73333333333335
2022-12-04,MBA13,355,2022,12,4,6,338,1,0,1,290.0,396.0,348.0,417.85714285714283,412.0
2022-12-05,MBA13,432,2022,12,5,0,339,0,0,1,355.0,440.0,432.0,412.0,406.9
2022-12-06,MBA13,454,2022,12,6,1,340,0,0,1,432.0,470.0,445.0,410.85714285714283,409.6
2022-12-07,MBA13,432,2022,12,7,2,341,0,0,1,454.0,411.0,443.0,408.57142857142856,413.1333333333333
2022-12-08,MBA13,804,2022,12,8,3,342,0,0,1,432.0,459.0,468.0,411.57142857142856,412.76666666666665
2022-12-09,MBA13,430,2022,12,9,4,343,0,0,1,804.0,459.0,410.0,460.85714285714283,423.6
2022-12-10,MBA13,369,2022,12,10,5,344,1,0,1,430.0,290.0,359.0,456.7142857142857,424.4
2022-12-11,MBA13,319,2022,12,11,6,345,1,0,1,369.0,355.0,396.0,468.0,421.8333333333333
2022-12-12,MBA13,442,2022,12,12,0,346,0,0,1,319.0,432.0,440.0,462.85714285714283,417.6333333333333
2022-12-13,MBA13,480,2022,12,13,1,347,0,0,1,442.0,454.0,470.0,464.2857142857143,419.7
2022-12-14,MBA13,409,2022,12,14,2,348,0,0,1,480.0,432.0,411.0,468.0,424.5
2022-12-15,MBA13,217,2022,12,15,3,349,0,0,1,409.0,804.0,459.0,464.7142857142857,422.8666666666667
2022-12-16,MBA13,422,2022,12,16,4,350,0,0,1,217.0,430.0,459.0,380.85714285714283,416.6333333333333
2022-12-17,MBA13,430,2022,12,17,5,351,1,0,1,422.0,369.0,290.0,379.7142857142857,419.0
2022-12-18,MBA13,363,2022,12,18,6,352,1,0,1,430.0,319.0,355.0,388.42857142857144,420.9
2022-12-19,MBA13,647,2022,12,19,0,353,0,0,1,363.0,442.0,432.0,394.7142857142857,418.76666666666665
2022-12-20,MBA13,407,2022,12,20,1,354,0,0,1,647.0,480.0,454.0,424.0,427.8333333333333
2022-12-21,MBA13,454,2022,12,21,2,355,0,0,1,407.0,409.0,432.0,413.57142857142856,429.8
2022-12-22,MBA13,429,2022,12,22,3,356,0,0,1,454.0,217.0,804.0,420.0,430.53333333333336
2022-12-23,MBA13,415,2022,12,23,4,357,0,0,1,429.0,422.0,430.0,450.2857142857143,430.0
2022-12-24,MBA13,401,2022,12,24,5,358,1,0,1,415.0,430.0,369.0,449.2857142857143,429.06666666666666
2022-12-25,MBA13,337,2022,12,25,6,359,1,0,1,401.0,363.0,319.0,445.14285714285717,426.8333333333333
2022-12-26,MBA13,417,2022,12,26,0,360,0,0,1,337.0,647.0,442.0,441.42857142857144,424.4
2022-12-27,MBA13,419,2022,12,27,1,361,0,0,1,417.0,407.0,480.0,408.57142857142856,426.3333333333333
2022-12-28,MBA13,450,2022,12,28,2,362,0,0,1,419.0,454.0,409.0,410.2857142857143,427.1
2022-12-29,MBA13,417,2022,12,29,3,363,0,0,1,450.0,429.0,217.0,409.7142857142857,427.43333333333334
2022-12-30,MBA13,175,2022,12,30,4,364,0,0,1,417.0,415.0,422.0,408.0,425.6666666666667
2022-12-31,MBA13,322,2022,12,31,5,365,1,0,1,175.0,401.0,430.0,373.7142857142857,417.8
2023-01-01,MBA13,250,2023,1,1,6,1,1,0,0,322.0,337.0,363.0,362.42857142857144,413.23333333333335
2023-01-02,MBA13,299,2023,1,2,0,2,0,0,0,250.0,417.0,647.0,350.0,406.26666666666665
2023-01-03,MBA13,444,2023,1,3,1,3,0,0,0,299.0,419.0,407.0,333.14285714285717,406.56666666666666
2023-01-04,MBA13,279,2023,1,4,2,4,0,0,0,444.0,450.0,454.0,336.7142857142857,409.53333333333336
2023-01-05,MBA13,306,2023,1,5,3,5,0,0,0,279.0,417.0,429.0,312.2857142857143,404.43333333333334
2023-01-06,MBA13,214,2023,1,6,4,6,0,0,0,306.0,175.0,415.0,296.42857142857144,399.5
2023-01-07,MBA13,282,2023,1,7,5,7,1,0,0,214.0,322.0,401.0,302.0,392.23333333333335
2023-01-08,MBA13,234,2023,1,8,6,8,1,0,0,282.0,250.0,337.0,296.2857142857143,374.8333333333333
2023-01-09,MBA13,290,2023,1,9,0,9,0,0,0,234.0,299.0,417.0,294.0,368.3
2023-01-10,MBA13,256,2023,1,10,1,10,0,0,0,290.0,444.0,419.0,292.7142857142857,365.6666666666667
2023-01-11,MBA13,277,2023,1,11,2,11,0,0,0,256.0,279.0,450.0,265.85714285714283,363.56666666666666
2023-01-12,MBA13,457,2023,1,12,3,12,0,0,0,277.0,306.0,417.0,265.57142857142856,358.06666666666666
2023-01-13,MBA13,346,2023,1,13,4,13,0,0,0,457.0,214.0,175.0,287.14285714285717,357.3
2023-01-14,MBA13,248,2023,1,14,5,14,1,0,0,346.0,282.0,322.0,306.0,355.2
2023-01-15,MBA13,241,2023,1,15,6,15,1,0,0,248.0,234.0,250.0,301.14285714285717,356.23333333333335
2023-01-16,MBA13,291,2023,1,16,0,16,0,0,0,241.0,290.0,299.0,302.14285714285717,350.2
2023-01-17,MBA13,295,2023,1,17,1,17,0,0,0,291.0,256.0,444.0,302.2857142857143,345.56666666666666
2023-01-18,MBA13,311,2023,1,18,2,18,0,0,0,295.0,277.0,279.0,307.85714285714283,343.3
2023-01-19,MBA13,311,2023,1,19,3,19,0,0,0,311.0,457.0,306.0,312.7142857142857,332.1
2023-01-20,MBA13,281,2023,1,20,4,20,0,0,0,311.0,346.0,214.0,291.85714285714283,328.9
2023-01-21,MBA13,283,2023,1,21,5,21,1,0,0,281.0,248.0,282.0,282.57142857142856,323.1333333333333
2023-01-22,MBA13,256,2023,1,22,6,22,1,0,0,283.0,241.0,234.0,287.57142857142856,318.26666666666665
2023-01-23,MBA13,261,2023,1,23,0,23,0,0,0,256.0,291.0,290.0,289.7142857142857,312.96666666666664
2023-01-24,MBA13,285,2023,1,24,1,24,0,0,0,261.0,295.0,256.0,285.42857142857144,308.3
2023-01-25,MBA13,338,2023,1,25,2,25,0,0,0,285.0,311.0,277.0,284.0,306.56666666666666
2023-01-26,MBA13,251,2023,1,26,3,26,0,0,0,338.0,311.0,457.0,287.85714285714283,303.93333333333334
2023-01-27,MBA13,323,2023,1,27,4,27,0,0,0,251.0,281.0,346.0,279.2857142857143,298.3333333333333
2023-01-28,MBA13,175,2023,1,28,5,28,1,0,0,323.0,283.0,248.0,285.2857142857143,294.1
2023-01-29,MBA13,302,2023,1,29,6,29,1,0,0,175.0,256.0,241.0,269.85714285714283,286.03333333333336
2023-01-30,MBA13,285,2023,1,30,0,30,0,0,0,302.0,261.0,291.0,276.42857142857144,290.26666666666665
2023-01-31,MBA13,316,2023,1,31,1,31,0,0,0,285.0,285.0,295.0,279.85714285714283,289.03333333333336
2023-02-01,MBA13,307,2023,2,1,2,32,0,0,0,316.0,338.0,311.0,284.2857142857143,291.23333333333335
2023-02-02,MBA13,425,2023,2,2,3,33,0,0,0,307.0,251.0,311.0,279.85714285714283,291.5
2023-02-03,MBA13,375,2023,2,3,4,34,0,0,0,425.0,323.0,281.0,304.7142857142857,290.8666666666667
2023-02-04,MBA13,268,2023,2,4,5,35,1,0,0,375.0,175.0,283.0,312.14285714285717,294.06666666666666
2023-02-05,MBA13,202,2023,2,5,6,36,1,0,0,268.0,302.0,256.0,325.42857142857144,292.8
2023-02-06,MBA13,482,2023,2,6,0,37,0,0,0,202.0,285.0,261.0,311.14285714285717,292.4
2023-02-07,MBA13,309,2023,2,7,1,38,0,0,0,482.0,316.0,285.0,339.2857142857143,299.06666666666666
2023-02-08,MBA13,270,2023,2,8,2,39,0,0,0,309.0,307.0,338.0,338.2857142857143,301.56666666666666
2023-02-09,MBA13,337,2023,2,9,3,40,0,0,0,270.0,425.0,251.0,333.0,300.9
2023-02-10,MBA13,427,2023,2,10,4,41,0,0,0,337.0,375.0,323.0,320.42857142857144,303.6
2023-02-11,MBA13,300,2023,2,11,5,42,1,0,0,427.0,268.0,175.0,327.85714285714283,308.6
2023-02-12,MBA13,298,2023,2,12,6,43,1,0,0,300.0,202.0,302.0,332.42857142857144,303.3666666666667
2023-02-13,MBA13,298,2023,2,13,0,44,0,0,0,298.0,482.0,285.0,346.14285714285717,301.76666666666665
2023-02-14,MBA13,330,2023,2,14,1,45,0,0,0,298.0,309.0,316.0,319.85714285714283,303.43333333333334
2023-02-15,MBA13,291,2023,2,15,2,46,0,0,0,330.0,270.0,307.0,322.85714285714283,306.4
2023-02-16,MBA13,309,2023,2,16,3,47,0,0,0,291.0,337.0,425.0,325.85714285714283,306.4
2023-02-17,MBA13,252,2023,2,17,4,48,0,0,0,309.0,427.0,375.0,321.85714285714283,306.8666666666667
2023-02-18,MBA13,218,2023,2,18,5,49,1,0,0,252.0,300.0,268.0,296.85714285714283,304.9
2023-02-19,MBA13,264,2023,2,19,6,50,1,0,0,218.0,298.0,202.0,285.14285714285717,301.8
2023-02-20,MBA13,244,2023,2,20,0,51,0,0,0,264.0,298.0,482.0,280.2857142857143,301.23333333333335
2023-02-21,MBA13,306,2023,2,21,1,52,0,0,0,244.0,330.0,309.0,272.57142857142856,299.93333333333334
2023-02-22,MBA13,426,2023,2,22,2,53,0,0,0,306.0,291.0,270.0,269.14285714285717,301.6
2023-02-23,MBA13,283,2023,2,23,3,54,0,0,0,426.0,309.0,337.0,288.42857142857144,307.1
2023-02-24,MBA13,307,2023,2,24,4,55,0,0,0,283.0,252.0,427.0,284.7142857142857,307.03333333333336
2023-02-25,MBA13,284,2023,2,25,5,56,1,0,0,307.0,218.0,300.0,292.57142857142856,306.0
2023-02-26,MBA13,222,2023,2,26,6,57,1,0,0,284.0,264.0,298.0,302.0,307.1
2023-02-27,MBA13,302,2023,2,27,0,58,0,0,0,222.0,244.0,298.0,296.0,303.73333333333335
2023-02-28,MBA13,362,2023,2,28,1,59,0,0,0,302.0,306.0,330.0,304.2857142857143,307.96666666666664
2023-03-01,MBA13,327,2023,3,1,2,60,0,0,0,362.0,426.0,291.0,312.2857142857143,309.96666666666664
2023-03-02,MBA13,284,2023,3,2,3,61,0,0,0,327.0,283.0,309.0,298.14285714285717,311.3666666666667
2023-03-03,MBA13,324,2023,3,3,4,62,0,0,0,284.0,307.0,252.0,298.2857142857143,310.3
2023-03-04,MBA13,192,2023,3,4,5,63,1,0,0,324.0,284.0,218.0,300.7142857142857,310.8666666666667
2023-03-05,MBA13,243,2023,3,5,6,64,1,0,0,192.0,222.0,264.0,287.57142857142856,303.1
2023-03-06,MBA13,324,2023,3,6,0,65,0,0,0,243.0,302.0,244.0,290.57142857142856,298.7
2023-03-07,MBA13,316,2023,3,7,1,66,0,0,0,324.0,362.0,306.0,293.7142857142857,300.56666666666666
2023-03-08,MBA13,323,2023,3,8,2,67,0,0,0,316.0,327.0,426.0,287.14285714285717,304.3666666666667
2023-03-09,MBA13,331,2023,3,9,3,68,0,0,0,323.0,284.0,283.0,286.57142857142856,299.06666666666666
2023-03-10,MBA13,318,2023,3,10,4,69,0,0,0,331.0,324.0,307.0,293.2857142857143,299.8
2023-03-11,MBA13,260,2023,3,11,5,70,1,0,0,318.0,192.0,284.0,292.42857142857144,301.4
2023-03-12,MBA13,252,2023,3,12,6,71,1,0,0,260.0,243.0,222.0,302.14285714285717,298.8333333333333
2023-03-13,MBA13,266,2023,3,13,0,72,0,0,0,252.0,324.0,302.0,303.42857142857144,293.0
2023-03-14,MBA13,197,2023,3,14,1,73,0,0,0,266.0,316.0,362.0,295.14285714285717,291.8666666666667
2023-03-15,MBA13,341,2023,3,15,2,74,0,0,0,197.0,323.0,327.0,278.14285714285717,288.5
2023-03-16,MBA13,300,2023,3,16,3,75,0,0,0,341.0,331.0,284.0,280.7142857142857,289.93333333333334
2023-03-17,MBA13,256,2023,3,17,4,76,0,0,0,300.0,318.0,324.0,276.2857142857143,288.93333333333334
2023-03-18,MBA13,262,2023,3,18,5,77,1,0,0,256.0,260.0,192.0,267.42857142857144,287.76666666666665
2023-03-19,MBA13,210,2023,3,19,6,78,1,0,0,262.0,252.0,243.0,267.7142857142857,286.2
2023-03-20,MBA13,346,2023,3,20,0,79,0,0,0,210.0,266.0,324.0,261.7142857142857,284.8
2023-03-21,MBA13,317,2023,3,21,1,80,0,0,0,346.0,197.0,316.0,273.14285714285717,289.06666666666666
2023-03-22,MBA13,238,2023,3,22,2,81,0,0,0,317.0,341.0,323.0,290.2857142857143,290.8333333333333
2023-03-23,MBA13,332,2023,3,23,3,82,0,0,0,238.0,300.0,331.0,275.57142857142856,290.6333333333333
2023-03-24,MBA13,312,2023,3,24,4,83,0,0,0,332.0,256.0,318.0,280.14285714285717,291.5
2023-03-25,MBA13,269,2023,3,25,5,84,1,0,0,312.0,262.0,260.0,288.14285714285717,287.7
2023-03-26,MBA13,100,2023,3,26,6,85,1,0,0,269.0,210.0,252.0,289.14285714285717,287.23333333333335
2023-03-27,MBA13,285,2023,3,27,0,86,0,0,0,100.0,346.0,266.0,273.42857142857144,280.3333333333333
2023-03-28,MBA13,350,2023,3,28,1,87,0,0,0,285.0,317.0,197.0,264.7142857142857,280.3666666666667
2023-03-29,MBA13,288,2023,3,29,2,88,0,0,0,350.0,238.0,341.0,269.42857142857144,284.6333333333333
2023-03-30,MBA13,352,2023,3,30,3,89,0,0,0,288.0,332.0,300.0,276.57142857142856,284.1666666666667
2023-03-31,MBA13,289,2023,3,31,4,90,0,0,0,352.0,312.0,256.0,279.42857142857144,283.8333333333333
2023-04-01,MBA13,236,2023,4,1,5,91,1,0,0,289.0,269.0,262.0,276.14285714285717,282.56666666666666
2023-04-02,MBA13,276,2023,4,2,6,92,1,0,0,236.0,100.0,210.0,271.42857142857144,280.96666666666664
2023-04-03,MBA13,119,2023,4,3,0,93,0,0,0,276.0,285.0,346.0,296.57142857142856,279.3666666666667
2023-04-04,MBA13,355,2023,4,4,1,94,0,0,0,119.0,350.0,317.0,272.85714285714283,276.93333333333334
2023-04-05,MBA13,269,2023,4,5,2,95,0,0,0,355.0,288.0,238.0,273.57142857142856,280.6666666666667
2023-04-06,MBA13,336,2023,4,6,3,96,0,0,0,269.0,352.0,332.0,270.85714285714283,278.8333333333333
2023-04-07,MBA13,296,2023,4,7,4,97,0,0,0,336.0,289.0,312.0,268.57142857142856,279.5
2023-04-08,MBA13,77,2023,4,8,5,98,1,0,0,296.0,236.0,269.0,269.57142857142856,278.6
2023-04-09,MBA13,258,2023,4,9,6,99,1,0,0,77.0,276.0,100.0,246.85714285714286,270.1333333333333
2023-04-10,MBA13,342,2023,4,10,0,100,0,0,0,258.0,119.0,285.0,244.28571428571428,268.1333333333333
2023-04-11,MBA13,357,2023,4,11,1,101,0,0,0,342.0,355.0,350.0,276.14285714285717,270.8666666666667
2023-04-12,MBA13,285,2023,4,12,2,102,0,0,0,357.0,269.0,288.0,276.42857142857144,274.3666666666667
2023-04-13,MBA13,283,2023,4,13,3,103,0,0,0,285.0,336.0,352.0,278.7142857142857,275.0
2023-04-14,MBA13,286,2023,4,14,4,104,0,0,0,283.0,296.0,289.0,271.14285714285717,277.8666666666667
2023-04-15,MBA13,239,2023,4,15,5,105,1,0,0,286.0,77.0,236.0,269.7142857142857,276.03333333333336
2023-04-16,MBA13,233,2023,4,16,6,106,1,0,0,239.0,258.0,276.0,292.85714285714283,274.0
2023-04-17,MBA13,263,2023,4,17,0,107,0,0,0,233.0,342.0,119.0,289.2857142857143,273.23333333333335
2023-04-18,MBA13,314,2023,4,18,1,108,0,0,0,263.0,357.0,355.0,278.0,273.26666666666665
2023-04-19,MBA13,290,2023,4,19,2,109,0,0,0,314.0,285.0,269.0,271.85714285714283,276.73333333333335
2023-04-20,MBA13,382,2023,4,20,3,110,0,0,0,290.0,283.0,336.0,272.57142857142856,274.8666666666667
2023-04-21,MBA13,334,2023,4,21,4,111,0,0,0,382.0,286.0,296.0,286.7142857142857,277.03333333333336
2023-04-22,MBA13,233,2023,4,22,5,112,1,0,0,334.0,239.0,77.0,293.57142857142856,280.23333333333335
2023-04-23,MBA13,265,2023,4,23,6,113,1,0,0,233.0,233.0,258.0,292.7142857142857,276.93333333333334
2023-04-24,MBA13,321,2023,4,24,0,114,0,0,0,265.0,263.0,342.0,297.2857142857143,275.3666666666667
2023-04-25,MBA13,339,2023,4,25,1,115,0,0,0,321.0,314.0,357.0,305.57142857142856,277.1
2023-04-26,MBA13,244,2023,4,26,2,116,0,0,0,339.0,290.0,285.0,309.14285714285717,285.06666666666666
2023-04-27,MBA13,261,2023,4,27,3,117,0,0,0,244.0,382.0,283.0,302.57142857142856,283.7
2023-04-28,MBA13,275,2023,4,28,4,118,0,0,0,261.0,334.0,286.0,285.2857142857143,280.73333333333335
2023-04-29,MBA13,245,2023,4,29,5,119,1,0,0,275.0,233.0,239.0,276.85714285714283,280.3
2023-04-30,MBA13,128,2023,4,30,6,120,1,0,0,245.0,265.0,233.0,278.57142857142856,276.73333333333335
2023-05-01,MBA13,274,2023,5,1,0,121,0,0,0,128.0,321.0,263.0,259.0,271.3666666666667
2023-05-02,MBA13,347,2023,5,2,1,122,0,0,0,274.0,339.0,314.0,252.28571428571428,272.6333333333333
2023-05-03,MBA13,265,2023,5,3,2,123,0,0,0,347.0,244.0,290.0,253.42857142857142,275.0
2023-05-04,MBA13,311,2023,5,4,3,124,0,0,0,265.0,261.0,382.0,256.42857142857144,279.8666666666667
2023-05-05,MBA13,313,2023,5,5,4,125,0,0,0,311.0,275.0,334.0,263.57142857142856,278.4
2023-05-06,MBA13,259,2023,5,6,5,126,1,0,0,313.0,245.0,233.0,269.0,279.8666666666667
2023-05-07,MBA13,269,2023,5,7,6,127,1,0,0,259.0,128.0,265.0,271.0,277.3
2023-05-08,MBA13,337,2023,5,8,0,128,0,0,0,269.0,274.0,321.0,291.14285714285717,276.4
2023-05-09,MBA13,354,2023,5,9,1,129,0,0,0,337.0,347.0,339.0,300.14285714285717,285.06666666666666
2023-05-10,MBA13,290,2023,5,10,2,130,0,0,0,354.0,265.0,244.0,301.14285714285717,288.26666666666665
2023-05-11,MBA13,275,2023,5,11,3,131,0,0,0,290.0,311.0,261.0,304.7142857142857,286.53333333333336
2023-05-12,MBA13,317,2023,5,12,4,132,0,0,0,275.0,313.0,275.0,299.57142857142856,283.8
2023-05-13,MBA13,358,2023,5,13,5,133,1,0,0,317.0,259.0,245.0,300.14285714285717,284.8666666666667
2023-05-14,MBA13,252,2023,5,14,6,134,1,0,0,358.0,269.0,128.0,314.2857142857143,287.3666666666667
2023-05-15,MBA13,304,2023,5,15,0,135,0,0,0,252.0,337.0,274.0,311.85714285714283,286.23333333333335
2023-05-16,MBA13,325,2023,5,16,1,136,0,0,0,304.0,354.0,347.0,307.14285714285717,288.4
2023-05-17,MBA13,376,2023,5,17,2,137,0,0,0,325.0,290.0,265.0,303.0,291.46666666666664
2023-05-18,MBA13,311,2023,5,18,3,138,0,0,0,376.0,275.0,311.0,315.2857142857143,295.23333333333335
2023-05-19,MBA13,356,2023,5,19,4,139,0,0,0,311.0,317.0,313.0,320.42857142857144,295.1333333333333
2023-05-20,MBA13,266,2023,5,20,5,140,1,0,0,356.0,358.0,259.0,326.0,297.3333333333333
2023-05-21,MBA13,251,2023,5,21,6,141,1,0,0,266.0,252.0,269.0,312.85714285714283,293.46666666666664
2023-05-22,MBA13,288,2023,5,22,0,142,0,0,0,251.0,304.0,337.0,312.7142857142857,290.7
2023-05-23,MBA13,309,2023,5,23,1,143,0,0,0,288.0,325.0,354.0,310.42857142857144,292.53333333333336
2023-05-24,MBA13,307,2023,5,24,2,144,0,0,0,309.0,376.0,290.0,308.14285714285717,294.0
2023-05-25,MBA13,279,2023,5,25,3,145,0,0,0,307.0,311.0,275.0,298.2857142857143,293.53333333333336
2023-05-26,MBA13,284,2023,5,26,4,146,0,0,0,279.0,356.0,317.0,293.7142857142857,291.53333333333336
2023-05-27,MBA13,337,2023,5,27,5,147,1,0,0,284.0,266.0,358.0,283.42857142857144,292.8666666666667
2023-05-28,MBA13,241,2023,5,28,6,148,1,0,0,337.0,251.0,252.0,293.57142857142856,295.4
2023-05-29,MBA13,234,2023,5,29,0,149,0,0,0,241.0,288.0,304.0,292.14285714285717,294.26666666666665
2023-05-30,MBA13,105,2023,5,30,1,150,0,0,0,234.0,309.0,325.0,284.42857142857144,293.9
2023-05-31,MBA13,289,2023,5,31,2,151,0,0,0,105.0,307.0,376.0,255.28571428571428,293.1333333333333
2023-06-01,MBA13,318,2023,6,1,3,152,0,0,0,289.0,279.0,311.0,252.71428571428572,293.6333333333333
2023-06-02,MBA13,286,2023,6,2,4,153,0,0,0,318.0,284.0,356.0,258.2857142857143,292.6666666666667
2023-06-03,MBA13,253,2023,6,3,5,154,1,0,0,286.0,337.0,266.0,258.57142857142856,293.3666666666667
2023-06-04,MBA13,226,2023,6,4,6,155,1,0,0,253.0,241.0,251.0,246.57142857142858,291.43333333333334
2023-06-05,MBA13,325,2023,6,5,0,156,0,0,0,226.0,234.0,288.0,244.42857142857142,288.53333333333336
2023-06-06,MBA13,299,2023,6,6,1,157,0,0,0,325.0,105.0,309.0,257.42857142857144,290.73333333333335
2023-06-07,MBA13,106,2023,6,7,2,158,0,0,0,299.0,289.0,307.0,285.14285714285717,291.73333333333335
2023-06-08,MBA13,280,2023,6,8,3,159,0,0,0,106.0,318.0,279.0,259.0,284.03333333333336
2023-06-09,MBA13,417,2023,6,9,4,160,0,0,0,280.0,286.0,284.0,253.57142857142858,281.56666666666666
2023-06-10,MBA13,223,2023,6,10,5,161,1,0,0,417.0,253.0,337.0,272.2857142857143,285.8
2023-06-11,MBA13,242,2023,6,11,6,162,1,0,0,223.0,226.0,241.0,268.0,284.06666666666666
2023-06-12,MBA13,340,2023,6,12,0,163,0,0,0,242.0,325.0,234.0,270.2857142857143,281.56666666666666
2023-06-13,MBA13,314,2023,6,13,1,164,0,0,0,340.0,299.0,105.0,272.42857142857144,280.96666666666664
2023-06-14,MBA13,318,2023,6,14,2,165,0,0,0,314.0,106.0,289.0,274.57142857142856,283.03333333333336
2023-06-15,MBA13,324,2023,6,15,3,166,0,0,0,318.0,280.0,318.0,304.85714285714283,283.5
2023-06-16,MBA13,548,2023,6,16,4,167,0,0,0,324.0,417.0,286.0,311.14285714285717,283.46666666666664
2023-06-17,MBA13,287,2023,6,17,5,168,1,0,0,548.0,223.0,253.0,329.85714285714283,289.2
2023-06-18,MBA13,262,2023,6,18,6,169,1,0,0,287.0,242.0,226.0,339.0,288.4
2023-06-19,MBA13,315,2023,6,19,0,170,0,0,0,262.0,340.0,325.0,341.85714285714283,285.26666666666665
2023-06-20,MBA13,277,2023,6,20,1,171,0,0,0,315.0,314.0,299.0,338.2857142857143,286.9
2023-06-21,MBA13,278,2023,6,21,2,172,0,0,0,277.0,318.0,106.0,333.0,287.76666666666665
2023-06-22,MBA13,302,2023,6,22,3,173,0,0,0,278.0,324.0,280.0,327.2857142857143,287.43333333333334
2023-06-23,MBA13,281,2023,6,23,4,174,0,0,0,302.0,548.0,417.0,324.14285714285717,287.2
2023-06-24,MBA13,368,2023,6,24,5,175,1,0,0,281.0,287.0,223.0,286.0,286.3333333333333
2023-06-25,MBA13,230,2023,6,25,6,176,1,0,0,368.0,262.0,242.0,297.57142857142856,289.3
2023-06-26,MBA13,221,2023,6,26,0,177,0,0,0,230.0,315.0,340.0,293.0,287.5
2023-06-27,MBA13,329,2023,6,27,1,178,0,0,0,221.0,277.0,314.0,279.57142857142856,283.6333333333333
2023-06-28,MBA13,458,2023,6,28,2,179,0,0,0,329.0,278.0,318.0,287.0,286.56666666666666
2023-06-29,MBA13,101,2023,6,29,3,180,0,0,0,458.0,302.0,324.0,312.7142857142857,294.03333333333336
2023-06-30,MBA13,289,2023,6,30,4,181,0,0,0,101.0,281.0,548.0,284.0,293.9
2023-07-01,MBA13,296,2023,7,1,5,182,1,0,0,289.0,368.0,287.0,285.14285714285717,293.9
2023-07-02,MBA13,384,2023,7,2,6,183,1,0,0,296.0,230.0,262.0,274.85714285714283,293.1666666666667
2023-07-03,MBA13,273,2023,7,3,0,184,0,0,0,384.0,221.0,315.0,296.85714285714283,296.43333333333334
2023-07-04,MBA13,402,2023,7,4,1,185,0,0,0,273.0,329.0,277.0,304.2857142857143,297.1
2023-07-05,MBA13,269,2023,7,5,2,186,0,0,0,402.0,458.0,278.0,314.7142857142857,302.96666666666664
2023-07-06,MBA13,293,2023,7,6,3,187,0,0,0,269.0,101.0,302.0,287.7142857142857,301.1
2023-07-07,MBA13,284,2023,7,7,4,188,0,0,0,293.0,289.0,281.0,315.14285714285717,300.9
2023-07-08,MBA13,264,2023,7,8,5,189,1,0,0,284.0,296.0,368.0,314.42857142857144,306.8333333333333
2023-07-09,MBA13,462,2023,7,9,6,190,1,0,0,264.0,384.0,230.0,309.85714285714283,306.3
2023-07-10,MBA13,334,2023,7,10,0,191,0,0,0,462.0,273.0,221.0,321.0,307.8
2023-07-11,MBA13,364,2023,7,11,1,192,0,0,0,334.0,402.0,329.0,329.7142857142857,311.5
2023-07-12,MBA13,315,2023,7,12,2,193,0,0,0,364.0,269.0,458.0,324.2857142857143,315.56666666666666
2023-07-13,MBA13,283,2023,7,13,3,194,0,0,0,315.0,293.0,101.0,330.85714285714283,314.73333333333335
2023-07-14,MBA13,339,2023,7,14,4,195,0,0,0,283.0,284.0,289.0,329.42857142857144,313.7
2023-07-15,MBA13,249,2023,7,15,5,196,1,0,0,339.0,264.0,296.0,337.2857142857143,314.4
2023-07-16,MBA13,277,2023,7,16,6,197,1,0,0,249.0,462.0,384.0,335.14285714285717,311.9
2023-07-17,MBA13,316,2023,7,17,0,198,0,0,0,277.0,334.0,273.0,308.7142857142857,302.8666666666667
2023-07-18,MBA13,376,2023,7,18,1,199,0,0,0,316.0,364.0,402.0,306.14285714285717,303.8333333333333
2023-07-19,MBA13,268,2023,7,19,2,200,0,0,0,376.0,315.0,269.0,307.85714285714283,307.6333333333333
2023-07-20,MBA13,285,2023,7,20,3,201,0,0,0,268.0,283.0,293.0,301.14285714285717,306.06666666666666
2023-07-21,MBA13,402,2023,7,21,4,202,0,0,0,285.0,339.0,284.0,301.42857142857144,306.3333333333333
2023-07-22,MBA13,242,2023,7,22,5,203,1,0,0,402.0,249.0,264.0,310.42857142857144,310.46666666666664
2023-07-23,MBA13,207,2023,7,23,6,204,1,0,0,242.0,277.0,462.0,309.42857142857144,308.46666666666664
2023-07-24,MBA13,322,2023,7,24,0,205,0,0,0,207.0,316.0,334.0,299.42857142857144,306.0
2023-07-25,MBA13,339,2023,7,25,1,206,0,0,0,322.0,376.0,364.0,300.2857142857143,304.46666666666664
2023-07-26,MBA13,299,2023,7,26,2,207,0,0,0,339.0,268.0,315.0,295.0,308.1
2023-07-27,MBA13,240,2023,7,27,3,208,0,0,0,299.0,285.0,283.0,299.42857142857144,310.7
2023-07-28,MBA13,85,2023,7,28,4,209,0,0,0,240.0,402.0,339.0,293.0,307.73333333333335
2023-07-29,MBA13,253,2023,7,29,5,210,1,0,0,85.0,242.0,249.0,247.71428571428572,295.3
2023-07-30,MBA13,280,2023,7,30,6,211,1,0,0,253.0,207.0,277.0,249.28571428571428,300.3666666666667
2023-07-31,MBA13,339,2023,7,31,0,212,0,0,0,280.0,322.0,316.0,259.7142857142857,300.06666666666666
2023-08-01,MBA13,408,2023,8,1,1,213,0,1,0,339.0,339.0,376.0,262.14285714285717,301.5
2023-08-02,MBA13,431,2023,8,2,2,214,0,1,0,408.0,299.0,268.0,272.0,302.3
2023-08-03,MBA13,356,2023,8,3,3,215,0,1,0,431.0,240.0,285.0,290.85714285714283,307.56666666666666
2023-08-04,MBA13,458,2023,8,4,4,216,0,1,0,356.0,85.0,402.0,307.42857142857144,306.03333333333336
2023-08-05,MBA13,377,2023,8,5,5,217,1,1,0,458.0,253.0,242.0,360.7142857142857,312.3333333333333
2023-08-06,MBA13,348,2023,8,6,6,218,1,1,0,377.0,280.0,207.0,378.42857142857144,315.1333333333333
2023-08-07,MBA13,418,2023,8,7,0,219,0,1,0,348.0,339.0,322.0,388.14285714285717,317.26666666666665
2023-08-08,MBA13,408,2023,8,8,1,220,0,1,0,418.0,408.0,339.0,399.42857142857144,322.4
2023-08-09,MBA13,448,2023,8,9,2,221,0,1,0,408.0,431.0,299.0,399.42857142857144,320.6
2023-08-10,MBA13,435,2023,8,10,3,222,0,1,0,448.0,356.0,240.0,401.85714285714283,324.4
2023-08-11,MBA13,313,2023,8,11,4,223,0,1,0,435.0,458.0,85.0,413.14285714285717,326.76666666666665
2023-08-12,MBA13,319,2023,8,12,5,224,1,1,0,313.0,377.0,253.0,392.42857142857144,326.7
2023-08-13,MBA13,293,2023,8,13,6,225,1,1,0,319.0,348.0,280.0,384.14285714285717,327.9
2023-08-14,MBA13,365,2023,8,14,0,226,0,1,0,293.0,418.0,339.0,376.2857142857143,326.3666666666667
2023-08-15,MBA13,448,2023,8,15,1,227,0,1,0,365.0,408.0,408.0,368.7142857142857,330.23333333333335
2023-08-16,MBA13,407,2023,8,16,2,228,0,1,0,448.0,448.0,431.0,374.42857142857144,335.93333333333334
2023-08-17,MBA13,425,2023,8,17,3,229,0,1,0,407.0,435.0,356.0,368.57142857142856,338.96666666666664
2023-08-18,MBA13,411,2023,8,18,4,230,0,1,0,425.0,313.0,458.0,367.14285714285717,340.6
2023-08-19,MBA13,288,2023,8,19,5,231,1,1,0,411.0,319.0,377.0,381.14285714285717,345.3666666666667
2023-08-20,MBA13,279,2023,8,20,6,232,1,1,0,288.0,293.0,348.0,376.7142857142857,345.46666666666664
2023-08-21,MBA13,394,2023,8,21,0,233,0,1,0,279.0,365.0,418.0,374.7142857142857,341.3666666666667
2023-08-22,MBA13,604,2023,8,22,1,234,0,1,0,394.0,448.0,408.0,378.85714285714283,346.43333333333334
2023-08-23,MBA13,397,2023,8,23,2,235,0,1,0,604.0,407.0,448.0,401.14285714285717,359.6666666666667
2023-08-24,MBA13,450,2023,8,24,3,236,0,1,0,397.0,425.0,435.0,399.7142857142857,362.1666666666667
2023-08-25,MBA13,406,2023,8,25,4,237,0,1,0,450.0,411.0,313.0,403.2857142857143,365.8666666666667
2023-08-26,MBA13,321,2023,8,26,5,238,1,1,0,406.0,288.0,319.0,402.57142857142856,369.43333333333334
2023-08-27,MBA13,344,2023,8,27,6,239,1,1,0,321.0,279.0,293.0,407.2857142857143,372.1333333333333
2023-08-28,MBA13,410,2023,8,28,0,240,0,1,0,344.0,394.0,365.0,416.57142857142856,380.76666666666665
2023-08-29,MBA13,516,2023,8,29,1,241,0,1,0,410.0,604.0,448.0,418.85714285714283,386.0
2023-08-30,MBA13,433,2023,8,30,2,242,0,1,0,516.0,397.0,407.0,406.2857142857143,393.8666666666667
2023-08-31,MBA13,406,2023,8,31,3,243,0,1,0,433.0,450.0,425.0,411.42857142857144,397.0
2023-09-01,MBA13,440,2023,9,1,4,244,0,1,0,406.0,406.0,411.0,405.14285714285717,396.93333333333334
2023-09-02,MBA13,343,2023,9,2,5,245,1,1,0,440.0,321.0,288.0,410.0,397.23333333333335
2023-09-03,MBA13,401,2023,9,3,6,246,1,1,0,343.0,344.0,279.0,413.14285714285717,396.8
2023-09-04,MBA13,563,2023,9,4,0,247,0,1,0,401.0,410.0,394.0,421.2857142857143,394.9
2023-09-05,MBA13,377,2023,9,5,1,248,0,1,0,563.0,516.0,604.0,443.14285714285717,401.1
2023-09-06,MBA13,430,2023,9,6,2,249,0,1,0,377.0,433.0,397.0,423.2857142857143,402.06666666666666
2023-09-07,MBA13,418,2023,9,7,3,250,0,1,0,430.0,406.0,450.0,422.85714285714283,402.46666666666664
2023-09-08,MBA13,387,2023,9,8,4,251,0,1,0,418.0,440.0,406.0,424.57142857142856,402.8
2023-09-09,MBA13,349,2023,9,9,5,252,1,1,0,387.0,343.0,321.0,417.0,400.76666666666665
2023-09-10,MBA13,300,2023,9,10,6,253,1,1,0,349.0,401.0,344.0,417.85714285714283,397.9
2023-09-11,MBA13,408,2023,9,11,0,254,0,1,0,300.0,563.0,410.0,403.42857142857144,397.46666666666664
2023-09-12,MBA13,476,2023,9,12,1,255,0,1,0,408.0,377.0,516.0,381.2857142857143,400.43333333333334
2023-09-13,MBA13,394,2023,9,13,2,256,0,1,0,476.0,430.0,433.0,395.42857142857144,406.53333333333336
2023-09-14,MBA13,411,2023,9,14,3,257,0,1,0,394.0,418.0,406.0,390.2857142857143,407.5
2023-09-15,MBA13,373,2023,9,15,4,258,0,1,0,411.0,387.0,440.0,389.2857142857143,406.26666666666665
2023-09-16,MBA13,353,2023,9,16,5,259,1,1,0,373.0,349.0,343.0,387.2857142857143,405.1333333333333
2023-09-17,MBA13,305,2023,9,17,6,260,1,1,0,353.0,300.0,401.0,387.85714285714283,402.73333333333335
2023-09-18,MBA13,132,2023,9,18,0,261,0,1,0,305.0,408.0,563.0,388.57142857142856,399.2
2023-09-19,MBA13,407,2023,9,19,1,262,0,1,0,132.0,476.0,377.0,349.14285714285717,394.0
2023-09-20,MBA13,420,2023,9,20,2,263,0,1,0,407.0,394.0,430.0,339.2857142857143,398.26666666666665
2023-09-21,MBA13,463,2023,9,21,3,264,0,1,0,420.0,411.0,418.0,343.0,399.1333333333333
2023-09-22,MBA13,424,2023,9,22,4,265,0,1,0,463.0,373.0,387.0,350.42857142857144,394.43333333333334
2023-09-23,MBA13,371,2023,9,23,5,266,1,1,0,424.0,353.0,349.0,357.7142857142857,395.3333333333333
2023-09-24,MBA13,290,2023,9,24,6,267,1,1,0,371.0,305.0,300.0,360.2857142857143,392.7
2023-09-25,MBA13,399,2023,9,25,0,268,0,1,0,290.0,132.0,408.0,358.14285714285717,388.8333333333333
2023-09-26,MBA13,455,2023,9,26,1,269,0,1,0,399.0,407.0,476.0,396.2857142857143,391.43333333333334
2023-09-27,MBA13,403,2023,9,27,2,270,0,1,0,455.0,420.0,394.0,403.14285714285717,395.1333333333333
2023-09-28,MBA13,409,2023,9,28,3,271,0,1,0,403.0,463.0,411.0,400.7142857142857,394.9
2023-09-29,MBA13,462,2023,9,29,4,272,0,1,0,409.0,424.0,373.0,393.0,391.3333333333333
2023-09-30,MBA13,302,2023,9,30,5,273,1,1,0,462.0,371.0,353.0,398.42857142857144,392.3
2023-10-01,MBA13,224,2023,10,1,6,274,1,0,0,302.0,290.0,305.0,388.57142857142856,388.8333333333333
2023-10-02,MBA13,258,2023,10,2,0,275,0,0,0,224.0,399.0,132.0,379.14285714285717,381.6333333333333
2023-10-03,MBA13,358,2023,10,3,1,276,0,0,0,258.0,455.0,407.0,359.0,378.8
2023-10-04,MBA13,337,2023,10,4,2,277,0,0,0,358.0,403.0,420.0,345.14285714285717,377.3666666666667
2023-10-05,MBA13,336,2023,10,5,3,278,0,0,0,337.0,409.0,463.0,335.7142857142857,369.8333333333333
2023-10-06,MBA13,292,2023,10,6,4,279,0,0,0,336.0,462.0,424.0,325.2857142857143,368.46666666666664
2023-10-07,MBA13,198,2023,10,7,5,280,1,0,0,292.0,302.0,371.0,301.0,363.8666666666667
2023-10-08,MBA13,190,2023,10,8,6,281,1,0,0,198.0,224.0,290.0,286.14285714285717,356.53333333333336
2023-10-09,MBA13,349,2023,10,9,0,282,0,0,0,190.0,258.0,399.0,281.2857142857143,349.96666666666664
2023-10-10,MBA13,322,2023,10,10,1,283,0,0,0,349.0,358.0,455.0,294.2857142857143,349.96666666666664
2023-10-11,MBA13,328,2023,10,11,2,284,0,0,0,322.0,337.0,403.0,289.14285714285717,350.7
2023-10-12,MBA13,312,2023,10,12,3,285,0,0,0,328.0,336.0,409.0,287.85714285714283,348.03333333333336
2023-10-13,MBA13,277,2023,10,13,4,286,0,0,0,312.0,292.0,462.0,284.42857142857144,342.56666666666666
2023-10-14,MBA13,236,2023,10,14,5,287,1,0,0,277.0,198.0,302.0,282.2857142857143,338.6666666666667
2023-10-15,MBA13,212,2023,10,15,6,288,1,0,0,236.0,190.0,224.0,287.7142857142857,332.8333333333333
2023-10-16,MBA13,266,2023,10,16,0,289,0,0,0,212.0,349.0,258.0,290.85714285714283,327.46666666666664
2023-10-17,MBA13,334,2023,10,17,1,290,0,0,0,266.0,322.0,358.0,279.0,324.56666666666666
2023-10-18,MBA13,250,2023,10,18,2,291,0,0,0,334.0,328.0,337.0,280.7142857142857,325.53333333333336
2023-10-19,MBA13,270,2023,10,19,3,292,0,0,0,250.0,312.0,336.0,269.57142857142856,329.46666666666664
2023-10-20,MBA13,295,2023,10,20,4,293,0,0,0,270.0,277.0,292.0,263.57142857142856,324.9
2023-10-21,MBA13,249,2023,10,21,5,294,1,0,0,295.0,236.0,198.0,266.14285714285717,320.73333333333335
2023-10-22,MBA13,200,2023,10,22,6,295,1,0,0,249.0,212.0,190.0,268.0,313.6
2023-10-23,MBA13,249,2023,10,23,0,296,0,0,0,200.0,266.0,349.0,266.2857142857143,306.1333333333333
2023-10-24,MBA13,318,2023,10,24,1,297,0,0,0,249.0,334.0,322.0,263.85714285714283,302.06666666666666
2023-10-25,MBA13,462,2023,10,25,2,298,0,0,0,318.0,250.0,328.0,261.57142857142856,303.0
2023-10-26,MBA13,349,2023,10,26,3,299,0,0,0,462.0,270.0,312.0,291.85714285714283,305.1
2023-10-27,MBA13,343,2023,10,27,4,300,0,0,0,349.0,295.0,277.0,303.14285714285717,301.56666666666666
2023-10-28,MBA13,258,2023,10,28,5,301,1,0,0,343.0,249.0,236.0,310.0,299.56666666666666
2023-10-29,MBA13,262,2023,10,29,6,302,1,0,0,258.0,200.0,212.0,311.2857142857143,294.53333333333336
2023-10-30,MBA13,259,2023,10,30,0,303,0,0,0,262.0,249.0,266.0,320.14285714285717,287.8666666666667
2023-10-31,MBA13,294,2023,10,31,1,304,0,0,0,259.0,318.0,334.0,321.57142857142856,286.43333333333334
2023-11-01,MBA13,464,2023,11,1,2,305,0,0,1,294.0,462.0,250.0,318.14285714285717,288.76666666666665
2023-11-02,MBA13,466,2023,11,2,3,306,0,0,1,464.0,349.0,270.0,318.42857142857144,295.6333333333333
2023-11-03,MBA13,420,2023,11,3,4,307,0,0,1,466.0,343.0,295.0,335.14285714285717,299.23333333333335
2023-11-04,MBA13,363,2023,11,4,5,308,1,0,1,420.0,258.0,249.0,346.14285714285717,302.0
2023-11-05,MBA13,329,2023,11,5,6,309,1,0,1,363.0,262.0,200.0,361.14285714285717,302.9
2023-11-06,MBA13,457,2023,11,6,0,310,0,0,1,329.0,259.0,249.0,370.7142857142857,304.1333333333333
2023-11-07,MBA13,414,2023,11,7,1,311,0,0,1,457.0,294.0,318.0,399.0,312.76666666666665
2023-11-08,MBA13,480,2023,11,8,2,312,0,0,1,414.0,464.0,462.0,416.14285714285717,320.23333333333335
2023-11-09,MBA13,494,2023,11,9,3,313,0,0,1,480.0,466.0,349.0,418.42857142857144,324.6
2023-11-10,MBA13,488,2023,11,10,4,314,0,0,1,494.0,420.0,343.0,422.42857142857144,330.3333333333333
2023-11-11,MBA13,102,2023,11,11,5,315,1,0,1,488.0,363.0,258.0,432.14285714285717,335.6666666666667
2023-11-12,MBA13,328,2023,11,12,6,316,1,0,1,102.0,329.0,262.0,394.85714285714283,328.6666666666667
2023-11-13,MBA13,494,2023,11,13,0,317,0,0,1,328.0,457.0,259.0,394.7142857142857,330.3666666666667
2023-11-14,MBA13,458,2023,11,14,1,318,0,0,1,494.0,414.0,294.0,400.0,338.96666666666664
2023-11-15,MBA13,494,2023,11,15,2,319,0,0,1,458.0,480.0,464.0,406.2857142857143,347.1666666666667
2023-11-16,MBA13,420,2023,11,16,3,320,0,0,1,494.0,494.0,466.0,408.2857142857143,354.76666666666665
2023-11-17,MBA13,405,2023,11,17,4,321,0,0,1,420.0,488.0,420.0,397.7142857142857,357.6333333333333
2023-11-18,MBA13,357,2023,11,18,5,322,1,0,1,405.0,102.0,363.0,385.85714285714283,362.8
2023-11-19,MBA13,330,2023,11,19,6,323,1,0,1,357.0,328.0,329.0,422.2857142857143,365.7
2023-11-20,MBA13,447,2023,11,20,0,324,0,0,1,330.0,494.0,457.0,422.57142857142856,366.8666666666667
2023-11-21,MBA13,387,2023,11,21,1,325,0,0,1,447.0,458.0,414.0,415.85714285714283,373.46666666666664
2023-11-22,MBA13,372,2023,11,22,2,326,0,0,1,387.0,494.0,480.0,405.7142857142857,379.7
2023-11-23,MBA13,452,2023,11,23,3,327,0,0,1,372.0,420.0,494.0,388.2857142857143,383.8
2023-11-24,MBA13,495,2023,11,24,4,328,0,0,1,452.0,405.0,488.0,392.85714285714283,388.26666666666665
2023-11-25,MBA13,370,2023,11,25,5,329,1,0,1,495.0,357.0,102.0,405.7142857142857,389.3666666666667
2023-11-26,MBA13,374,2023,11,26,6,330,1,0,1,370.0,330.0,328.0,407.57142857142856,390.06666666666666
2023-11-27,MBA13,442,2023,11,27,0,331,0,0,1,374.0,447.0,494.0,413.85714285714283,391.1
2023-11-28,MBA13,445,2023,11,28,1,332,0,0,1,442.0,387.0,458.0,413.14285714285717,397.23333333333335
2023-11-29,MBA13,392,2023,11,29,2,333,0,0,1,445.0,372.0,494.0,421.42857142857144,403.3333333333333
2023-11-30,MBA13,414,2023,11,30,3,334,0,0,1,392.0,452.0,420.0,424.2857142857143,407.76666666666665
2023-12-01,MBA13,481,2023,12,1,4,335,0,0,1,414.0,495.0,405.0,418.85714285714283,411.76666666666665
2023-12-02,MBA13,184,2023,12,2,5,336,1,0,1,481.0,370.0,357.0,416.85714285714283,412.3333333333333
2023-12-03,MBA13,345,2023,12,3,6,337,1,0,1,184.0,374.0,330.0,390.2857142857143,402.93333333333334
2023-12-04,MBA13,442,2023,12,4,0,338,0,0,1,345.0,442.0,447.0,386.14285714285717,400.43333333333334
2023-12-05,MBA13,480,2023,12,5,1,339,0,0,1,442.0,445.0,387.0,386.14285714285717,403.06666666666666
2023-12-06,MBA13,421,2023,12,6,2,340,0,0,1,480.0,392.0,372.0,391.14285714285717,408.1
2023-12-07,MBA13,451,2023,12,7,3,341,0,0,1,421.0,414.0,452.0,395.2857142857143,406.9
2023-12-08,MBA13,403,2023,12,8,4,342,0,0,1,451.0,481.0,495.0,400.57142857142856,408.1333333333333
2023-12-09,MBA13,326,2023,12,9,5,343,1,0,1,403.0,184.0,370.0,389.42857142857144,405.56666666666666
2023-12-10,MBA13,358,2023,12,10,6,344,1,0,1,326.0,345.0,374.0,409.7142857142857,399.96666666666664
2023-12-11,MBA13,463,2023,12,11,0,345,0,0,1,358.0,442.0,442.0,411.57142857142856,395.6333333333333
2023-12-12,MBA13,512,2023,12,12,1,346,0,0,1,463.0,480.0,445.0,414.57142857142856,407.6666666666667
2023-12-13,MBA13,401,2023,12,13,2,347,0,0,1,512.0,421.0,392.0,419.14285714285717,413.8
2023-12-14,MBA13,448,2023,12,14,3,348,0,0,1,401.0,451.0,414.0,416.2857142857143,410.7
2023-12-15,MBA13,439,2023,12,15,4,349,0,0,1,448.0,403.0,481.0,415.85714285714283,410.3666666666667
2023-12-16,MBA13,341,2023,12,16,5,350,1,0,1,439.0,326.0,184.0,421.0,408.53333333333336
2023-12-17,MBA13,395,2023,12,17,6,351,1,0,1,341.0,358.0,345.0,423.14285714285717,405.9
2023-12-18,MBA13,458,2023,12,18,0,352,0,0,1,395.0,463.0,442.0,428.42857142857144,405.56666666666666
2023-12-19,MBA13,459,2023,12,19,1,353,0,0,1,458.0,512.0,480.0,427.7142857142857,408.93333333333334
2023-12-20,MBA13,399,2023,12,20,2,354,0,0,1,459.0,401.0,421.0,420.14285714285717,413.23333333333335
2023-12-21,MBA13,427,2023,12,21,3,355,0,0,1,399.0,448.0,451.0,419.85714285714283,411.6333333333333
2023-12-22,MBA13,441,2023,12,22,4,356,0,0,1,427.0,439.0,403.0,416.85714285714283,412.96666666666664
2023-12-23,MBA13,361,2023,12,23,5,357,1,0,1,441.0,341.0,326.0,417.14285714285717,415.26666666666665
2023-12-24,MBA13,438,2023,12,24,6,358,1,0,1,361.0,395.0,358.0,420.0,412.23333333333335
2023-12-25,MBA13,429,2023,12,25,0,359,0,0,1,438.0,458.0,463.0,426.14285714285717,410.3333333333333
2023-12-26,MBA13,354,2023,12,26,1,360,0,0,1,429.0,459.0,512.0,422.0,412.3
2023-12-27,MBA13,441,2023,12,27,2,361,0,0,1,354.0,399.0,401.0,407.0,411.6333333333333
2023-12-28,MBA13,456,2023,12,28,3,362,0,0,1,441.0,427.0,448.0,413.0,411.6
2023-12-29,MBA13,441,2023,12,29,4,363,0,0,1,456.0,441.0,439.0,417.14285714285717,411.96666666666664
2023-12-30,MBA13,258,2023,12,30,5,364,1,0,1,441.0,361.0,341.0,417.14285714285717,413.6
2023-12-31,MBA13,365,2023,12,31,6,365,1,0,1,258.0,438.0,395.0,402.42857142857144,408.4
2024-01-01,MBA13,330,2024,1,1,0,1,0,0,0,365.0,429.0,458.0,392.0,404.53333333333336
2024-01-02,MBA13,269,2024,1,2,1,2,0,0,0,330.0,354.0,459.0,377.85714285714283,409.4
2024-01-03,MBA13,92,2024,1,3,2,3,0,0,0,269.0,441.0,399.0,365.7142857142857,406.8666666666667
2024-01-04,MBA13,310,2024,1,4,3,4,0,0,0,92.0,456.0,427.0,315.85714285714283,395.2
2024-01-05,MBA13,291,2024,1,5,4,5,0,0,0,310.0,441.0,441.0,295.0,389.53333333333336
2024-01-06,MBA13,242,2024,1,6,5,6,1,0,0,291.0,258.0,361.0,273.57142857142856,385.2
2024-01-07,MBA13,258,2024,1,7,6,7,1,0,0,242.0,365.0,438.0,271.2857142857143,378.23333333333335
2024-01-08,MBA13,312,2024,1,8,0,8,0,0,0,258.0,330.0,429.0,256.0,373.4
2024-01-09,MBA13,344,2024,1,9,1,9,0,0,0,312.0,269.0,354.0,253.42857142857142,372.93333333333334
2024-01-10,MBA13,262,2024,1,10,2,10,0,0,0,344.0,92.0,441.0,264.14285714285717,372.46666666666664
2024-01-11,MBA13,266,2024,1,11,3,11,0,0,0,262.0,310.0,456.0,288.42857142857144,365.76666666666665
2024-01-12,MBA13,304,2024,1,12,4,12,0,0,0,266.0,291.0,441.0,282.14285714285717,357.56666666666666
2024-01-13,MBA13,270,2024,1,13,5,13,1,0,0,304.0,242.0,258.0,284.0,354.3333333333333
2024-01-14,MBA13,396,2024,1,14,6,14,1,0,0,270.0,258.0,365.0,288.0,348.4
2024-01-15,MBA13,298,2024,1,15,0,15,0,0,0,396.0,312.0,330.0,307.7142857142857,346.96666666666664
2024-01-16,MBA13,311,2024,1,16,1,16,0,0,0,298.0,344.0,269.0,305.7142857142857,345.53333333333336
2024-01-17,MBA13,315,2024,1,17,2,17,0,0,0,311.0,262.0,92.0,301.0,342.73333333333335
2024-01-18,MBA13,376,2024,1,18,3,18,0,0,0,315.0,266.0,310.0,308.57142857142856,337.96666666666664
2024-01-19,MBA13,311,2024,1,19,4,19,0,0,0,376.0,304.0,291.0,324.2857142857143,335.2
2024-01-20,MBA13,272,2024,1,20,5,20,1,0,0,311.0,270.0,242.0,325.2857142857143,332.26666666666665
2024-01-21,MBA13,292,2024,1,21,6,21,1,0,0,272.0,396.0,258.0,325.57142857142856,327.1
2024-01-22,MBA13,306,2024,1,22,0,22,0,0,0,292.0,298.0,312.0,310.7142857142857,322.1333333333333
2024-01-23,MBA13,297,2024,1,23,1,23,0,0,0,306.0,311.0,344.0,311.85714285714283,320.3
2024-01-24,MBA13,282,2024,1,24,2,24,0,0,0,297.0,315.0,262.0,309.85714285714283,315.6
2024-01-25,MBA13,266,2024,1,25,3,25,0,0,0,282.0,376.0,266.0,305.14285714285717,310.7
2024-01-26,MBA13,257,2024,1,26,4,26,0,0,0,266.0,311.0,304.0,289.42857142857144,307.76666666666665
2024-01-27,MBA13,230,2024,1,27,5,27,1,0,0,257.0,272.0,270.0,281.7142857142857,301.6333333333333
2024-01-28,MBA13,287,2024,1,28,6,28,1,0,0,230.0,292.0,396.0,275.7142857142857,294.1
2024-01-29,MBA13,525,2024,1,29,0,29,0,0,0,287.0,306.0,298.0,275.0,288.96666666666664
2024-01-30,MBA13,295,2024,1,30,1,30,0,0,0,525.0,297.0,311.0,306.2857142857143,297.8666666666667
2024-01-31,MBA13,359,2024,1,31,2,31,0,0,0,295.0,282.0,315.0,306.0,295.53333333333336
2024-02-01,MBA13,352,2024,2,1,3,32,0,0,0,359.0,266.0,376.0,317.0,296.5
2024-02-02,MBA13,290,2024,2,2,4,33,0,0,0,352.0,257.0,311.0,329.2857142857143,299.26666666666665
2024-02-03,MBA13,258,2024,2,3,5,34,1,0,0,290.0,230.0,272.0,334.0,305.8666666666667
2024-02-04,MBA13,255,2024,2,4,6,35,1,0,0,258.0,287.0,292.0,338.0,304.1333333333333
2024-02-05,MBA13,490,2024,2,5,0,36,0,0,0,255.0,525.0,306.0,333.42857142857144,302.93333333333334
2024-02-06,MBA13,299,2024,2,6,1,37,0,0,0,490.0,295.0,297.0,328.42857142857144,311.2
2024-02-07,MBA13,504,2024,2,7,2,38,0,0,0,299.0,359.0,282.0,329.0,312.56666666666666
2024-02-08,MBA13,285,2024,2,8,3,39,0,0,0,504.0,352.0,266.0,349.7142857142857,318.96666666666664
2024-02-09,MBA13,355,2024,2,9,4,40,0,0,0,285.0,290.0,257.0,340.14285714285717,317.0
2024-02-10,MBA13,275,2024,2,10,5,41,1,0,0,355.0,258.0,230.0,349.42857142857144,320.1
2024-02-11,MBA13,291,2024,2,11,6,42,1,0,0,275.0,255.0,287.0,351.85714285714283,320.4
2024-02-12,MBA13,321,2024,2,12,0,43,0,0,0,291.0,490.0,525.0,357.0,319.96666666666664
2024-02-13,MBA13,288,2024,2,13,1,44,0,0,0,321.0,299.0,295.0,332.85714285714283,321.6666666666667
2024-02-14,MBA13,332,2024,2,14,2,45,0,0,0,288.0,504.0,359.0,331.2857142857143,318.06666666666666
2024-02-15,MBA13,356,2024,2,15,3,46,0,0,0,332.0,285.0,352.0,306.7142857142857,319.2
2024-02-16,MBA13,321,2024,2,16,4,47,0,0,0,356.0,355.0,290.0,316.85714285714283,320.7
2024-02-17,MBA13,221,2024,2,17,5,48,1,0,0,321.0,275.0,258.0,312.0,320.9
2024-02-18,MBA13,233,2024,2,18,6,49,1,0,0,221.0,291.0,255.0,304.2857142857143,315.73333333333335
2024-02-19,MBA13,313,2024,2,19,0,50,0,0,0,233.0,321.0,490.0,296.0,313.1333333333333
2024-02-20,MBA13,361,2024,2,20,1,51,0,0,0,313.0,288.0,299.0,294.85714285714283,314.5
2024-02-21,MBA13,372,2024,2,21,2,52,0,0,0,361.0,332.0,504.0,305.2857142857143,316.8
2024-02-22,MBA13,283,2024,2,22,3,53,0,0,0,372.0,356.0,285.0,311.0,319.0
2024-02-23,MBA13,324,2024,2,23,4,54,0,0,0,283.0,321.0,355.0,300.57142857142856,318.53333333333336
2024-02-24,MBA13,232,2024,2,24,5,55,1,0,0,324.0,221.0,275.0,301.0,319.93333333333334
2024-02-25,MBA13,209,2024,2,25,6,56,1,0,0,232.0,233.0,291.0,302.57142857142856,318.8
2024-02-26,MBA13,331,2024,2,26,0,57,0,0,0,209.0,313.0,321.0,299.14285714285717,317.2
2024-02-27,MBA13,317,2024,2,27,1,58,0,0,0,331.0,361.0,288.0,301.7142857142857,320.56666666666666
2024-02-28,MBA13,319,2024,2,28,2,59,0,0,0,317.0,372.0,332.0,295.42857142857144,321.56666666666666
2024-02-29,MBA13,306,2024,2,29,3,60,0,0,0,319.0,283.0,356.0,287.85714285714283,314.7
2024-03-01,MBA13,322,2024,3,1,4,61,0,0,0,306.0,324.0,321.0,291.14285714285717,315.06666666666666
2024-03-02,MBA13,261,2024,3,2,5,62,1,0,0,322.0,232.0,221.0,290.85714285714283,313.8333333333333
2024-03-03,MBA13,280,2024,3,3,6,63,1,0,0,261.0,209.0,233.0,295.0,310.8
2024-03-04,MBA13,284,2024,3,4,0,64,0,0,0,280.0,331.0,313.0,305.14285714285717,310.46666666666664
2024-03-05,MBA13,341,2024,3,5,1,65,0,0,0,284.0,317.0,361.0,298.42857142857144,311.3333333333333
2024-03-06,MBA13,336,2024,3,6,2,66,0,0,0,341.0,319.0,372.0,301.85714285714283,314.2
2024-03-07,MBA13,323,2024,3,7,3,67,0,0,0,336.0,306.0,283.0,304.2857142857143,309.06666666666666
2024-03-08,MBA13,422,2024,3,8,4,68,0,0,0,323.0,322.0,324.0,306.7142857142857,309.8666666666667
2024-03-09,MBA13,266,2024,3,9,5,69,1,0,0,422.0,261.0,232.0,321.0,307.1333333333333
2024-03-10,MBA13,230,2024,3,10,6,70,1,0,0,266.0,280.0,209.0,321.7142857142857,306.5
2024-03-11,MBA13,353,2024,3,11,0,71,0,0,0,230.0,284.0,331.0,314.57142857142856,302.3333333333333
2024-03-12,MBA13,312,2024,3,12,1,72,0,0,0,353.0,341.0,317.0,324.42857142857144,304.93333333333334
2024-03-13,MBA13,320,2024,3,13,2,73,0,0,0,312.0,336.0,319.0,320.2857142857143,305.6333333333333
2024-03-14,MBA13,399,2024,3,14,3,74,0,0,0,320.0,323.0,306.0,318.0,305.6
2024-03-15,MBA13,337,2024,3,15,4,75,0,0,0,399.0,422.0,322.0,328.85714285714283,309.3
2024-03-16,MBA13,265,2024,3,16,5,76,1,0,0,337.0,266.0,261.0,316.7142857142857,309.46666666666664
2024-03-17,MBA13,340,2024,3,17,6,77,1,0,0,265.0,230.0,280.0,316.57142857142856,306.43333333333334
2024-03-18,MBA13,271,2024,3,18,0,78,0,0,0,340.0,353.0,284.0,332.2857142857143,307.06666666666666
2024-03-19,MBA13,355,2024,3,19,1,79,0,0,0,271.0,312.0,341.0,320.57142857142856,308.73333333333335
2024-03-20,MBA13,297,2024,3,20,2,80,0,0,0,355.0,320.0,336.0,326.7142857142857,312.8
2024-03-21,MBA13,336,2024,3,21,3,81,0,0,0,297.0,399.0,323.0,323.42857142857144,312.26666666666665
2024-03-22,MBA13,360,2024,3,22,4,82,0,0,0,336.0,337.0,422.0,314.42857142857144,311.43333333333334
2024-03-23,MBA13,400,2024,3,23,5,83,1,0,0,360.0,265.0,266.0,317.7142857142857,311.03333333333336
2024-03-24,MBA13,459,2024,3,24,6,84,1,0,0,400.0,340.0,230.0,337.0,314.93333333333334
2024-03-25,MBA13,263,2024,3,25,0,85,0,0,0,459.0,271.0,353.0,354.0,319.43333333333334
2024-03-26,MBA13,274,2024,3,26,1,86,0,0,0,263.0,355.0,312.0,352.85714285714283,320.46666666666664
2024-03-27,MBA13,284,2024,3,27,2,87,0,0,0,274.0,297.0,320.0,341.2857142857143,322.6333333333333
2024-03-28,MBA13,241,2024,3,28,3,88,0,0,0,284.0,336.0,399.0,339.42857142857144,321.06666666666666
2024-03-29,MBA13,255,2024,3,29,4,89,0,0,0,241.0,360.0,337.0,325.85714285714283,318.53333333333336
2024-03-30,MBA13,301,2024,3,30,5,90,1,0,0,255.0,400.0,265.0,310.85714285714283,316.4
2024-03-31,MBA13,291,2024,3,31,6,91,1,0,0,301.0,459.0,340.0,296.7142857142857,316.23333333333335
2024-04-01,MBA13,292,2024,4,1,0,92,0,0,0,291.0,263.0,271.0,272.7142857142857,315.2
2024-04-02,MBA13,386,2024,4,2,1,93,0,0,0,292.0,274.0,355.0,276.85714285714283,316.23333333333335
2024-04-03,MBA13,302,2024,4,3,2,94,0,0,0,386.0,284.0,297.0,292.85714285714283,319.76666666666665
2024-04-04,MBA13,374,2024,4,4,3,95,0,0,0,302.0,241.0,336.0,295.42857142857144,320.3666666666667
2024-04-05,MBA13,375,2024,4,5,4,96,0,0,0,374.0,255.0,360.0,314.42857142857144,321.46666666666664
2024-04-06,MBA13,231,2024,4,6,5,97,1,0,0,375.0,301.0,400.0,331.57142857142856,322.76666666666665
2024-04-07,MBA13,280,2024,4,7,6,98,1,0,0,231.0,291.0,459.0,321.57142857142856,319.7
2024-04-08,MBA13,349,2024,4,8,0,99,0,0,0,280.0,292.0,263.0,320.0,314.96666666666664
2024-04-09,MBA13,290,2024,4,9,1,100,0,0,0,349.0,386.0,274.0,328.14285714285717,317.73333333333335
2024-04-10,MBA13,218,2024,4,10,2,101,0,0,0,290.0,302.0,284.0,314.42857142857144,319.73333333333335
2024-04-11,MBA13,339,2024,4,11,3,102,0,0,0,218.0,374.0,241.0,302.42857142857144,315.23333333333335
2024-04-12,MBA13,283,2024,4,12,4,103,0,0,0,339.0,375.0,255.0,297.42857142857144,316.1333333333333
2024-04-13,MBA13,248,2024,4,13,5,104,1,0,0,283.0,231.0,301.0,284.2857142857143,314.9
2024-04-14,MBA13,259,2024,4,14,6,105,1,0,0,248.0,280.0,291.0,286.7142857142857,309.8666666666667
2024-04-15,MBA13,331,2024,4,15,0,106,0,0,0,259.0,349.0,292.0,283.7142857142857,307.26666666666665
2024-04-16,MBA13,300,2024,4,16,1,107,0,0,0,331.0,290.0,386.0,281.14285714285717,309.46666666666664
2024-04-17,MBA13,320,2024,4,17,2,108,0,0,0,300.0,218.0,302.0,282.57142857142856,308.1333333333333
2024-04-18,MBA13,352,2024,4,18,3,109,0,0,0,320.0,339.0,374.0,297.14285714285717,309.76666666666665
2024-04-19,MBA13,247,2024,4,19,4,110,0,0,0,352.0,283.0,375.0,299.0,309.6666666666667
2024-04-20,MBA13,268,2024,4,20,5,111,1,0,0,247.0,248.0,231.0,293.85714285714283,308.0
2024-04-21,MBA13,213,2024,4,21,6,112,1,0,0,268.0,259.0,280.0,296.7142857142857,305.73333333333335
2024-04-22,MBA13,316,2024,4,22,0,113,0,0,0,213.0,331.0,349.0,290.14285714285717,300.8333333333333
2024-04-23,MBA13,252,2024,4,23,1,114,0,0,0,316.0,300.0,290.0,288.0,298.03333333333336
2024-04-24,MBA13,296,2024,4,24,2,115,0,0,0,252.0,320.0,218.0,281.14285714285717,291.1333333333333
2024-04-25,MBA13,258,2024,4,25,3,116,0,0,0,296.0,352.0,339.0,277.7142857142857,292.23333333333335
2024-04-26,MBA13,329,2024,4,26,4,117,0,0,0,258.0,247.0,283.0,264.2857142857143,291.7
2024-04-27,MBA13,234,2024,4,27,5,118,1,0,0,329.0,268.0,248.0,276.0,293.2
2024-04-28,MBA13,251,2024,4,28,6,119,1,0,0,234.0,213.0,259.0,271.14285714285717,292.96666666666664
2024-04-29,MBA13,371,2024,4,29,0,120,0,0,0,251.0,316.0,331.0,276.57142857142856,292.8333333333333
2024-04-30,MBA13,291,2024,4,30,1,121,0,0,0,371.0,252.0,300.0,284.42857142857144,295.1666666666667
2024-05-01,MBA13,327,2024,5,1,2,122,0,0,0,291.0,296.0,320.0,290.0,295.1666666666667
2024-05-02,MBA13,337,2024,5,2,3,123,0,0,0,327.0,258.0,352.0,294.42857142857144,296.3333333333333
2024-05-03,MBA13,353,2024,5,3,4,124,0,0,0,337.0,329.0,247.0,305.7142857142857,294.7
2024-05-04,MBA13,249,2024,5,4,5,125,1,0,0,353.0,234.0,268.0,309.14285714285717,296.4
2024-05-05,MBA13,245,2024,5,5,6,126,1,0,0,249.0,251.0,213.0,311.2857142857143,292.23333333333335
2024-05-06,MBA13,304,2024,5,6,0,127,0,0,0,245.0,371.0,316.0,310.42857142857144,287.9
2024-05-07,MBA13,324,2024,5,7,1,128,0,0,0,304.0,291.0,252.0,300.85714285714283,290.3333333333333
2024-05-08,MBA13,362,2024,5,8,2,129,0,0,0,324.0,327.0,296.0,305.57142857142856,291.8
2024-05-09,MBA13,303,2024,5,9,3,130,0,0,0,362.0,337.0,258.0,310.57142857142856,292.23333333333335
2024-05-10,MBA13,230,2024,5,10,4,131,0,0,0,303.0,353.0,329.0,305.7142857142857,292.6666666666667
2024-05-11,MBA13,282,2024,5,11,5,132,1,0,0,230.0,249.0,234.0,288.14285714285717,293.06666666666666
2024-05-12,MBA13,255,2024,5,12,6,133,1,0,0,282.0,245.0,251.0,292.85714285714283,291.1666666666667
2024-05-13,MBA13,329,2024,5,13,0,134,0,0,0,255.0,304.0,371.0,294.2857142857143,290.23333333333335
2024-05-14,MBA13,259,2024,5,14,1,135,0,0,0,329.0,324.0,291.0,297.85714285714283,292.93333333333334
2024-05-15,MBA13,111,2024,5,15,2,136,0,0,0,259.0,362.0,327.0,288.57142857142856,292.93333333333334
2024-05-16,MBA13,274,2024,5,16,3,137,0,0,0,111.0,303.0,337.0,252.71428571428572,285.6
2024-05-17,MBA13,331,2024,5,17,4,138,0,0,0,274.0,230.0,353.0,248.57142857142858,284.73333333333335
2024-05-18,MBA13,255,2024,5,18,5,139,1,0,0,331.0,282.0,249.0,263.0,285.1
2024-05-19,MBA13,264,2024,5,19,6,140,1,0,0,255.0,255.0,245.0,259.14285714285717,281.8666666666667
2024-05-20,MBA13,297,2024,5,20,0,141,0,0,0,264.0,329.0,304.0,260.42857142857144,282.43333333333334
2024-05-21,MBA13,293,2024,5,21,1,142,0,0,0,297.0,259.0,324.0,255.85714285714286,283.4
2024-05-22,MBA13,346,2024,5,22,2,143,0,0,0,293.0,111.0,362.0,260.7142857142857,286.06666666666666
2024-05-23,MBA13,401,2024,5,23,3,144,0,0,0,346.0,274.0,303.0,294.2857142857143,287.06666666666666
2024-05-24,MBA13,302,2024,5,24,4,145,0,0,0,401.0,331.0,230.0,312.42857142857144,292.03333333333336
2024-05-25,MBA13,257,2024,5,25,5,146,1,0,0,302.0,255.0,282.0,308.2857142857143,292.23333333333335
2024-05-26,MBA13,250,2024,5,26,6,147,1,0,0,257.0,264.0,255.0,308.57142857142856,292.2
2024-05-27,MBA13,284,2024,5,27,0,148,0,0,0,250.0,297.0,329.0,306.57142857142856,289.56666666666666
2024-05-28,MBA13,297,2024,5,28,1,149,0,0,0,284.0,293.0,259.0,304.7142857142857,291.23333333333335
2024-05-29,MBA13,379,2024,5,29,2,150,0,0,0,297.0,346.0,111.0,305.2857142857143,292.76666666666665
2024-05-30,MBA13,288,2024,5,30,3,151,0,0,0,379.0,401.0,274.0,310.0,293.03333333333336
2024-05-31,MBA13,314,2024,5,31,4,152,0,0,0,288.0,302.0,331.0,293.85714285714283,292.93333333333334
2024-06-01,MBA13,231,2024,6,1,5,153,1,0,0,314.0,257.0,255.0,295.57142857142856,292.5
2024-06-02,MBA13,250,2024,6,2,6,154,1,0,0,231.0,250.0,264.0,291.85714285714283,288.96666666666664
2024-06-03,MBA13,288,2024,6,3,0,155,0,0,0,250.0,284.0,297.0,291.85714285714283,285.53333333333336
2024-06-04,MBA13,294,2024,6,4,1,156,0,0,0,288.0,297.0,293.0,292.42857142857144,286.8333333333333
2024-06-05,MBA13,263,2024,6,5,2,157,0,0,0,294.0,379.0,346.0,292.0,288.46666666666664
2024-06-06,MBA13,315,2024,6,6,3,158,0,0,0,263.0,288.0,401.0,275.42857142857144,287.1
2024-06-07,MBA13,300,2024,6,7,4,159,0,0,0,315.0,314.0,302.0,279.2857142857143,286.8
2024-06-08,MBA13,143,2024,6,8,5,160,1,0,0,300.0,231.0,257.0,277.2857142857143,284.73333333333335
2024-06-09,MBA13,282,2024,6,9,6,161,1,0,0,143.0,250.0,250.0,264.7142857142857,279.4
2024-06-10,MBA13,309,2024,6,10,0,162,0,0,0,282.0,288.0,284.0,269.2857142857143,281.1333333333333
2024-06-11,MBA13,322,2024,6,11,1,163,0,0,0,309.0,294.0,297.0,272.2857142857143,282.03333333333336
2024-06-12,MBA13,286,2024,6,12,2,164,0,0,0,322.0,263.0,379.0,276.2857142857143,284.26666666666665
2024-06-13,MBA13,315,2024,6,13,3,165,0,0,0,286.0,315.0,288.0,279.57142857142856,282.8333333333333
2024-06-14,MBA13,263,2024,6,14,4,166,0,0,0,315.0,300.0,314.0,279.57142857142856,284.7
2024-06-15,MBA13,315,2024,6,15,5,167,1,0,0,263.0,143.0,231.0,274.2857142857143,289.76666666666665
2024-06-16,MBA13,289,2024,6,16,6,168,1,0,0,315.0,282.0,250.0,298.85714285714283,291.1333333333333
2024-06-17,MBA13,314,2024,6,17,0,169,0,0,0,289.0,309.0,288.0,299.85714285714283,289.73333333333335
2024-06-18,MBA13,340,2024,6,18,1,170,0,0,0,314.0,322.0,294.0,300.57142857142856,291.7
2024-06-19,MBA13,290,2024,6,19,2,171,0,0,0,340.0,286.0,263.0,303.14285714285717,294.23333333333335
2024-06-20,MBA13,346,2024,6,20,3,172,0,0,0,290.0,315.0,315.0,303.7142857142857,294.0
2024-06-21,MBA13,300,2024,6,21,4,173,0,0,0,346.0,263.0,300.0,308.14285714285717,295.76666666666665
2024-06-22,MBA13,239,2024,6,22,5,174,1,0,0,300.0,315.0,143.0,313.42857142857144,294.23333333333335
2024-06-23,MBA13,220,2024,6,23,6,175,1,0,0,239.0,289.0,282.0,302.57142857142856,288.8333333333333
2024-06-24,MBA13,326,2024,6,24,0,176,0,0,0,220.0,314.0,309.0,292.7142857142857,286.1
2024-06-25,MBA13,312,2024,6,25,1,177,0,0,0,326.0,340.0,322.0,294.42857142857144,288.4
2024-06-26,MBA13,359,2024,6,26,2,178,0,0,0,312.0,290.0,286.0,290.42857142857144,290.46666666666664
2024-06-27,MBA13,276,2024,6,27,3,179,0,0,0,359.0,346.0,315.0,300.2857142857143,292.96666666666664
2024-06-28,MBA13,326,2024,6,28,4,180,0,0,0,276.0,300.0,263.0,290.2857142857143,292.26666666666665
2024-06-29,MBA13,292,2024,6,29,5,181,1,0,0,326.0,239.0,315.0,294.0,290.5
2024-06-30,MBA13,339,2024,6,30,6,182,1,0,0,292.0,220.0,289.0,301.57142857142856,290.6333333333333
2024-07-01,MBA13,318,2024,7,1,0,183,0,0,0,339.0,326.0,314.0,318.57142857142856,291.46666666666664
2024-07-02,MBA13,300,2024,7,2,1,184,0,0,0,318.0,312.0,340.0,317.42857142857144,294.3666666666667
2024-07-03,MBA13,317,2024,7,3,2,185,0,0,0,300.0,359.0,290.0,315.7142857142857,296.03333333333336
2024-07-04,MBA13,356,2024,7,4,3,186,0,0,0,317.0,276.0,346.0,309.7142857142857,297.0
2024-07-05,MBA13,356,2024,7,5,4,187,0,0,0,356.0,326.0,300.0,321.14285714285717,299.06666666666666
2024-07-06,MBA13,248,2024,7,6,5,188,1,0,0,356.0,292.0,239.0,325.42857142857144,302.1666666666667
2024-07-07,MBA13,296,2024,7,7,6,189,1,0,0,248.0,339.0,220.0,319.14285714285717,299.93333333333334
2024-07-08,MBA13,311,2024,7,8,0,190,0,0,0,296.0,318.0,326.0,313.0,299.8
2024-07-09,MBA13,340,2024,7,9,1,191,0,0,0,311.0,300.0,312.0,312.0,305.4
2024-07-10,MBA13,330,2024,7,10,2,192,0,0,0,340.0,317.0,359.0,317.7142857142857,307.3333333333333
2024-07-11,MBA13,298,2024,7,11,3,193,0,0,0,330.0,356.0,276.0,319.57142857142856,308.03333333333336
2024-07-12,MBA13,281,2024,7,12,4,194,0,0,0,298.0,356.0,326.0,311.2857142857143,307.23333333333335
2024-07-13,MBA13,293,2024,7,13,5,195,1,0,0,281.0,248.0,292.0,300.57142857142856,307.06666666666666
2024-07-14,MBA13,303,2024,7,14,6,196,1,0,0,293.0,296.0,339.0,307.0,306.3333333333333
2024-07-15,MBA13,325,2024,7,15,0,197,0,0,0,303.0,311.0,318.0,308.0,307.6666666666667
2024-07-16,MBA13,311,2024,7,16,1,198,0,0,0,325.0,340.0,300.0,310.0,308.0
2024-07-17,MBA13,272,2024,7,17,2,199,0,0,0,311.0,330.0,317.0,305.85714285714283,308.73333333333335
2024-07-18,MBA13,352,2024,7,18,3,200,0,0,0,272.0,298.0,356.0,297.57142857142856,307.3333333333333
2024-07-19,MBA13,321,2024,7,19,4,201,0,0,0,352.0,281.0,356.0,305.2857142857143,307.73333333333335
2024-07-20,MBA13,244,2024,7,20,5,202,1,0,0,321.0,293.0,248.0,311.0,308.76666666666665
2024-07-21,MBA13,282,2024,7,21,6,203,1,0,0,244.0,303.0,296.0,304.0,305.3666666666667
2024-07-22,MBA13,266,2024,7,22,0,204,0,0,0,282.0,325.0,311.0,301.0,304.76666666666665
2024-07-23,MBA13,387,2024,7,23,1,205,0,0,0,266.0,311.0,340.0,292.57142857142856,305.6666666666667
2024-07-24,MBA13,289,2024,7,24,2,206,0,0,0,387.0,272.0,330.0,303.42857142857144,311.23333333333335
2024-07-25,MBA13,336,2024,7,25,3,207,0,0,0,289.0,352.0,298.0,305.85714285714283,310.0
2024-07-26,MBA13,334,2024,7,26,4,208,0,0,0,336.0,321.0,281.0,303.57142857142856,310.8
2024-07-27,MBA13,261,2024,7,27,5,209,1,0,0,334.0,244.0,293.0,305.42857142857144,309.96666666666664
2024-07-28,MBA13,274,2024,7,28,6,210,1,0,0,261.0,282.0,303.0,307.85714285714283,309.46666666666664
2024-07-29,MBA13,254,2024,7,29,0,211,0,0,0,274.0,266.0,325.0,306.7142857142857,307.73333333333335
2024-07-30,MBA13,235,2024,7,30,1,212,0,0,0,254.0,387.0,311.0,305.0,306.46666666666664
2024-07-31,MBA13,320,2024,7,31,2,213,0,0,0,235.0,289.0,272.0,283.2857142857143,303.0
2024-08-01,MBA13,419,2024,8,1,3,214,0,1,0,320.0,336.0,352.0,287.7142857142857,303.06666666666666
2024-08-02,MBA13,413,2024,8,2,4,215,0,1,0,419.0,334.0,321.0,299.57142857142856,307.03333333333336
2024-08-03,MBA13,355,2024,8,3,5,216,1,1,0,413.0,261.0,244.0,310.85714285714283,310.23333333333335
2024-08-04,MBA13,347,2024,8,4,6,217,1,1,0,355.0,274.0,282.0,324.2857142857143,310.2
2024-08-05,MBA13,685,2024,8,5,0,218,0,1,0,347.0,254.0,266.0,334.7142857142857,309.9
2024-08-06,MBA13,389,2024,8,6,1,219,0,1,0,685.0,235.0,387.0,396.2857142857143,324.46666666666664
2024-08-07,MBA13,457,2024,8,7,2,220,0,1,0,389.0,320.0,289.0,418.2857142857143,327.56666666666666
2024-08-08,MBA13,433,2024,8,8,3,221,0,1,0,457.0,419.0,336.0,437.85714285714283,332.43333333333334
2024-08-09,MBA13,482,2024,8,9,4,222,0,1,0,433.0,413.0,334.0,439.85714285714283,335.53333333333336
2024-08-10,MBA13,340,2024,8,10,5,223,1,1,0,482.0,355.0,261.0,449.7142857142857,340.6
2024-08-11,MBA13,330,2024,8,11,6,224,1,1,0,340.0,347.0,274.0,447.57142857142856,342.0
2024-08-12,MBA13,385,2024,8,12,0,225,0,1,0,330.0,685.0,254.0,445.14285714285717,343.6333333333333
2024-08-13,MBA13,605,2024,8,13,1,226,0,1,0,385.0,389.0,235.0,402.2857142857143,346.7
2024-08-14,MBA13,435,2024,8,14,2,227,0,1,0,605.0,457.0,320.0,433.14285714285717,356.76666666666665
2024-08-15,MBA13,451,2024,8,15,3,228,0,1,0,435.0,433.0,419.0,430.0,360.43333333333334
2024-08-16,MBA13,657,2024,8,16,4,229,0,1,0,451.0,482.0,413.0,432.57142857142856,365.1
2024-08-17,MBA13,177,2024,8,17,5,230,1,1,0,657.0,340.0,355.0,457.57142857142856,377.93333333333334
2024-08-18,MBA13,316,2024,8,18,6,231,1,1,0,177.0,330.0,347.0,434.2857142857143,372.1
2024-08-19,MBA13,422,2024,8,19,0,232,0,1,0,316.0,385.0,685.0,432.2857142857143,371.93333333333334
2024-08-20,MBA13,430,2024,8,20,1,233,0,1,0,422.0,605.0,389.0,437.57142857142856,377.8666666666667
2024-08-21,MBA13,442,2024,8,21,2,234,0,1,0,430.0,435.0,457.0,412.57142857142856,382.8
2024-08-22,MBA13,443,2024,8,22,3,235,0,1,0,442.0,451.0,433.0,413.57142857142856,388.6666666666667
2024-08-23,MBA13,511,2024,8,23,4,236,0,1,0,443.0,657.0,482.0,412.42857142857144,390.53333333333336
2024-08-24,MBA13,390,2024,8,24,5,237,1,1,0,511.0,177.0,340.0,391.57142857142856,397.93333333333334
2024-08-25,MBA13,329,2024,8,25,6,238,1,1,0,390.0,316.0,330.0,422.0,399.73333333333335
2024-08-26,MBA13,491,2024,8,26,0,239,0,1,0,329.0,422.0,385.0,423.85714285714283,399.56666666666666
2024-08-27,MBA13,383,2024,8,27,1,240,0,1,0,491.0,430.0,605.0,433.7142857142857,407.23333333333335
2024-08-28,MBA13,387,2024,8,28,2,241,0,1,0,383.0,442.0,435.0,427.0,410.8666666666667
2024-08-29,MBA13,447,2024,8,29,3,242,0,1,0,387.0,443.0,451.0,419.14285714285717,415.3
2024-08-30,MBA13,412,2024,8,30,4,243,0,1,0,447.0,511.0,657.0,419.7142857142857,422.3666666666667
2024-08-31,MBA13,260,2024,8,31,5,244,1,1,0,412.0,390.0,177.0,405.57142857142856,425.43333333333334
2024-09-01,MBA13,390,2024,9,1,6,245,1,1,0,260.0,329.0,316.0,387.0,420.1333333333333
2024-09-02,MBA13,441,2024,9,2,0,246,0,1,0,390.0,491.0,422.0,395.7142857142857,419.3666666666667
2024-09-03,MBA13,417,2024,9,3,1,247,0,1,0,441.0,383.0,430.0,388.57142857142856,422.23333333333335
2024-09-04,MBA13,415,2024,9,4,2,248,0,1,0,417.0,387.0,442.0,393.42857142857144,424.56666666666666
2024-09-05,MBA13,413,2024,9,5,3,249,0,1,0,415.0,447.0,443.0,397.42857142857144,415.56666666666666
2024-09-06,MBA13,351,2024,9,6,4,250,0,1,0,413.0,412.0,511.0,392.57142857142856,416.3666666666667
2024-09-07,MBA13,311,2024,9,7,5,251,1,1,0,351.0,260.0,390.0,383.85714285714283,412.8333333333333
2024-09-08,MBA13,414,2024,9,8,6,252,1,1,0,311.0,390.0,329.0,391.14285714285717,408.76666666666665
2024-09-09,MBA13,410,2024,9,9,0,253,0,1,0,414.0,441.0,491.0,394.57142857142856,406.5
2024-09-10,MBA13,395,2024,9,10,1,254,0,1,0,410.0,417.0,383.0,390.14285714285717,408.8333333333333
2024-09-11,MBA13,358,2024,9,11,2,255,0,1,0,395.0,415.0,387.0,387.0,411.0
2024-09-12,MBA13,425,2024,9,12,3,256,0,1,0,358.0,413.0,447.0,378.85714285714283,410.1
2024-09-13,MBA13,428,2024,9,13,4,257,0,1,0,425.0,351.0,412.0,380.57142857142856,404.1
2024-09-14,MBA13,315,2024,9,14,5,258,1,1,0,428.0,311.0,260.0,391.57142857142856,403.8666666666667
2024-09-15,MBA13,377,2024,9,15,6,259,1,1,0,315.0,414.0,390.0,392.14285714285717,399.3333333333333
2024-09-16,MBA13,421,2024,9,16,0,260,0,1,0,377.0,410.0,441.0,386.85714285714283,390.0
2024-09-17,MBA13,397,2024,9,17,1,261,0,1,0,421.0,395.0,417.0,388.42857142857144,398.1333333333333
2024-09-18,MBA13,370,2024,9,18,2,262,0,1,0,397.0,358.0,415.0,388.7142857142857,400.8333333333333
2024-09-19,MBA13,430,2024,9,19,3,263,0,1,0,370.0,425.0,413.0,390.42857142857144,399.1
2024-09-20,MBA13,438,2024,9,20,4,264,0,1,0,430.0,428.0,351.0,391.14285714285717,399.1
2024-09-21,MBA13,324,2024,9,21,5,265,1,1,0,438.0,315.0,311.0,392.57142857142856,398.96666666666664
2024-09-22,MBA13,346,2024,9,22,6,266,1,1,0,324.0,377.0,414.0,393.85714285714283,395.0
2024-09-23,MBA13,475,2024,9,23,0,267,0,1,0,346.0,421.0,410.0,389.42857142857144,389.5
2024-09-24,MBA13,451,2024,9,24,1,268,0,1,0,475.0,397.0,395.0,397.14285714285717,392.3333333333333
2024-09-25,MBA13,348,2024,9,25,2,269,0,1,0,451.0,370.0,358.0,404.85714285714283,396.4
2024-09-26,MBA13,397,2024,9,26,3,270,0,1,0,348.0,430.0,425.0,401.7142857142857,391.6333333333333
2024-09-27,MBA13,416,2024,9,27,4,271,0,1,0,397.0,438.0,428.0,397.0,392.1
2024-09-28,MBA13,343,2024,9,28,5,272,1,1,0,416.0,324.0,315.0,393.85714285714283,393.06666666666666
2024-09-29,MBA13,346,2024,9,29,6,273,1,1,0,343.0,346.0,377.0,396.57142857142856,389.6
2024-09-30,MBA13,436,2024,9,30,0,274,0,1,0,346.0,475.0,421.0,396.57142857142856,387.4
2024-10-01,MBA13,308,2024,10,1,1,275,0,0,0,436.0,451.0,397.0,391.0,393.26666666666665
2024-10-02,MBA13,312,2024,10,2,2,276,0,0,0,308.0,348.0,370.0,370.57142857142856,390.53333333333336
2024-10-03,MBA13,344,2024,10,3,3,277,0,0,0,312.0,397.0,430.0,365.42857142857144,386.23333333333335
2024-10-04,MBA13,321,2024,10,4,4,278,0,0,0,344.0,416.0,438.0,357.85714285714283,383.8
2024-10-05,MBA13,305,2024,10,5,5,279,1,0,0,321.0,343.0,324.0,344.2857142857143,380.6666666666667
2024-10-06,MBA13,256,2024,10,6,6,280,1,0,0,305.0,346.0,346.0,338.85714285714283,377.06666666666666
2024-10-07,MBA13,537,2024,10,7,0,281,0,0,0,256.0,436.0,475.0,326.0,373.9
2024-10-08,MBA13,295,2024,10,8,1,282,0,0,0,537.0,308.0,451.0,340.42857142857144,381.43333333333334
2024-10-09,MBA13,354,2024,10,9,2,283,0,0,0,295.0,312.0,348.0,338.57142857142856,377.46666666666664
2024-10-10,MBA13,283,2024,10,10,3,284,0,0,0,354.0,344.0,397.0,344.57142857142856,375.6
2024-10-11,MBA13,290,2024,10,11,4,285,0,0,0,283.0,321.0,416.0,335.85714285714283,371.8666666666667
2024-10-12,MBA13,312,2024,10,12,5,286,1,0,0,290.0,305.0,343.0,331.42857142857144,369.6
2024-10-13,MBA13,286,2024,10,13,6,287,1,0,0,312.0,256.0,346.0,332.42857142857144,365.8333333333333
2024-10-14,MBA13,289,2024,10,14,0,288,0,0,0,286.0,537.0,436.0,336.7142857142857,361.1
2024-10-15,MBA13,321,2024,10,15,1,289,0,0,0,289.0,295.0,308.0,301.2857142857143,360.23333333333335
2024-10-16,MBA13,320,2024,10,16,2,290,0,0,0,321.0,354.0,312.0,305.0,358.3666666666667
2024-10-17,MBA13,338,2024,10,17,3,291,0,0,0,320.0,283.0,344.0,300.14285714285717,355.0
2024-10-18,MBA13,253,2024,10,18,4,292,0,0,0,338.0,290.0,321.0,308.0,353.03333333333336
2024-10-19,MBA13,287,2024,10,19,5,293,1,0,0,253.0,312.0,305.0,302.7142857142857,349.1333333333333
2024-10-20,MBA13,290,2024,10,20,6,294,1,0,0,287.0,286.0,256.0,299.14285714285717,344.3666666666667
2024-10-21,MBA13,274,2024,10,21,0,295,0,0,0,290.0,289.0,537.0,299.7142857142857,339.43333333333334
2024-10-22,MBA13,304,2024,10,22,1,296,0,0,0,274.0,321.0,295.0,297.57142857142856,337.76666666666665
2024-10-23,MBA13,356,2024,10,23,2,297,0,0,0,304.0,320.0,354.0,295.14285714285717,336.3666666666667
2024-10-24,MBA13,359,2024,10,24,3,298,0,0,0,356.0,338.0,283.0,300.2857142857143,332.4
2024-10-25,MBA13,255,2024,10,25,4,299,0,0,0,359.0,253.0,290.0,303.2857142857143,329.3333333333333
2024-10-26,MBA13,225,2024,10,26,5,300,1,0,0,255.0,287.0,312.0,303.57142857142856,326.23333333333335
2024-10-27,MBA13,92,2024,10,27,6,301,1,0,0,225.0,290.0,286.0,294.7142857142857,320.5
2024-10-28,MBA13,292,2024,10,28,0,302,0,0,0,92.0,274.0,289.0,266.42857142857144,309.7
2024-10-29,MBA13,450,2024,10,29,1,303,0,0,0,292.0,304.0,321.0,269.0,308.0
2024-10-30,MBA13,273,2024,10,30,2,304,0,0,0,450.0,356.0,320.0,289.85714285714283,311.46666666666664
2024-10-31,MBA13,421,2024,10,31,3,305,0,0,0,273.0,359.0,338.0,278.0,306.03333333333336
2024-11-01,MBA13,448,2024,11,1,4,306,0,0,1,421.0,255.0,253.0,286.85714285714283,309.8
2024-11-02,MBA13,305,2024,11,2,5,307,1,0,1,448.0,225.0,287.0,314.42857142857144,314.3333333333333
2024-11-03,MBA13,354,2024,11,3,6,308,1,0,1,305.0,92.0,290.0,325.85714285714283,313.03333333333336
2024-11-04,MBA13,449,2024,11,4,0,309,0,0,1,354.0,292.0,274.0,363.2857142857143,314.1333333333333
2024-11-05,MBA13,460,2024,11,5,1,310,0,0,1,449.0,450.0,304.0,385.7142857142857,318.93333333333334
2024-11-06,MBA13,400,2024,11,6,2,311,0,0,1,460.0,273.0,356.0,387.14285714285717,325.73333333333335
2024-11-07,MBA13,402,2024,11,7,3,312,0,0,1,400.0,421.0,359.0,405.2857142857143,321.1666666666667
2024-11-08,MBA13,458,2024,11,8,4,313,0,0,1,402.0,448.0,255.0,402.57142857142856,324.73333333333335
2024-11-09,MBA13,326,2024,11,9,5,314,1,0,1,458.0,305.0,225.0,404.0,328.2
2024-11-10,MBA13,358,2024,11,10,6,315,1,0,1,326.0,354.0,92.0,407.0,329.6333333333333
2024-11-11,MBA13,493,2024,11,11,0,316,0,0,1,358.0,449.0,292.0,407.57142857142856,331.9
2024-11-12,MBA13,409,2024,11,12,1,317,0,0,1,493.0,460.0,450.0,413.85714285714283,337.93333333333334
2024-11-13,MBA13,423,2024,11,13,2,318,0,0,1,409.0,400.0,273.0,406.57142857142856,342.03333333333336
2024-11-14,MBA13,484,2024,11,14,3,319,0,0,1,423.0,402.0,421.0,409.85714285714283,346.5
2024-11-15,MBA13,391,2024,11,15,4,320,0,0,1,484.0,458.0,448.0,421.57142857142856,351.93333333333334
2024-11-16,MBA13,359,2024,11,16,5,321,1,0,1,391.0,326.0,305.0,412.0,354.3
2024-11-17,MBA13,251,2024,11,17,6,322,1,0,1,359.0,358.0,354.0,416.7142857142857,355.0
2024-11-18,MBA13,489,2024,11,18,0,323,0,0,1,251.0,493.0,449.0,401.42857142857144,354.93333333333334
2024-11-19,MBA13,518,2024,11,19,1,324,0,0,1,489.0,409.0,460.0,400.85714285714283,361.6666666666667
2024-11-20,MBA13,436,2024,11,20,2,325,0,0,1,518.0,423.0,400.0,416.42857142857144,369.26666666666665
2024-11-21,MBA13,448,2024,11,21,3,326,0,0,1,436.0,484.0,402.0,418.2857142857143,374.6666666666667
2024-11-22,MBA13,460,2024,11,22,4,327,0,0,1,448.0,391.0,458.0,413.14285714285717,379.46666666666664
2024-11-23,MBA13,382,2024,11,23,5,328,1,0,1,460.0,359.0,326.0,423.0,382.93333333333334
2024-11-24,MBA13,376,2024,11,24,6,329,1,0,1,382.0,251.0,358.0,426.2857142857143,383.7
2024-11-25,MBA13,439,2024,11,25,0,330,0,0,1,376.0,489.0,493.0,444.14285714285717,387.73333333333335
2024-11-26,MBA13,473,2024,11,26,1,331,0,0,1,439.0,518.0,409.0,437.0,394.8666666666667
2024-11-27,MBA13,439,2024,11,27,2,332,0,0,1,473.0,436.0,423.0,430.57142857142856,407.56666666666666
2024-11-28,MBA13,465,2024,11,28,3,333,0,0,1,439.0,448.0,484.0,431.0,412.46666666666664
2024-11-29,MBA13,451,2024,11,29,4,334,0,0,1,465.0,460.0,391.0,433.42857142857144,412.96666666666664
2024-11-30,MBA13,306,2024,11,30,5,335,1,0,1,451.0,382.0,359.0,432.14285714285717,418.9
2024-12-01,MBA13,408,2024,12,1,6,336,1,0,1,306.0,376.0,251.0,421.2857142857143,415.06666666666666
2024-12-02,MBA13,432,2024,12,2,0,337,0,0,1,408.0,439.0,489.0,425.85714285714283,413.73333333333335
2024-12-03,MBA13,498,2024,12,3,1,338,0,0,1,432.0,473.0,518.0,424.85714285714283,417.96666666666664
2024-12-04,MBA13,206,2024,12,4,2,339,0,0,1,498.0,439.0,436.0,428.42857142857144,422.76666666666665
2024-12-05,MBA13,459,2024,12,5,3,340,0,0,1,206.0,465.0,448.0,395.14285714285717,414.6666666666667
2024-12-06,MBA13,466,2024,12,6,4,341,0,0,1,459.0,451.0,460.0,394.2857142857143,414.6333333333333
2024-12-07,MBA13,416,2024,12,7,5,342,1,0,1,466.0,306.0,382.0,396.42857142857144,416.8333333333333
2024-12-08,MBA13,405,2024,12,8,6,343,1,0,1,416.0,408.0,376.0,412.14285714285717,417.3
2024-12-09,MBA13,445,2024,12,9,0,344,0,0,1,405.0,432.0,439.0,411.7142857142857,415.53333333333336
2024-12-10,MBA13,447,2024,12,10,1,345,0,0,1,445.0,498.0,473.0,413.57142857142856,419.5
2024-12-11,MBA13,486,2024,12,11,2,346,0,0,1,447.0,206.0,439.0,406.2857142857143,422.46666666666664
2024-12-12,MBA13,518,2024,12,12,3,347,0,0,1,486.0,459.0,465.0,446.2857142857143,422.23333333333335
2024-12-13,MBA13,444,2024,12,13,4,348,0,0,1,518.0,466.0,451.0,454.7142857142857,425.8666666666667
2024-12-14,MBA13,352,2024,12,14,5,349,1,0,1,444.0,416.0,306.0,451.57142857142856,426.56666666666666
2024-12-15,MBA13,341,2024,12,15,6,350,1,0,1,352.0,405.0,408.0,442.42857142857144,422.1666666666667
2024-12-16,MBA13,422,2024,12,16,0,351,0,0,1,341.0,445.0,432.0,433.2857142857143,420.5
2024-12-17,MBA13,686,2024,12,17,1,352,0,0,1,422.0,447.0,498.0,430.0,422.6
2024-12-18,MBA13,484,2024,12,18,2,353,0,0,1,686.0,486.0,206.0,464.14285714285717,437.1
2024-12-19,MBA13,714,2024,12,19,3,354,0,0,1,484.0,518.0,459.0,463.85714285714283,436.93333333333334
2024-12-20,MBA13,469,2024,12,20,4,355,0,0,1,714.0,444.0,466.0,491.85714285714283,443.46666666666664
2024-12-21,MBA13,390,2024,12,21,5,356,1,0,1,469.0,352.0,416.0,495.42857142857144,444.56666666666666
2024-12-22,MBA13,389,2024,12,22,6,357,1,0,1,390.0,341.0,405.0,500.85714285714283,442.6333333333333
2024-12-23,MBA13,492,2024,12,23,0,358,0,0,1,389.0,422.0,445.0,507.7142857142857,440.26666666666665
2024-12-24,MBA13,426,2024,12,24,1,359,0,0,1,492.0,686.0,447.0,517.7142857142857,443.93333333333334
2024-12-25,MBA13,459,2024,12,25,2,360,0,0,1,426.0,484.0,486.0,480.57142857142856,445.6
2024-12-26,MBA13,397,2024,12,26,3,361,0,0,1,459.0,714.0,518.0,477.0,446.26666666666665
2024-12-27,MBA13,397,2024,12,27,4,362,0,0,1,397.0,469.0,444.0,431.7142857142857,443.73333333333335
2024-12-28,MBA13,369,2024,12,28,5,363,1,0,1,397.0,390.0,352.0,421.42857142857144,442.3333333333333
2024-12-29,MBA13,361,2024,12,29,6,364,1,0,1,369.0,389.0,341.0,418.42857142857144,439.1333333333333
2024-12-30,MBA13,453,2024,12,30,0,365,0,0,1,361.0,492.0,422.0,414.42857142857144,436.1333333333333
2024-12-31,MBA13,472,2024,12,31,1,366,0,0,1,453.0,426.0,686.0,408.85714285714283,441.03333333333336
2025-01-01,MBA13,369,2025,1,1,2,1,0,0,0,472.0,459.0,484.0,415.42857142857144,443.1666666666667
2025-01-02,MBA13,321,2025,1,2,3,2,0,0,0,369.0,397.0,714.0,402.57142857142856,441.06666666666666
2025-01-03,MBA13,315,2025,1,3,4,3,0,0,0,321.0,397.0,469.0,391.7142857142857,435.1666666666667
2025-01-04,MBA13,236,2025,1,4,5,4,1,0,0,315.0,369.0,390.0,380.0,438.8
2025-01-05,MBA13,289,2025,1,5,6,5,1,0,0,236.0,361.0,389.0,361.0,431.3666666666667
2025-01-06,MBA13,299,2025,1,6,0,6,0,0,0,289.0,453.0,492.0,350.7142857142857,425.46666666666664
2025-01-07,MBA13,311,2025,1,7,1,7,0,0,0,299.0,472.0,426.0,328.7142857142857,421.56666666666666
2025-01-08,MBA13,342,2025,1,8,2,8,0,0,0,311.0,369.0,459.0,305.7142857142857,418.43333333333334
2025-01-09,MBA13,323,2025,1,9,3,9,0,0,0,342.0,321.0,397.0,301.85714285714283,415.0
2025-01-10,MBA13,321,2025,1,10,4,10,0,0,0,323.0,315.0,397.0,302.14285714285717,410.8666666666667
2025-01-11,MBA13,231,2025,1,11,5,11,1,0,0,321.0,236.0,369.0,303.0,405.3666666666667
2025-01-12,MBA13,271,2025,1,12,6,12,1,0,0,231.0,289.0,361.0,302.2857142857143,395.8
2025-01-13,MBA13,394,2025,1,13,0,13,0,0,0,271.0,299.0,453.0,299.7142857142857,390.03333333333336
2025-01-14,MBA13,277,2025,1,14,1,14,0,0,0,394.0,311.0,472.0,313.2857142857143,391.43333333333334
2025-01-15,MBA13,283,2025,1,15,2,15,0,0,0,277.0,342.0,369.0,308.42857142857144,389.3
2025-01-16,MBA13,347,2025,1,16,3,16,0,0,0,283.0,323.0,321.0,300.0,384.6666666666667
2025-01-17,MBA13,328,2025,1,17,4,17,0,0,0,347.0,321.0,315.0,303.42857142857144,373.3666666666667
2025-01-18,MBA13,305,2025,1,18,5,18,1,0,0,328.0,231.0,236.0,304.42857142857144,368.1666666666667
2025-01-19,MBA13,235,2025,1,19,6,19,1,0,0,305.0,271.0,289.0,315.0,354.53333333333336
2025-01-20,MBA13,350,2025,1,20,0,20,0,0,0,235.0,394.0,299.0,309.85714285714283,346.73333333333335
2025-01-21,MBA13,332,2025,1,21,1,21,0,0,0,350.0,277.0,311.0,303.57142857142856,345.4
2025-01-22,MBA13,289,2025,1,22,2,22,0,0,0,332.0,283.0,342.0,311.42857142857144,343.5
2025-01-23,MBA13,299,2025,1,23,3,23,0,0,0,289.0,347.0,323.0,312.2857142857143,336.73333333333335
2025-01-24,MBA13,321,2025,1,24,4,24,0,0,0,299.0,328.0,321.0,305.42857142857144,332.5
2025-01-25,MBA13,231,2025,1,25,5,25,1,0,0,321.0,305.0,231.0,304.42857142857144,327.9
2025-01-26,MBA13,297,2025,1,26,6,26,1,0,0,231.0,235.0,271.0,293.85714285714283,322.3666666666667
2025-01-27,MBA13,345,2025,1,27,0,27,0,0,0,297.0,350.0,394.0,302.7142857142857,319.03333333333336
2025-01-28,MBA13,304,2025,1,28,1,28,0,0,0,345.0,332.0,277.0,302.0,318.23333333333335
2025-01-29,MBA13,315,2025,1,29,2,29,0,0,0,304.0,289.0,283.0,298.0,316.3333333333333
2025-01-30,MBA13,352,2025,1,30,3,30,0,0,0,315.0,299.0,347.0,301.7142857142857,311.73333333333335
2025-01-31,MBA13,318,2025,1,31,4,31,0,0,0,352.0,321.0,328.0,309.2857142857143,307.73333333333335
2025-02-01,MBA13,326,2025,2,1,5,32,1,0,0,318.0,231.0,305.0,308.85714285714283,306.03333333333336
2025-02-02,MBA13,277,2025,2,2,6,33,1,0,0,326.0,297.0,235.0,322.42857142857144,306.2
2025-02-03,MBA13,293,2025,2,3,0,34,0,0,0,277.0,345.0,350.0,319.57142857142856,304.93333333333334
2025-02-04,MBA13,285,2025,2,4,1,35,0,0,0,293.0,304.0,332.0,312.14285714285717,306.8333333333333
2025-02-05,MBA13,356,2025,2,5,2,36,0,0,0,285.0,315.0,289.0,309.42857142857144,306.7
2025-02-06,MBA13,306,2025,2,6,3,37,0,0,0,356.0,352.0,299.0,315.2857142857143,308.6
2025-02-07,MBA13,325,2025,2,7,4,38,0,0,0,306.0,318.0,321.0,308.7142857142857,308.43333333333334
2025-02-08,MBA13,164,2025,2,8,5,39,1,0,0,325.0,326.0,231.0,309.7142857142857,307.8666666666667
2025-02-09,MBA13,260,2025,2,9,6,40,1,0,0,164.0,277.0,297.0,286.57142857142856,302.56666666666666
2025-02-10,MBA13,273,2025,2,10,0,41,0,0,0,260.0,293.0,345.0,284.14285714285717,300.53333333333336
2025-02-11,MBA13,273,2025,2,11,1,42,0,0,0,273.0,285.0,304.0,281.2857142857143,301.93333333333334
2025-02-12,MBA13,362,2025,2,12,2,43,0,0,0,273.0,356.0,315.0,279.57142857142856,302.0
2025-02-13,MBA13,310,2025,2,13,3,44,0,0,0,362.0,306.0,352.0,280.42857142857144,300.93333333333334
2025-02-14,MBA13,308,2025,2,14,4,45,0,0,0,310.0,325.0,318.0,281.0,302.03333333333336
2025-02-15,MBA13,330,2025,2,15,5,46,1,0,0,308.0,164.0,326.0,278.57142857142856,302.8666666666667
2025-02-16,MBA13,292,2025,2,16,6,47,1,0,0,330.0,260.0,277.0,302.2857142857143,302.3
2025-02-17,MBA13,374,2025,2,17,0,48,0,0,0,292.0,273.0,293.0,306.85714285714283,301.1
2025-02-18,MBA13,363,2025,2,18,1,49,0,0,0,374.0,273.0,285.0,321.2857142857143,303.4
2025-02-19,MBA13,348,2025,2,19,2,50,0,0,0,363.0,362.0,356.0,334.14285714285717,307.6666666666667
2025-02-20,MBA13,372,2025,2,20,3,51,0,0,0,348.0,310.0,306.0,332.14285714285717,307.6
2025-02-21,MBA13,295,2025,2,21,4,52,0,0,0,372.0,308.0,325.0,341.0,308.93333333333334
2025-02-22,MBA13,230,2025,2,22,5,53,1,0,0,295.0,330.0,164.0,339.14285714285717,309.1333333333333
2025-02-23,MBA13,212,2025,2,23,6,54,1,0,0,230.0,292.0,260.0,324.85714285714283,306.8333333333333
2025-02-24,MBA13,262,2025,2,24,0,55,0,0,0,212.0,374.0,273.0,313.42857142857144,303.2
2025-02-25,MBA13,459,2025,2,25,1,56,0,0,0,262.0,363.0,273.0,297.42857142857144,304.23333333333335
2025-02-26,MBA13,313,2025,2,26,2,57,0,0,0,459.0,348.0,362.0,311.14285714285717,309.6333333333333
2025-02-27,MBA13,287,2025,2,27,3,58,0,0,0,313.0,372.0,310.0,306.14285714285717,308.56666666666666
2025-02-28,MBA13,578,2025,2,28,4,59,0,0,0,287.0,295.0,308.0,294.0,308.0
2025-03-01,MBA13,286,2025,3,1,5,60,1,0,0,578.0,230.0,330.0,334.42857142857144,316.76666666666665
2025-03-02,MBA13,327,2025,3,2,6,61,1,0,0,286.0,212.0,292.0,342.42857142857144,314.56666666666666
2025-03-03,MBA13,328,2025,3,3,0,62,0,0,0,327.0,262.0,374.0,358.85714285714283,314.8666666666667
2025-03-04,MBA13,110,2025,3,4,1,63,0,0,0,328.0,459.0,363.0,368.2857142857143,314.93333333333334
2025-03-05,MBA13,570,2025,3,5,2,64,0,0,0,110.0,313.0,348.0,318.42857142857144,309.3666666666667
2025-03-06,MBA13,312,2025,3,6,3,65,0,0,0,570.0,287.0,372.0,355.14285714285717,318.6
2025-03-07,MBA13,454,2025,3,7,4,66,0,0,0,312.0,578.0,295.0,358.7142857142857,319.5
2025-03-08,MBA13,263,2025,3,8,5,67,1,0,0,454.0,286.0,230.0,341.0,322.76666666666665
2025-03-09,MBA13,311,2025,3,9,6,68,1,0,0,263.0,327.0,212.0,337.7142857142857,321.3333333333333
2025-03-10,MBA13,326,2025,3,10,0,69,0,0,0,311.0,328.0,262.0,335.42857142857144,320.8666666666667
2025-03-11,MBA13,506,2025,3,11,1,70,0,0,0,326.0,110.0,459.0,335.14285714285717,326.26666666666665
2025-03-12,MBA13,343,2025,3,12,2,71,0,0,0,506.0,570.0,313.0,391.7142857142857,334.46666666666664
2025-03-13,MBA13,343,2025,3,13,3,72,0,0,0,343.0,312.0,287.0,359.2857142857143,336.8
2025-03-14,MBA13,307,2025,3,14,4,73,0,0,0,343.0,454.0,578.0,363.7142857142857,339.1333333333333
2025-03-15,MBA13,253,2025,3,15,5,74,1,0,0,307.0,263.0,286.0,342.7142857142857,337.3
2025-03-16,MBA13,316,2025,3,16,6,75,1,0,0,253.0,311.0,327.0,341.2857142857143,335.4
2025-03-17,MBA13,317,2025,3,17,0,76,0,0,0,316.0,326.0,328.0,342.0,335.6666666666667
2025-03-18,MBA13,339,2025,3,18,1,77,0,0,0,317.0,506.0,110.0,340.7142857142857,335.23333333333335
2025-03-19,MBA13,322,2025,3,19,2,78,0,0,0,339.0,343.0,570.0,316.85714285714283,336.8
2025-03-20,MBA13,298,2025,3,20,3,79,0,0,0,322.0,343.0,312.0,313.85714285714283,335.06666666666666
2025-03-21,MBA13,300,2025,3,21,4,80,0,0,0,298.0,307.0,454.0,307.42857142857144,332.9
2025-03-22,MBA13,273,2025,3,22,5,81,1,0,0,300.0,253.0,263.0,306.42857142857144,331.3
2025-03-23,MBA13,307,2025,3,23,6,82,1,0,0,273.0,316.0,311.0,309.2857142857143,328.0
2025-03-24,MBA13,277,2025,3,24,0,83,0,0,0,307.0,317.0,326.0,308.0,328.4
2025-03-25,MBA13,373,2025,3,25,1,84,0,0,0,277.0,339.0,506.0,302.2857142857143,329.96666666666664
2025-03-26,MBA13,342,2025,3,26,2,85,0,0,0,373.0,322.0,343.0,307.14285714285717,335.3333333333333
2025-03-27,MBA13,313,2025,3,27,3,86,0,0,0,342.0,298.0,343.0,310.0,338.0
2025-03-28,MBA13,332,2025,3,28,4,87,0,0,0,313.0,300.0,307.0,312.14285714285717,333.1333333333333
2025-03-29,MBA13,280,2025,3,29,5,88,1,0,0,332.0,273.0,253.0,316.7142857142857,333.76666666666665
2025-03-30,MBA13,223,2025,3,30,6,89,1,0,0,280.0,307.0,316.0,317.7142857142857,333.53333333333336
2025-03-31,MBA13,315,2025,3,31,0,90,0,0,0,223.0,277.0,317.0,305.7142857142857,321.7
2025-04-01,MBA13,321,2025,4,1,1,91,0,0,0,315.0,373.0,339.0,311.14285714285717,322.6666666666667
2025-04-02,MBA13,266,2025,4,2,2,92,0,0,0,321.0,342.0,322.0,303.7142857142857,322.46666666666664
2025-04-03,MBA13,349,2025,4,3,3,93,0,0,0,266.0,313.0,298.0,292.85714285714283,320.4
2025-04-04,MBA13,300,2025,4,4,4,94,0,0,0,349.0,332.0,300.0,298.0,328.3666666666667
2025-04-05,MBA13,240,2025,4,5,5,95,1,0,0,300.0,280.0,273.0,293.42857142857144,319.3666666666667
2025-04-06,MBA13,257,2025,4,6,6,96,1,0,0,240.0,223.0,307.0,287.7142857142857,316.96666666666664
2025-04-07,MBA13,336,2025,4,7,0,97,0,0,0,257.0,315.0,277.0,292.57142857142856,310.4
2025-04-08,MBA13,333,2025,4,8,1,98,0,0,0,336.0,321.0,373.0,295.57142857142856,312.8333333333333
2025-04-09,MBA13,322,2025,4,9,2,99,0,0,0,333.0,266.0,342.0,297.2857142857143,313.56666666666666
2025-04-10,MBA13,332,2025,4,10,3,100,0,0,0,322.0,349.0,313.0,305.2857142857143,313.43333333333334
2025-04-11,MBA13,296,2025,4,11,4,101,0,0,0,332.0,300.0,332.0,302.85714285714283,307.6333333333333
2025-04-12,MBA13,95,2025,4,12,5,102,1,0,0,296.0,240.0,280.0,302.2857142857143,306.06666666666666
2025-04-13,MBA13,274,2025,4,13,6,103,1,0,0,95.0,257.0,223.0,281.57142857142856,297.8
2025-04-14,MBA13,321,2025,4,14,0,104,0,0,0,274.0,336.0,315.0,284.0,296.7
2025-04-15,MBA13,381,2025,4,15,1,105,0,0,0,321.0,333.0,321.0,281.85714285714283,298.96666666666664
2025-04-16,MBA13,314,2025,4,16,2,106,0,0,0,381.0,322.0,266.0,288.7142857142857,301.1333333333333
2025-04-17,MBA13,288,2025,4,17,3,107,0,0,0,314.0,332.0,349.0,287.57142857142856,301.03333333333336
2025-04-18,MBA13,336,2025,4,18,4,108,0,0,0,288.0,296.0,300.0,281.2857142857143,299.3333333333333
2025-04-19,MBA13,350,2025,4,19,5,109,1,0,0,336.0,95.0,240.0,287.0,299.8
2025-04-20,MBA13,259,2025,4,20,6,110,1,0,0,350.0,274.0,257.0,323.42857142857144,301.53333333333336
2025-04-21,MBA13,342,2025,4,21,0,111,0,0,0,259.0,321.0,336.0,321.2857142857143,300.1666666666667
2025-04-22,MBA13,278,2025,4,22,1,112,0,0,0,342.0,381.0,333.0,324.2857142857143,302.46666666666664
2025-04-23,MBA13,336,2025,4,23,2,113,0,0,0,278.0,314.0,322.0,309.57142857142856,301.5
2025-04-24,MBA13,344,2025,4,24,3,114,0,0,0,336.0,288.0,332.0,312.7142857142857,303.46666666666664
2025-04-25,MBA13,320,2025,4,25,4,115,0,0,0,344.0,336.0,296.0,320.7142857142857,302.5
2025-04-26,MBA13,243,2025,4,26,5,116,1,0,0,320.0,350.0,95.0,318.42857142857144,301.76666666666665
2025-04-27,MBA13,234,2025,4,27,6,117,1,0,0,243.0,259.0,274.0,303.14285714285717,299.43333333333334
2025-04-28,MBA13,84,2025,4,28,0,118,0,0,0,234.0,342.0,321.0,299.57142857142856,296.1666666666667
2025-04-29,MBA13,299,2025,4,29,1,119,0,0,0,84.0,278.0,381.0,262.7142857142857,289.6333333333333
2025-04-30,MBA13,365,2025,4,30,2,120,0,0,0,299.0,336.0,314.0,265.7142857142857,292.1666666666667
2025-05-01,MBA13,258,2025,5,1,3,121,0,0,0,365.0,344.0,288.0,269.85714285714283,293.8333333333333
2025-05-02,MBA13,354,2025,5,2,4,122,0,0,0,258.0,320.0,336.0,257.57142857142856,291.73333333333335
2025-05-03,MBA13,193,2025,5,3,5,123,1,0,0,354.0,243.0,350.0,262.42857142857144,294.6666666666667
2025-05-04,MBA13,289,2025,5,4,6,124,1,0,0,193.0,234.0,259.0,255.28571428571428,289.46666666666664
2025-05-05,MBA13,321,2025,5,5,0,125,0,0,0,289.0,84.0,342.0,263.14285714285717,289.1
2025-05-06,MBA13,378,2025,5,6,1,126,0,0,0,321.0,299.0,278.0,297.0,291.8
2025-05-07,MBA13,328,2025,5,7,2,127,0,0,0,378.0,365.0,336.0,308.2857142857143,295.8333333333333
2025-05-08,MBA13,314,2025,5,8,3,128,0,0,0,328.0,258.0,344.0,303.0,295.56666666666666
2025-05-09,MBA13,269,2025,5,9,4,129,0,0,0,314.0,354.0,320.0,311.0,294.93333333333334
2025-05-10,MBA13,326,2025,5,10,5,130,1,0,0,269.0,193.0,243.0,298.85714285714283,293.1666666666667
2025-05-11,MBA13,232,2025,5,11,6,131,1,0,0,326.0,289.0,234.0,317.85714285714283,292.96666666666664
2025-05-12,MBA13,353,2025,5,12,0,132,0,0,0,232.0,321.0,84.0,309.7142857142857,290.8333333333333
2025-05-13,MBA13,368,2025,5,13,1,133,0,0,0,353.0,378.0,299.0,314.2857142857143,299.43333333333334
2025-05-14,MBA13,307,2025,5,14,2,134,0,0,0,368.0,328.0,365.0,312.85714285714283,302.56666666666666
2025-05-15,MBA13,334,2025,5,15,3,135,0,0,0,307.0,314.0,258.0,309.85714285714283,302.1
2025-05-16,MBA13,276,2025,5,16,4,136,0,0,0,334.0,269.0,354.0,312.7142857142857,300.53333333333336
2025-05-17,MBA13,247,2025,5,17,5,137,1,0,0,276.0,326.0,193.0,313.7142857142857,299.26666666666665
2025-05-18,MBA13,274,2025,5,18,6,138,1,0,0,247.0,232.0,289.0,302.42857142857144,297.9
2025-05-19,MBA13,321,2025,5,19,0,139,0,0,0,274.0,353.0,321.0,308.42857142857144,295.8333333333333
2025-05-20,MBA13,344,2025,5,20,1,140,0,0,0,321.0,368.0,378.0,303.85714285714283,294.8666666666667
2025-05-21,MBA13,304,2025,5,21,2,141,0,0,0,344.0,307.0,328.0,300.42857142857144,297.7
2025-05-22,MBA13,353,2025,5,22,3,142,0,0,0,304.0,334.0,314.0,300.0,296.43333333333334
2025-05-23,MBA13,288,2025,5,23,4,143,0,0,0,353.0,276.0,269.0,302.7142857142857,298.93333333333334
2025-05-24,MBA13,274,2025,5,24,5,144,1,0,0,288.0,247.0,326.0,304.42857142857144,297.3333333333333
2025-05-25,MBA13,321,2025,5,25,6,145,1,0,0,274.0,274.0,232.0,308.2857142857143,295.0
2025-05-26,MBA13,264,2025,5,26,0,146,0,0,0,321.0,321.0,353.0,315.0,295.03333333333336
2025-05-27,MBA13,110,2025,5,27,1,147,0,0,0,264.0,344.0,368.0,306.85714285714283,295.73333333333335
2025-05-28,MBA13,322,2025,5,28,2,148,0,0,0,110.0,304.0,307.0,273.42857142857144,291.6
2025-05-29,MBA13,434,2025,5,29,3,149,0,0,0,322.0,353.0,334.0,276.0,299.53333333333336
2025-05-30,MBA13,295,2025,5,30,4,150,0,0,0,434.0,288.0,276.0,287.57142857142856,304.03333333333336
2025-05-31,MBA13,282,2025,5,31,5,151,1,0,0,295.0,274.0,247.0,288.57142857142856,301.7
2025-06-01,MBA13,221,2025,6,1,6,152,1,0,0,282.0,321.0,274.0,289.7142857142857,302.5
2025-06-02,MBA13,262,2025,6,2,0,153,0,0,0,221.0,264.0,321.0,275.42857142857144,298.06666666666666
2025-06-03,MBA13,298,2025,6,3,1,154,0,0,0,262.0,110.0,344.0,275.14285714285717,300.3666666666667
2025-06-04,MBA13,305,2025,6,4,2,155,0,0,0,298.0,322.0,304.0,302.0,300.6666666666667
2025-06-05,MBA13,336,2025,6,5,3,156,0,0,0,305.0,434.0,353.0,299.57142857142856,300.1333333333333
2025-06-06,MBA13,300,2025,6,6,4,157,0,0,0,336.0,295.0,288.0,285.57142857142856,298.73333333333335
2025-06-07,MBA13,307,2025,6,7,5,158,1,0,0,300.0,282.0,274.0,286.2857142857143,297.8
2025-06-08,MBA13,262,2025,6,8,6,159,1,0,0,307.0,221.0,321.0,289.85714285714283,297.56666666666666
2025-06-09,MBA13,293,2025,6,9,0,160,0,0,0,262.0,262.0,264.0,295.7142857142857,297.3333333333333
2025-06-10,MBA13,335,2025,6,10,1,161,0,0,0,293.0,298.0,110.0,300.14285714285717,296.23333333333335
2025-06-11,MBA13,507,2025,6,11,2,162,0,0,0,335.0,305.0,322.0,305.42857142857144,299.6666666666667
2025-06-12,MBA13,267,2025,6,12,3,163,0,0,0,507.0,336.0,434.0,334.2857142857143,304.8
2025-06-13,MBA13,347,2025,6,13,4,164,0,0,0,267.0,300.0,295.0,324.42857142857144,301.43333333333334
2025-06-14,MBA13,261,2025,6,14,5,165,1,0,0,347.0,307.0,282.0,331.14285714285717,302.76666666666665
2025-06-15,MBA13,227,2025,6,15,6,166,1,0,0,261.0,262.0,221.0,324.57142857142856,300.3333333333333
2025-06-16,MBA13,357,2025,6,16,0,167,0,0,0,227.0,293.0,262.0,319.57142857142856,298.7
2025-06-17,MBA13,354,2025,6,17,1,168,0,0,0,357.0,335.0,298.0,328.7142857142857,302.3666666666667
2025-06-18,MBA13,357,2025,6,18,2,169,0,0,0,354.0,507.0,305.0,331.42857142857144,305.03333333333336
2025-06-19,MBA13,352,2025,6,19,3,170,0,0,0,357.0,267.0,336.0,310.0,306.23333333333335
2025-06-20,MBA13,302,2025,6,20,4,171,0,0,0,352.0,347.0,300.0,322.14285714285717,306.5
2025-06-21,MBA13,278,2025,6,21,5,172,1,0,0,302.0,261.0,307.0,315.7142857142857,306.43333333333334
2025-06-22,MBA13,295,2025,6,22,6,173,1,0,0,278.0,227.0,262.0,318.14285714285717,303.93333333333334
2025-06-23,MBA13,352,2025,6,23,0,174,0,0,0,295.0,357.0,293.0,327.85714285714283,304.1666666666667
2025-06-24,MBA13,240,2025,6,24,1,175,0,0,0,352.0,354.0,335.0,327.14285714285717,306.76666666666665
2025-06-25,MBA13,318,2025,6,25,2,176,0,0,0,240.0,357.0,507.0,310.85714285714283,304.06666666666666
2025-06-26,MBA13,460,2025,6,26,3,177,0,0,0,318.0,352.0,267.0,305.2857142857143,305.8666666666667
2025-06-27,MBA13,558,2025,6,27,4,178,0,0,0,460.0,302.0,347.0,320.7142857142857,317.53333333333336
2025-06-28,MBA13,257,2025,6,28,5,179,1,0,0,558.0,278.0,261.0,357.2857142857143,325.4
2025-06-29,MBA13,275,2025,6,29,6,180,1,0,0,257.0,295.0,227.0,354.2857142857143,319.5
2025-06-30,MBA13,327,2025,6,30,0,181,0,0,0,275.0,352.0,357.0,351.42857142857144,318.8333333333333
2025-07-01,MBA13,365,2025,7,1,1,182,0,0,0,327.0,240.0,354.0,347.85714285714283,320.3333333333333
2025-07-02,MBA13,382,2025,7,2,2,183,0,0,0,365.0,318.0,357.0,365.7142857142857,325.1333333333333
2025-07-03,MBA13,322,2025,7,3,3,184,0,0,0,382.0,460.0,352.0,374.85714285714283,329.1333333333333
2025-07-04,MBA13,329,2025,7,4,4,185,0,0,0,322.0,558.0,302.0,355.14285714285717,329.93333333333334
2025-07-05,MBA13,306,2025,7,5,5,186,1,0,0,329.0,257.0,278.0,322.42857142857144,330.73333333333335
2025-07-06,MBA13,222,2025,7,6,6,187,1,0,0,306.0,275.0,295.0,329.42857142857144,329.73333333333335
2025-07-07,MBA13,286,2025,7,7,0,188,0,0,0,222.0,327.0,352.0,321.85714285714283,327.1333333333333
2025-07-08,MBA13,299,2025,7,8,1,189,0,0,0,286.0,365.0,240.0,316.0,326.43333333333334
2025-07-09,MBA13,346,2025,7,9,2,190,0,0,0,299.0,382.0,318.0,306.57142857142856,327.6666666666667
2025-07-10,MBA13,323,2025,7,10,3,191,0,0,0,346.0,322.0,460.0,301.42857142857144,329.43333333333334
2025-07-11,MBA13,299,2025,7,11,4,192,0,0,0,323.0,329.0,558.0,301.57142857142856,329.03333333333336
2025-07-12,MBA13,301,2025,7,12,5,193,1,0,0,299.0,306.0,257.0,297.2857142857143,322.1
2025-07-13,MBA13,209,2025,7,13,6,194,1,0,0,301.0,222.0,275.0,296.57142857142856,323.23333333333335
2025-07-14,MBA13,297,2025,7,14,0,195,0,0,0,209.0,286.0,327.0,294.7142857142857,318.6333333333333
2025-07-15,MBA13,315,2025,7,15,1,196,0,0,0,297.0,299.0,365.0,296.2857142857143,319.8333333333333
2025-07-16,MBA13,381,2025,7,16,2,197,0,0,0,315.0,346.0,382.0,298.57142857142856,322.76666666666665
2025-07-17,MBA13,298,2025,7,17,3,198,0,0,0,381.0,323.0,322.0,303.57142857142856,323.56666666666666
2025-07-18,MBA13,339,2025,7,18,4,199,0,0,0,298.0,299.0,329.0,300.0,321.7
2025-07-19,MBA13,254,2025,7,19,5,200,1,0,0,339.0,301.0,306.0,305.7142857142857,321.1
2025-07-20,MBA13,220,2025,7,20,6,201,1,0,0,254.0,209.0,222.0,299.0,317.8333333333333
2025-07-21,MBA13,338,2025,7,21,0,202,0,0,0,220.0,297.0,286.0,300.57142857142856,315.1
2025-07-22,MBA13,311,2025,7,22,1,203,0,0,0,338.0,315.0,299.0,306.42857142857144,317.1
2025-07-23,MBA13,303,2025,7,23,2,204,0,0,0,311.0,381.0,346.0,305.85714285714283,317.6333333333333
2025-07-24,MBA13,92,2025,7,24,3,205,0,0,0,303.0,298.0,323.0,294.7142857142857,316.0
2025-07-25,MBA13,323,2025,7,25,4,206,0,0,0,92.0,339.0,299.0,265.2857142857143,311.06666666666666
2025-07-26,MBA13,289,2025,7,26,5,207,1,0,0,323.0,254.0,301.0,263.0,311.23333333333335
2025-07-27,MBA13,294,2025,7,27,6,208,1,0,0,289.0,220.0,209.0,268.0,305.53333333333336
2025-07-28,MBA13,270,2025,7,28,0,209,0,0,0,294.0,338.0,297.0,278.57142857142856,296.73333333333335
2025-07-29,MBA13,299,2025,7,29,1,210,0,0,0,270.0,311.0,315.0,268.85714285714283,297.1666666666667
2025-07-30,MBA13,289,2025,7,30,2,211,0,0,0,299.0,303.0,381.0,267.14285714285717,297.96666666666664
2025-07-31,MBA13,287,2025,7,31,3,212,0,0,0,289.0,92.0,298.0,265.14285714285717,296.7
2025-08-01,MBA13,408,2025,8,1,4,213,0,1,0,287.0,323.0,339.0,293.0,294.1
2025-08-02,MBA13,356,2025,8,2,5,214,1,1,0,408.0,289.0,254.0,305.14285714285717,294.96666666666664
2025-08-03,MBA13,332,2025,8,3,6,215,1,1,0,356.0,294.0,220.0,314.7142857142857,296.1
2025-08-04,MBA13,423,2025,8,4,0,216,0,1,0,332.0,270.0,338.0,320.14285714285717,296.2
2025-08-05,MBA13,618,2025,8,5,1,217,0,1,0,423.0,299.0,311.0,342.0,300.1
2025-08-06,MBA13,461,2025,8,6,2,218,0,1,0,618.0,289.0,303.0,387.57142857142856,313.3
2025-08-07,MBA13,473,2025,8,7,3,219,0,1,0,461.0,287.0,92.0,412.14285714285717,319.1333333333333
2025-08-08,MBA13,467,2025,8,8,4,220,0,1,0,473.0,408.0,323.0,438.7142857142857,324.93333333333334
2025-08-09,MBA13,372,2025,8,9,5,221,1,1,0,467.0,356.0,289.0,447.14285714285717,328.96666666666664
2025-08-10,MBA13,299,2025,8,10,6,222,1,1,0,372.0,332.0,294.0,449.42857142857144,330.6
2025-08-11,MBA13,425,2025,8,11,0,223,0,1,0,299.0,423.0,270.0,444.7142857142857,330.6
2025-08-12,MBA13,442,2025,8,12,1,224,0,1,0,425.0,618.0,299.0,445.0,334.73333333333335
2025-08-13,MBA13,595,2025,8,13,2,225,0,1,0,442.0,461.0,289.0,419.85714285714283,342.5
2025-08-14,MBA13,490,2025,8,14,3,226,0,1,0,595.0,473.0,287.0,439.0,352.43333333333334
2025-08-15,MBA13,452,2025,8,15,4,227,0,1,0,490.0,467.0,408.0,441.42857142857144,358.26666666666665
2025-08-16,MBA13,348,2025,8,16,5,228,1,1,0,452.0,372.0,356.0,439.2857142857143,360.6333333333333
2025-08-17,MBA13,122,2025,8,17,6,229,1,1,0,348.0,299.0,332.0,435.85714285714283,362.3
2025-08-18,MBA13,570,2025,8,18,0,230,0,1,0,122.0,425.0,423.0,410.57142857142856,355.06666666666666
2025-08-19,MBA13,440,2025,8,19,1,231,0,1,0,570.0,442.0,618.0,431.2857142857143,365.6
2025-08-20,MBA13,420,2025,8,20,2,232,0,1,0,440.0,595.0,461.0,431.0,372.93333333333334
2025-08-21,MBA13,418,2025,8,21,3,233,0,1,0,420.0,490.0,473.0,406.0,375.6666666666667
2025-08-22,MBA13,559,2025,8,22,4,234,0,1,0,418.0,452.0,467.0,395.7142857142857,379.23333333333335
2025-08-23,MBA13,403,2025,8,23,5,235,1,1,0,559.0,348.0,372.0,411.0,387.76666666666665
2025-08-24,MBA13,394,2025,8,24,6,236,1,1,0,403.0,122.0,299.0,418.85714285714283,398.1333333333333
2025-08-25,MBA13,611,2025,8,25,0,237,0,1,0,394.0,570.0,425.0,457.7142857142857,400.5
2025-08-26,MBA13,452,2025,8,26,1,238,0,1,0,611.0,440.0,442.0,463.57142857142856,411.23333333333335
2025-08-27,MBA13,402,2025,8,27,2,239,0,1,0,452.0,420.0,595.0,465.2857142857143,416.5
2025-08-28,MBA13,405,2025,8,28,3,240,0,1,0,402.0,418.0,490.0,462.7142857142857,420.9
2025-08-29,MBA13,456,2025,8,29,4,241,0,1,0,405.0,559.0,452.0,460.85714285714283,424.43333333333334
2025-08-30,MBA13,400,2025,8,30,5,242,1,1,0,456.0,403.0,348.0,446.14285714285717,430.0
2025-08-31,MBA13,367,2025,8,31,6,243,1,1,0,400.0,394.0,122.0,445.7142857142857,433.76666666666665
2025-09-01,MBA13,448,2025,9,1,0,244,0,1,0,367.0,611.0,570.0,441.85714285714283,432.4
2025-09-02,MBA13,449,2025,9,2,1,245,0,1,0,448.0,452.0,440.0,418.57142857142856,435.46666666666664
2025-09-03,MBA13,391,2025,9,3,2,246,0,1,0,449.0,402.0,420.0,418.14285714285717,439.3666666666667
2025-09-04,MBA13,407,2025,9,4,3,247,0,1,0,391.0,405.0,418.0,416.57142857142856,438.3
2025-09-05,MBA13,434,2025,9,5,4,248,0,1,0,407.0,456.0,559.0,416.85714285714283,431.26666666666665
2025-09-06,MBA13,386,2025,9,6,5,249,1,1,0,434.0,400.0,403.0,413.7142857142857,430.3666666666667
2025-09-07,MBA13,430,2025,9,7,6,250,1,1,0,386.0,367.0,394.0,411.7142857142857,427.46666666666664
2025-09-08,MBA13,443,2025,9,8,0,251,0,1,0,430.0,448.0,611.0,420.7142857142857,426.23333333333335
2025-09-09,MBA13,457,2025,9,9,1,252,0,1,0,443.0,449.0,452.0,420.0,428.6
2025-09-10,MBA13,388,2025,9,10,2,253,0,1,0,457.0,391.0,402.0,421.14285714285717,433.8666666666667
2025-09-11,MBA13,456,2025,9,11,3,254,0,1,0,388.0,407.0,405.0,420.7142857142857,432.6333333333333
2025-09-12,MBA13,500,2025,9,12,4,255,0,1,0,456.0,434.0,456.0,427.7142857142857,433.1
2025-09-13,MBA13,324,2025,9,13,5,256,1,1,0,500.0,386.0,400.0,437.14285714285717,429.93333333333334
2025-09-14,MBA13,332,2025,9,14,6,257,1,1,0,324.0,430.0,367.0,428.2857142857143,424.4
2025-09-15,MBA13,642,2025,9,15,0,258,0,1,0,332.0,443.0,448.0,414.2857142857143,420.4
2025-09-16,MBA13,409,2025,9,16,1,259,0,1,0,642.0,457.0,449.0,442.7142857142857,430.2
2025-09-17,MBA13,433,2025,9,17,2,260,0,1,0,409.0,388.0,391.0,435.85714285714283,439.76666666666665
2025-09-18,MBA13,441,2025,9,18,3,261,0,1,0,433.0,456.0,407.0,442.2857142857143,435.2
2025-09-19,MBA13,420,2025,9,19,4,262,0,1,0,441.0,500.0,434.0,440.14285714285717,435.23333333333335
2025-09-20,MBA13,327,2025,9,20,5,263,1,1,0,420.0,324.0,386.0,428.7142857142857,435.23333333333335
2025-09-21,MBA13,334,2025,9,21,6,264,1,1,0,327.0,332.0,430.0,429.14285714285717,432.2
2025-09-22,MBA13,451,2025,9,22,0,265,0,1,0,334.0,642.0,443.0,429.42857142857144,424.7
2025-09-23,MBA13,398,2025,9,23,1,266,0,1,0,451.0,409.0,457.0,402.14285714285717,426.3
2025-09-24,MBA13,409,2025,9,24,2,267,0,1,0,398.0,433.0,388.0,400.57142857142856,426.43333333333334
2025-09-25,MBA13,444,2025,9,25,3,268,0,1,0,409.0,441.0,456.0,397.14285714285717,419.7
2025-09-26,MBA13,436,2025,9,26,4,269,0,1,0,444.0,420.0,500.0,397.57142857142856,419.43333333333334
2025-09-27,MBA13,294,2025,9,27,5,270,1,1,0,436.0,327.0,324.0,399.85714285714283,420.56666666666666
2025-09-28,MBA13,385,2025,9,28,6,271,1,1,0,294.0,334.0,332.0,395.14285714285717,416.8666666666667
2025-09-29,MBA13,417,2025,9,29,0,272,0,1,0,385.0,451.0,642.0,402.42857142857144,414.5
2025-09-30,MBA13,394,2025,9,30,1,273,0,1,0,417.0,398.0,409.0,397.57142857142856,415.06666666666666
2025-10-01,MBA13,275,2025,10,1,2,274,0,0,0,394.0,409.0,433.0,397.0,415.96666666666664
2025-10-02,MBA13,356,2025,10,2,3,275,0,0,0,275.0,444.0,441.0,377.85714285714283,410.2
2025-10-03,MBA13,249,2025,10,3,4,276,0,0,0,356.0,436.0,420.0,365.2857142857143,407.1
2025-10-04,MBA13,273,2025,10,4,5,277,1,0,0,249.0,294.0,327.0,338.57142857142856,402.3666666666667
2025-10-05,MBA13,288,2025,10,5,6,278,1,0,0,273.0,385.0,334.0,335.57142857142856,397.9
2025-10-06,MBA13,307,2025,10,6,0,279,0,0,0,288.0,417.0,451.0,321.7142857142857,393.03333333333336
2025-10-07,MBA13,374,2025,10,7,1,280,0,0,0,307.0,394.0,398.0,306.0,390.4
2025-10-08,MBA13,287,2025,10,8,2,281,0,0,0,374.0,275.0,409.0,303.14285714285717,388.53333333333336
2025-10-09,MBA13,338,2025,10,9,3,282,0,0,0,287.0,356.0,444.0,304.85714285714283,383.3333333333333
2025-10-10,MBA13,324,2025,10,10,4,283,0,0,0,338.0,249.0,436.0,302.2857142857143,379.3666666666667
2025-10-11,MBA13,318,2025,10,11,5,284,1,0,0,324.0,273.0,294.0,313.0,377.23333333333335
2025-10-12,MBA13,250,2025,10,12,6,285,1,0,0,318.0,288.0,385.0,319.42857142857144,372.6333333333333
2025-10-13,MBA13,335,2025,10,13,0,286,0,0,0,250.0,307.0,417.0,314.0,364.3
2025-10-14,MBA13,324,2025,10,14,1,287,0,0,0,335.0,374.0,394.0,318.0,364.6666666666667
2025-10-15,MBA13,269,2025,10,15,2,288,0,0,0,324.0,287.0,275.0,310.85714285714283,364.4
2025-10-16,MBA13,316,2025,10,16,3,289,0,0,0,269.0,338.0,356.0,308.2857142857143,351.96666666666664
2025-10-17,MBA13,301,2025,10,17,4,290,0,0,0,316.0,324.0,249.0,305.14285714285717,348.8666666666667
2025-10-18,MBA13,263,2025,10,18,5,291,1,0,0,301.0,318.0,273.0,301.85714285714283,344.46666666666664
2025-10-19,MBA13,274,2025,10,19,6,292,1,0,0,263.0,250.0,288.0,294.0,338.53333333333336
2025-10-20,MBA13,366,2025,10,20,0,293,0,0,0,274.0,335.0,307.0,297.42857142857144,333.6666666666667
2025-10-21,MBA13,242,2025,10,21,1,294,0,0,0,366.0,324.0,374.0,301.85714285714283,334.96666666666664
2025-10-22,MBA13,320,2025,10,22,2,295,0,0,0,242.0,269.0,287.0,290.14285714285717,331.9
2025-10-23,MBA13,277,2025,10,23,3,296,0,0,0,320.0,316.0,338.0,297.42857142857144,327.53333333333336
2025-10-24,MBA13,339,2025,10,24,4,297,0,0,0,277.0,301.0,324.0,291.85714285714283,323.5
2025-10-25,MBA13,334,2025,10,25,5,298,1,0,0,339.0,263.0,318.0,297.2857142857143,321.1666666666667
2025-10-26,MBA13,248,2025,10,26,6,299,1,0,0,334.0,274.0,250.0,307.42857142857144,317.5
2025-10-27,MBA13,294,2025,10,27,0,300,0,0,0,248.0,366.0,335.0,303.7142857142857,311.23333333333335
2025-10-28,MBA13,305,2025,10,28,1,301,0,0,0,294.0,242.0,324.0,293.42857142857144,311.23333333333335
2025-10-29,MBA13,277,2025,10,29,2,302,0,0,0,305.0,320.0,269.0,302.42857142857144,308.56666666666666
2025-10-30,MBA13,354,2025,10,30,3,303,0,0,0,277.0,277.0,316.0,296.2857142857143,303.9
2025-10-31,MBA13,329,2025,10,31,4,304,0,0,0,354.0,339.0,301.0,307.2857142857143,302.56666666666666
2025-11-01,MBA13,464,2025,11,1,5,305,1,0,1,329.0,334.0,263.0,305.85714285714283,304.3666666666667
2025-11-02,MBA13,339,2025,11,2,6,306,1,0,1,464.0,248.0,274.0,324.42857142857144,307.96666666666664
2025-11-03,MBA13,474,2025,11,3,0,307,0,0,1,339.0,294.0,366.0,337.42857142857144,310.96666666666664
2025-11-04,MBA13,524,2025,11,4,1,308,0,0,1,474.0,305.0,242.0,363.14285714285717,317.6666666666667
2025-11-05,MBA13,463,2025,11,5,2,309,0,0,1,524.0,277.0,320.0,394.42857142857144,325.53333333333336
2025-11-06,MBA13,506,2025,11,6,3,310,0,0,1,463.0,354.0,277.0,421.0,330.73333333333335
2025-11-07,MBA13,420,2025,11,7,4,311,0,0,1,506.0,329.0,339.0,442.7142857142857,335.1333333333333
2025-11-08,MBA13,369,2025,11,8,5,312,1,0,1,420.0,464.0,334.0,455.7142857142857,339.56666666666666
2025-11-09,MBA13,349,2025,11,9,6,313,1,0,1,369.0,339.0,248.0,442.14285714285717,340.6
2025-11-10,MBA13,463,2025,11,10,0,314,0,0,1,349.0,474.0,294.0,443.57142857142856,341.43333333333334
2025-11-11,MBA13,463,2025,11,11,1,315,0,0,1,463.0,524.0,305.0,442.0,346.26666666666665
2025-11-12,MBA13,467,2025,11,12,2,316,0,0,1,463.0,463.0,277.0,433.2857142857143,353.3666666666667
2025-11-13,MBA13,493,2025,11,13,3,317,0,0,1,467.0,506.0,354.0,433.85714285714283,357.76666666666665
2025-11-14,MBA13,389,2025,11,14,4,318,0,0,1,493.0,420.0,329.0,432.0,363.4
2025-11-15,MBA13,356,2025,11,15,5,319,1,0,1,389.0,369.0,464.0,427.57142857142856,367.4
2025-11-16,MBA13,383,2025,11,16,6,320,1,0,1,356.0,349.0,339.0,425.7142857142857,368.73333333333335
2025-11-17,MBA13,402,2025,11,17,0,321,0,0,1,383.0,463.0,474.0,430.57142857142856,371.46666666666664
2025-11-18,MBA13,485,2025,11,18,1,322,0,0,1,402.0,463.0,524.0,421.85714285714283,376.1
2025-11-19,MBA13,444,2025,11,19,2,323,0,0,1,485.0,467.0,463.0,425.0,383.1333333333333
2025-11-20,MBA13,458,2025,11,20,3,324,0,0,1,444.0,493.0,506.0,421.7142857142857,385.73333333333335
2025-11-21,MBA13,495,2025,11,21,4,325,0,0,1,458.0,389.0,420.0,416.7142857142857,392.93333333333334
2025-11-22,MBA13,572,2025,11,22,5,326,1,0,1,495.0,356.0,369.0,431.85714285714283,398.76666666666665
2025-11-23,MBA13,569,2025,11,23,6,327,1,0,1,572.0,383.0,349.0,462.7142857142857,408.6
2025-11-24,MBA13,536,2025,11,24,0,328,0,0,1,569.0,402.0,463.0,489.2857142857143,416.26666666666665
2025-11-25,MBA13,440,2025,11,25,1,329,0,0,1,536.0,485.0,463.0,508.42857142857144,423.0
2025-11-26,MBA13,467,2025,11,26,2,330,0,0,1,440.0,444.0,467.0,502.0,429.4
2025-11-27,MBA13,488,2025,11,27,3,331,0,0,1,467.0,458.0,493.0,505.2857142857143,435.1666666666667
2025-11-28,MBA13,491,2025,11,28,4,332,0,0,1,488.0,495.0,389.0,509.57142857142856,441.26666666666665
2025-11-29,MBA13,390,2025,11,29,5,333,1,0,1,491.0,572.0,356.0,509.0,448.4
2025-11-30,MBA13,347,2025,11,30,6,334,1,0,1,390.0,569.0,383.0,483.0,449.6
2025-12-01,MBA13,450,2025,12,1,0,335,0,0,1,347.0,536.0,402.0,451.2857142857143,450.2
2025-12-02,MBA13,449,2025,12,2,1,336,0,0,1,450.0,440.0,485.0,439.0,449.73333333333335
2025-12-03,MBA13,471,2025,12,3,2,337,0,0,1,449.0,467.0,444.0,440.2857142857143,453.4
2025-12-04,MBA13,475,2025,12,4,3,338,0,0,1,471.0,488.0,458.0,440.85714285714283,453.3
2025-12-05,MBA13,471,2025,12,5,4,339,0,0,1,475.0,491.0,495.0,439.0,451.6666666666667
2025-12-06,MBA13,408,2025,12,6,5,340,1,0,1,471.0,390.0,572.0,436.14285714285717,451.93333333333334
2025-12-07,MBA13,437,2025,12,7,6,341,1,0,1,408.0,347.0,569.0,438.7142857142857,448.6666666666667
2025-12-08,MBA13,457,2025,12,8,0,342,0,0,1,437.0,450.0,536.0,451.57142857142856,449.23333333333335
2025-12-09,MBA13,428,2025,12,9,1,343,0,0,1,457.0,449.0,440.0,452.57142857142856,452.1666666666667
2025-12-10,MBA13,438,2025,12,10,2,344,0,0,1,428.0,471.0,467.0,449.57142857142856,454.8
2025-12-11,MBA13,465,2025,12,11,3,345,0,0,1,438.0,475.0,488.0,444.85714285714283,453.96666666666664
2025-12-12,MBA13,495,2025,12,12,4,346,0,0,1,465.0,471.0,491.0,443.42857142857144,454.03333333333336
2025-12-13,MBA13,346,2025,12,13,5,347,1,0,1,495.0,408.0,390.0,446.85714285714283,454.96666666666664
2025-12-14,MBA13,427,2025,12,14,6,348,1,0,1,346.0,437.0,347.0,438.0,450.06666666666666
2025-12-15,MBA13,443,2025,12,15,0,349,0,0,1,427.0,457.0,450.0,436.57142857142856,451.3333333333333
2025-12-16,MBA13,493,2025,12,16,1,350,0,0,1,443.0,428.0,449.0,434.57142857142856,454.23333333333335
2025-12-17,MBA13,470,2025,12,17,2,351,0,0,1,493.0,438.0,471.0,443.85714285714283,457.9
2025-12-18,MBA13,483,2025,12,18,3,352,0,0,1,470.0,465.0,475.0,448.42857142857144,460.1666666666667
2025-12-19,MBA13,485,2025,12,19,4,353,0,0,1,483.0,495.0,471.0,451.0,460.1
2025-12-20,MBA13,344,2025,12,20,5,354,1,0,1,485.0,346.0,408.0,449.57142857142856,461.46666666666664
2025-12-21,MBA13,405,2025,12,21,6,355,1,0,1,344.0,427.0,437.0,449.2857142857143,457.6666666666667
2025-12-22,MBA13,423,2025,12,22,0,356,0,0,1,405.0,443.0,457.0,446.14285714285717,454.6666666666667
2025-12-23,MBA13,441,2025,12,23,1,357,0,0,1,423.0,493.0,428.0,443.2857142857143,449.7
2025-12-24,MBA13,484,2025,12,24,2,358,0,0,1,441.0,470.0,438.0,435.85714285714283,445.43333333333334
2025-12-25,MBA13,594,2025,12,25,3,359,0,0,1,484.0,483.0,465.0,437.85714285714283,443.7
2025-12-26,MBA13,624,2025,12,26,4,360,0,0,1,594.0,485.0,495.0,453.7142857142857,448.8333333333333
2025-12-27,MBA13,582,2025,12,27,5,361,1,0,1,624.0,344.0,346.0,473.57142857142856,454.06666666666666
2025-12-28,MBA13,324,2025,12,28,6,362,1,0,1,582.0,405.0,427.0,507.57142857142856,457.2
2025-12-29,MBA13,267,2025,12,29,0,363,0,0,1,324.0,423.0,443.0,496.0,451.6333333333333
2025-12-30,MBA13,455,2025,12,30,1,364,0,0,1,267.0,441.0,493.0,473.7142857142857,447.53333333333336
2025-12-31,MBA13,480,2025,12,31,2,365,0,0,1,455.0,484.0,470.0,475.7142857142857,451.1333333333333
2023-01-31,MBA15,298,2023,1,31,1,31,0,0,0,275.0,292.0,118.0,260.14285714285717,252.96666666666667
2023-02-01,MBA15,231,2023,2,1,2,32,0,0,0,298.0,291.0,292.0,261.0,257.3666666666667
2023-02-02,MBA15,348,2023,2,2,3,33,0,0,0,231.0,271.0,275.0,252.42857142857142,255.7
2023-02-03,MBA15,212,2023,2,3,4,34,0,0,0,348.0,230.0,258.0,263.42857142857144,263.8666666666667
2023-02-04,MBA15,226,2023,2,4,5,35,1,0,0,212.0,199.0,191.0,260.85714285714283,262.3666666666667
2023-02-05,MBA15,160,2023,2,5,6,36,1,0,0,226.0,263.0,226.0,264.7142857142857,258.4
2023-02-06,MBA15,416,2023,2,6,0,37,0,0,0,160.0,275.0,255.0,250.0,254.76666666666668
2023-02-07,MBA15,265,2023,2,7,1,38,0,0,0,416.0,298.0,292.0,270.14285714285717,260.26666666666665
2023-02-08,MBA15,238,2023,2,8,2,39,0,0,0,265.0,231.0,291.0,265.42857142857144,261.5
2023-02-09,MBA15,227,2023,2,9,3,40,0,0,0,238.0,348.0,271.0,266.42857142857144,254.03333333333333
2023-02-10,MBA15,277,2023,2,10,4,41,0,0,0,227.0,212.0,230.0,249.14285714285714,251.93333333333334
2023-02-11,MBA15,228,2023,2,11,5,42,1,0,0,277.0,226.0,199.0,258.42857142857144,250.56666666666666
2023-02-12,MBA15,187,2023,2,12,6,43,1,0,0,228.0,160.0,263.0,258.7142857142857,252.76666666666668
2023-02-13,MBA15,117,2023,2,13,0,44,0,0,0,187.0,416.0,275.0,262.57142857142856,248.66666666666666
2023-02-14,MBA15,283,2023,2,14,1,45,0,0,0,117.0,265.0,298.0,219.85714285714286,246.33333333333334
2023-02-15,MBA15,254,2023,2,15,2,46,0,0,0,283.0,238.0,231.0,222.42857142857142,247.3
2023-02-16,MBA15,134,2023,2,16,3,47,0,0,0,254.0,227.0,348.0,224.71428571428572,246.76666666666668
2023-02-17,MBA15,254,2023,2,17,4,48,0,0,0,134.0,277.0,212.0,211.42857142857142,247.3
2023-02-18,MBA15,189,2023,2,18,5,49,1,0,0,254.0,228.0,226.0,208.14285714285714,246.03333333333333
2023-02-19,MBA15,205,2023,2,19,6,50,1,0,0,189.0,187.0,160.0,202.57142857142858,243.16666666666666
2023-02-20,MBA15,215,2023,2,20,0,51,0,0,0,205.0,117.0,416.0,205.14285714285714,241.4
2023-02-21,MBA15,133,2023,2,21,1,52,0,0,0,215.0,283.0,265.0,219.14285714285714,242.2
2023-02-22,MBA15,253,2023,2,22,2,53,0,0,0,133.0,254.0,238.0,197.71428571428572,239.1
2023-02-23,MBA15,211,2023,2,23,3,54,0,0,0,253.0,134.0,227.0,197.57142857142858,239.03333333333333
2023-02-24,MBA15,246,2023,2,24,4,55,0,0,0,211.0,254.0,277.0,208.57142857142858,236.33333333333334
2023-02-25,MBA15,181,2023,2,25,5,56,1,0,0,246.0,189.0,228.0,207.42857142857142,234.83333333333334
2023-02-26,MBA15,188,2023,2,26,6,57,1,0,0,181.0,205.0,187.0,206.28571428571428,231.83333333333334
2023-02-27,MBA15,299,2023,2,27,0,58,0,0,0,188.0,215.0,117.0,203.85714285714286,230.43333333333334
2023-02-28,MBA15,227,2023,2,28,1,59,0,0,0,299.0,133.0,283.0,215.85714285714286,233.76666666666668
2023-03-01,MBA15,249,2023,3,1,2,60,0,0,0,227.0,253.0,254.0,229.28571428571428,232.56666666666666
2023-03-02,MBA15,269,2023,3,2,3,61,0,0,0,249.0,211.0,134.0,228.71428571428572,231.7
2023-03-03,MBA15,204,2023,3,3,4,62,0,0,0,269.0,246.0,254.0,237.0,230.73333333333332
2023-03-04,MBA15,206,2023,3,4,5,63,1,0,0,204.0,181.0,189.0,231.0,229.83333333333334
2023-03-05,MBA15,217,2023,3,5,6,64,1,0,0,206.0,188.0,205.0,234.57142857142858,225.1
2023-03-06,MBA15,229,2023,3,6,0,65,0,0,0,217.0,299.0,215.0,238.71428571428572,225.26666666666668
2023-03-07,MBA15,218,2023,3,7,1,66,0,0,0,229.0,227.0,133.0,228.71428571428572,225.36666666666667
2023-03-08,MBA15,282,2023,3,8,2,67,0,0,0,218.0,249.0,253.0,227.42857142857142,227.3
2023-03-09,MBA15,205,2023,3,9,3,68,0,0,0,282.0,269.0,211.0,232.14285714285714,222.83333333333334
2023-03-10,MBA15,248,2023,3,10,4,69,0,0,0,205.0,204.0,246.0,223.0,220.83333333333334
2023-03-11,MBA15,176,2023,3,11,5,70,1,0,0,248.0,206.0,181.0,229.28571428571428,221.16666666666666
2023-03-12,MBA15,143,2023,3,12,6,71,1,0,0,176.0,217.0,188.0,225.0,219.46666666666667
2023-03-13,MBA15,292,2023,3,13,0,72,0,0,0,143.0,229.0,299.0,214.42857142857142,215.0
2023-03-14,MBA15,279,2023,3,14,1,73,0,0,0,292.0,218.0,227.0,223.42857142857142,217.13333333333333
2023-03-15,MBA15,167,2023,3,15,2,74,0,0,0,279.0,282.0,249.0,232.14285714285714,220.2
2023-03-16,MBA15,264,2023,3,16,3,75,0,0,0,167.0,205.0,269.0,215.71428571428572,221.86666666666667
2023-03-17,MBA15,258,2023,3,17,4,76,0,0,0,264.0,248.0,204.0,224.14285714285714,221.23333333333332
2023-03-18,MBA15,170,2023,3,18,5,77,1,0,0,258.0,176.0,206.0,225.57142857142858,221.36666666666667
2023-03-19,MBA15,246,2023,3,19,6,78,1,0,0,170.0,143.0,217.0,224.71428571428572,222.56666666666666
2023-03-20,MBA15,258,2023,3,20,0,79,0,0,0,246.0,292.0,229.0,239.42857142857142,222.3
2023-03-21,MBA15,210,2023,3,21,1,80,0,0,0,258.0,279.0,218.0,234.57142857142858,224.6
2023-03-22,MBA15,233,2023,3,22,2,81,0,0,0,210.0,167.0,282.0,224.71428571428572,224.76666666666668
2023-03-23,MBA15,253,2023,3,23,3,82,0,0,0,233.0,264.0,205.0,234.14285714285714,225.36666666666667
2023-03-24,MBA15,251,2023,3,24,4,83,0,0,0,253.0,258.0,248.0,232.57142857142858,229.36666666666667
2023-03-25,MBA15,265,2023,3,25,5,84,1,0,0,251.0,170.0,176.0,231.57142857142858,229.3
2023-03-26,MBA15,257,2023,3,26,6,85,1,0,0,265.0,246.0,143.0,245.14285714285714,231.1
2023-03-27,MBA15,268,2023,3,27,0,86,0,0,0,257.0,258.0,292.0,246.71428571428572,231.46666666666667
2023-03-28,MBA15,216,2023,3,28,1,87,0,0,0,268.0,210.0,279.0,248.14285714285714,234.36666666666667
2023-03-29,MBA15,266,2023,3,29,2,88,0,0,0,216.0,233.0,167.0,249.0,235.3
2023-03-30,MBA15,228,2023,3,30,3,89,0,0,0,266.0,253.0,264.0,253.71428571428572,234.2
2023-03-31,MBA15,242,2023,3,31,4,90,0,0,0,228.0,251.0,258.0,250.14285714285714,234.23333333333332
2023-04-01,MBA15,195,2023,4,1,5,91,1,0,0,242.0,265.0,170.0,248.85714285714286,234.0
2023-04-02,MBA15,178,2023,4,2,6,92,1,0,0,195.0,257.0,246.0,238.85714285714286,231.53333333333333
2023-04-03,MBA15,266,2023,4,3,0,93,0,0,0,178.0,268.0,258.0,227.57142857142858,230.66666666666666
2023-04-04,MBA15,239,2023,4,4,1,94,0,0,0,266.0,216.0,210.0,227.28571428571428,232.66666666666666
2023-04-05,MBA15,253,2023,4,5,2,95,0,0,0,239.0,266.0,233.0,230.57142857142858,233.4
2023-04-06,MBA15,244,2023,4,6,3,96,0,0,0,253.0,228.0,253.0,228.71428571428572,234.2
2023-04-07,MBA15,273,2023,4,7,4,97,0,0,0,244.0,242.0,251.0,231.0,235.06666666666666
2023-04-08,MBA15,222,2023,4,8,5,98,1,0,0,273.0,195.0,265.0,235.42857142857142,234.76666666666668
2023-04-09,MBA15,201,2023,4,9,6,99,1,0,0,222.0,178.0,257.0,239.28571428571428,235.33333333333334
2023-04-10,MBA15,275,2023,4,10,0,100,0,0,0,201.0,266.0,268.0,242.57142857142858,233.76666666666668
2023-04-11,MBA15,295,2023,4,11,1,101,0,0,0,275.0,239.0,216.0,243.85714285714286,237.06666666666666
2023-04-12,MBA15,199,2023,4,12,2,102,0,0,0,295.0,253.0,266.0,251.85714285714286,242.13333333333333
2023-04-13,MBA15,243,2023,4,13,3,103,0,0,0,199.0,244.0,228.0,244.14285714285714,239.03333333333333
2023-04-14,MBA15,233,2023,4,14,4,104,0,0,0,243.0,273.0,242.0,244.0,237.83333333333334
2023-04-15,MBA15,191,2023,4,15,5,105,1,0,0,233.0,222.0,195.0,238.28571428571428,240.03333333333333
2023-04-16,MBA15,146,2023,4,16,6,106,1,0,0,191.0,201.0,178.0,233.85714285714286,237.6
2023-04-17,MBA15,198,2023,4,17,0,107,0,0,0,146.0,275.0,266.0,226.0,233.86666666666667
2023-04-18,MBA15,180,2023,4,18,1,108,0,0,0,198.0,295.0,239.0,215.0,234.8
2023-04-19,MBA15,130,2023,4,19,2,109,0,0,0,180.0,199.0,253.0,198.57142857142858,232.6
2023-04-20,MBA15,293,2023,4,20,3,110,0,0,0,130.0,243.0,244.0,188.71428571428572,228.33333333333334
2023-04-21,MBA15,339,2023,4,21,4,111,0,0,0,293.0,233.0,273.0,195.85714285714286,231.1
2023-04-22,MBA15,214,2023,4,22,5,112,1,0,0,339.0,191.0,222.0,211.0,234.63333333333333
2023-04-23,MBA15,149,2023,4,23,6,113,1,0,0,214.0,146.0,201.0,214.28571428571428,233.33333333333334
2023-04-24,MBA15,274,2023,4,24,0,114,0,0,0,149.0,198.0,275.0,214.71428571428572,229.93333333333334
2023-04-25,MBA15,546,2023,4,25,1,115,0,0,0,274.0,180.0,295.0,225.57142857142858,230.23333333333332
2023-04-26,MBA15,294,2023,4,26,2,116,0,0,0,546.0,130.0,199.0,277.85714285714283,239.86666666666667
2023-04-27,MBA15,363,2023,4,27,3,117,0,0,0,294.0,293.0,243.0,301.2857142857143,240.73333333333332
2023-04-28,MBA15,243,2023,4,28,4,118,0,0,0,363.0,339.0,233.0,311.2857142857143,245.63333333333333
2023-04-29,MBA15,220,2023,4,29,5,119,1,0,0,243.0,214.0,191.0,297.57142857142856,244.86666666666667
2023-04-30,MBA15,198,2023,4,30,6,120,1,0,0,220.0,149.0,146.0,298.42857142857144,244.6
2023-05-01,MBA15,227,2023,5,1,0,121,0,0,0,198.0,274.0,198.0,305.42857142857144,243.13333333333333
2023-05-02,MBA15,244,2023,5,2,1,122,0,0,0,227.0,546.0,180.0,298.7142857142857,244.2
2023-05-03,MBA15,270,2023,5,3,2,123,0,0,0,244.0,294.0,130.0,255.57142857142858,246.4
2023-05-04,MBA15,279,2023,5,4,3,124,0,0,0,270.0,363.0,293.0,252.14285714285714,246.53333333333333
2023-05-05,MBA15,313,2023,5,5,4,125,0,0,0,279.0,243.0,339.0,240.14285714285714,247.86666666666667
2023-05-06,MBA15,213,2023,5,6,5,126,1,0,0,313.0,220.0,214.0,250.14285714285714,249.86666666666667
2023-05-07,MBA15,247,2023,5,7,6,127,1,0,0,213.0,198.0,149.0,249.14285714285714,248.83333333333334
2023-05-08,MBA15,254,2023,5,8,0,128,0,0,0,247.0,227.0,274.0,256.14285714285717,247.96666666666667
2023-05-09,MBA15,258,2023,5,9,1,129,0,0,0,254.0,244.0,546.0,260.0,249.03333333333333
2023-05-10,MBA15,256,2023,5,10,2,130,0,0,0,258.0,270.0,294.0,262.0,250.93333333333334
2023-05-11,MBA15,266,2023,5,11,3,131,0,0,0,256.0,279.0,363.0,260.0,250.3
2023-05-12,MBA15,285,2023,5,12,4,132,0,0,0,266.0,313.0,243.0,258.14285714285717,249.33333333333334
2023-05-13,MBA15,197,2023,5,13,5,133,1,0,0,285.0,213.0,220.0,254.14285714285714,252.2
2023-05-14,MBA15,185,2023,5,14,6,134,1,0,0,197.0,247.0,198.0,251.85714285714286,250.66666666666666
2023-05-15,MBA15,287,2023,5,15,0,135,0,0,0,185.0,254.0,227.0,243.0,249.06666666666666
2023-05-16,MBA15,112,2023,5,16,1,136,0,0,0,287.0,258.0,244.0,247.71428571428572,252.26666666666668
2023-05-17,MBA15,302,2023,5,17,2,137,0,0,0,112.0,256.0,270.0,226.85714285714286,251.13333333333333
2023-05-18,MBA15,256,2023,5,18,3,138,0,0,0,302.0,266.0,279.0,233.42857142857142,254.6
2023-05-19,MBA15,237,2023,5,19,4,139,0,0,0,256.0,285.0,313.0,232.0,257.1333333333333
2023-05-20,MBA15,197,2023,5,20,5,140,1,0,0,237.0,197.0,213.0,225.14285714285714,260.7
2023-05-21,MBA15,177,2023,5,21,6,141,1,0,0,197.0,185.0,247.0,225.14285714285714,257.5
2023-05-22,MBA15,228,2023,5,22,0,142,0,0,0,177.0,287.0,254.0,224.0,252.1
2023-05-23,MBA15,268,2023,5,23,1,143,0,0,0,228.0,112.0,258.0,215.57142857142858,252.56666666666666
2023-05-24,MBA15,212,2023,5,24,2,144,0,0,0,268.0,302.0,256.0,237.85714285714286,256.53333333333336
2023-05-25,MBA15,260,2023,5,25,3,145,0,0,0,212.0,256.0,266.0,225.0,254.46666666666667
2023-05-26,MBA15,283,2023,5,26,4,146,0,0,0,260.0,237.0,285.0,225.57142857142858,244.93333333333334
2023-05-27,MBA15,234,2023,5,27,5,147,1,0,0,283.0,197.0,197.0,232.14285714285714,244.56666666666666
2023-05-28,MBA15,226,2023,5,28,6,148,1,0,0,234.0,177.0,185.0,237.42857142857142,240.26666666666668
2023-05-29,MBA15,381,2023,5,29,0,149,0,0,0,226.0,228.0,287.0,244.42857142857142,239.7
2023-05-30,MBA15,232,2023,5,30,1,150,0,0,0,381.0,268.0,112.0,266.2857142857143,245.06666666666666
2023-05-31,MBA15,310,2023,5,31,2,151,0,0,0,232.0,212.0,302.0,261.14285714285717,246.2
2023-06-01,MBA15,292,2023,6,1,3,152,0,0,0,310.0,260.0,256.0,275.14285714285717,248.96666666666667
2023-06-02,MBA15,228,2023,6,2,4,153,0,0,0,292.0,283.0,237.0,279.7142857142857,250.56666666666666
2023-06-03,MBA15,195,2023,6,3,5,154,1,0,0,228.0,234.0,197.0,271.85714285714283,249.16666666666666
2023-06-04,MBA15,180,2023,6,4,6,155,1,0,0,195.0,226.0,177.0,266.2857142857143,246.36666666666667
2023-06-05,MBA15,270,2023,6,5,0,156,0,0,0,180.0,381.0,228.0,259.7142857142857,241.93333333333334
2023-06-06,MBA15,243,2023,6,6,1,157,0,0,0,270.0,232.0,268.0,243.85714285714286,243.83333333333334
2023-06-07,MBA15,204,2023,6,7,2,158,0,0,0,243.0,310.0,212.0,245.42857142857142,243.7
2023-06-08,MBA15,258,2023,6,8,3,159,0,0,0,204.0,292.0,260.0,230.28571428571428,242.03333333333333
2023-06-09,MBA15,286,2023,6,9,4,160,0,0,0,258.0,228.0,283.0,225.42857142857142,242.03333333333333
2023-06-10,MBA15,213,2023,6,10,5,161,1,0,0,286.0,195.0,234.0,233.71428571428572,243.03333333333333
2023-06-11,MBA15,226,2023,6,11,6,162,1,0,0,213.0,180.0,226.0,236.28571428571428,241.26666666666668
2023-06-12,MBA15,265,2023,6,12,0,163,0,0,0,226.0,270.0,381.0,242.85714285714286,239.3
2023-06-13,MBA15,281,2023,6,13,1,164,0,0,0,265.0,243.0,232.0,242.14285714285714,241.56666666666666
2023-06-14,MBA15,268,2023,6,14,2,165,0,0,0,281.0,204.0,310.0,247.57142857142858,244.76666666666668
2023-06-15,MBA15,256,2023,6,15,3,166,0,0,0,268.0,258.0,292.0,256.7142857142857,244.13333333333333
2023-06-16,MBA15,262,2023,6,16,4,167,0,0,0,256.0,286.0,228.0,256.42857142857144,248.93333333333334
2023-06-17,MBA15,380,2023,6,17,5,168,1,0,0,262.0,213.0,195.0,253.0,247.6
2023-06-18,MBA15,227,2023,6,18,6,169,1,0,0,380.0,226.0,180.0,276.85714285714283,251.73333333333332
2023-06-19,MBA15,209,2023,6,19,0,170,0,0,0,227.0,265.0,270.0,277.0,251.4
2023-06-20,MBA15,276,2023,6,20,1,171,0,0,0,209.0,281.0,243.0,269.0,251.8
2023-06-21,MBA15,258,2023,6,21,2,172,0,0,0,276.0,268.0,204.0,268.2857142857143,255.1
2023-06-22,MBA15,273,2023,6,22,3,173,0,0,0,258.0,256.0,258.0,266.85714285714283,256.1
2023-06-23,MBA15,263,2023,6,23,4,174,0,0,0,273.0,262.0,286.0,269.2857142857143,256.26666666666665
2023-06-24,MBA15,201,2023,6,24,5,175,1,0,0,263.0,380.0,213.0,269.42857142857144,257.96666666666664
2023-06-25,MBA15,169,2023,6,25,6,176,1,0,0,201.0,227.0,226.0,243.85714285714286,256.0
2023-06-26,MBA15,278,2023,6,26,0,177,0,0,0,169.0,209.0,265.0,235.57142857142858,252.2
2023-06-27,MBA15,272,2023,6,27,1,178,0,0,0,278.0,276.0,281.0,245.42857142857142,253.66666666666666
2023-06-28,MBA15,272,2023,6,28,2,179,0,0,0,272.0,258.0,268.0,244.85714285714286,255.2
2023-06-29,MBA15,293,2023,6,29,3,180,0,0,0,272.0,273.0,256.0,246.85714285714286,251.56666666666666
2023-06-30,MBA15,245,2023,6,30,4,181,0,0,0,293.0,263.0,262.0,249.71428571428572,253.6
2023-07-01,MBA15,208,2023,7,1,5,182,1,0,0,245.0,201.0,380.0,247.14285714285714,251.43333333333334
2023-07-02,MBA15,186,2023,7,2,6,183,1,0,0,208.0,169.0,227.0,248.14285714285714,248.63333333333333
2023-07-03,MBA15,244,2023,7,3,0,184,0,0,0,186.0,278.0,209.0,250.57142857142858,247.23333333333332
2023-07-04,MBA15,222,2023,7,4,1,185,0,0,0,244.0,272.0,276.0,245.71428571428572,248.86666666666667
2023-07-05,MBA15,237,2023,7,5,2,186,0,0,0,222.0,272.0,258.0,238.57142857142858,250.26666666666668
2023-07-06,MBA15,195,2023,7,6,3,187,0,0,0,237.0,293.0,273.0,233.57142857142858,249.16666666666666
2023-07-07,MBA15,388,2023,7,7,4,188,0,0,0,195.0,245.0,263.0,219.57142857142858,247.56666666666666
2023-07-08,MBA15,266,2023,7,8,5,189,1,0,0,388.0,208.0,201.0,240.0,253.7
2023-07-09,MBA15,105,2023,7,9,6,190,1,0,0,266.0,186.0,169.0,248.28571428571428,253.96666666666667
2023-07-10,MBA15,231,2023,7,10,0,191,0,0,0,105.0,244.0,278.0,236.71428571428572,247.93333333333334
2023-07-11,MBA15,256,2023,7,11,1,192,0,0,0,231.0,222.0,272.0,234.85714285714286,248.53333333333333
2023-07-12,MBA15,239,2023,7,12,2,193,0,0,0,256.0,237.0,272.0,239.71428571428572,249.53333333333333
2023-07-13,MBA15,265,2023,7,13,3,194,0,0,0,239.0,195.0,293.0,240.0,248.66666666666666
2023-07-14,MBA15,274,2023,7,14,4,195,0,0,0,265.0,388.0,245.0,250.0,248.13333333333333
2023-07-15,MBA15,147,2023,7,15,5,196,1,0,0,274.0,266.0,208.0,233.71428571428572,248.33333333333334
2023-07-16,MBA15,243,2023,7,16,6,197,1,0,0,147.0,105.0,186.0,216.71428571428572,244.7
2023-07-17,MBA15,215,2023,7,17,0,198,0,0,0,243.0,231.0,244.0,236.42857142857142,244.06666666666666
2023-07-18,MBA15,299,2023,7,18,1,199,0,0,0,215.0,256.0,222.0,234.14285714285714,238.56666666666666
2023-07-19,MBA15,229,2023,7,19,2,200,0,0,0,299.0,239.0,237.0,240.28571428571428,240.96666666666667
2023-07-20,MBA15,208,2023,7,20,3,201,0,0,0,229.0,265.0,195.0,238.85714285714286,241.63333333333333
2023-07-21,MBA15,255,2023,7,21,4,202,0,0,0,208.0,274.0,388.0,230.71428571428572,239.36666666666667
2023-07-22,MBA15,191,2023,7,22,5,203,1,0,0,255.0,147.0,266.0,228.0,239.26666666666668
2023-07-23,MBA15,176,2023,7,23,6,204,1,0,0,191.0,243.0,105.0,234.28571428571428,236.53333333333333
2023-07-24,MBA15,251,2023,7,24,0,205,0,0,0,176.0,215.0,231.0,224.71428571428572,233.63333333333333
2023-07-25,MBA15,260,2023,7,25,1,206,0,0,0,251.0,299.0,256.0,229.85714285714286,235.3
2023-07-26,MBA15,214,2023,7,26,2,207,0,0,0,260.0,229.0,239.0,224.28571428571428,238.33333333333334
2023-07-27,MBA15,270,2023,7,27,3,208,0,0,0,214.0,208.0,265.0,222.14285714285714,236.2
2023-07-28,MBA15,252,2023,7,28,4,209,0,0,0,270.0,255.0,274.0,231.0,236.13333333333333
2023-07-29,MBA15,250,2023,7,29,5,210,1,0,0,252.0,191.0,147.0,230.57142857142858,235.46666666666667
2023-07-30,MBA15,251,2023,7,30,6,211,1,0,0,250.0,176.0,243.0,239.0,234.03333333333333
2023-07-31,MBA15,317,2023,7,31,0,212,0,0,0,251.0,251.0,215.0,249.71428571428572,234.23333333333332
2023-08-01,MBA15,361,2023,8,1,1,213,0,1,0,317.0,260.0,299.0,259.14285714285717,237.86666666666667
2023-08-02,MBA15,342,2023,8,2,2,214,0,1,0,361.0,214.0,229.0,273.57142857142856,243.7
2023-08-03,MBA15,358,2023,8,3,3,215,0,1,0,342.0,270.0,208.0,291.85714285714283,246.96666666666667
2023-08-04,MBA15,344,2023,8,4,4,216,0,1,0,358.0,252.0,255.0,304.42857142857144,251.5
2023-08-05,MBA15,317,2023,8,5,5,217,1,1,0,344.0,250.0,191.0,317.57142857142856,255.06666666666666
2023-08-06,MBA15,303,2023,8,6,6,218,1,1,0,317.0,251.0,176.0,327.14285714285717,259.1333333333333
2023-08-07,MBA15,337,2023,8,7,0,219,0,1,0,303.0,317.0,251.0,334.57142857142856,256.3
2023-08-08,MBA15,370,2023,8,8,1,220,0,1,0,337.0,361.0,260.0,337.42857142857144,258.6666666666667
2023-08-09,MBA15,414,2023,8,9,2,221,0,1,0,370.0,342.0,214.0,338.7142857142857,267.5
2023-08-10,MBA15,348,2023,8,10,3,222,0,1,0,414.0,358.0,270.0,349.0,273.6
2023-08-11,MBA15,362,2023,8,11,4,223,0,1,0,348.0,344.0,252.0,347.57142857142856,276.6666666666667
2023-08-12,MBA15,314,2023,8,12,5,224,1,1,0,362.0,317.0,250.0,350.14285714285717,280.76666666666665
2023-08-13,MBA15,300,2023,8,13,6,225,1,1,0,314.0,303.0,251.0,349.7142857142857,282.4
2023-08-14,MBA15,102,2023,8,14,0,226,0,1,0,300.0,337.0,317.0,349.2857142857143,283.26666666666665
2023-08-15,MBA15,375,2023,8,15,1,227,0,1,0,102.0,370.0,361.0,315.7142857142857,281.76666666666665
2023-08-16,MBA15,387,2023,8,16,2,228,0,1,0,375.0,414.0,342.0,316.42857142857144,286.1666666666667
2023-08-17,MBA15,382,2023,8,17,3,229,0,1,0,387.0,348.0,358.0,312.57142857142856,291.9
2023-08-18,MBA15,363,2023,8,18,4,230,0,1,0,382.0,362.0,344.0,317.42857142857144,294.6666666666667
2023-08-19,MBA15,250,2023,8,19,5,231,1,1,0,363.0,314.0,317.0,317.57142857142856,299.1333333333333
2023-08-20,MBA15,219,2023,8,20,6,232,1,1,0,250.0,300.0,303.0,308.42857142857144,300.53333333333336
2023-08-21,MBA15,387,2023,8,21,0,233,0,1,0,219.0,102.0,337.0,296.85714285714283,299.3333333333333
2023-08-22,MBA15,393,2023,8,22,1,234,0,1,0,387.0,375.0,370.0,337.57142857142856,305.8666666666667
2023-08-23,MBA15,337,2023,8,23,2,235,0,1,0,393.0,387.0,414.0,340.14285714285717,313.1
2023-08-24,MBA15,489,2023,8,24,3,236,0,1,0,337.0,382.0,348.0,333.0,315.96666666666664
2023-08-25,MBA15,344,2023,8,25,4,237,0,1,0,489.0,363.0,362.0,348.2857142857143,323.6
2023-08-26,MBA15,418,2023,8,26,5,238,1,1,0,344.0,250.0,314.0,345.57142857142856,327.93333333333334
2023-08-27,MBA15,91,2023,8,27,6,239,1,1,0,418.0,219.0,300.0,369.57142857142856,332.8666666666667
2023-08-28,MBA15,365,2023,8,28,0,240,0,1,0,91.0,387.0,102.0,351.2857142857143,327.5
2023-08-29,MBA15,340,2023,8,29,1,241,0,1,0,365.0,393.0,375.0,348.14285714285717,331.3333333333333
2023-08-30,MBA15,436,2023,8,30,2,242,0,1,0,340.0,337.0,387.0,340.57142857142856,334.3
2023-08-31,MBA15,597,2023,8,31,3,243,0,1,0,436.0,489.0,382.0,354.7142857142857,338.26666666666665
2023-09-01,MBA15,348,2023,9,1,4,244,0,1,0,597.0,344.0,363.0,370.14285714285717,346.1333333333333
2023-09-02,MBA15,283,2023,9,2,5,245,1,1,0,348.0,418.0,250.0,370.7142857142857,346.3333333333333
2023-09-03,MBA15,285,2023,9,3,6,246,1,1,0,283.0,91.0,219.0,351.42857142857144,343.8333333333333
2023-09-04,MBA15,363,2023,9,4,0,247,0,1,0,285.0,365.0,387.0,379.14285714285717,341.8666666666667
2023-09-05,MBA15,364,2023,9,5,1,248,0,1,0,363.0,340.0,393.0,378.85714285714283,343.4
2023-09-06,MBA15,343,2023,9,6,2,249,0,1,0,364.0,436.0,337.0,382.2857142857143,345.43333333333334
2023-09-07,MBA15,348,2023,9,7,3,250,0,1,0,343.0,597.0,489.0,369.0,345.6333333333333
2023-09-08,MBA15,333,2023,9,8,4,251,0,1,0,348.0,348.0,344.0,333.42857142857144,344.9
2023-09-09,MBA15,263,2023,9,9,5,252,1,1,0,333.0,283.0,418.0,331.2857142857143,342.2
2023-09-10,MBA15,263,2023,9,10,6,253,1,1,0,263.0,285.0,91.0,328.42857142857144,339.3666666666667
2023-09-11,MBA15,347,2023,9,11,0,254,0,1,0,263.0,363.0,365.0,325.2857142857143,336.06666666666666
2023-09-12,MBA15,325,2023,9,12,1,255,0,1,0,347.0,364.0,340.0,323.0,337.1666666666667
2023-09-13,MBA15,267,2023,9,13,2,256,0,1,0,325.0,343.0,436.0,317.42857142857144,338.0
2023-09-14,MBA15,340,2023,9,14,3,257,0,1,0,267.0,348.0,597.0,306.57142857142856,343.5
2023-09-15,MBA15,315,2023,9,15,4,258,0,1,0,340.0,333.0,348.0,305.42857142857144,342.3333333333333
2023-09-16,MBA15,287,2023,9,16,5,259,1,1,0,315.0,263.0,283.0,302.85714285714283,339.93333333333334
2023-09-17,MBA15,266,2023,9,17,6,260,1,1,0,287.0,263.0,285.0,306.2857142857143,336.76666666666665
2023-09-18,MBA15,364,2023,9,18,0,261,0,1,0,266.0,347.0,363.0,306.7142857142857,333.53333333333336
2023-09-19,MBA15,317,2023,9,19,1,262,0,1,0,364.0,325.0,364.0,309.14285714285717,337.3333333333333
2023-09-20,MBA15,300,2023,9,20,2,263,0,1,0,317.0,267.0,343.0,308.0,340.6
2023-09-21,MBA15,348,2023,9,21,3,264,0,1,0,300.0,340.0,348.0,312.7142857142857,337.7
2023-09-22,MBA15,338,2023,9,22,4,265,0,1,0,348.0,315.0,333.0,313.85714285714283,336.2
2023-09-23,MBA15,246,2023,9,23,5,266,1,1,0,338.0,287.0,263.0,317.14285714285717,336.23333333333335
2023-09-24,MBA15,306,2023,9,24,6,267,1,1,0,246.0,266.0,263.0,311.2857142857143,328.1333333333333
2023-09-25,MBA15,322,2023,9,25,0,268,0,1,0,306.0,364.0,347.0,317.0,326.8666666666667
2023-09-26,MBA15,329,2023,9,26,1,269,0,1,0,322.0,317.0,325.0,311.0,323.6666666666667
2023-09-27,MBA15,378,2023,9,27,2,270,0,1,0,329.0,300.0,267.0,312.7142857142857,331.6
2023-09-28,MBA15,365,2023,9,28,3,271,0,1,0,378.0,348.0,340.0,323.85714285714283,332.03333333333336
2023-09-29,MBA15,319,2023,9,29,4,272,0,1,0,365.0,338.0,315.0,326.2857142857143,332.8666666666667
2023-09-30,MBA15,274,2023,9,30,5,273,1,1,0,319.0,246.0,287.0,323.57142857142856,328.96666666666664
2023-10-01,MBA15,176,2023,10,1,6,274,1,0,0,274.0,306.0,266.0,327.57142857142856,318.2
2023-10-02,MBA15,99,2023,10,2,0,275,0,0,0,176.0,322.0,364.0,309.0,312.46666666666664
2023-10-03,MBA15,277,2023,10,3,1,276,0,0,0,99.0,329.0,317.0,277.14285714285717,306.3333333333333
2023-10-04,MBA15,292,2023,10,4,2,277,0,0,0,277.0,378.0,300.0,269.7142857142857,306.06666666666666
2023-10-05,MBA15,251,2023,10,5,3,278,0,0,0,292.0,365.0,348.0,257.42857142857144,303.7
2023-10-06,MBA15,207,2023,10,6,4,279,0,0,0,251.0,319.0,338.0,241.14285714285714,299.93333333333334
2023-10-07,MBA15,157,2023,10,7,5,280,1,0,0,207.0,274.0,246.0,225.14285714285714,295.4
2023-10-08,MBA15,188,2023,10,8,6,281,1,0,0,157.0,176.0,306.0,208.42857142857142,289.03333333333336
2023-10-09,MBA15,286,2023,10,9,0,282,0,0,0,188.0,99.0,322.0,210.14285714285714,284.2
2023-10-10,MBA15,275,2023,10,10,1,283,0,0,0,286.0,277.0,329.0,236.85714285714286,284.96666666666664
2023-10-11,MBA15,279,2023,10,11,2,284,0,0,0,275.0,292.0,378.0,236.57142857142858,285.3666666666667
2023-10-12,MBA15,239,2023,10,12,3,285,0,0,0,279.0,251.0,365.0,234.71428571428572,283.1
2023-10-13,MBA15,247,2023,10,13,4,286,0,0,0,239.0,207.0,319.0,233.0,280.23333333333335
2023-10-14,MBA15,236,2023,10,14,5,287,1,0,0,247.0,157.0,274.0,238.71428571428572,279.56666666666666
2023-10-15,MBA15,257,2023,10,15,6,288,1,0,0,236.0,188.0,176.0,250.0,276.1
2023-10-16,MBA15,286,2023,10,16,0,289,0,0,0,257.0,286.0,99.0,259.85714285714283,274.1666666666667
2023-10-17,MBA15,286,2023,10,17,1,290,0,0,0,286.0,275.0,277.0,259.85714285714283,274.1333333333333
2023-10-18,MBA15,238,2023,10,18,2,291,0,0,0,286.0,279.0,292.0,261.42857142857144,274.8
2023-10-19,MBA15,277,2023,10,19,3,292,0,0,0,238.0,239.0,251.0,255.57142857142858,270.6
2023-10-20,MBA15,222,2023,10,20,4,293,0,0,0,277.0,247.0,207.0,261.0,269.26666666666665
2023-10-21,MBA15,366,2023,10,21,5,294,1,0,0,222.0,236.0,157.0,257.42857142857144,266.6666666666667
2023-10-22,MBA15,219,2023,10,22,6,295,1,0,0,366.0,257.0,188.0,276.0,267.26666666666665
2023-10-23,MBA15,282,2023,10,23,0,296,0,0,0,219.0,286.0,286.0,270.57142857142856,263.3
2023-10-24,MBA15,258,2023,10,24,1,297,0,0,0,282.0,286.0,275.0,270.0,264.5
2023-10-25,MBA15,229,2023,10,25,2,298,0,0,0,258.0,238.0,279.0,266.0,262.9
2023-10-26,MBA15,315,2023,10,26,3,299,0,0,0,229.0,277.0,239.0,264.7142857142857,259.8
2023-10-27,MBA15,289,2023,10,27,4,300,0,0,0,315.0,222.0,247.0,270.14285714285717,259.3333333333333
2023-10-28,MBA15,174,2023,10,28,5,301,1,0,0,289.0,366.0,236.0,279.7142857142857,256.3666666666667
2023-10-29,MBA15,215,2023,10,29,6,302,1,0,0,174.0,219.0,257.0,252.28571428571428,250.0
2023-10-30,MBA15,287,2023,10,30,0,303,0,0,0,215.0,282.0,286.0,251.71428571428572,246.53333333333333
2023-10-31,MBA15,212,2023,10,31,1,304,0,0,0,287.0,258.0,286.0,252.42857142857142,246.96666666666667
2023-11-01,MBA15,407,2023,11,1,2,305,0,0,1,212.0,229.0,238.0,245.85714285714286,248.16666666666666
2023-11-02,MBA15,389,2023,11,2,3,306,0,0,1,407.0,315.0,277.0,271.2857142857143,258.43333333333334
2023-11-03,MBA15,355,2023,11,3,4,307,0,0,1,389.0,289.0,222.0,281.85714285714283,262.1666666666667
2023-11-04,MBA15,322,2023,11,4,5,308,1,0,1,355.0,174.0,366.0,291.2857142857143,264.26666666666665
2023-11-05,MBA15,313,2023,11,5,6,309,1,0,1,322.0,215.0,219.0,312.42857142857144,266.6333333333333
2023-11-06,MBA15,387,2023,11,6,0,310,0,0,1,313.0,287.0,282.0,326.42857142857144,270.1666666666667
2023-11-07,MBA15,526,2023,11,7,1,311,0,0,1,387.0,212.0,258.0,340.7142857142857,277.8333333333333
2023-11-08,MBA15,395,2023,11,8,2,312,0,0,1,526.0,407.0,229.0,385.57142857142856,289.1
2023-11-09,MBA15,344,2023,11,9,3,313,0,0,1,395.0,389.0,315.0,383.85714285714283,292.73333333333335
2023-11-10,MBA15,410,2023,11,10,4,314,0,0,1,344.0,355.0,289.0,377.42857142857144,295.03333333333336
2023-11-11,MBA15,269,2023,11,11,5,315,1,0,1,410.0,322.0,174.0,385.2857142857143,299.4
2023-11-12,MBA15,283,2023,11,12,6,316,1,0,1,269.0,313.0,215.0,377.7142857142857,300.4
2023-11-13,MBA15,385,2023,11,13,0,317,0,0,1,283.0,387.0,287.0,373.42857142857144,301.6
2023-11-14,MBA15,553,2023,11,14,1,318,0,0,1,385.0,526.0,212.0,373.14285714285717,306.56666666666666
2023-11-15,MBA15,384,2023,11,15,2,319,0,0,1,553.0,395.0,407.0,377.0,316.43333333333334
2023-11-16,MBA15,410,2023,11,16,3,320,0,0,1,384.0,344.0,389.0,375.42857142857144,319.7
2023-11-17,MBA15,380,2023,11,17,4,321,0,0,1,410.0,410.0,355.0,384.85714285714283,323.8333333333333
2023-11-18,MBA15,280,2023,11,18,5,322,1,0,1,380.0,269.0,322.0,380.57142857142856,328.56666666666666
2023-11-19,MBA15,306,2023,11,19,6,323,1,0,1,280.0,283.0,313.0,382.14285714285717,328.6666666666667
2023-11-20,MBA15,331,2023,11,20,0,324,0,0,1,306.0,385.0,387.0,385.42857142857144,331.46666666666664
2023-11-21,MBA15,420,2023,11,21,1,325,0,0,1,331.0,553.0,526.0,377.7142857142857,330.3
2023-11-22,MBA15,358,2023,11,22,2,326,0,0,1,420.0,384.0,395.0,358.7142857142857,337.0
2023-11-23,MBA15,159,2023,11,23,3,327,0,0,1,358.0,410.0,344.0,355.0,339.53333333333336
2023-11-24,MBA15,193,2023,11,24,4,328,0,0,1,159.0,380.0,410.0,319.14285714285717,336.23333333333335
2023-11-25,MBA15,307,2023,11,25,5,329,1,0,1,193.0,280.0,269.0,292.42857142857144,335.03333333333336
2023-11-26,MBA15,270,2023,11,26,6,330,1,0,1,307.0,306.0,283.0,296.2857142857143,334.76666666666665
2023-11-27,MBA15,345,2023,11,27,0,331,0,0,1,270.0,331.0,385.0,291.14285714285717,334.1333333333333
2023-11-28,MBA15,343,2023,11,28,1,332,0,0,1,345.0,420.0,553.0,293.14285714285717,339.8333333333333
2023-11-29,MBA15,409,2023,11,29,2,333,0,0,1,343.0,358.0,384.0,282.14285714285717,344.1
2023-11-30,MBA15,383,2023,11,30,3,334,0,0,1,409.0,159.0,410.0,289.42857142857144,348.1666666666667
2023-12-01,MBA15,347,2023,12,1,4,335,0,0,1,383.0,193.0,380.0,321.42857142857144,353.8666666666667
2023-12-02,MBA15,320,2023,12,2,5,336,1,0,1,347.0,307.0,280.0,343.42857142857144,351.8666666666667
2023-12-03,MBA15,315,2023,12,3,6,337,1,0,1,320.0,270.0,306.0,345.2857142857143,349.56666666666666
2023-12-04,MBA15,474,2023,12,4,0,338,0,0,1,315.0,345.0,331.0,351.7142857142857,348.23333333333335
2023-12-05,MBA15,389,2023,12,5,1,339,0,0,1,474.0,343.0,420.0,370.14285714285717,353.3
2023-12-06,MBA15,406,2023,12,6,2,340,0,0,1,389.0,409.0,358.0,376.7142857142857,355.8333333333333
2023-12-07,MBA15,386,2023,12,7,3,341,0,0,1,406.0,383.0,159.0,376.2857142857143,356.46666666666664
2023-12-08,MBA15,450,2023,12,8,4,342,0,0,1,386.0,347.0,193.0,376.7142857142857,351.8
2023-12-09,MBA15,286,2023,12,9,5,343,1,0,1,450.0,320.0,307.0,391.42857142857144,353.6333333333333
2023-12-10,MBA15,339,2023,12,10,6,344,1,0,1,286.0,315.0,270.0,386.57142857142856,351.7
2023-12-11,MBA15,442,2023,12,11,0,345,0,0,1,339.0,474.0,345.0,390.0,349.3333333333333
2023-12-12,MBA15,433,2023,12,12,1,346,0,0,1,442.0,389.0,343.0,385.42857142857144,355.1
2023-12-13,MBA15,376,2023,12,13,2,347,0,0,1,433.0,406.0,409.0,391.7142857142857,360.1
2023-12-14,MBA15,400,2023,12,14,3,348,0,0,1,376.0,386.0,383.0,387.42857142857144,359.8
2023-12-15,MBA15,383,2023,12,15,4,349,0,0,1,400.0,450.0,347.0,389.42857142857144,354.7
2023-12-16,MBA15,282,2023,12,16,5,350,1,0,1,383.0,286.0,320.0,379.85714285714283,354.6666666666667
2023-12-17,MBA15,344,2023,12,17,6,351,1,0,1,282.0,339.0,315.0,379.2857142857143,350.4
2023-12-18,MBA15,394,2023,12,18,0,352,0,0,1,344.0,442.0,474.0,380.0,349.2
2023-12-19,MBA15,350,2023,12,19,1,353,0,0,1,394.0,433.0,389.0,373.14285714285717,353.0
2023-12-20,MBA15,366,2023,12,20,2,354,0,0,1,350.0,376.0,406.0,361.2857142857143,354.46666666666664
2023-12-21,MBA15,372,2023,12,21,3,355,0,0,1,366.0,400.0,386.0,359.85714285714283,355.6333333333333
2023-12-22,MBA15,412,2023,12,22,4,356,0,0,1,372.0,383.0,450.0,355.85714285714283,354.03333333333336
2023-12-23,MBA15,271,2023,12,23,5,357,1,0,1,412.0,282.0,286.0,360.0,355.8333333333333
2023-12-24,MBA15,240,2023,12,24,6,358,1,0,1,271.0,344.0,339.0,358.42857142857144,359.56666666666666
2023-12-25,MBA15,342,2023,12,25,0,359,0,0,1,240.0,394.0,442.0,343.57142857142856,361.1333333333333
2023-12-26,MBA15,383,2023,12,26,1,360,0,0,1,342.0,350.0,433.0,336.14285714285717,362.3
2023-12-27,MBA15,348,2023,12,27,2,361,0,0,1,383.0,366.0,376.0,340.85714285714283,366.06666666666666
2023-12-28,MBA15,371,2023,12,28,3,362,0,0,1,348.0,372.0,400.0,338.2857142857143,366.1666666666667
2023-12-29,MBA15,362,2023,12,29,4,363,0,0,1,371.0,412.0,383.0,338.14285714285717,367.1
2023-12-30,MBA15,245,2023,12,30,5,364,1,0,1,362.0,271.0,282.0,331.0,365.53333333333336
2023-12-31,MBA15,285,2023,12,31,6,365,1,0,1,245.0,240.0,344.0,327.2857142857143,360.93333333333334
2024-01-01,MBA15,261,2024,1,1,0,1,0,0,0,285.0,342.0,394.0,333.7142857142857,358.8666666666667
2024-01-02,MBA15,295,2024,1,2,1,2,0,0,0,261.0,383.0,350.0,322.14285714285717,356.9
2024-01-03,MBA15,325,2024,1,3,2,3,0,0,0,295.0,348.0,366.0,309.57142857142856,356.23333333333335
2024-01-04,MBA15,245,2024,1,4,3,4,0,0,0,325.0,371.0,372.0,306.2857142857143,351.26666666666665
2024-01-05,MBA15,272,2024,1,5,4,5,0,0,0,245.0,362.0,412.0,288.2857142857143,346.46666666666664
2024-01-06,MBA15,231,2024,1,6,5,6,1,0,0,272.0,245.0,271.0,275.42857142857144,342.0
2024-01-07,MBA15,287,2024,1,7,6,7,1,0,0,231.0,285.0,240.0,273.42857142857144,336.8333333333333
2024-01-08,MBA15,252,2024,1,8,0,8,0,0,0,287.0,261.0,342.0,273.7142857142857,331.4
2024-01-09,MBA15,243,2024,1,9,1,9,0,0,0,252.0,295.0,383.0,272.42857142857144,330.26666666666665
2024-01-10,MBA15,257,2024,1,10,2,10,0,0,0,243.0,325.0,348.0,265.0,327.06666666666666
2024-01-11,MBA15,243,2024,1,11,3,11,0,0,0,257.0,245.0,371.0,255.28571428571428,320.9
2024-01-12,MBA15,287,2024,1,12,4,12,0,0,0,243.0,272.0,362.0,255.0,314.56666666666666
2024-01-13,MBA15,245,2024,1,13,5,13,1,0,0,287.0,231.0,245.0,257.14285714285717,311.6
2024-01-14,MBA15,224,2024,1,14,6,14,1,0,0,245.0,287.0,285.0,259.14285714285717,306.43333333333334
2024-01-15,MBA15,272,2024,1,15,0,15,0,0,0,224.0,252.0,261.0,250.14285714285714,301.1333333333333
2024-01-16,MBA15,307,2024,1,16,1,16,0,0,0,272.0,243.0,295.0,253.0,300.8
2024-01-17,MBA15,261,2024,1,17,2,17,0,0,0,307.0,257.0,325.0,262.14285714285717,299.56666666666666
2024-01-18,MBA15,290,2024,1,18,3,18,0,0,0,261.0,243.0,245.0,262.7142857142857,295.1333333333333
2024-01-19,MBA15,261,2024,1,19,4,19,0,0,0,290.0,287.0,272.0,269.42857142857144,293.1333333333333
2024-01-20,MBA15,183,2024,1,20,5,20,1,0,0,261.0,245.0,231.0,265.7142857142857,289.6333333333333
2024-01-21,MBA15,251,2024,1,21,6,21,1,0,0,183.0,224.0,287.0,256.85714285714283,283.3333333333333
2024-01-22,MBA15,276,2024,1,22,0,22,0,0,0,251.0,272.0,252.0,260.7142857142857,277.96666666666664
2024-01-23,MBA15,299,2024,1,23,1,23,0,0,0,276.0,307.0,243.0,261.2857142857143,278.1333333333333
2024-01-24,MBA15,280,2024,1,24,2,24,0,0,0,299.0,261.0,257.0,260.14285714285717,280.1
2024-01-25,MBA15,403,2024,1,25,3,25,0,0,0,280.0,290.0,243.0,262.85714285714283,278.03333333333336
2024-01-26,MBA15,244,2024,1,26,4,26,0,0,0,403.0,261.0,287.0,279.0,278.7
2024-01-27,MBA15,236,2024,1,27,5,27,1,0,0,244.0,183.0,245.0,276.57142857142856,275.23333333333335
2024-01-28,MBA15,220,2024,1,28,6,28,1,0,0,236.0,251.0,224.0,284.14285714285717,270.73333333333335
2024-01-29,MBA15,248,2024,1,29,0,29,0,0,0,220.0,276.0,272.0,279.7142857142857,266.0
2024-01-30,MBA15,256,2024,1,30,1,30,0,0,0,248.0,299.0,307.0,275.7142857142857,266.1
2024-01-31,MBA15,251,2024,1,31,2,31,0,0,0,256.0,280.0,261.0,269.57142857142856,265.1333333333333
2024-02-01,MBA15,263,2024,2,1,3,32,0,0,0,251.0,403.0,290.0,265.42857142857144,264.8
2024-02-02,MBA15,230,2024,2,2,4,33,0,0,0,263.0,244.0,261.0,245.42857142857142,263.73333333333335
2024-02-03,MBA15,311,2024,2,3,5,34,1,0,0,230.0,236.0,183.0,243.42857142857142,260.56666666666666
2024-02-04,MBA15,226,2024,2,4,6,35,1,0,0,311.0,220.0,251.0,254.14285714285714,262.76666666666665
2024-02-05,MBA15,302,2024,2,5,0,36,0,0,0,226.0,248.0,276.0,255.0,261.23333333333335
2024-02-06,MBA15,304,2024,2,6,1,37,0,0,0,302.0,256.0,299.0,262.7142857142857,263.6
2024-02-07,MBA15,273,2024,2,7,2,38,0,0,0,304.0,251.0,280.0,269.57142857142856,264.1666666666667
2024-02-08,MBA15,223,2024,2,8,3,39,0,0,0,273.0,263.0,403.0,272.7142857142857,264.8666666666667
2024-02-09,MBA15,317,2024,2,9,4,40,0,0,0,223.0,230.0,244.0,267.0,264.2
2024-02-10,MBA15,178,2024,2,10,5,41,1,0,0,317.0,311.0,236.0,279.42857142857144,266.2
2024-02-11,MBA15,231,2024,2,11,6,42,1,0,0,178.0,226.0,220.0,260.42857142857144,264.03333333333336
2024-02-12,MBA15,307,2024,2,12,0,43,0,0,0,231.0,302.0,248.0,261.14285714285717,262.1666666666667
2024-02-13,MBA15,283,2024,2,13,1,44,0,0,0,307.0,304.0,256.0,261.85714285714283,264.23333333333335
2024-02-14,MBA15,250,2024,2,14,2,45,0,0,0,283.0,273.0,251.0,258.85714285714283,266.2
2024-02-15,MBA15,274,2024,2,15,3,46,0,0,0,250.0,223.0,263.0,255.57142857142858,265.46666666666664
2024-02-16,MBA15,252,2024,2,16,4,47,0,0,0,274.0,317.0,230.0,262.85714285714283,264.3666666666667
2024-02-17,MBA15,200,2024,2,17,5,48,1,0,0,252.0,178.0,311.0,253.57142857142858,264.06666666666666
2024-02-18,MBA15,224,2024,2,18,6,49,1,0,0,200.0,231.0,226.0,256.7142857142857,261.06666666666666
2024-02-19,MBA15,195,2024,2,19,0,50,0,0,0,224.0,307.0,302.0,255.71428571428572,259.8333333333333
2024-02-20,MBA15,261,2024,2,20,1,51,0,0,0,195.0,283.0,304.0,239.71428571428572,260.23333333333335
2024-02-21,MBA15,273,2024,2,21,2,52,0,0,0,261.0,250.0,273.0,236.57142857142858,260.56666666666666
2024-02-22,MBA15,271,2024,2,22,3,53,0,0,0,273.0,274.0,223.0,239.85714285714286,260.46666666666664
2024-02-23,MBA15,246,2024,2,23,4,54,0,0,0,271.0,252.0,317.0,239.42857142857142,259.53333333333336
2024-02-24,MBA15,308,2024,2,24,5,55,1,0,0,246.0,200.0,178.0,238.57142857142858,258.4
2024-02-25,MBA15,296,2024,2,25,6,56,1,0,0,308.0,224.0,231.0,254.0,255.23333333333332
2024-02-26,MBA15,519,2024,2,26,0,57,0,0,0,296.0,195.0,307.0,264.2857142857143,256.96666666666664
2024-02-27,MBA15,284,2024,2,27,1,58,0,0,0,519.0,261.0,283.0,310.57142857142856,266.4
2024-02-28,MBA15,254,2024,2,28,2,59,0,0,0,284.0,273.0,250.0,313.85714285714283,268.53333333333336
2024-02-29,MBA15,261,2024,2,29,3,60,0,0,0,254.0,271.0,274.0,311.14285714285717,268.73333333333335
2024-03-01,MBA15,269,2024,3,1,4,61,0,0,0,261.0,246.0,252.0,309.7142857142857,268.9
2024-03-02,MBA15,186,2024,3,2,5,62,1,0,0,269.0,308.0,200.0,313.0,269.5
2024-03-03,MBA15,244,2024,3,3,6,63,1,0,0,186.0,296.0,224.0,295.57142857142856,266.93333333333334
2024-03-04,MBA15,310,2024,3,4,0,64,0,0,0,244.0,519.0,195.0,288.14285714285717,267.4
2024-03-05,MBA15,235,2024,3,5,1,65,0,0,0,310.0,284.0,261.0,258.2857142857143,267.3666666666667
2024-03-06,MBA15,318,2024,3,6,2,66,0,0,0,235.0,254.0,273.0,251.28571428571428,267.6666666666667
2024-03-07,MBA15,270,2024,3,7,3,67,0,0,0,318.0,261.0,271.0,260.42857142857144,268.2
2024-03-08,MBA15,282,2024,3,8,4,68,0,0,0,270.0,269.0,246.0,261.7142857142857,267.06666666666666
2024-03-09,MBA15,176,2024,3,9,5,69,1,0,0,282.0,186.0,308.0,263.57142857142856,267.3666666666667
2024-03-10,MBA15,200,2024,3,10,6,70,1,0,0,176.0,244.0,296.0,262.14285714285717,265.8
2024-03-11,MBA15,285,2024,3,11,0,71,0,0,0,200.0,310.0,519.0,255.85714285714286,261.9
2024-03-12,MBA15,297,2024,3,12,1,72,0,0,0,285.0,235.0,284.0,252.28571428571428,265.46666666666664
2024-03-13,MBA15,241,2024,3,13,2,73,0,0,0,297.0,318.0,254.0,261.14285714285717,267.6666666666667
2024-03-14,MBA15,85,2024,3,14,3,74,0,0,0,241.0,270.0,261.0,250.14285714285714,265.46666666666664
2024-03-15,MBA15,268,2024,3,15,4,75,0,0,0,85.0,282.0,269.0,223.71428571428572,258.8666666666667
2024-03-16,MBA15,218,2024,3,16,5,76,1,0,0,268.0,176.0,186.0,221.71428571428572,259.46666666666664
2024-03-17,MBA15,226,2024,3,17,6,77,1,0,0,218.0,200.0,244.0,227.71428571428572,257.6
2024-03-18,MBA15,265,2024,3,18,0,78,0,0,0,226.0,285.0,310.0,231.42857142857142,256.73333333333335
2024-03-19,MBA15,302,2024,3,19,1,79,0,0,0,265.0,297.0,235.0,228.57142857142858,258.9
2024-03-20,MBA15,242,2024,3,20,2,80,0,0,0,302.0,241.0,318.0,229.28571428571428,261.5
2024-03-21,MBA15,280,2024,3,21,3,81,0,0,0,242.0,85.0,270.0,229.42857142857142,263.06666666666666
2024-03-22,MBA15,281,2024,3,22,4,82,0,0,0,280.0,268.0,282.0,257.2857142857143,263.7
2024-03-23,MBA15,193,2024,3,23,5,83,1,0,0,281.0,218.0,176.0,259.14285714285717,263.96666666666664
2024-03-24,MBA15,228,2024,3,24,6,84,1,0,0,193.0,226.0,200.0,255.57142857142858,261.3666666666667
2024-03-25,MBA15,96,2024,3,25,0,85,0,0,0,228.0,265.0,285.0,255.85714285714286,260.76666666666665
2024-03-26,MBA15,195,2024,3,26,1,86,0,0,0,96.0,302.0,297.0,231.71428571428572,253.7
2024-03-27,MBA15,238,2024,3,27,2,87,0,0,0,195.0,242.0,241.0,216.42857142857142,250.33333333333334
2024-03-28,MBA15,259,2024,3,28,3,88,0,0,0,238.0,280.0,85.0,215.85714285714286,240.96666666666667
2024-03-29,MBA15,307,2024,3,29,4,89,0,0,0,259.0,281.0,268.0,212.85714285714286,240.13333333333333
2024-03-30,MBA15,183,2024,3,30,5,90,1,0,0,307.0,193.0,218.0,216.57142857142858,241.9
2024-03-31,MBA15,249,2024,3,31,6,91,1,0,0,183.0,228.0,226.0,215.14285714285714,239.3
2024-04-01,MBA15,217,2024,4,1,0,92,0,0,0,249.0,96.0,265.0,218.14285714285714,238.63333333333333
2024-04-02,MBA15,341,2024,4,2,1,93,0,0,0,217.0,195.0,302.0,235.42857142857142,239.66666666666666
2024-04-03,MBA15,228,2024,4,3,2,94,0,0,0,341.0,238.0,242.0,256.2857142857143,242.9
2024-04-04,MBA15,302,2024,4,4,3,95,0,0,0,228.0,259.0,280.0,254.85714285714286,240.16666666666666
2024-04-05,MBA15,249,2024,4,5,4,96,0,0,0,302.0,307.0,281.0,261.0,242.4
2024-04-06,MBA15,234,2024,4,6,5,97,1,0,0,249.0,183.0,193.0,252.71428571428572,240.1
2024-04-07,MBA15,267,2024,4,7,6,98,1,0,0,234.0,249.0,228.0,260.0,238.9
2024-04-08,MBA15,260,2024,4,8,0,99,0,0,0,267.0,217.0,96.0,262.57142857142856,238.4
2024-04-09,MBA15,337,2024,4,9,1,100,0,0,0,260.0,341.0,195.0,268.7142857142857,241.2
2024-04-10,MBA15,319,2024,4,10,2,101,0,0,0,337.0,228.0,238.0,268.14285714285717,245.76666666666668
2024-04-11,MBA15,225,2024,4,11,3,102,0,0,0,319.0,302.0,259.0,281.14285714285717,246.9
2024-04-12,MBA15,267,2024,4,12,4,103,0,0,0,225.0,249.0,307.0,270.14285714285717,244.5
2024-04-13,MBA15,210,2024,4,13,5,104,1,0,0,267.0,234.0,183.0,272.7142857142857,245.36666666666667
2024-04-14,MBA15,218,2024,4,14,6,105,1,0,0,210.0,267.0,249.0,269.2857142857143,249.53333333333333
2024-04-15,MBA15,257,2024,4,15,0,106,0,0,0,218.0,260.0,217.0,262.2857142857143,247.86666666666667
2024-04-16,MBA15,241,2024,4,16,1,107,0,0,0,257.0,337.0,341.0,261.85714285714283,249.16666666666666
2024-04-17,MBA15,265,2024,4,17,2,108,0,0,0,241.0,319.0,228.0,248.14285714285714,249.66666666666666
2024-04-18,MBA15,284,2024,4,18,3,109,0,0,0,265.0,225.0,302.0,240.42857142857142,249.66666666666666
2024-04-19,MBA15,195,2024,4,19,4,110,0,0,0,284.0,267.0,249.0,248.85714285714286,249.06666666666666
2024-04-20,MBA15,243,2024,4,20,5,111,1,0,0,195.0,210.0,234.0,238.57142857142858,247.5
2024-04-21,MBA15,222,2024,4,21,6,112,1,0,0,243.0,218.0,267.0,243.28571428571428,246.26666666666668
2024-04-22,MBA15,312,2024,4,22,0,113,0,0,0,222.0,257.0,260.0,243.85714285714286,244.3
2024-04-23,MBA15,254,2024,4,23,1,114,0,0,0,312.0,241.0,337.0,251.71428571428572,248.26666666666668
2024-04-24,MBA15,251,2024,4,24,2,115,0,0,0,254.0,265.0,319.0,253.57142857142858,249.13333333333333
2024-04-25,MBA15,244,2024,4,25,3,116,0,0,0,251.0,284.0,225.0,251.57142857142858,254.3
2024-04-26,MBA15,282,2024,4,26,4,117,0,0,0,244.0,195.0,267.0,245.85714285714286,255.93333333333334
2024-04-27,MBA15,163,2024,4,27,5,118,1,0,0,282.0,243.0,210.0,258.2857142857143,257.4
2024-04-28,MBA15,195,2024,4,28,6,119,1,0,0,163.0,222.0,218.0,246.85714285714286,254.2
2024-04-29,MBA15,273,2024,4,29,0,120,0,0,0,195.0,312.0,257.0,243.0,250.46666666666667
2024-04-30,MBA15,224,2024,4,30,1,121,0,0,0,273.0,254.0,241.0,237.42857142857142,253.46666666666667
2024-05-01,MBA15,270,2024,5,1,2,122,0,0,0,224.0,251.0,265.0,233.14285714285714,252.63333333333333
2024-05-02,MBA15,306,2024,5,2,3,123,0,0,0,270.0,244.0,284.0,235.85714285714286,254.4
2024-05-03,MBA15,301,2024,5,3,4,124,0,0,0,306.0,282.0,195.0,244.71428571428572,253.23333333333332
2024-05-04,MBA15,213,2024,5,4,5,125,1,0,0,301.0,163.0,243.0,247.42857142857142,255.66666666666666
2024-05-05,MBA15,245,2024,5,5,6,126,1,0,0,213.0,195.0,222.0,254.57142857142858,252.7
2024-05-06,MBA15,145,2024,5,6,0,127,0,0,0,245.0,273.0,312.0,261.7142857142857,252.56666666666666
2024-05-07,MBA15,273,2024,5,7,1,128,0,0,0,145.0,224.0,254.0,243.42857142857142,249.6
2024-05-08,MBA15,277,2024,5,8,2,129,0,0,0,273.0,270.0,251.0,250.42857142857142,249.8
2024-05-09,MBA15,261,2024,5,9,3,130,0,0,0,277.0,306.0,244.0,251.42857142857142,250.36666666666667
2024-05-10,MBA15,326,2024,5,10,4,131,0,0,0,261.0,301.0,282.0,245.0,247.83333333333334
2024-05-11,MBA15,216,2024,5,11,5,132,1,0,0,326.0,213.0,163.0,248.57142857142858,248.06666666666666
2024-05-12,MBA15,194,2024,5,12,6,133,1,0,0,216.0,245.0,195.0,249.0,247.76666666666668
2024-05-13,MBA15,298,2024,5,13,0,134,0,0,0,194.0,145.0,273.0,241.71428571428572,245.33333333333334
2024-05-14,MBA15,268,2024,5,14,1,135,0,0,0,298.0,273.0,224.0,263.57142857142856,248.26666666666668
2024-05-15,MBA15,270,2024,5,15,2,136,0,0,0,268.0,277.0,270.0,262.85714285714283,249.93333333333334
2024-05-16,MBA15,287,2024,5,16,3,137,0,0,0,270.0,261.0,306.0,261.85714285714283,250.36666666666667
2024-05-17,MBA15,288,2024,5,17,4,138,0,0,0,287.0,326.0,301.0,265.57142857142856,251.9
2024-05-18,MBA15,188,2024,5,18,5,139,1,0,0,288.0,216.0,213.0,260.14285714285717,252.66666666666666
2024-05-19,MBA15,208,2024,5,19,6,140,1,0,0,188.0,194.0,245.0,256.14285714285717,249.46666666666667
2024-05-20,MBA15,228,2024,5,20,0,141,0,0,0,208.0,298.0,145.0,258.14285714285717,249.9
2024-05-21,MBA15,277,2024,5,21,1,142,0,0,0,228.0,268.0,273.0,248.14285714285714,249.4
2024-05-22,MBA15,322,2024,5,22,2,143,0,0,0,277.0,270.0,277.0,249.42857142857142,251.23333333333332
2024-05-23,MBA15,240,2024,5,23,3,144,0,0,0,322.0,287.0,261.0,256.85714285714283,251.56666666666666
2024-05-24,MBA15,223,2024,5,24,4,145,0,0,0,240.0,288.0,326.0,250.14285714285714,251.1
2024-05-25,MBA15,198,2024,5,25,5,146,1,0,0,223.0,188.0,216.0,240.85714285714286,250.16666666666666
2024-05-26,MBA15,209,2024,5,26,6,147,1,0,0,198.0,208.0,194.0,242.28571428571428,248.63333333333333
2024-05-27,MBA15,289,2024,5,27,0,148,0,0,0,209.0,228.0,298.0,242.42857142857142,246.2
2024-05-28,MBA15,257,2024,5,28,1,149,0,0,0,289.0,277.0,268.0,251.14285714285714,250.4
2024-05-29,MBA15,278,2024,5,29,2,150,0,0,0,257.0,322.0,270.0,248.28571428571428,252.46666666666667
2024-05-30,MBA15,253,2024,5,30,3,151,0,0,0,278.0,240.0,287.0,242.0,252.63333333333333
2024-05-31,MBA15,262,2024,5,31,4,152,0,0,0,253.0,223.0,288.0,243.85714285714286,253.6
2024-06-01,MBA15,193,2024,6,1,5,153,1,0,0,262.0,198.0,188.0,249.42857142857142,253.33333333333334
2024-06-02,MBA15,184,2024,6,2,6,154,1,0,0,193.0,209.0,208.0,248.71428571428572,249.56666666666666
2024-06-03,MBA15,290,2024,6,3,0,155,0,0,0,184.0,289.0,228.0,245.14285714285714,245.66666666666666
2024-06-04,MBA15,255,2024,6,4,1,156,0,0,0,290.0,257.0,277.0,245.28571428571428,248.23333333333332
2024-06-05,MBA15,280,2024,6,5,2,157,0,0,0,255.0,278.0,322.0,245.0,248.56666666666666
2024-06-06,MBA15,243,2024,6,6,3,158,0,0,0,280.0,253.0,240.0,245.28571428571428,253.06666666666666
2024-06-07,MBA15,267,2024,6,7,4,159,0,0,0,243.0,262.0,223.0,243.85714285714286,252.06666666666666
2024-06-08,MBA15,156,2024,6,8,5,160,1,0,0,267.0,193.0,198.0,244.57142857142858,251.73333333333332
2024-06-09,MBA15,206,2024,6,9,6,161,1,0,0,156.0,184.0,209.0,239.28571428571428,248.23333333333332
2024-06-10,MBA15,246,2024,6,10,0,162,0,0,0,206.0,290.0,289.0,242.42857142857142,244.23333333333332
2024-06-11,MBA15,301,2024,6,11,1,163,0,0,0,246.0,255.0,257.0,236.14285714285714,245.23333333333332
2024-06-12,MBA15,231,2024,6,12,2,164,0,0,0,301.0,280.0,278.0,242.71428571428572,248.8
2024-06-13,MBA15,263,2024,6,13,3,165,0,0,0,231.0,243.0,253.0,235.71428571428572,246.56666666666666
2024-06-14,MBA15,277,2024,6,14,4,166,0,0,0,263.0,267.0,262.0,238.57142857142858,246.4
2024-06-15,MBA15,246,2024,6,15,5,167,1,0,0,277.0,156.0,193.0,240.0,246.63333333333333
2024-06-16,MBA15,241,2024,6,16,6,168,1,0,0,246.0,206.0,184.0,252.85714285714286,245.26666666666668
2024-06-17,MBA15,265,2024,6,17,0,169,0,0,0,241.0,246.0,290.0,257.85714285714283,243.7
2024-06-18,MBA15,269,2024,6,18,1,170,0,0,0,265.0,301.0,255.0,260.57142857142856,246.26666666666668
2024-06-19,MBA15,301,2024,6,19,2,171,0,0,0,269.0,231.0,280.0,256.0,248.3
2024-06-20,MBA15,265,2024,6,20,3,172,0,0,0,301.0,263.0,243.0,266.0,250.73333333333332
2024-06-21,MBA15,272,2024,6,21,4,173,0,0,0,265.0,277.0,267.0,266.2857142857143,250.33333333333334
2024-06-22,MBA15,252,2024,6,22,5,174,1,0,0,272.0,246.0,156.0,265.57142857142856,248.66666666666666
2024-06-23,MBA15,288,2024,6,23,6,175,1,0,0,252.0,241.0,206.0,266.42857142857144,249.06666666666666
2024-06-24,MBA15,275,2024,6,24,0,176,0,0,0,288.0,265.0,246.0,273.14285714285717,251.23333333333332
2024-06-25,MBA15,282,2024,6,25,1,177,0,0,0,275.0,269.0,301.0,274.57142857142856,253.8
2024-06-26,MBA15,291,2024,6,26,2,178,0,0,0,282.0,301.0,231.0,276.42857142857144,256.23333333333335
2024-06-27,MBA15,302,2024,6,27,3,179,0,0,0,291.0,265.0,263.0,275.0,256.3
2024-06-28,MBA15,298,2024,6,28,4,180,0,0,0,302.0,272.0,277.0,280.2857142857143,257.8
2024-06-29,MBA15,200,2024,6,29,5,181,1,0,0,298.0,252.0,246.0,284.0,258.46666666666664
2024-06-30,MBA15,226,2024,6,30,6,182,1,0,0,200.0,288.0,241.0,276.57142857142856,256.7
2024-07-01,MBA15,298,2024,7,1,0,183,0,0,0,226.0,275.0,265.0,267.7142857142857,255.5
2024-07-02,MBA15,309,2024,7,2,1,184,0,0,0,298.0,282.0,269.0,271.0,259.0
2024-07-03,MBA15,263,2024,7,3,2,185,0,0,0,309.0,291.0,301.0,274.85714285714283,263.1666666666667
2024-07-04,MBA15,276,2024,7,4,3,186,0,0,0,263.0,302.0,265.0,270.85714285714283,262.26666666666665
2024-07-05,MBA15,279,2024,7,5,4,187,0,0,0,276.0,298.0,272.0,267.14285714285717,262.96666666666664
2024-07-06,MBA15,217,2024,7,6,5,188,1,0,0,279.0,200.0,252.0,264.42857142857144,262.93333333333334
2024-07-07,MBA15,224,2024,7,7,6,189,1,0,0,217.0,226.0,288.0,266.85714285714283,262.06666666666666
2024-07-08,MBA15,206,2024,7,8,0,190,0,0,0,224.0,298.0,275.0,266.57142857142856,260.6333333333333
2024-07-09,MBA15,361,2024,7,9,1,191,0,0,0,206.0,309.0,282.0,253.42857142857142,262.3
2024-07-10,MBA15,125,2024,7,10,2,192,0,0,0,361.0,263.0,291.0,260.85714285714283,267.46666666666664
2024-07-11,MBA15,273,2024,7,11,3,193,0,0,0,125.0,276.0,302.0,241.14285714285714,263.43333333333334
2024-07-12,MBA15,251,2024,7,12,4,194,0,0,0,273.0,279.0,298.0,240.71428571428572,262.5
2024-07-13,MBA15,257,2024,7,13,5,195,1,0,0,251.0,217.0,200.0,236.71428571428572,263.1666666666667
2024-07-14,MBA15,205,2024,7,14,6,196,1,0,0,257.0,224.0,226.0,242.42857142857142,262.96666666666664
2024-07-15,MBA15,238,2024,7,15,0,197,0,0,0,205.0,206.0,298.0,239.71428571428572,260.56666666666666
2024-07-16,MBA15,320,2024,7,16,1,198,0,0,0,238.0,361.0,309.0,244.28571428571428,260.3
2024-07-17,MBA15,270,2024,7,17,2,199,0,0,0,320.0,125.0,263.0,238.42857142857142,262.93333333333334
2024-07-18,MBA15,315,2024,7,18,3,200,0,0,0,270.0,273.0,276.0,259.14285714285717,263.1
2024-07-19,MBA15,267,2024,7,19,4,201,0,0,0,315.0,251.0,279.0,265.14285714285717,264.6333333333333
2024-07-20,MBA15,217,2024,7,20,5,202,1,0,0,267.0,257.0,217.0,267.42857142857144,263.5
2024-07-21,MBA15,277,2024,7,21,6,203,1,0,0,217.0,205.0,224.0,261.7142857142857,261.9
2024-07-22,MBA15,255,2024,7,22,0,204,0,0,0,277.0,238.0,206.0,272.0,262.06666666666666
2024-07-23,MBA15,247,2024,7,23,1,205,0,0,0,255.0,320.0,361.0,274.42857142857144,262.1666666666667
2024-07-24,MBA15,282,2024,7,24,2,206,0,0,0,247.0,270.0,125.0,264.0,260.8
2024-07-25,MBA15,276,2024,7,25,3,207,0,0,0,282.0,315.0,273.0,265.7142857142857,261.03333333333336
2024-07-26,MBA15,272,2024,7,26,4,208,0,0,0,276.0,267.0,251.0,260.14285714285717,260.8333333333333
2024-07-27,MBA15,154,2024,7,27,5,209,1,0,0,272.0,217.0,257.0,260.85714285714283,260.2
2024-07-28,MBA15,221,2024,7,28,6,210,1,0,0,154.0,277.0,205.0,251.85714285714286,255.26666666666668
2024-07-29,MBA15,400,2024,7,29,0,211,0,0,0,221.0,255.0,238.0,243.85714285714286,252.7
2024-07-30,MBA15,277,2024,7,30,1,212,0,0,0,400.0,247.0,320.0,264.57142857142856,259.3666666666667
2024-07-31,MBA15,264,2024,7,31,2,213,0,0,0,277.0,282.0,270.0,268.85714285714283,261.06666666666666
2024-08-01,MBA15,348,2024,8,1,3,214,0,1,0,264.0,276.0,315.0,266.2857142857143,259.93333333333334
2024-08-02,MBA15,415,2024,8,2,4,215,0,1,0,348.0,272.0,267.0,276.57142857142856,261.23333333333335
2024-08-03,MBA15,274,2024,8,3,5,216,1,1,0,415.0,154.0,217.0,297.0,266.3
2024-08-04,MBA15,127,2024,8,4,6,217,1,1,0,274.0,221.0,277.0,314.14285714285717,266.23333333333335
2024-08-05,MBA15,213,2024,8,5,0,218,0,1,0,127.0,400.0,255.0,300.7142857142857,261.1666666666667
2024-08-06,MBA15,205,2024,8,6,1,219,0,1,0,213.0,277.0,247.0,274.0,261.03333333333336
2024-08-07,MBA15,314,2024,8,7,2,220,0,1,0,205.0,264.0,282.0,263.7142857142857,260.4
2024-08-08,MBA15,473,2024,8,8,3,221,0,1,0,314.0,348.0,276.0,270.85714285714283,264.0
2024-08-09,MBA15,398,2024,8,9,4,222,0,1,0,473.0,415.0,272.0,288.7142857142857,267.73333333333335
2024-08-10,MBA15,277,2024,8,10,5,223,1,1,0,398.0,274.0,154.0,286.2857142857143,276.8333333333333
2024-08-11,MBA15,448,2024,8,11,6,224,1,1,0,277.0,127.0,221.0,286.7142857142857,276.96666666666664
2024-08-12,MBA15,338,2024,8,12,0,225,0,1,0,448.0,213.0,400.0,332.57142857142856,283.53333333333336
2024-08-13,MBA15,339,2024,8,13,1,226,0,1,0,338.0,205.0,277.0,350.42857142857144,286.23333333333335
2024-08-14,MBA15,310,2024,8,14,2,227,0,1,0,339.0,314.0,264.0,369.57142857142856,290.7
2024-08-15,MBA15,374,2024,8,15,3,228,0,1,0,310.0,473.0,348.0,369.0,293.1
2024-08-16,MBA15,301,2024,8,16,4,229,0,1,0,374.0,398.0,415.0,354.85714285714283,294.9
2024-08-17,MBA15,289,2024,8,17,5,230,1,1,0,301.0,277.0,274.0,341.0,295.93333333333334
2024-08-18,MBA15,288,2024,8,18,6,231,1,1,0,289.0,448.0,127.0,342.7142857142857,295.06666666666666
2024-08-19,MBA15,351,2024,8,19,0,232,0,1,0,288.0,338.0,213.0,319.85714285714283,295.76666666666665
2024-08-20,MBA15,374,2024,8,20,1,233,0,1,0,351.0,339.0,205.0,321.7142857142857,300.23333333333335
2024-08-21,MBA15,345,2024,8,21,2,234,0,1,0,374.0,310.0,314.0,326.7142857142857,303.46666666666664
2024-08-22,MBA15,366,2024,8,22,3,235,0,1,0,345.0,374.0,473.0,331.7142857142857,306.46666666666664
2024-08-23,MBA15,398,2024,8,23,4,236,0,1,0,366.0,301.0,398.0,330.57142857142856,310.43333333333334
2024-08-24,MBA15,309,2024,8,24,5,237,1,1,0,398.0,289.0,277.0,344.42857142857144,314.3
2024-08-25,MBA15,280,2024,8,25,6,238,1,1,0,309.0,288.0,448.0,347.2857142857143,315.4
2024-08-26,MBA15,361,2024,8,26,0,239,0,1,0,280.0,351.0,338.0,346.14285714285717,315.6666666666667
2024-08-27,MBA15,351,2024,8,27,1,240,0,1,0,361.0,374.0,339.0,347.57142857142856,322.56666666666666
2024-08-28,MBA15,356,2024,8,28,2,241,0,1,0,351.0,345.0,310.0,344.2857142857143,326.9
2024-08-29,MBA15,367,2024,8,29,3,242,0,1,0,356.0,366.0,374.0,345.85714285714283,325.43333333333334
2024-08-30,MBA15,321,2024,8,30,4,243,0,1,0,367.0,398.0,301.0,346.0,328.43333333333334
2024-08-31,MBA15,246,2024,8,31,5,244,1,1,0,321.0,309.0,289.0,335.0,330.3333333333333
2024-09-01,MBA15,266,2024,9,1,6,245,1,1,0,246.0,280.0,288.0,326.0,326.93333333333334
2024-09-02,MBA15,375,2024,9,2,0,246,0,1,0,266.0,361.0,351.0,324.0,321.96666666666664
2024-09-03,MBA15,379,2024,9,3,1,247,0,1,0,375.0,351.0,374.0,326.0,325.3333333333333
2024-09-04,MBA15,384,2024,9,4,2,248,0,1,0,379.0,356.0,345.0,330.0,333.73333333333335
2024-09-05,MBA15,336,2024,9,5,3,249,0,1,0,384.0,367.0,366.0,334.0,339.43333333333334
2024-09-06,MBA15,363,2024,9,6,4,250,0,1,0,336.0,321.0,398.0,329.57142857142856,343.8
2024-09-07,MBA15,281,2024,9,7,5,251,1,1,0,363.0,246.0,309.0,335.57142857142856,345.43333333333334
2024-09-08,MBA15,288,2024,9,8,6,252,1,1,0,281.0,266.0,280.0,340.57142857142856,339.03333333333336
2024-09-09,MBA15,145,2024,9,9,0,253,0,1,0,288.0,375.0,361.0,343.7142857142857,335.3666666666667
2024-09-10,MBA15,368,2024,9,10,1,254,0,1,0,145.0,379.0,351.0,310.85714285714283,330.96666666666664
2024-09-11,MBA15,395,2024,9,11,2,255,0,1,0,368.0,384.0,356.0,309.2857142857143,328.3
2024-09-12,MBA15,318,2024,9,12,3,256,0,1,0,395.0,336.0,367.0,310.85714285714283,330.2
2024-09-13,MBA15,369,2024,9,13,4,257,0,1,0,318.0,363.0,321.0,308.2857142857143,329.5
2024-09-14,MBA15,317,2024,9,14,5,258,1,1,0,369.0,281.0,246.0,309.14285714285717,331.46666666666664
2024-09-15,MBA15,256,2024,9,15,6,259,1,1,0,317.0,288.0,266.0,314.2857142857143,329.56666666666666
2024-09-16,MBA15,329,2024,9,16,0,260,0,1,0,256.0,145.0,375.0,309.7142857142857,328.06666666666666
2024-09-17,MBA15,369,2024,9,17,1,261,0,1,0,329.0,368.0,379.0,336.0,329.4
2024-09-18,MBA15,329,2024,9,18,2,262,0,1,0,369.0,395.0,384.0,336.14285714285717,332.1
2024-09-19,MBA15,353,2024,9,19,3,263,0,1,0,329.0,318.0,336.0,326.7142857142857,331.3666666666667
2024-09-20,MBA15,351,2024,9,20,4,264,0,1,0,353.0,369.0,363.0,331.7142857142857,330.6666666666667
2024-09-21,MBA15,326,2024,9,21,5,265,1,1,0,351.0,317.0,281.0,329.14285714285717,330.8666666666667
2024-09-22,MBA15,340,2024,9,22,6,266,1,1,0,326.0,256.0,288.0,330.42857142857144,329.53333333333336
2024-09-23,MBA15,347,2024,9,23,0,267,0,1,0,340.0,329.0,145.0,342.42857142857144,327.6
2024-09-24,MBA15,376,2024,9,24,1,268,0,1,0,347.0,369.0,368.0,345.0,328.8666666666667
2024-09-25,MBA15,351,2024,9,25,2,269,0,1,0,376.0,329.0,395.0,346.0,332.06666666666666
2024-09-26,MBA15,578,2024,9,26,3,270,0,1,0,351.0,353.0,318.0,349.14285714285717,331.73333333333335
2024-09-27,MBA15,350,2024,9,27,4,271,0,1,0,578.0,351.0,369.0,381.2857142857143,339.3
2024-09-28,MBA15,288,2024,9,28,5,272,1,1,0,350.0,326.0,317.0,381.14285714285717,339.1
2024-09-29,MBA15,271,2024,9,29,6,273,1,1,0,288.0,340.0,256.0,375.7142857142857,336.46666666666664
2024-09-30,MBA15,355,2024,9,30,0,274,0,1,0,271.0,347.0,329.0,365.85714285714283,334.8
2024-10-01,MBA15,267,2024,10,1,1,275,0,0,0,355.0,376.0,369.0,367.0,338.43333333333334
2024-10-02,MBA15,261,2024,10,2,2,276,0,0,0,267.0,351.0,329.0,351.42857142857144,338.46666666666664
2024-10-03,MBA15,276,2024,10,3,3,277,0,0,0,261.0,578.0,353.0,338.57142857142856,334.6666666666667
2024-10-04,MBA15,315,2024,10,4,4,278,0,0,0,276.0,350.0,351.0,295.42857142857144,331.23333333333335
2024-10-05,MBA15,176,2024,10,5,5,279,1,0,0,315.0,288.0,326.0,290.42857142857144,328.93333333333334
2024-10-06,MBA15,221,2024,10,6,6,280,1,0,0,176.0,271.0,340.0,274.42857142857144,323.6
2024-10-07,MBA15,236,2024,10,7,0,281,0,0,0,221.0,355.0,347.0,267.2857142857143,318.8666666666667
2024-10-08,MBA15,225,2024,10,8,1,282,0,0,0,236.0,267.0,376.0,250.28571428571428,317.3666666666667
2024-10-09,MBA15,406,2024,10,9,2,283,0,0,0,225.0,261.0,351.0,244.28571428571428,315.26666666666665
2024-10-10,MBA15,274,2024,10,10,3,284,0,0,0,406.0,276.0,578.0,265.0,323.96666666666664
2024-10-11,MBA15,289,2024,10,11,4,285,0,0,0,274.0,315.0,350.0,264.7142857142857,320.8333333333333
2024-10-12,MBA15,192,2024,10,12,5,286,1,0,0,289.0,176.0,288.0,261.0,317.3
2024-10-13,MBA15,225,2024,10,13,6,287,1,0,0,192.0,221.0,271.0,263.2857142857143,313.1
2024-10-14,MBA15,264,2024,10,14,0,288,0,0,0,225.0,236.0,355.0,263.85714285714283,308.3
2024-10-15,MBA15,287,2024,10,15,1,289,0,0,0,264.0,225.0,267.0,267.85714285714283,306.53333333333336
2024-10-16,MBA15,260,2024,10,16,2,290,0,0,0,287.0,406.0,261.0,276.7142857142857,307.56666666666666
2024-10-17,MBA15,252,2024,10,17,3,291,0,0,0,260.0,274.0,276.0,255.85714285714286,305.26666666666665
2024-10-18,MBA15,298,2024,10,18,4,292,0,0,0,252.0,289.0,315.0,252.71428571428572,301.3666666666667
2024-10-19,MBA15,251,2024,10,19,5,293,1,0,0,298.0,192.0,176.0,254.0,300.3333333333333
2024-10-20,MBA15,200,2024,10,20,6,294,1,0,0,251.0,225.0,221.0,262.42857142857144,296.93333333333334
2024-10-21,MBA15,290,2024,10,21,0,295,0,0,0,200.0,264.0,236.0,258.85714285714283,291.9
2024-10-22,MBA15,285,2024,10,22,1,296,0,0,0,290.0,287.0,225.0,262.57142857142856,290.7
2024-10-23,MBA15,264,2024,10,23,2,297,0,0,0,285.0,260.0,406.0,262.2857142857143,288.8666666666667
2024-10-24,MBA15,251,2024,10,24,3,298,0,0,0,264.0,252.0,274.0,262.85714285714283,286.1
2024-10-25,MBA15,246,2024,10,25,4,299,0,0,0,251.0,298.0,289.0,262.7142857142857,281.93333333333334
2024-10-26,MBA15,253,2024,10,26,5,300,1,0,0,246.0,251.0,192.0,255.28571428571428,278.43333333333334
2024-10-27,MBA15,225,2024,10,27,6,301,1,0,0,253.0,200.0,225.0,255.57142857142858,267.6
2024-10-28,MBA15,314,2024,10,28,0,302,0,0,0,225.0,290.0,264.0,259.14285714285717,263.43333333333334
2024-10-29,MBA15,264,2024,10,29,1,303,0,0,0,314.0,285.0,287.0,262.57142857142856,264.3
2024-10-30,MBA15,315,2024,10,30,2,304,0,0,0,264.0,264.0,260.0,259.57142857142856,264.06666666666666
2024-10-31,MBA15,242,2024,10,31,3,305,0,0,0,315.0,251.0,252.0,266.85714285714283,262.73333333333335
2024-11-01,MBA15,313,2024,11,1,4,306,0,0,1,242.0,246.0,298.0,265.57142857142856,261.9
2024-11-02,MBA15,284,2024,11,2,5,307,1,0,1,313.0,253.0,251.0,275.14285714285717,263.6333333333333
2024-11-03,MBA15,338,2024,11,3,6,308,1,0,1,284.0,225.0,200.0,279.57142857142856,263.9
2024-11-04,MBA15,409,2024,11,4,0,309,0,0,1,338.0,314.0,290.0,295.7142857142857,264.6666666666667
2024-11-05,MBA15,353,2024,11,5,1,310,0,0,1,409.0,264.0,285.0,309.2857142857143,272.43333333333334
2024-11-06,MBA15,401,2024,11,6,2,311,0,0,1,353.0,315.0,264.0,322.0,276.8333333333333
2024-11-07,MBA15,367,2024,11,7,3,312,0,0,1,401.0,242.0,251.0,334.2857142857143,282.3333333333333
2024-11-08,MBA15,334,2024,11,8,4,313,0,0,1,367.0,313.0,246.0,352.14285714285717,287.06666666666666
2024-11-09,MBA15,338,2024,11,9,5,314,1,0,1,334.0,284.0,253.0,355.14285714285717,284.6666666666667
2024-11-10,MBA15,343,2024,11,10,6,315,1,0,1,338.0,338.0,225.0,362.85714285714283,286.8
2024-11-11,MBA15,371,2024,11,11,0,316,0,0,1,343.0,409.0,314.0,363.57142857142856,288.6
2024-11-12,MBA15,421,2024,11,12,1,317,0,0,1,371.0,353.0,264.0,358.14285714285717,294.56666666666666
2024-11-13,MBA15,385,2024,11,13,2,318,0,0,1,421.0,401.0,315.0,367.85714285714283,301.1
2024-11-14,MBA15,390,2024,11,14,3,319,0,0,1,385.0,367.0,242.0,365.57142857142856,305.1333333333333
2024-11-15,MBA15,383,2024,11,15,4,320,0,0,1,390.0,334.0,313.0,368.85714285714283,308.56666666666666
2024-11-16,MBA15,279,2024,11,16,5,321,1,0,1,383.0,338.0,284.0,375.85714285714283,312.6666666666667
2024-11-17,MBA15,306,2024,11,17,6,322,1,0,1,279.0,343.0,338.0,367.42857142857144,313.56666666666666
2024-11-18,MBA15,354,2024,11,18,0,323,0,0,1,306.0,371.0,409.0,362.14285714285717,313.8333333333333
2024-11-19,MBA15,562,2024,11,19,1,324,0,0,1,354.0,421.0,353.0,359.7142857142857,317.26666666666665
2024-11-20,MBA15,419,2024,11,20,2,325,0,0,1,562.0,385.0,401.0,379.85714285714283,329.3333333333333
2024-11-21,MBA15,393,2024,11,21,3,326,0,0,1,419.0,390.0,367.0,384.7142857142857,333.6333333333333
2024-11-22,MBA15,389,2024,11,22,4,327,0,0,1,393.0,383.0,334.0,385.14285714285717,337.23333333333335
2024-11-23,MBA15,336,2024,11,23,5,328,1,0,1,389.0,279.0,338.0,386.0,341.4
2024-11-24,MBA15,296,2024,11,24,6,329,1,0,1,336.0,306.0,343.0,394.14285714285717,344.23333333333335
2024-11-25,MBA15,398,2024,11,25,0,330,0,0,1,296.0,354.0,371.0,392.7142857142857,345.9
2024-11-26,MBA15,445,2024,11,26,1,331,0,0,1,398.0,562.0,421.0,399.0,350.73333333333335
2024-11-27,MBA15,424,2024,11,27,2,332,0,0,1,445.0,419.0,385.0,382.2857142857143,358.06666666666666
2024-11-28,MBA15,397,2024,11,28,3,333,0,0,1,424.0,393.0,390.0,383.0,361.73333333333335
2024-11-29,MBA15,390,2024,11,29,4,334,0,0,1,397.0,389.0,383.0,383.57142857142856,366.1666666666667
2024-11-30,MBA15,328,2024,11,30,5,335,1,0,1,390.0,336.0,279.0,383.7142857142857,368.6666666666667
2024-12-01,MBA15,355,2024,12,1,6,336,1,0,1,328.0,296.0,306.0,382.57142857142856,371.53333333333336
2024-12-02,MBA15,427,2024,12,2,0,337,0,0,1,355.0,398.0,354.0,391.0,372.93333333333334
2024-12-03,MBA15,435,2024,12,3,1,338,0,0,1,427.0,445.0,562.0,395.14285714285717,377.7
2024-12-04,MBA15,394,2024,12,4,2,339,0,0,1,435.0,424.0,419.0,393.7142857142857,380.93333333333334
2024-12-05,MBA15,327,2024,12,5,3,340,0,0,1,394.0,397.0,393.0,389.42857142857144,380.43333333333334
2024-12-06,MBA15,443,2024,12,6,4,341,0,0,1,327.0,390.0,389.0,379.42857142857144,379.56666666666666
2024-12-07,MBA15,291,2024,12,7,5,342,1,0,1,443.0,328.0,336.0,387.0,380.96666666666664
2024-12-08,MBA15,257,2024,12,8,6,343,1,0,1,291.0,355.0,296.0,381.7142857142857,378.43333333333334
2024-12-09,MBA15,409,2024,12,9,0,344,0,0,1,257.0,427.0,398.0,367.7142857142857,375.8666666666667
2024-12-10,MBA15,328,2024,12,10,1,345,0,0,1,409.0,435.0,445.0,365.14285714285717,378.23333333333335
2024-12-11,MBA15,560,2024,12,11,2,346,0,0,1,328.0,394.0,424.0,349.85714285714283,377.73333333333335
2024-12-12,MBA15,593,2024,12,12,3,347,0,0,1,560.0,327.0,397.0,373.57142857142856,384.03333333333336
2024-12-13,MBA15,381,2024,12,13,4,348,0,0,1,593.0,443.0,390.0,411.57142857142856,389.76666666666665
2024-12-14,MBA15,131,2024,12,14,5,349,1,0,1,381.0,291.0,328.0,402.7142857142857,389.6333333333333
2024-12-15,MBA15,313,2024,12,15,6,350,1,0,1,131.0,257.0,355.0,379.85714285714283,381.0
2024-12-16,MBA15,384,2024,12,16,0,351,0,0,1,313.0,409.0,427.0,387.85714285714283,378.6666666666667
2024-12-17,MBA15,341,2024,12,17,1,352,0,0,1,384.0,328.0,435.0,384.2857142857143,382.1666666666667
2024-12-18,MBA15,367,2024,12,18,2,353,0,0,1,341.0,560.0,394.0,386.14285714285717,383.3333333333333
2024-12-19,MBA15,370,2024,12,19,3,354,0,0,1,367.0,593.0,327.0,358.57142857142856,383.76666666666665
2024-12-20,MBA15,391,2024,12,20,4,355,0,0,1,370.0,381.0,443.0,326.7142857142857,377.3666666666667
2024-12-21,MBA15,387,2024,12,21,5,356,1,0,1,391.0,131.0,291.0,328.14285714285717,376.43333333333334
2024-12-22,MBA15,311,2024,12,22,6,357,1,0,1,387.0,313.0,257.0,364.7142857142857,376.23333333333335
2024-12-23,MBA15,371,2024,12,23,0,358,0,0,1,311.0,384.0,409.0,364.42857142857144,373.6333333333333
2024-12-24,MBA15,372,2024,12,24,1,359,0,0,1,371.0,341.0,328.0,362.57142857142856,374.8
2024-12-25,MBA15,385,2024,12,25,2,360,0,0,1,372.0,367.0,560.0,367.0,377.3333333333333
2024-12-26,MBA15,334,2024,12,26,3,361,0,0,1,385.0,370.0,593.0,369.57142857142856,376.9
2024-12-27,MBA15,410,2024,12,27,4,362,0,0,1,334.0,391.0,381.0,364.42857142857144,373.2
2024-12-28,MBA15,291,2024,12,28,5,363,1,0,1,410.0,387.0,131.0,367.14285714285717,372.73333333333335
2024-12-29,MBA15,306,2024,12,29,6,364,1,0,1,291.0,311.0,313.0,353.42857142857144,369.2
2024-12-30,MBA15,433,2024,12,30,0,365,0,0,1,306.0,371.0,384.0,352.7142857142857,366.4
2024-12-31,MBA15,410,2024,12,31,1,366,0,0,1,433.0,372.0,341.0,361.57142857142856,369.9
2025-01-01,MBA15,242,2025,1,1,2,1,0,0,0,410.0,385.0,367.0,367.0,371.73333333333335
2025-01-02,MBA15,193,2025,1,2,3,2,0,0,0,242.0,334.0,370.0,346.57142857142856,365.56666666666666
2025-01-03,MBA15,290,2025,1,3,4,3,0,0,0,193.0,410.0,391.0,326.42857142857144,357.5
2025-01-04,MBA15,216,2025,1,4,5,4,1,0,0,290.0,291.0,387.0,309.2857142857143,354.03333333333336
2025-01-05,MBA15,228,2025,1,5,6,5,1,0,0,216.0,306.0,311.0,298.57142857142856,350.3333333333333
2025-01-06,MBA15,297,2025,1,6,0,6,0,0,0,228.0,433.0,371.0,287.42857142857144,343.1666666666667
2025-01-07,MBA15,302,2025,1,7,1,7,0,0,0,297.0,410.0,372.0,268.0,343.3666666666667
2025-01-08,MBA15,263,2025,1,8,2,8,0,0,0,302.0,242.0,385.0,252.57142857142858,344.8666666666667
2025-01-09,MBA15,272,2025,1,9,3,9,0,0,0,263.0,193.0,334.0,255.57142857142858,340.0
2025-01-10,MBA15,286,2025,1,10,4,10,0,0,0,272.0,290.0,410.0,266.85714285714283,338.1333333333333
2025-01-11,MBA15,236,2025,1,11,5,11,1,0,0,286.0,216.0,291.0,266.2857142857143,329.0
2025-01-12,MBA15,228,2025,1,12,6,12,1,0,0,236.0,228.0,306.0,269.14285714285717,317.1
2025-01-13,MBA15,317,2025,1,13,0,13,0,0,0,228.0,297.0,433.0,269.14285714285717,312.0
2025-01-14,MBA15,288,2025,1,14,1,14,0,0,0,317.0,302.0,410.0,272.0,318.2
2025-01-15,MBA15,296,2025,1,15,2,15,0,0,0,288.0,263.0,242.0,270.0,317.3666666666667
2025-01-16,MBA15,283,2025,1,16,3,16,0,0,0,296.0,272.0,193.0,274.7142857142857,314.43333333333334
2025-01-17,MBA15,246,2025,1,17,4,17,0,0,0,283.0,286.0,290.0,276.2857142857143,312.5
2025-01-18,MBA15,204,2025,1,18,5,18,1,0,0,246.0,236.0,216.0,270.57142857142856,308.46666666666664
2025-01-19,MBA15,188,2025,1,19,6,19,1,0,0,204.0,228.0,228.0,266.0,302.93333333333334
2025-01-20,MBA15,305,2025,1,20,0,20,0,0,0,188.0,317.0,297.0,260.2857142857143,296.1666666666667
2025-01-21,MBA15,230,2025,1,21,1,21,0,0,0,305.0,288.0,302.0,258.57142857142856,293.43333333333334
2025-01-22,MBA15,378,2025,1,22,2,22,0,0,0,230.0,296.0,263.0,250.28571428571428,290.73333333333335
2025-01-23,MBA15,87,2025,1,23,3,23,0,0,0,378.0,283.0,272.0,262.0,290.96666666666664
2025-01-24,MBA15,272,2025,1,24,4,24,0,0,0,87.0,246.0,286.0,234.0,281.46666666666664
2025-01-25,MBA15,241,2025,1,25,5,25,1,0,0,272.0,204.0,236.0,237.71428571428572,277.7
2025-01-26,MBA15,202,2025,1,26,6,26,1,0,0,241.0,188.0,228.0,243.0,274.6
2025-01-27,MBA15,312,2025,1,27,0,27,0,0,0,202.0,305.0,317.0,245.0,267.6666666666667
2025-01-28,MBA15,268,2025,1,28,1,28,0,0,0,312.0,230.0,288.0,246.0,268.3666666666667
2025-01-29,MBA15,299,2025,1,29,2,29,0,0,0,268.0,378.0,296.0,251.42857142857142,267.1
2025-01-30,MBA15,277,2025,1,30,3,30,0,0,0,299.0,87.0,283.0,240.14285714285714,262.6333333333333
2025-01-31,MBA15,243,2025,1,31,4,31,0,0,0,277.0,272.0,246.0,267.2857142857143,258.2
2025-02-01,MBA15,263,2025,2,1,5,32,1,0,0,243.0,241.0,204.0,263.14285714285717,258.23333333333335
2025-02-02,MBA15,258,2025,2,2,6,33,1,0,0,263.0,202.0,188.0,266.2857142857143,260.56666666666666
2025-02-03,MBA15,245,2025,2,3,0,34,0,0,0,258.0,312.0,305.0,274.2857142857143,259.5
2025-02-04,MBA15,292,2025,2,4,1,35,0,0,0,245.0,268.0,230.0,264.7142857142857,260.46666666666664
2025-02-05,MBA15,258,2025,2,5,2,36,0,0,0,292.0,299.0,378.0,268.14285714285717,262.6
2025-02-06,MBA15,231,2025,2,6,3,37,0,0,0,258.0,277.0,87.0,262.2857142857143,261.3
2025-02-07,MBA15,124,2025,2,7,4,38,0,0,0,231.0,243.0,272.0,255.71428571428572,258.93333333333334
2025-02-08,MBA15,257,2025,2,8,5,39,1,0,0,124.0,263.0,241.0,238.71428571428572,254.3
2025-02-09,MBA15,208,2025,2,9,6,40,1,0,0,257.0,258.0,202.0,237.85714285714286,253.8
2025-02-10,MBA15,255,2025,2,10,0,41,0,0,0,208.0,245.0,312.0,230.71428571428572,251.2
2025-02-11,MBA15,243,2025,2,11,1,42,0,0,0,255.0,292.0,268.0,232.14285714285714,251.83333333333334
2025-02-12,MBA15,243,2025,2,12,2,43,0,0,0,243.0,258.0,299.0,225.14285714285714,252.33333333333334
2025-02-13,MBA15,336,2025,2,13,3,44,0,0,0,243.0,231.0,277.0,223.0,249.86666666666667
2025-02-14,MBA15,270,2025,2,14,4,45,0,0,0,336.0,124.0,243.0,238.0,251.46666666666667
2025-02-15,MBA15,213,2025,2,15,5,46,1,0,0,270.0,257.0,263.0,258.85714285714283,250.6
2025-02-16,MBA15,189,2025,2,16,6,47,1,0,0,213.0,208.0,258.0,252.57142857142858,248.26666666666668
2025-02-17,MBA15,226,2025,2,17,0,48,0,0,0,189.0,255.0,245.0,249.85714285714286,246.36666666666667
2025-02-18,MBA15,323,2025,2,18,1,49,0,0,0,226.0,243.0,292.0,245.71428571428572,247.1
2025-02-19,MBA15,303,2025,2,19,2,50,0,0,0,323.0,243.0,258.0,257.14285714285717,251.6
2025-02-20,MBA15,420,2025,2,20,3,51,0,0,0,303.0,336.0,231.0,265.7142857142857,251.53333333333333
2025-02-21,MBA15,199,2025,2,21,4,52,0,0,0,420.0,270.0,124.0,277.7142857142857,257.8666666666667
2025-02-22,MBA15,93,2025,2,22,5,53,1,0,0,199.0,213.0,257.0,267.57142857142856,251.9
2025-02-23,MBA15,211,2025,2,23,6,54,1,0,0,93.0,189.0,208.0,250.42857142857142,252.1
2025-02-24,MBA15,282,2025,2,24,0,55,0,0,0,211.0,226.0,255.0,253.57142857142858,250.06666666666666
2025-02-25,MBA15,289,2025,2,25,1,56,0,0,0,282.0,323.0,243.0,261.57142857142856,251.43333333333334
2025-02-26,MBA15,271,2025,2,26,2,57,0,0,0,289.0,303.0,243.0,256.7142857142857,254.33333333333334
2025-02-27,MBA15,307,2025,2,27,3,58,0,0,0,271.0,420.0,336.0,252.14285714285714,252.96666666666667
2025-02-28,MBA15,253,2025,2,28,4,59,0,0,0,307.0,199.0,270.0,236.0,254.26666666666668
2025-03-01,MBA15,221,2025,3,1,5,60,1,0,0,253.0,93.0,213.0,243.71428571428572,252.73333333333332
2025-03-02,MBA15,215,2025,3,2,6,61,1,0,0,221.0,211.0,189.0,262.0,250.86666666666667
2025-03-03,MBA15,284,2025,3,3,0,62,0,0,0,215.0,282.0,226.0,262.57142857142856,249.93333333333334
2025-03-04,MBA15,221,2025,3,4,1,63,0,0,0,284.0,289.0,323.0,262.85714285714283,250.63333333333333
2025-03-05,MBA15,278,2025,3,5,2,64,0,0,0,221.0,271.0,303.0,253.14285714285714,249.4
2025-03-06,MBA15,247,2025,3,6,3,65,0,0,0,278.0,307.0,420.0,254.14285714285714,250.5
2025-03-07,MBA15,257,2025,3,7,4,66,0,0,0,247.0,253.0,199.0,245.57142857142858,249.0
2025-03-08,MBA15,218,2025,3,8,5,67,1,0,0,257.0,221.0,93.0,246.14285714285714,248.96666666666667
2025-03-09,MBA15,266,2025,3,9,6,68,1,0,0,218.0,215.0,211.0,245.71428571428572,248.53333333333333
2025-03-10,MBA15,288,2025,3,10,0,69,0,0,0,266.0,284.0,282.0,253.0,253.26666666666668
2025-03-11,MBA15,120,2025,3,11,1,70,0,0,0,288.0,221.0,289.0,253.57142857142858,254.3
2025-03-12,MBA15,103,2025,3,12,2,71,0,0,0,120.0,278.0,271.0,239.14285714285714,251.36666666666667
2025-03-13,MBA15,265,2025,3,13,3,72,0,0,0,103.0,247.0,307.0,214.14285714285714,246.3
2025-03-14,MBA15,247,2025,3,14,4,73,0,0,0,265.0,257.0,253.0,216.71428571428572,247.03333333333333
2025-03-15,MBA15,327,2025,3,15,5,74,1,0,0,247.0,218.0,221.0,215.28571428571428,247.16666666666666
2025-03-16,MBA15,209,2025,3,16,6,75,1,0,0,327.0,266.0,215.0,230.85714285714286,246.86666666666667
2025-03-17,MBA15,285,2025,3,17,0,76,0,0,0,209.0,288.0,284.0,222.71428571428572,244.83333333333334
2025-03-18,MBA15,263,2025,3,18,1,77,0,0,0,285.0,120.0,221.0,222.28571428571428,247.23333333333332
2025-03-19,MBA15,417,2025,3,19,2,78,0,0,0,263.0,103.0,278.0,242.71428571428572,249.7
2025-03-20,MBA15,270,2025,3,20,3,79,0,0,0,417.0,265.0,247.0,287.57142857142856,256.06666666666666
2025-03-21,MBA15,302,2025,3,21,4,80,0,0,0,270.0,247.0,257.0,288.2857142857143,254.3
2025-03-22,MBA15,248,2025,3,22,5,81,1,0,0,302.0,327.0,218.0,296.14285714285717,254.26666666666668
2025-03-23,MBA15,215,2025,3,23,6,82,1,0,0,248.0,209.0,266.0,284.85714285714283,248.53333333333333
2025-03-24,MBA15,294,2025,3,24,0,83,0,0,0,215.0,285.0,288.0,285.7142857142857,249.06666666666666
2025-03-25,MBA15,280,2025,3,25,1,84,0,0,0,294.0,263.0,120.0,287.0,255.76666666666668
2025-03-26,MBA15,225,2025,3,26,2,85,0,0,0,280.0,417.0,103.0,289.42857142857144,258.06666666666666
2025-03-27,MBA15,264,2025,3,27,3,86,0,0,0,225.0,270.0,265.0,262.0,256.1666666666667
2025-03-28,MBA15,227,2025,3,28,4,87,0,0,0,264.0,302.0,247.0,261.14285714285717,255.33333333333334
2025-03-29,MBA15,240,2025,3,29,5,88,1,0,0,227.0,248.0,327.0,250.42857142857142,253.86666666666667
2025-03-30,MBA15,199,2025,3,30,6,89,1,0,0,240.0,215.0,209.0,249.28571428571428,251.63333333333333
2025-03-31,MBA15,279,2025,3,31,0,90,0,0,0,199.0,294.0,285.0,247.0,249.83333333333334
2025-04-01,MBA15,226,2025,4,1,1,91,0,0,0,279.0,280.0,263.0,244.85714285714286,251.76666666666668
2025-04-02,MBA15,277,2025,4,2,2,92,0,0,0,226.0,225.0,417.0,237.14285714285714,252.13333333333333
2025-04-03,MBA15,270,2025,4,3,3,93,0,0,0,277.0,264.0,270.0,244.57142857142858,251.9
2025-04-04,MBA15,287,2025,4,4,4,94,0,0,0,270.0,227.0,302.0,245.42857142857142,253.53333333333333
2025-04-05,MBA15,213,2025,4,5,5,95,1,0,0,287.0,240.0,248.0,254.0,253.83333333333334
2025-04-06,MBA15,223,2025,4,6,6,96,1,0,0,213.0,199.0,215.0,250.14285714285714,252.7
2025-04-07,MBA15,118,2025,4,7,0,97,0,0,0,223.0,279.0,294.0,253.57142857142858,251.56666666666666
2025-04-08,MBA15,301,2025,4,8,1,98,0,0,0,118.0,226.0,280.0,230.57142857142858,248.23333333333332
2025-04-09,MBA15,206,2025,4,9,2,99,0,0,0,301.0,277.0,225.0,241.28571428571428,249.4
2025-04-10,MBA15,166,2025,4,10,3,100,0,0,0,206.0,270.0,264.0,231.14285714285714,246.66666666666666
2025-04-11,MBA15,347,2025,4,11,4,101,0,0,0,166.0,287.0,227.0,216.28571428571428,248.2
2025-04-12,MBA15,221,2025,4,12,5,102,1,0,0,347.0,213.0,240.0,224.85714285714286,256.3333333333333
2025-04-13,MBA15,110,2025,4,13,6,103,1,0,0,221.0,223.0,199.0,226.0,254.86666666666667
2025-04-14,MBA15,330,2025,4,14,0,104,0,0,0,110.0,118.0,279.0,209.85714285714286,250.3
2025-04-15,MBA15,257,2025,4,15,1,105,0,0,0,330.0,301.0,226.0,240.14285714285714,250.4
2025-04-16,MBA15,289,2025,4,16,2,106,0,0,0,257.0,206.0,277.0,233.85714285714286,252.0
2025-04-17,MBA15,316,2025,4,17,3,107,0,0,0,289.0,166.0,270.0,245.71428571428572,252.13333333333333
2025-04-18,MBA15,265,2025,4,18,4,108,0,0,0,316.0,347.0,287.0,267.14285714285717,253.9
2025-04-19,MBA15,169,2025,4,19,5,109,1,0,0,265.0,221.0,213.0,255.42857142857142,248.83333333333334
2025-04-20,MBA15,248,2025,4,20,6,110,1,0,0,169.0,110.0,223.0,248.0,245.46666666666667
2025-04-21,MBA15,275,2025,4,21,0,111,0,0,0,248.0,330.0,118.0,267.7142857142857,243.66666666666666
2025-04-22,MBA15,344,2025,4,22,1,112,0,0,0,275.0,257.0,301.0,259.85714285714283,244.56666666666666
2025-04-23,MBA15,191,2025,4,23,2,113,0,0,0,344.0,289.0,206.0,272.2857142857143,248.86666666666667
2025-04-24,MBA15,292,2025,4,24,3,114,0,0,0,191.0,316.0,166.0,258.2857142857143,245.43333333333334
2025-04-25,MBA15,305,2025,4,25,4,115,0,0,0,292.0,265.0,347.0,254.85714285714286,245.83333333333334
2025-04-26,MBA15,228,2025,4,26,5,116,1,0,0,305.0,169.0,221.0,260.57142857142856,248.5
2025-04-27,MBA15,201,2025,4,27,6,117,1,0,0,228.0,248.0,110.0,269.0,247.3
2025-04-28,MBA15,268,2025,4,28,0,118,0,0,0,201.0,275.0,330.0,262.2857142857143,246.43333333333334
2025-04-29,MBA15,264,2025,4,29,1,119,0,0,0,268.0,344.0,257.0,261.2857142857143,247.36666666666667
2025-04-30,MBA15,290,2025,4,30,2,120,0,0,0,264.0,191.0,289.0,249.85714285714286,249.53333333333333
2025-05-01,MBA15,253,2025,5,1,3,121,0,0,0,290.0,292.0,316.0,264.0,249.9
2025-05-02,MBA15,239,2025,5,2,4,122,0,0,0,253.0,305.0,265.0,258.42857142857144,250.8
2025-05-03,MBA15,168,2025,5,3,5,123,1,0,0,239.0,228.0,169.0,249.0,249.53333333333333
2025-05-04,MBA15,205,2025,5,4,6,124,1,0,0,168.0,201.0,248.0,240.42857142857142,246.13333333333333
2025-05-05,MBA15,302,2025,5,5,0,125,0,0,0,205.0,268.0,275.0,241.0,243.4
2025-05-06,MBA15,352,2025,5,6,1,126,0,0,0,302.0,264.0,344.0,245.85714285714286,246.36666666666667
2025-05-07,MBA15,236,2025,5,7,2,127,0,0,0,352.0,290.0,191.0,258.42857142857144,250.66666666666666
2025-05-08,MBA15,244,2025,5,8,3,128,0,0,0,236.0,253.0,292.0,250.71428571428572,254.6
2025-05-09,MBA15,109,2025,5,9,4,129,0,0,0,244.0,239.0,305.0,249.42857142857142,252.7
2025-05-10,MBA15,195,2025,5,10,5,130,1,0,0,109.0,168.0,228.0,230.85714285714286,249.46666666666667
2025-05-11,MBA15,231,2025,5,11,6,131,1,0,0,195.0,205.0,201.0,234.71428571428572,250.43333333333334
2025-05-12,MBA15,276,2025,5,12,0,132,0,0,0,231.0,302.0,268.0,238.42857142857142,246.56666666666666
2025-05-13,MBA15,297,2025,5,13,1,133,0,0,0,276.0,352.0,264.0,234.71428571428572,248.4
2025-05-14,MBA15,319,2025,5,14,2,134,0,0,0,297.0,236.0,290.0,226.85714285714286,254.63333333333333
2025-05-15,MBA15,279,2025,5,15,3,135,0,0,0,319.0,244.0,253.0,238.71428571428572,254.26666666666668
2025-05-16,MBA15,256,2025,5,16,4,136,0,0,0,279.0,109.0,239.0,243.71428571428572,255.0
2025-05-17,MBA15,218,2025,5,17,5,137,1,0,0,256.0,195.0,168.0,264.7142857142857,253.9
2025-05-18,MBA15,257,2025,5,18,6,138,1,0,0,218.0,231.0,205.0,268.0,250.63333333333333
2025-05-19,MBA15,258,2025,5,19,0,139,0,0,0,257.0,276.0,302.0,271.7142857142857,250.36666666666667
2025-05-20,MBA15,242,2025,5,20,1,140,0,0,0,258.0,297.0,352.0,269.14285714285717,253.33333333333334
2025-05-21,MBA15,264,2025,5,21,2,141,0,0,0,242.0,319.0,236.0,261.2857142857143,253.13333333333333
2025-05-22,MBA15,255,2025,5,22,3,142,0,0,0,264.0,279.0,244.0,253.42857142857142,252.76666666666668
2025-05-23,MBA15,322,2025,5,23,4,143,0,0,0,255.0,256.0,109.0,250.0,249.8
2025-05-24,MBA15,202,2025,5,24,5,144,1,0,0,322.0,218.0,195.0,259.42857142857144,254.16666666666666
2025-05-25,MBA15,231,2025,5,25,6,145,1,0,0,202.0,257.0,231.0,257.14285714285717,251.16666666666666
2025-05-26,MBA15,273,2025,5,26,0,146,0,0,0,231.0,258.0,276.0,253.42857142857142,248.7
2025-05-27,MBA15,242,2025,5,27,1,147,0,0,0,273.0,242.0,297.0,255.57142857142858,250.2
2025-05-28,MBA15,249,2025,5,28,2,148,0,0,0,242.0,264.0,319.0,255.57142857142858,251.56666666666666
2025-05-29,MBA15,278,2025,5,29,3,149,0,0,0,249.0,255.0,279.0,253.42857142857142,250.93333333333334
2025-05-30,MBA15,278,2025,5,30,4,150,0,0,0,278.0,322.0,256.0,256.7142857142857,251.4
2025-05-31,MBA15,211,2025,5,31,5,151,1,0,0,278.0,202.0,218.0,250.42857142857142,251.0
2025-06-01,MBA15,309,2025,6,1,6,152,1,0,0,211.0,231.0,257.0,251.71428571428572,249.6
2025-06-02,MBA15,310,2025,6,2,0,153,0,0,0,309.0,273.0,258.0,262.85714285714283,251.93333333333334
2025-06-03,MBA15,244,2025,6,3,1,154,0,0,0,310.0,242.0,242.0,268.14285714285717,256.6666666666667
2025-06-04,MBA15,258,2025,6,4,2,155,0,0,0,244.0,249.0,264.0,268.42857142857144,257.96666666666664
2025-06-05,MBA15,301,2025,6,5,3,156,0,0,0,258.0,278.0,255.0,269.7142857142857,256.5
2025-06-06,MBA15,294,2025,6,6,4,157,0,0,0,301.0,278.0,322.0,273.0,254.8
2025-06-07,MBA15,189,2025,6,7,5,158,1,0,0,294.0,211.0,202.0,275.2857142857143,256.73333333333335
2025-06-08,MBA15,236,2025,6,8,6,159,1,0,0,189.0,309.0,231.0,272.14285714285717,254.9
2025-06-09,MBA15,256,2025,6,9,0,160,0,0,0,236.0,310.0,273.0,261.7142857142857,259.1333333333333
2025-06-10,MBA15,215,2025,6,10,1,161,0,0,0,256.0,244.0,242.0,254.0,261.1666666666667
2025-06-11,MBA15,266,2025,6,11,2,162,0,0,0,215.0,258.0,249.0,249.85714285714286,260.6333333333333
2025-06-12,MBA15,331,2025,6,12,3,163,0,0,0,266.0,301.0,278.0,251.0,260.3
2025-06-13,MBA15,304,2025,6,13,4,164,0,0,0,331.0,294.0,278.0,255.28571428571428,261.43333333333334
2025-06-14,MBA15,221,2025,6,14,5,165,1,0,0,304.0,189.0,211.0,256.7142857142857,260.93333333333334
2025-06-15,MBA15,177,2025,6,15,6,166,1,0,0,221.0,236.0,309.0,261.2857142857143,259.0
2025-06-16,MBA15,216,2025,6,16,0,167,0,0,0,177.0,256.0,310.0,252.85714285714286,256.3666666666667
2025-06-17,MBA15,276,2025,6,17,1,168,0,0,0,216.0,215.0,244.0,247.14285714285714,256.3
2025-06-18,MBA15,286,2025,6,18,2,169,0,0,0,276.0,266.0,258.0,255.85714285714286,256.93333333333334
2025-06-19,MBA15,295,2025,6,19,3,170,0,0,0,286.0,331.0,301.0,258.7142857142857,257.8666666666667
2025-06-20,MBA15,292,2025,6,20,4,171,0,0,0,295.0,304.0,294.0,253.57142857142858,259.6333333333333
2025-06-21,MBA15,242,2025,6,21,5,172,1,0,0,292.0,221.0,189.0,251.85714285714286,260.56666666666666
2025-06-22,MBA15,230,2025,6,22,6,173,1,0,0,242.0,177.0,236.0,254.85714285714286,260.1333333333333
2025-06-23,MBA15,309,2025,6,23,0,174,0,0,0,230.0,216.0,256.0,262.42857142857144,257.06666666666666
2025-06-24,MBA15,260,2025,6,24,1,175,0,0,0,309.0,276.0,215.0,275.7142857142857,260.6333333333333
2025-06-25,MBA15,276,2025,6,25,2,176,0,0,0,260.0,286.0,266.0,273.42857142857144,261.6
2025-06-26,MBA15,225,2025,6,26,3,177,0,0,0,276.0,295.0,331.0,272.0,261.7
2025-06-27,MBA15,259,2025,6,27,4,178,0,0,0,225.0,292.0,304.0,262.0,261.1333333333333
2025-06-28,MBA15,251,2025,6,28,5,179,1,0,0,259.0,242.0,221.0,257.2857142857143,261.46666666666664
2025-06-29,MBA15,241,2025,6,29,6,180,1,0,0,251.0,230.0,177.0,258.57142857142856,260.56666666666666
2025-06-30,MBA15,206,2025,6,30,0,181,0,0,0,241.0,309.0,216.0,260.14285714285717,259.3333333333333
2025-07-01,MBA15,333,2025,7,1,1,182,0,0,0,206.0,260.0,276.0,245.42857142857142,259.1666666666667
2025-07-02,MBA15,279,2025,7,2,2,183,0,0,0,333.0,276.0,286.0,255.85714285714286,259.96666666666664
2025-07-03,MBA15,280,2025,7,3,3,184,0,0,0,279.0,225.0,295.0,256.2857142857143,258.93333333333334
2025-07-04,MBA15,257,2025,7,4,4,185,0,0,0,280.0,259.0,292.0,264.14285714285717,260.1333333333333
2025-07-05,MBA15,211,2025,7,5,5,186,1,0,0,257.0,251.0,242.0,263.85714285714283,260.1
2025-07-06,MBA15,227,2025,7,6,6,187,1,0,0,211.0,241.0,230.0,258.14285714285717,257.1
2025-07-07,MBA15,292,2025,7,7,0,188,0,0,0,227.0,206.0,309.0,256.14285714285717,254.86666666666667
2025-07-08,MBA15,284,2025,7,8,1,189,0,0,0,292.0,333.0,260.0,268.42857142857144,258.3
2025-07-09,MBA15,259,2025,7,9,2,190,0,0,0,284.0,279.0,276.0,261.42857142857144,259.9
2025-07-10,MBA15,249,2025,7,10,3,191,0,0,0,259.0,280.0,225.0,258.57142857142856,260.0
2025-07-11,MBA15,373,2025,7,11,4,192,0,0,0,249.0,257.0,259.0,254.14285714285714,261.1333333333333
2025-07-12,MBA15,145,2025,7,12,5,193,1,0,0,373.0,211.0,251.0,270.7142857142857,264.7
2025-07-13,MBA15,237,2025,7,13,6,194,1,0,0,145.0,227.0,241.0,261.2857142857143,258.5
2025-07-14,MBA15,289,2025,7,14,0,195,0,0,0,237.0,292.0,206.0,262.7142857142857,256.26666666666665
2025-07-15,MBA15,306,2025,7,15,1,196,0,0,0,289.0,284.0,333.0,262.2857142857143,258.53333333333336
2025-07-16,MBA15,382,2025,7,16,2,197,0,0,0,306.0,259.0,279.0,265.42857142857144,262.8333333333333
2025-07-17,MBA15,299,2025,7,17,3,198,0,0,0,382.0,249.0,280.0,283.0,268.3666666666667
2025-07-18,MBA15,264,2025,7,18,4,199,0,0,0,299.0,373.0,257.0,290.14285714285717,269.1333333333333
2025-07-19,MBA15,276,2025,7,19,5,200,1,0,0,264.0,145.0,211.0,274.57142857142856,268.4
2025-07-20,MBA15,245,2025,7,20,6,201,1,0,0,276.0,237.0,227.0,293.2857142857143,267.76666666666665
2025-07-21,MBA15,273,2025,7,21,0,202,0,0,0,245.0,289.0,292.0,294.42857142857144,266.2
2025-07-22,MBA15,103,2025,7,22,1,203,0,0,0,273.0,306.0,284.0,292.14285714285717,267.23333333333335
2025-07-23,MBA15,276,2025,7,23,2,204,0,0,0,103.0,382.0,259.0,263.14285714285717,263.0
2025-07-24,MBA15,314,2025,7,24,3,205,0,0,0,276.0,299.0,249.0,248.0,261.9
2025-07-25,MBA15,243,2025,7,25,4,206,0,0,0,314.0,264.0,373.0,250.14285714285714,263.7
2025-07-26,MBA15,196,2025,7,26,5,207,1,0,0,243.0,276.0,145.0,247.14285714285714,262.6
2025-07-27,MBA15,190,2025,7,27,6,208,1,0,0,196.0,245.0,237.0,235.71428571428572,261.6333333333333
2025-07-28,MBA15,278,2025,7,28,0,209,0,0,0,190.0,273.0,289.0,227.85714285714286,259.3333333333333
2025-07-29,MBA15,261,2025,7,29,1,210,0,0,0,278.0,103.0,306.0,228.57142857142858,260.23333333333335
2025-07-30,MBA15,223,2025,7,30,2,211,0,0,0,261.0,276.0,382.0,251.14285714285714,260.9
2025-07-31,MBA15,210,2025,7,31,3,212,0,0,0,223.0,314.0,299.0,243.57142857142858,261.46666666666664
2025-08-01,MBA15,355,2025,8,1,4,213,0,1,0,210.0,243.0,264.0,228.71428571428572,257.3666666666667
2025-08-02,MBA15,320,2025,8,2,5,214,1,1,0,355.0,196.0,276.0,244.71428571428572,259.9
2025-08-03,MBA15,290,2025,8,3,6,215,1,1,0,320.0,190.0,245.0,262.42857142857144,261.23333333333335
2025-08-04,MBA15,385,2025,8,4,0,216,0,1,0,290.0,278.0,273.0,276.7142857142857,262.3333333333333
2025-08-05,MBA15,601,2025,8,5,1,217,0,1,0,385.0,261.0,103.0,292.0,268.1333333333333
2025-08-06,MBA15,390,2025,8,6,2,218,0,1,0,601.0,223.0,276.0,340.57142857142856,280.6
2025-08-07,MBA15,388,2025,8,7,3,219,0,1,0,390.0,210.0,314.0,364.42857142857144,283.8666666666667
2025-08-08,MBA15,313,2025,8,8,4,220,0,1,0,388.0,355.0,243.0,389.85714285714283,287.3333333333333
2025-08-09,MBA15,264,2025,8,9,5,221,1,1,0,313.0,320.0,196.0,383.85714285714283,289.1333333333333
2025-08-10,MBA15,310,2025,8,10,6,222,1,1,0,264.0,290.0,190.0,375.85714285714283,289.6333333333333
2025-08-11,MBA15,374,2025,8,11,0,223,0,1,0,310.0,385.0,278.0,378.7142857142857,287.53333333333336
2025-08-12,MBA15,464,2025,8,12,1,224,0,1,0,374.0,601.0,261.0,377.14285714285717,295.1666666666667
2025-08-13,MBA15,407,2025,8,13,2,225,0,1,0,464.0,390.0,223.0,357.57142857142856,302.73333333333335
2025-08-14,MBA15,379,2025,8,14,3,226,0,1,0,407.0,388.0,210.0,360.0,306.6666666666667
2025-08-15,MBA15,496,2025,8,15,4,227,0,1,0,379.0,313.0,355.0,358.7142857142857,309.1
2025-08-16,MBA15,319,2025,8,16,5,228,1,1,0,496.0,264.0,320.0,384.85714285714283,312.9
2025-08-17,MBA15,345,2025,8,17,6,229,1,1,0,319.0,310.0,290.0,392.7142857142857,313.56666666666666
2025-08-18,MBA15,386,2025,8,18,0,230,0,1,0,345.0,374.0,385.0,397.7142857142857,316.26666666666665
2025-08-19,MBA15,346,2025,8,19,1,231,0,1,0,386.0,464.0,601.0,399.42857142857144,319.93333333333334
2025-08-20,MBA15,361,2025,8,20,2,232,0,1,0,346.0,407.0,390.0,382.57142857142856,323.3
2025-08-21,MBA15,338,2025,8,21,3,233,0,1,0,361.0,379.0,388.0,376.0,326.23333333333335
2025-08-22,MBA15,384,2025,8,22,4,234,0,1,0,338.0,496.0,313.0,370.14285714285717,334.06666666666666
2025-08-23,MBA15,354,2025,8,23,5,235,1,1,0,384.0,319.0,264.0,354.14285714285717,337.6666666666667
2025-08-24,MBA15,336,2025,8,24,6,236,1,1,0,354.0,345.0,310.0,359.14285714285717,339.0
2025-08-25,MBA15,389,2025,8,25,0,237,0,1,0,336.0,386.0,374.0,357.85714285714283,342.1
2025-08-26,MBA15,384,2025,8,26,1,238,0,1,0,389.0,346.0,464.0,358.2857142857143,348.53333333333336
2025-08-27,MBA15,555,2025,8,27,2,239,0,1,0,384.0,361.0,407.0,363.7142857142857,355.0
2025-08-28,MBA15,368,2025,8,28,3,240,0,1,0,555.0,338.0,379.0,391.42857142857144,364.23333333333335
2025-08-29,MBA15,346,2025,8,29,4,241,0,1,0,368.0,384.0,496.0,395.7142857142857,367.8
2025-08-30,MBA15,316,2025,8,30,5,242,1,1,0,346.0,354.0,319.0,390.2857142857143,371.9
2025-08-31,MBA15,312,2025,8,31,6,243,1,1,0,316.0,336.0,345.0,384.85714285714283,375.43333333333334
2025-09-01,MBA15,354,2025,9,1,0,244,0,1,0,312.0,389.0,386.0,381.42857142857144,374.0
2025-09-02,MBA15,382,2025,9,2,1,245,0,1,0,354.0,384.0,346.0,376.42857142857144,375.1333333333333
2025-09-03,MBA15,343,2025,9,3,2,246,0,1,0,382.0,555.0,361.0,376.14285714285717,378.2
2025-09-04,MBA15,395,2025,9,4,3,247,0,1,0,343.0,368.0,338.0,345.85714285714283,376.8
2025-09-05,MBA15,419,2025,9,5,4,248,0,1,0,395.0,346.0,384.0,349.7142857142857,369.93333333333334
2025-09-06,MBA15,92,2025,9,6,5,249,1,1,0,419.0,316.0,354.0,360.14285714285717,370.9
2025-09-07,MBA15,266,2025,9,7,6,250,1,1,0,92.0,312.0,336.0,328.14285714285717,361.03333333333336
2025-09-08,MBA15,396,2025,9,8,0,251,0,1,0,266.0,354.0,389.0,321.57142857142856,359.46666666666664
2025-09-09,MBA15,314,2025,9,9,1,252,0,1,0,396.0,382.0,384.0,327.57142857142856,363.8666666666667
2025-09-10,MBA15,385,2025,9,10,2,253,0,1,0,314.0,343.0,555.0,317.85714285714283,364.0
2025-09-11,MBA15,362,2025,9,11,3,254,0,1,0,385.0,395.0,368.0,323.85714285714283,364.3666666666667
2025-09-12,MBA15,369,2025,9,12,4,255,0,1,0,362.0,419.0,346.0,319.14285714285717,360.96666666666664
2025-09-13,MBA15,314,2025,9,13,5,256,1,1,0,369.0,92.0,316.0,312.0,359.7
2025-09-14,MBA15,273,2025,9,14,6,257,1,1,0,314.0,266.0,312.0,343.7142857142857,357.53333333333336
2025-09-15,MBA15,354,2025,9,15,0,258,0,1,0,273.0,396.0,354.0,344.7142857142857,350.1
2025-09-16,MBA15,410,2025,9,16,1,259,0,1,0,354.0,314.0,382.0,338.7142857142857,351.26666666666665
2025-09-17,MBA15,361,2025,9,17,2,260,0,1,0,410.0,385.0,343.0,352.42857142857144,353.43333333333334
2025-09-18,MBA15,338,2025,9,18,3,261,0,1,0,361.0,362.0,395.0,349.0,352.6
2025-09-19,MBA15,386,2025,9,19,4,262,0,1,0,338.0,369.0,419.0,345.57142857142856,352.3333333333333
2025-09-20,MBA15,339,2025,9,20,5,263,1,1,0,386.0,314.0,92.0,348.0,353.1666666666667
2025-09-21,MBA15,264,2025,9,21,6,264,1,1,0,339.0,273.0,266.0,351.57142857142856,353.2
2025-09-22,MBA15,401,2025,9,22,0,265,0,1,0,264.0,354.0,396.0,350.2857142857143,349.2
2025-09-23,MBA15,593,2025,9,23,1,266,0,1,0,401.0,410.0,314.0,357.0,350.76666666666665
2025-09-24,MBA15,376,2025,9,24,2,267,0,1,0,593.0,361.0,385.0,383.14285714285717,359.3333333333333
2025-09-25,MBA15,139,2025,9,25,3,268,0,1,0,376.0,338.0,362.0,385.2857142857143,358.9
2025-09-26,MBA15,240,2025,9,26,4,269,0,1,0,139.0,386.0,369.0,356.85714285714283,350.73333333333335
2025-09-27,MBA15,335,2025,9,27,5,270,1,1,0,240.0,339.0,314.0,336.0,340.23333333333335
2025-09-28,MBA15,322,2025,9,28,6,271,1,1,0,335.0,264.0,273.0,335.42857142857144,339.1333333333333
2025-09-29,MBA15,352,2025,9,29,0,272,0,1,0,322.0,401.0,354.0,343.7142857142857,338.3333333333333
2025-09-30,MBA15,365,2025,9,30,1,273,0,1,0,352.0,593.0,410.0,336.7142857142857,339.53333333333336
2025-10-01,MBA15,297,2025,10,1,2,274,0,0,0,365.0,376.0,361.0,304.14285714285717,341.3
2025-10-02,MBA15,222,2025,10,2,3,275,0,0,0,297.0,139.0,338.0,292.85714285714283,339.4
2025-10-03,MBA15,257,2025,10,3,4,276,0,0,0,222.0,240.0,386.0,304.7142857142857,334.06666666666666
2025-10-04,MBA15,233,2025,10,4,5,277,1,0,0,257.0,335.0,339.0,307.14285714285717,331.2
2025-10-05,MBA15,239,2025,10,5,6,278,1,0,0,233.0,322.0,264.0,292.57142857142856,325.8
2025-10-06,MBA15,287,2025,10,6,0,279,0,0,0,239.0,352.0,401.0,280.7142857142857,319.8
2025-10-07,MBA15,268,2025,10,7,1,280,0,0,0,287.0,365.0,593.0,271.42857142857144,326.3
2025-10-08,MBA15,424,2025,10,8,2,281,0,0,0,268.0,297.0,376.0,257.57142857142856,326.3666666666667
2025-10-09,MBA15,247,2025,10,9,3,282,0,0,0,424.0,222.0,139.0,275.7142857142857,327.3
2025-10-10,MBA15,283,2025,10,10,4,283,0,0,0,247.0,257.0,240.0,279.2857142857143,325.06666666666666
2025-10-11,MBA15,214,2025,10,11,5,284,1,0,0,283.0,233.0,335.0,283.0,321.6666666666667
2025-10-12,MBA15,269,2025,10,12,6,285,1,0,0,214.0,239.0,322.0,280.2857142857143,316.73333333333335
2025-10-13,MBA15,359,2025,10,13,0,286,0,0,0,269.0,287.0,352.0,284.57142857142856,313.4
2025-10-14,MBA15,108,2025,10,14,1,287,0,0,0,359.0,268.0,365.0,294.85714285714283,314.9
2025-10-15,MBA15,258,2025,10,15,2,288,0,0,0,108.0,424.0,297.0,272.0,309.4
2025-10-16,MBA15,281,2025,10,16,3,289,0,0,0,258.0,247.0,222.0,248.28571428571428,306.2
2025-10-17,MBA15,277,2025,10,17,4,290,0,0,0,281.0,283.0,257.0,253.14285714285714,301.9
2025-10-18,MBA15,124,2025,10,18,5,291,1,0,0,277.0,214.0,233.0,252.28571428571428,299.1
2025-10-19,MBA15,232,2025,10,19,6,292,1,0,0,124.0,269.0,239.0,239.42857142857142,291.96666666666664
2025-10-20,MBA15,258,2025,10,20,0,293,0,0,0,232.0,359.0,287.0,234.14285714285714,286.8333333333333
2025-10-21,MBA15,266,2025,10,21,1,294,0,0,0,258.0,108.0,268.0,219.71428571428572,284.1333333333333
2025-10-22,MBA15,253,2025,10,22,2,295,0,0,0,266.0,258.0,424.0,242.28571428571428,284.2
2025-10-23,MBA15,131,2025,10,23,3,296,0,0,0,253.0,281.0,247.0,241.57142857142858,279.26666666666665
2025-10-24,MBA15,131,2025,10,24,4,297,0,0,0,131.0,277.0,283.0,220.14285714285714,263.8666666666667
2025-10-25,MBA15,214,2025,10,25,5,298,1,0,0,131.0,124.0,214.0,199.28571428571428,255.7
2025-10-26,MBA15,228,2025,10,26,6,299,1,0,0,214.0,232.0,269.0,212.14285714285714,258.2
2025-10-27,MBA15,246,2025,10,27,0,300,0,0,0,228.0,258.0,359.0,211.57142857142858,257.8
2025-10-28,MBA15,269,2025,10,28,1,301,0,0,0,246.0,266.0,108.0,209.85714285714286,254.83333333333334
2025-10-29,MBA15,309,2025,10,29,2,302,0,0,0,269.0,253.0,258.0,210.28571428571428,253.06666666666666
2025-10-30,MBA15,261,2025,10,30,3,303,0,0,0,309.0,131.0,281.0,218.28571428571428,251.63333333333333
2025-10-31,MBA15,244,2025,10,31,4,304,0,0,0,261.0,131.0,277.0,236.85714285714286,248.16666666666666
2025-11-01,MBA15,150,2025,11,1,5,305,1,0,1,244.0,214.0,124.0,253.0,246.4
2025-11-02,MBA15,260,2025,11,2,6,306,1,0,1,150.0,228.0,232.0,243.85714285714286,244.0
2025-11-03,MBA15,438,2025,11,3,0,307,0,0,1,260.0,246.0,258.0,248.42857142857142,244.1
2025-11-04,MBA15,389,2025,11,4,1,308,0,0,1,438.0,269.0,266.0,275.85714285714283,250.93333333333334
2025-11-05,MBA15,448,2025,11,5,2,309,0,0,1,389.0,309.0,253.0,293.0,255.93333333333334
2025-11-06,MBA15,356,2025,11,6,3,310,0,0,1,448.0,261.0,131.0,312.85714285714283,261.3
2025-11-07,MBA15,377,2025,11,7,4,311,0,0,1,356.0,244.0,131.0,326.42857142857144,264.23333333333335
2025-11-08,MBA15,303,2025,11,8,5,312,1,0,1,377.0,150.0,214.0,345.42857142857144,262.6666666666667
2025-11-09,MBA15,286,2025,11,9,6,313,1,0,1,303.0,260.0,228.0,367.2857142857143,264.53333333333336
2025-11-10,MBA15,399,2025,11,10,0,314,0,0,1,286.0,438.0,246.0,371.0,264.6333333333333
2025-11-11,MBA15,391,2025,11,11,1,315,0,0,1,399.0,389.0,269.0,365.42857142857144,270.8
2025-11-12,MBA15,428,2025,11,12,2,316,0,0,1,391.0,448.0,309.0,365.7142857142857,274.8666666666667
2025-11-13,MBA15,365,2025,11,13,3,317,0,0,1,428.0,356.0,261.0,362.85714285714283,277.1666666666667
2025-11-14,MBA15,662,2025,11,14,4,318,0,0,1,365.0,377.0,244.0,364.14285714285717,285.73333333333335
2025-11-15,MBA15,309,2025,11,15,5,319,1,0,1,662.0,303.0,150.0,404.85714285714283,299.2
2025-11-16,MBA15,372,2025,11,16,6,320,1,0,1,309.0,286.0,260.0,405.7142857142857,300.1333333333333
2025-11-17,MBA15,409,2025,11,17,0,321,0,0,1,372.0,399.0,438.0,418.0,303.3
2025-11-18,MBA15,435,2025,11,18,1,322,0,0,1,409.0,391.0,389.0,419.42857142857144,312.8
2025-11-19,MBA15,430,2025,11,19,2,323,0,0,1,435.0,428.0,448.0,425.7142857142857,319.56666666666666
2025-11-20,MBA15,411,2025,11,20,3,324,0,0,1,430.0,365.0,356.0,426.0,325.3
2025-11-21,MBA15,409,2025,11,21,4,325,0,0,1,411.0,662.0,377.0,432.57142857142856,330.1333333333333
2025-11-22,MBA15,347,2025,11,22,5,326,1,0,1,409.0,309.0,303.0,396.42857142857144,335.3333333333333
2025-11-23,MBA15,337,2025,11,23,6,327,1,0,1,347.0,372.0,286.0,401.85714285714283,342.53333333333336
2025-11-24,MBA15,161,2025,11,24,0,328,0,0,1,337.0,409.0,399.0,396.85714285714283,349.4
2025-11-25,MBA15,478,2025,11,25,1,329,0,0,1,161.0,435.0,391.0,361.42857142857144,347.6333333333333
2025-11-26,MBA15,381,2025,11,26,2,330,0,0,1,478.0,430.0,428.0,367.57142857142856,355.96666666666664
2025-11-27,MBA15,449,2025,11,27,3,331,0,0,1,381.0,411.0,365.0,360.57142857142856,360.46666666666664
2025-11-28,MBA15,387,2025,11,28,4,332,0,0,1,449.0,409.0,662.0,366.0,366.46666666666664
2025-11-29,MBA15,318,2025,11,29,5,333,1,0,1,387.0,347.0,309.0,362.85714285714283,369.06666666666666
2025-11-30,MBA15,283,2025,11,30,6,334,1,0,1,318.0,337.0,372.0,358.7142857142857,370.96666666666664
2025-12-01,MBA15,409,2025,12,1,0,335,0,0,1,283.0,161.0,409.0,351.0,372.26666666666665
2025-12-02,MBA15,394,2025,12,2,1,336,0,0,1,409.0,478.0,435.0,386.42857142857144,380.9
2025-12-03,MBA15,367,2025,12,3,2,337,0,0,1,394.0,381.0,430.0,374.42857142857144,385.3666666666667
2025-12-04,MBA15,402,2025,12,4,3,338,0,0,1,367.0,449.0,411.0,372.42857142857144,383.0
2025-12-05,MBA15,372,2025,12,5,4,339,0,0,1,402.0,387.0,409.0,365.7142857142857,383.43333333333334
2025-12-06,MBA15,383,2025,12,6,5,340,1,0,1,372.0,318.0,347.0,363.57142857142856,380.9
2025-12-07,MBA15,313,2025,12,7,6,341,1,0,1,383.0,283.0,337.0,372.85714285714283,381.8
2025-12-08,MBA15,365,2025,12,8,0,342,0,0,1,313.0,409.0,161.0,377.14285714285717,379.6666666666667
2025-12-09,MBA15,414,2025,12,9,1,343,0,0,1,365.0,394.0,478.0,370.85714285714283,381.73333333333335
2025-12-10,MBA15,161,2025,12,10,2,344,0,0,1,414.0,367.0,381.0,373.7142857142857,386.0
2025-12-11,MBA15,417,2025,12,11,3,345,0,0,1,161.0,402.0,449.0,344.2857142857143,378.06666666666666
2025-12-12,MBA15,351,2025,12,12,4,346,0,0,1,417.0,372.0,387.0,346.42857142857144,378.93333333333334
2025-12-13,MBA15,336,2025,12,13,5,347,1,0,1,351.0,383.0,318.0,343.42857142857144,376.3666666666667
2025-12-14,MBA15,292,2025,12,14,6,348,1,0,1,336.0,313.0,283.0,336.7142857142857,375.4
2025-12-15,MBA15,418,2025,12,15,0,349,0,0,1,292.0,365.0,409.0,333.7142857142857,363.06666666666666
2025-12-16,MBA15,430,2025,12,16,1,350,0,0,1,418.0,414.0,394.0,341.2857142857143,366.7
2025-12-17,MBA15,392,2025,12,17,2,351,0,0,1,430.0,161.0,367.0,343.57142857142856,368.6333333333333
2025-12-18,MBA15,159,2025,12,18,3,352,0,0,1,392.0,417.0,402.0,376.57142857142856,368.06666666666666
2025-12-19,MBA15,424,2025,12,19,4,353,0,0,1,159.0,351.0,372.0,339.7142857142857,358.8666666666667
2025-12-20,MBA15,355,2025,12,20,5,354,1,0,1,424.0,336.0,383.0,350.14285714285717,358.6666666666667
2025-12-21,MBA15,304,2025,12,21,6,355,1,0,1,355.0,292.0,313.0,352.85714285714283,356.8
2025-12-22,MBA15,551,2025,12,22,0,356,0,0,1,304.0,418.0,365.0,354.57142857142856,353.3
2025-12-23,MBA15,396,2025,12,23,1,357,0,0,1,551.0,430.0,414.0,373.57142857142856,360.1
2025-12-24,MBA15,610,2025,12,24,2,358,0,0,1,396.0,392.0,161.0,368.7142857142857,362.06666666666666
2025-12-25,MBA15,390,2025,12,25,3,359,0,0,1,610.0,159.0,417.0,399.85714285714283,377.03333333333336
2025-12-26,MBA15,406,2025,12,26,4,360,0,0,1,390.0,424.0,351.0,432.85714285714283,374.1
2025-12-27,MBA15,308,2025,12,27,5,361,1,0,1,406.0,355.0,336.0,430.2857142857143,374.93333333333334
2025-12-28,MBA15,326,2025,12,28,6,362,1,0,1,308.0,304.0,292.0,423.57142857142856,370.23333333333335
2025-12-29,MBA15,435,2025,12,29,0,363,0,0,1,326.0,551.0,418.0,426.7142857142857,368.2
2025-12-30,MBA15,380,2025,12,30,1,364,0,0,1,435.0,396.0,430.0,410.14285714285717,372.1
2025-12-31,MBA15,395,2025,12,31,2,365,0,0,1,380.0,610.0,392.0,407.85714285714283,375.3333333333333
2023-01-31,MBP14,217,2023,1,31,1,31,0,0,0,200.0,207.0,202.0,181.85714285714286,193.8
2023-02-01,MBP14,205,2023,2,1,2,32,0,0,0,217.0,187.0,199.0,183.28571428571428,195.36666666666667
2023-02-02,MBP14,177,2023,2,2,3,33,0,0,0,205.0,200.0,181.0,185.85714285714286,195.36666666666667
2023-02-03,MBP14,224,2023,2,3,4,34,0,0,0,177.0,177.0,128.0,182.57142857142858,194.4
2023-02-04,MBP14,158,2023,2,4,5,35,1,0,0,224.0,172.0,160.0,189.28571428571428,195.7
2023-02-05,MBP14,159,2023,2,5,6,36,1,0,0,158.0,130.0,201.0,187.28571428571428,191.5
2023-02-06,MBP14,208,2023,2,6,0,37,0,0,0,159.0,200.0,238.0,191.42857142857142,188.6
2023-02-07,MBP14,124,2023,2,7,1,38,0,0,0,208.0,217.0,207.0,192.57142857142858,185.83333333333334
2023-02-08,MBP14,177,2023,2,8,2,39,0,0,0,124.0,205.0,187.0,179.28571428571428,184.7
2023-02-09,MBP14,187,2023,2,9,3,40,0,0,0,177.0,177.0,200.0,175.28571428571428,184.3
2023-02-10,MBP14,220,2023,2,10,4,41,0,0,0,187.0,224.0,177.0,176.71428571428572,185.5
2023-02-11,MBP14,125,2023,2,11,5,42,1,0,0,220.0,158.0,172.0,176.14285714285714,184.83333333333334
2023-02-12,MBP14,167,2023,2,12,6,43,1,0,0,125.0,159.0,130.0,171.42857142857142,182.5
2023-02-13,MBP14,179,2023,2,13,0,44,0,0,0,167.0,208.0,200.0,172.57142857142858,180.13333333333333
2023-02-14,MBP14,188,2023,2,14,1,45,0,0,0,179.0,124.0,217.0,168.42857142857142,180.56666666666666
2023-02-15,MBP14,176,2023,2,15,2,46,0,0,0,188.0,177.0,205.0,177.57142857142858,182.26666666666668
2023-02-16,MBP14,183,2023,2,16,3,47,0,0,0,176.0,187.0,177.0,177.42857142857142,182.43333333333334
2023-02-17,MBP14,194,2023,2,17,4,48,0,0,0,183.0,220.0,224.0,176.85714285714286,181.8
2023-02-18,MBP14,155,2023,2,18,5,49,1,0,0,194.0,125.0,158.0,173.14285714285714,181.63333333333333
2023-02-19,MBP14,141,2023,2,19,6,50,1,0,0,155.0,167.0,159.0,177.42857142857142,180.76666666666668
2023-02-20,MBP14,151,2023,2,20,0,51,0,0,0,141.0,179.0,208.0,173.71428571428572,181.2
2023-02-21,MBP14,176,2023,2,21,1,52,0,0,0,151.0,188.0,124.0,169.71428571428572,180.9
2023-02-22,MBP14,177,2023,2,22,2,53,0,0,0,176.0,176.0,177.0,168.0,180.06666666666666
2023-02-23,MBP14,298,2023,2,23,3,54,0,0,0,177.0,183.0,187.0,168.14285714285714,178.03333333333333
2023-02-24,MBP14,175,2023,2,24,4,55,0,0,0,298.0,194.0,220.0,184.57142857142858,181.06666666666666
2023-02-25,MBP14,174,2023,2,25,5,56,1,0,0,175.0,155.0,125.0,181.85714285714286,180.66666666666666
2023-02-26,MBP14,116,2023,2,26,6,57,1,0,0,174.0,141.0,167.0,184.57142857142858,179.8
2023-02-27,MBP14,201,2023,2,27,0,58,0,0,0,116.0,151.0,179.0,181.0,177.76666666666668
2023-02-28,MBP14,189,2023,2,28,1,59,0,0,0,201.0,176.0,188.0,188.14285714285714,178.73333333333332
2023-03-01,MBP14,208,2023,3,1,2,60,0,0,0,189.0,177.0,176.0,190.0,180.7
2023-03-02,MBP14,189,2023,3,2,3,61,0,0,0,208.0,298.0,183.0,194.42857142857142,180.96666666666667
2023-03-03,MBP14,176,2023,3,3,4,62,0,0,0,189.0,175.0,194.0,178.85714285714286,180.03333333333333
2023-03-04,MBP14,157,2023,3,4,5,63,1,0,0,176.0,174.0,155.0,179.0,179.06666666666666
2023-03-05,MBP14,156,2023,3,5,6,64,1,0,0,157.0,116.0,141.0,176.57142857142858,178.4
2023-03-06,MBP14,200,2023,3,6,0,65,0,0,0,156.0,201.0,151.0,182.28571428571428,176.13333333333333
2023-03-07,MBP14,215,2023,3,7,1,66,0,0,0,200.0,189.0,176.0,182.14285714285714,177.53333333333333
2023-03-08,MBP14,65,2023,3,8,2,67,0,0,0,215.0,208.0,177.0,185.85714285714286,179.4
2023-03-09,MBP14,186,2023,3,9,3,68,0,0,0,65.0,189.0,298.0,165.42857142857142,174.63333333333333
2023-03-10,MBP14,316,2023,3,10,4,69,0,0,0,186.0,176.0,175.0,165.0,176.7
2023-03-11,MBP14,170,2023,3,11,5,70,1,0,0,316.0,157.0,174.0,185.0,181.33333333333334
2023-03-12,MBP14,171,2023,3,12,6,71,1,0,0,170.0,156.0,116.0,186.85714285714286,180.76666666666668
2023-03-13,MBP14,185,2023,3,13,0,72,0,0,0,171.0,200.0,201.0,189.0,179.13333333333333
2023-03-14,MBP14,178,2023,3,14,1,73,0,0,0,185.0,215.0,189.0,186.85714285714286,181.13333333333333
2023-03-15,MBP14,236,2023,3,15,2,74,0,0,0,178.0,65.0,208.0,181.57142857142858,181.5
2023-03-16,MBP14,196,2023,3,16,3,75,0,0,0,236.0,186.0,189.0,206.0,183.4
2023-03-17,MBP14,199,2023,3,17,4,76,0,0,0,196.0,316.0,176.0,207.42857142857142,183.66666666666666
2023-03-18,MBP14,170,2023,3,18,5,77,1,0,0,199.0,170.0,157.0,190.71428571428572,184.43333333333334
2023-03-19,MBP14,140,2023,3,19,6,78,1,0,0,170.0,171.0,156.0,190.71428571428572,184.0
2023-03-20,MBP14,188,2023,3,20,0,79,0,0,0,140.0,185.0,200.0,186.28571428571428,182.2
2023-03-21,MBP14,196,2023,3,21,1,80,0,0,0,188.0,178.0,215.0,186.71428571428572,183.3
2023-03-22,MBP14,167,2023,3,22,2,81,0,0,0,196.0,236.0,65.0,189.28571428571428,185.13333333333333
2023-03-23,MBP14,197,2023,3,23,3,82,0,0,0,167.0,196.0,186.0,179.42857142857142,185.66666666666666
2023-03-24,MBP14,208,2023,3,24,4,83,0,0,0,197.0,199.0,316.0,179.57142857142858,186.36666666666667
2023-03-25,MBP14,143,2023,3,25,5,84,1,0,0,208.0,170.0,170.0,180.85714285714286,187.4
2023-03-26,MBP14,167,2023,3,26,6,85,1,0,0,143.0,140.0,171.0,177.0,182.23333333333332
2023-03-27,MBP14,172,2023,3,27,0,86,0,0,0,167.0,188.0,185.0,180.85714285714286,181.96666666666667
2023-03-28,MBP14,177,2023,3,28,1,87,0,0,0,172.0,196.0,178.0,178.57142857142858,181.9
2023-03-29,MBP14,44,2023,3,29,2,88,0,0,0,177.0,167.0,236.0,175.85714285714286,183.93333333333334
2023-03-30,MBP14,188,2023,3,30,3,89,0,0,0,44.0,197.0,196.0,158.28571428571428,178.7
2023-03-31,MBP14,198,2023,3,31,4,90,0,0,0,188.0,208.0,199.0,157.0,178.66666666666666
2023-04-01,MBP14,146,2023,4,1,5,91,1,0,0,198.0,143.0,170.0,155.57142857142858,178.33333333333334
2023-04-02,MBP14,224,2023,4,2,6,92,1,0,0,146.0,167.0,140.0,156.0,176.9
2023-04-03,MBP14,224,2023,4,3,0,93,0,0,0,224.0,172.0,188.0,164.14285714285714,178.5
2023-04-04,MBP14,182,2023,4,4,1,94,0,0,0,224.0,177.0,196.0,171.57142857142858,180.73333333333332
2023-04-05,MBP14,173,2023,4,5,2,95,0,0,0,182.0,44.0,167.0,172.28571428571428,181.6
2023-04-06,MBP14,180,2023,4,6,3,96,0,0,0,173.0,188.0,197.0,190.71428571428572,180.7
2023-04-07,MBP14,216,2023,4,7,4,97,0,0,0,180.0,198.0,208.0,189.57142857142858,179.53333333333333
2023-04-08,MBP14,179,2023,4,8,5,98,1,0,0,216.0,146.0,143.0,192.14285714285714,184.56666666666666
2023-04-09,MBP14,187,2023,4,9,6,99,1,0,0,179.0,224.0,167.0,196.85714285714286,184.33333333333334
2023-04-10,MBP14,176,2023,4,10,0,100,0,0,0,187.0,224.0,172.0,191.57142857142858,180.03333333333333
2023-04-11,MBP14,205,2023,4,11,1,101,0,0,0,176.0,182.0,177.0,184.71428571428572,180.23333333333332
2023-04-12,MBP14,178,2023,4,12,2,102,0,0,0,205.0,173.0,44.0,188.0,181.36666666666667
2023-04-13,MBP14,229,2023,4,13,3,103,0,0,0,178.0,180.0,188.0,188.71428571428572,181.13333333333333
2023-04-14,MBP14,177,2023,4,14,4,104,0,0,0,229.0,216.0,198.0,195.71428571428572,182.83333333333334
2023-04-15,MBP14,131,2023,4,15,5,105,1,0,0,177.0,179.0,146.0,190.14285714285714,180.86666666666667
2023-04-16,MBP14,135,2023,4,16,6,106,1,0,0,131.0,187.0,224.0,183.28571428571428,178.7
2023-04-17,MBP14,194,2023,4,17,0,107,0,0,0,135.0,176.0,224.0,175.85714285714286,176.56666666666666
2023-04-18,MBP14,209,2023,4,18,1,108,0,0,0,194.0,205.0,182.0,178.42857142857142,177.36666666666667
2023-04-19,MBP14,208,2023,4,19,2,109,0,0,0,209.0,178.0,173.0,179.0,179.66666666666666
2023-04-20,MBP14,172,2023,4,20,3,110,0,0,0,208.0,229.0,180.0,183.28571428571428,180.33333333333334
2023-04-21,MBP14,187,2023,4,21,4,111,0,0,0,172.0,177.0,216.0,175.14285714285714,179.53333333333333
2023-04-22,MBP14,147,2023,4,22,5,112,1,0,0,187.0,131.0,179.0,176.57142857142858,180.2
2023-04-23,MBP14,133,2023,4,23,6,113,1,0,0,147.0,135.0,187.0,178.85714285714286,178.53333333333333
2023-04-24,MBP14,183,2023,4,24,0,114,0,0,0,133.0,194.0,176.0,178.57142857142858,176.03333333333333
2023-04-25,MBP14,223,2023,4,25,1,115,0,0,0,183.0,209.0,205.0,177.0,177.36666666666667
2023-04-26,MBP14,167,2023,4,26,2,116,0,0,0,223.0,208.0,178.0,179.0,179.23333333333332
2023-04-27,MBP14,199,2023,4,27,3,117,0,0,0,167.0,172.0,229.0,173.14285714285714,179.06666666666666
2023-04-28,MBP14,224,2023,4,28,4,118,0,0,0,199.0,187.0,177.0,177.0,179.8
2023-04-29,MBP14,186,2023,4,29,5,119,1,0,0,224.0,147.0,131.0,182.28571428571428,185.8
2023-04-30,MBP14,194,2023,4,30,6,120,1,0,0,186.0,133.0,135.0,187.85714285714286,185.73333333333332
2023-05-01,MBP14,201,2023,5,1,0,121,0,0,0,194.0,183.0,194.0,196.57142857142858,185.6
2023-05-02,MBP14,204,2023,5,2,1,122,0,0,0,201.0,223.0,209.0,199.14285714285714,187.43333333333334
2023-05-03,MBP14,184,2023,5,3,2,123,0,0,0,204.0,167.0,208.0,196.42857142857142,186.76666666666668
2023-05-04,MBP14,167,2023,5,4,3,124,0,0,0,184.0,199.0,172.0,198.85714285714286,185.43333333333334
2023-05-05,MBP14,272,2023,5,5,4,125,0,0,0,167.0,224.0,187.0,194.28571428571428,184.93333333333334
2023-05-06,MBP14,204,2023,5,6,5,126,1,0,0,272.0,186.0,147.0,201.14285714285714,188.23333333333332
2023-05-07,MBP14,177,2023,5,7,6,127,1,0,0,204.0,194.0,133.0,203.71428571428572,189.03333333333333
2023-05-08,MBP14,187,2023,5,8,0,128,0,0,0,177.0,201.0,183.0,201.28571428571428,187.73333333333332
2023-05-09,MBP14,189,2023,5,9,1,129,0,0,0,187.0,204.0,223.0,199.28571428571428,188.0
2023-05-10,MBP14,203,2023,5,10,2,130,0,0,0,189.0,184.0,167.0,197.14285714285714,188.06666666666666
2023-05-11,MBP14,195,2023,5,11,3,131,0,0,0,203.0,167.0,199.0,199.85714285714286,188.96666666666667
2023-05-12,MBP14,165,2023,5,12,4,132,0,0,0,195.0,272.0,224.0,203.85714285714286,188.63333333333333
2023-05-13,MBP14,185,2023,5,13,5,133,1,0,0,165.0,204.0,186.0,188.57142857142858,188.2
2023-05-14,MBP14,205,2023,5,14,6,134,1,0,0,185.0,177.0,194.0,185.85714285714286,186.73333333333332
2023-05-15,MBP14,221,2023,5,15,0,135,0,0,0,205.0,187.0,201.0,189.85714285714286,187.66666666666666
2023-05-16,MBP14,217,2023,5,16,1,136,0,0,0,221.0,189.0,204.0,194.71428571428572,190.66666666666666
2023-05-17,MBP14,186,2023,5,17,2,137,0,0,0,217.0,203.0,184.0,198.71428571428572,193.4
2023-05-18,MBP14,228,2023,5,18,3,138,0,0,0,186.0,195.0,167.0,196.28571428571428,193.13333333333333
2023-05-19,MBP14,203,2023,5,19,4,139,0,0,0,228.0,165.0,272.0,201.0,193.76666666666668
2023-05-20,MBP14,180,2023,5,20,5,140,1,0,0,203.0,185.0,204.0,206.42857142857142,193.6
2023-05-21,MBP14,162,2023,5,21,6,141,1,0,0,180.0,205.0,177.0,205.71428571428572,193.86666666666667
2023-05-22,MBP14,170,2023,5,22,0,142,0,0,0,162.0,221.0,187.0,199.57142857142858,193.03333333333333
2023-05-23,MBP14,191,2023,5,23,1,143,0,0,0,170.0,217.0,189.0,192.28571428571428,193.8
2023-05-24,MBP14,212,2023,5,24,2,144,0,0,0,191.0,186.0,203.0,188.57142857142858,195.73333333333332
2023-05-25,MBP14,186,2023,5,25,3,145,0,0,0,212.0,228.0,195.0,192.28571428571428,196.7
2023-05-26,MBP14,199,2023,5,26,4,146,0,0,0,186.0,203.0,165.0,186.28571428571428,195.46666666666667
2023-05-27,MBP14,149,2023,5,27,5,147,1,0,0,199.0,180.0,185.0,185.71428571428572,196.53333333333333
2023-05-28,MBP14,142,2023,5,28,6,148,1,0,0,149.0,162.0,205.0,181.28571428571428,194.86666666666667
2023-05-29,MBP14,134,2023,5,29,0,149,0,0,0,142.0,170.0,221.0,178.42857142857142,192.13333333333333
2023-05-30,MBP14,150,2023,5,30,1,150,0,0,0,134.0,191.0,217.0,173.28571428571428,190.4
2023-05-31,MBP14,174,2023,5,31,2,151,0,0,0,150.0,212.0,186.0,167.42857142857142,188.93333333333334
2023-06-01,MBP14,184,2023,6,1,3,152,0,0,0,174.0,186.0,228.0,162.0,188.03333333333333
2023-06-02,MBP14,219,2023,6,2,4,153,0,0,0,184.0,199.0,203.0,161.71428571428572,187.36666666666667
2023-06-03,MBP14,138,2023,6,3,5,154,1,0,0,219.0,149.0,180.0,164.57142857142858,188.53333333333333
2023-06-04,MBP14,137,2023,6,4,6,155,1,0,0,138.0,142.0,162.0,163.0,187.56666666666666
2023-06-05,MBP14,349,2023,6,5,0,156,0,0,0,137.0,134.0,170.0,162.28571428571428,183.06666666666666
2023-06-06,MBP14,216,2023,6,6,1,157,0,0,0,349.0,150.0,191.0,193.0,187.9
2023-06-07,MBP14,149,2023,6,7,2,158,0,0,0,216.0,174.0,212.0,202.42857142857142,189.2
2023-06-08,MBP14,209,2023,6,8,3,159,0,0,0,149.0,184.0,186.0,198.85714285714286,187.93333333333334
2023-06-09,MBP14,192,2023,6,9,4,160,0,0,0,209.0,219.0,199.0,202.42857142857142,188.6
2023-06-10,MBP14,170,2023,6,10,5,161,1,0,0,192.0,138.0,149.0,198.57142857142858,188.23333333333332
2023-06-11,MBP14,173,2023,6,11,6,162,1,0,0,170.0,137.0,142.0,203.14285714285714,187.4
2023-06-12,MBP14,262,2023,6,12,0,163,0,0,0,173.0,349.0,134.0,208.28571428571428,187.66666666666666
2023-06-13,MBP14,186,2023,6,13,1,164,0,0,0,262.0,216.0,150.0,195.85714285714286,190.23333333333332
2023-06-14,MBP14,185,2023,6,14,2,165,0,0,0,186.0,149.0,174.0,191.57142857142858,189.6
2023-06-15,MBP14,210,2023,6,15,3,166,0,0,0,185.0,209.0,184.0,196.71428571428572,188.4
2023-06-16,MBP14,167,2023,6,16,4,167,0,0,0,210.0,192.0,219.0,196.85714285714286,188.16666666666666
2023-06-17,MBP14,142,2023,6,17,5,168,1,0,0,167.0,170.0,138.0,193.28571428571428,187.53333333333333
2023-06-18,MBP14,74,2023,6,18,6,169,1,0,0,142.0,173.0,137.0,189.28571428571428,184.66666666666666
2023-06-19,MBP14,183,2023,6,19,0,170,0,0,0,74.0,262.0,349.0,175.14285714285714,180.36666666666667
2023-06-20,MBP14,195,2023,6,20,1,171,0,0,0,183.0,186.0,216.0,163.85714285714286,180.46666666666667
2023-06-21,MBP14,196,2023,6,21,2,172,0,0,0,195.0,185.0,149.0,165.14285714285714,181.56666666666666
2023-06-22,MBP14,205,2023,6,22,3,173,0,0,0,196.0,210.0,209.0,166.71428571428572,182.43333333333334
2023-06-23,MBP14,184,2023,6,23,4,174,0,0,0,205.0,167.0,192.0,166.0,182.9
2023-06-24,MBP14,162,2023,6,24,5,175,1,0,0,184.0,142.0,170.0,168.42857142857142,181.96666666666667
2023-06-25,MBP14,104,2023,6,25,6,176,1,0,0,162.0,74.0,173.0,171.28571428571428,181.16666666666666
2023-06-26,MBP14,158,2023,6,26,0,177,0,0,0,104.0,183.0,262.0,175.57142857142858,178.0
2023-06-27,MBP14,195,2023,6,27,1,178,0,0,0,158.0,195.0,186.0,172.0,178.3
2023-06-28,MBP14,167,2023,6,28,2,179,0,0,0,195.0,196.0,185.0,172.0,180.06666666666666
2023-06-29,MBP14,206,2023,6,29,3,180,0,0,0,167.0,205.0,210.0,167.85714285714286,181.16666666666666
2023-06-30,MBP14,191,2023,6,30,4,181,0,0,0,206.0,184.0,167.0,168.0,183.03333333333333
2023-07-01,MBP14,163,2023,7,1,5,182,1,0,0,191.0,162.0,142.0,169.0,183.6
2023-07-02,MBP14,243,2023,7,2,6,183,1,0,0,163.0,104.0,74.0,169.14285714285714,182.9
2023-07-03,MBP14,242,2023,7,3,0,184,0,0,0,243.0,158.0,183.0,189.0,183.7
2023-07-04,MBP14,180,2023,7,4,1,185,0,0,0,242.0,195.0,195.0,201.0,187.16666666666666
2023-07-05,MBP14,205,2023,7,5,2,186,0,0,0,180.0,167.0,196.0,198.85714285714286,188.6
2023-07-06,MBP14,158,2023,7,6,3,187,0,0,0,205.0,206.0,205.0,204.28571428571428,183.8
2023-07-07,MBP14,81,2023,7,7,4,188,0,0,0,158.0,191.0,184.0,197.42857142857142,181.86666666666667
2023-07-08,MBP14,181,2023,7,8,5,189,1,0,0,81.0,163.0,162.0,181.71428571428572,179.6
2023-07-09,MBP14,143,2023,7,9,6,190,1,0,0,181.0,243.0,104.0,184.28571428571428,178.66666666666666
2023-07-10,MBP14,153,2023,7,10,0,191,0,0,0,143.0,242.0,158.0,170.0,177.03333333333333
2023-07-11,MBP14,190,2023,7,11,1,192,0,0,0,153.0,180.0,195.0,157.28571428571428,176.46666666666667
2023-07-12,MBP14,201,2023,7,12,2,193,0,0,0,190.0,205.0,167.0,158.71428571428572,177.03333333333333
2023-07-13,MBP14,188,2023,7,13,3,194,0,0,0,201.0,158.0,206.0,158.14285714285714,175.0
2023-07-14,MBP14,211,2023,7,14,4,195,0,0,0,188.0,81.0,191.0,162.42857142857142,175.06666666666666
2023-07-15,MBP14,178,2023,7,15,5,196,1,0,0,211.0,181.0,163.0,181.0,175.93333333333334
2023-07-16,MBP14,149,2023,7,16,6,197,1,0,0,178.0,143.0,243.0,180.57142857142858,174.86666666666667
2023-07-17,MBP14,154,2023,7,17,0,198,0,0,0,149.0,153.0,242.0,181.42857142857142,174.26666666666668
2023-07-18,MBP14,168,2023,7,18,1,199,0,0,0,154.0,190.0,180.0,181.57142857142858,174.66666666666666
2023-07-19,MBP14,201,2023,7,19,2,200,0,0,0,168.0,201.0,205.0,178.42857142857142,177.8
2023-07-20,MBP14,195,2023,7,20,3,201,0,0,0,201.0,188.0,158.0,178.42857142857142,178.4
2023-07-21,MBP14,185,2023,7,21,4,202,0,0,0,195.0,211.0,81.0,179.42857142857142,178.4
2023-07-22,MBP14,122,2023,7,22,5,203,1,0,0,185.0,178.0,181.0,175.71428571428572,178.03333333333333
2023-07-23,MBP14,141,2023,7,23,6,204,1,0,0,122.0,149.0,143.0,167.71428571428572,175.26666666666668
2023-07-24,MBP14,214,2023,7,24,0,205,0,0,0,141.0,154.0,153.0,166.57142857142858,173.83333333333334
2023-07-25,MBP14,228,2023,7,25,1,206,0,0,0,214.0,168.0,190.0,175.14285714285714,175.56666666666666
2023-07-26,MBP14,197,2023,7,26,2,207,0,0,0,228.0,201.0,201.0,183.71428571428572,179.7
2023-07-27,MBP14,238,2023,7,27,3,208,0,0,0,197.0,195.0,188.0,183.14285714285714,181.0
2023-07-28,MBP14,295,2023,7,28,4,209,0,0,0,238.0,185.0,211.0,189.28571428571428,182.43333333333334
2023-07-29,MBP14,168,2023,7,29,5,210,1,0,0,295.0,122.0,178.0,205.0,186.7
2023-07-30,MBP14,158,2023,7,30,6,211,1,0,0,168.0,141.0,149.0,211.57142857142858,185.43333333333334
2023-07-31,MBP14,95,2023,7,31,0,212,0,0,0,158.0,214.0,154.0,214.0,184.33333333333334
2023-08-01,MBP14,267,2023,8,1,1,213,0,1,0,95.0,228.0,168.0,197.0,182.06666666666666
2023-08-02,MBP14,327,2023,8,2,2,214,0,1,0,267.0,197.0,201.0,202.57142857142858,182.86666666666667
2023-08-03,MBP14,300,2023,8,3,3,215,0,1,0,327.0,238.0,195.0,221.14285714285714,185.7
2023-08-04,MBP14,270,2023,8,4,4,216,0,1,0,300.0,295.0,185.0,230.0,189.7
2023-08-05,MBP14,216,2023,8,5,5,217,1,1,0,270.0,168.0,122.0,226.42857142857142,191.86666666666667
2023-08-06,MBP14,214,2023,8,6,6,218,1,1,0,216.0,158.0,141.0,233.28571428571428,193.8
2023-08-07,MBP14,248,2023,8,7,0,219,0,1,0,214.0,95.0,214.0,241.28571428571428,198.23333333333332
2023-08-08,MBP14,278,2023,8,8,1,220,0,1,0,248.0,267.0,228.0,263.14285714285717,200.46666666666667
2023-08-09,MBP14,289,2023,8,9,2,221,0,1,0,278.0,327.0,197.0,264.7142857142857,204.96666666666667
2023-08-10,MBP14,264,2023,8,10,3,222,0,1,0,289.0,300.0,238.0,259.2857142857143,209.5
2023-08-11,MBP14,280,2023,8,11,4,223,0,1,0,264.0,270.0,295.0,254.14285714285714,211.96666666666667
2023-08-12,MBP14,218,2023,8,12,5,224,1,1,0,280.0,216.0,168.0,255.57142857142858,214.6
2023-08-13,MBP14,191,2023,8,13,6,225,1,1,0,218.0,214.0,158.0,255.85714285714286,215.6
2023-08-14,MBP14,277,2023,8,14,0,226,0,1,0,191.0,248.0,95.0,252.57142857142858,214.93333333333334
2023-08-15,MBP14,263,2023,8,15,1,227,0,1,0,277.0,278.0,267.0,256.7142857142857,218.23333333333332
2023-08-16,MBP14,279,2023,8,16,2,228,0,1,0,263.0,289.0,327.0,254.57142857142858,222.03333333333333
2023-08-17,MBP14,296,2023,8,17,3,229,0,1,0,279.0,264.0,300.0,253.14285714285714,226.2
2023-08-18,MBP14,350,2023,8,18,4,230,0,1,0,296.0,280.0,270.0,257.7142857142857,230.46666666666667
2023-08-19,MBP14,193,2023,8,19,5,231,1,1,0,350.0,218.0,216.0,267.7142857142857,235.43333333333334
2023-08-20,MBP14,207,2023,8,20,6,232,1,1,0,193.0,191.0,214.0,264.14285714285717,235.36666666666667
2023-08-21,MBP14,262,2023,8,21,0,233,0,1,0,207.0,277.0,248.0,266.42857142857144,236.1
2023-08-22,MBP14,266,2023,8,22,1,234,0,1,0,262.0,263.0,278.0,264.2857142857143,240.76666666666668
2023-08-23,MBP14,265,2023,8,23,2,235,0,1,0,266.0,279.0,289.0,264.7142857142857,244.93333333333334
2023-08-24,MBP14,271,2023,8,24,3,236,0,1,0,265.0,296.0,264.0,262.7142857142857,246.63333333333333
2023-08-25,MBP14,273,2023,8,25,4,237,0,1,0,271.0,350.0,280.0,259.14285714285717,248.06666666666666
2023-08-26,MBP14,77,2023,8,26,5,238,1,1,0,273.0,193.0,218.0,248.14285714285714,250.6
2023-08-27,MBP14,228,2023,8,27,6,239,1,1,0,77.0,207.0,191.0,231.57142857142858,245.23333333333332
2023-08-28,MBP14,276,2023,8,28,0,240,0,1,0,228.0,262.0,277.0,234.57142857142858,243.0
2023-08-29,MBP14,249,2023,8,29,1,241,0,1,0,276.0,266.0,263.0,236.57142857142858,246.6
2023-08-30,MBP14,254,2023,8,30,2,242,0,1,0,249.0,265.0,279.0,234.14285714285714,249.63333333333333
2023-08-31,MBP14,286,2023,8,31,3,243,0,1,0,254.0,271.0,296.0,232.57142857142858,254.93333333333334
2023-09-01,MBP14,280,2023,9,1,4,244,0,1,0,286.0,273.0,350.0,234.71428571428572,255.56666666666666
2023-09-02,MBP14,187,2023,9,2,5,245,1,1,0,280.0,77.0,193.0,235.71428571428572,254.0
2023-09-03,MBP14,186,2023,9,3,6,246,1,1,0,187.0,228.0,207.0,251.42857142857142,250.23333333333332
2023-09-04,MBP14,272,2023,9,4,0,247,0,1,0,186.0,276.0,262.0,245.42857142857142,247.43333333333334
2023-09-05,MBP14,262,2023,9,5,1,248,0,1,0,272.0,249.0,266.0,244.85714285714286,249.3
2023-09-06,MBP14,225,2023,9,6,2,249,0,1,0,262.0,254.0,265.0,246.71428571428572,250.9
2023-09-07,MBP14,238,2023,9,7,3,250,0,1,0,225.0,286.0,271.0,242.57142857142858,250.13333333333333
2023-09-08,MBP14,263,2023,9,8,4,251,0,1,0,238.0,280.0,273.0,235.71428571428572,248.8
2023-09-09,MBP14,409,2023,9,9,5,252,1,1,0,263.0,187.0,77.0,233.28571428571428,247.93333333333334
2023-09-10,MBP14,227,2023,9,10,6,253,1,1,0,409.0,186.0,228.0,265.0,252.76666666666668
2023-09-11,MBP14,252,2023,9,11,0,254,0,1,0,227.0,272.0,276.0,270.85714285714283,251.0
2023-09-12,MBP14,260,2023,9,12,1,255,0,1,0,252.0,262.0,249.0,268.0,252.13333333333333
2023-09-13,MBP14,246,2023,9,13,2,256,0,1,0,260.0,225.0,254.0,267.7142857142857,254.43333333333334
2023-09-14,MBP14,238,2023,9,14,3,257,0,1,0,246.0,238.0,286.0,270.7142857142857,253.4
2023-09-15,MBP14,254,2023,9,15,4,258,0,1,0,238.0,263.0,280.0,270.7142857142857,252.56666666666666
2023-09-16,MBP14,191,2023,9,16,5,259,1,1,0,254.0,409.0,187.0,269.42857142857144,251.73333333333332
2023-09-17,MBP14,185,2023,9,17,6,260,1,1,0,191.0,227.0,186.0,238.28571428571428,248.23333333333332
2023-09-18,MBP14,295,2023,9,18,0,261,0,1,0,185.0,252.0,272.0,232.28571428571428,242.73333333333332
2023-09-19,MBP14,273,2023,9,19,1,262,0,1,0,295.0,260.0,262.0,238.42857142857142,246.13333333333333
2023-09-20,MBP14,268,2023,9,20,2,263,0,1,0,273.0,246.0,225.0,240.28571428571428,248.33333333333334
2023-09-21,MBP14,284,2023,9,21,3,264,0,1,0,268.0,238.0,238.0,243.42857142857142,248.53333333333333
2023-09-22,MBP14,267,2023,9,22,4,265,0,1,0,284.0,254.0,263.0,250.0,249.13333333333333
2023-09-23,MBP14,218,2023,9,23,5,266,1,1,0,267.0,191.0,409.0,251.85714285714286,249.2
2023-09-24,MBP14,199,2023,9,24,6,267,1,1,0,218.0,185.0,227.0,255.71428571428572,247.43333333333334
2023-09-25,MBP14,258,2023,9,25,0,268,0,1,0,199.0,295.0,252.0,257.7142857142857,244.96666666666667
2023-09-26,MBP14,294,2023,9,26,1,269,0,1,0,258.0,273.0,260.0,252.42857142857142,251.0
2023-09-27,MBP14,272,2023,9,27,2,270,0,1,0,294.0,268.0,246.0,255.42857142857142,253.2
2023-09-28,MBP14,276,2023,9,28,3,271,0,1,0,272.0,284.0,238.0,256.0,253.06666666666666
2023-09-29,MBP14,269,2023,9,29,4,272,0,1,0,276.0,267.0,254.0,254.85714285714286,253.96666666666667
2023-09-30,MBP14,209,2023,9,30,5,273,1,1,0,269.0,218.0,191.0,255.14285714285714,254.46666666666667
2023-10-01,MBP14,121,2023,10,1,6,274,1,0,0,209.0,199.0,185.0,253.85714285714286,251.9
2023-10-02,MBP14,221,2023,10,2,0,275,0,0,0,121.0,258.0,295.0,242.71428571428572,246.6
2023-10-03,MBP14,210,2023,10,3,1,276,0,0,0,221.0,294.0,273.0,237.42857142857142,247.73333333333332
2023-10-04,MBP14,196,2023,10,4,2,277,0,0,0,210.0,272.0,268.0,225.42857142857142,248.53333333333333
2023-10-05,MBP14,237,2023,10,5,3,278,0,0,0,196.0,276.0,284.0,214.57142857142858,246.0
2023-10-06,MBP14,212,2023,10,6,4,279,0,0,0,237.0,269.0,267.0,209.0,245.16666666666666
2023-10-07,MBP14,146,2023,10,7,5,280,1,0,0,212.0,209.0,218.0,200.85714285714286,244.73333333333332
2023-10-08,MBP14,132,2023,10,8,6,281,1,0,0,146.0,121.0,199.0,191.85714285714286,241.66666666666666
2023-10-09,MBP14,190,2023,10,9,0,282,0,0,0,132.0,221.0,258.0,193.42857142857142,237.3
2023-10-10,MBP14,175,2023,10,10,1,283,0,0,0,190.0,210.0,294.0,189.0,230.0
2023-10-11,MBP14,185,2023,10,11,2,284,0,0,0,175.0,196.0,272.0,184.0,228.26666666666668
2023-10-12,MBP14,204,2023,10,12,3,285,0,0,0,185.0,237.0,276.0,182.42857142857142,226.03333333333333
2023-10-13,MBP14,234,2023,10,13,4,286,0,0,0,204.0,212.0,269.0,177.71428571428572,224.16666666666666
2023-10-14,MBP14,169,2023,10,14,5,287,1,0,0,234.0,146.0,209.0,180.85714285714286,223.76666666666668
2023-10-15,MBP14,164,2023,10,15,6,288,1,0,0,169.0,132.0,121.0,184.14285714285714,221.46666666666667
2023-10-16,MBP14,239,2023,10,16,0,289,0,0,0,164.0,190.0,221.0,188.71428571428572,218.46666666666667
2023-10-17,MBP14,199,2023,10,17,1,290,0,0,0,239.0,175.0,210.0,195.71428571428572,220.06666666666666
2023-10-18,MBP14,213,2023,10,18,2,291,0,0,0,199.0,185.0,196.0,199.14285714285714,220.53333333333333
2023-10-19,MBP14,211,2023,10,19,3,292,0,0,0,213.0,204.0,237.0,203.14285714285714,217.8
2023-10-20,MBP14,209,2023,10,20,4,293,0,0,0,211.0,234.0,212.0,204.14285714285714,215.73333333333332
2023-10-21,MBP14,145,2023,10,21,5,294,1,0,0,209.0,169.0,146.0,200.57142857142858,213.76666666666668
2023-10-22,MBP14,124,2023,10,22,6,295,1,0,0,145.0,164.0,132.0,197.14285714285714,209.13333333333333
2023-10-23,MBP14,212,2023,10,23,0,296,0,0,0,124.0,239.0,190.0,191.42857142857142,204.36666666666667
2023-10-24,MBP14,204,2023,10,24,1,297,0,0,0,212.0,199.0,175.0,187.57142857142858,204.16666666666666
2023-10-25,MBP14,174,2023,10,25,2,298,0,0,0,204.0,213.0,185.0,188.28571428571428,204.33333333333334
2023-10-26,MBP14,183,2023,10,26,3,299,0,0,0,174.0,211.0,204.0,182.71428571428572,201.53333333333333
2023-10-27,MBP14,177,2023,10,27,4,300,0,0,0,183.0,209.0,234.0,178.71428571428572,197.83333333333334
2023-10-28,MBP14,133,2023,10,28,5,301,1,0,0,177.0,145.0,169.0,174.14285714285714,194.66666666666666
2023-10-29,MBP14,122,2023,10,29,6,302,1,0,0,133.0,124.0,164.0,172.42857142857142,189.9
2023-10-30,MBP14,238,2023,10,30,0,303,0,0,0,122.0,212.0,239.0,172.14285714285714,185.0
2023-10-31,MBP14,201,2023,10,31,1,304,0,0,0,238.0,204.0,199.0,175.85714285714286,185.96666666666667
2023-11-01,MBP14,291,2023,11,1,2,305,0,0,1,201.0,174.0,213.0,175.42857142857142,188.63333333333333
2023-11-02,MBP14,306,2023,11,2,3,306,0,0,1,291.0,183.0,211.0,192.14285714285714,190.96666666666667
2023-11-03,MBP14,270,2023,11,3,4,307,0,0,1,306.0,177.0,209.0,209.71428571428572,194.16666666666666
2023-11-04,MBP14,200,2023,11,4,5,308,1,0,1,270.0,133.0,145.0,223.0,196.63333333333333
2023-11-05,MBP14,244,2023,11,5,6,309,1,0,1,200.0,122.0,124.0,232.57142857142858,195.4
2023-11-06,MBP14,256,2023,11,6,0,310,0,0,1,244.0,238.0,212.0,250.0,196.46666666666667
2023-11-07,MBP14,297,2023,11,7,1,311,0,0,1,256.0,201.0,204.0,252.57142857142858,200.13333333333333
2023-11-08,MBP14,251,2023,11,8,2,312,0,0,1,297.0,291.0,174.0,266.2857142857143,205.63333333333333
2023-11-09,MBP14,255,2023,11,9,3,313,0,0,1,251.0,306.0,183.0,260.57142857142856,207.66666666666666
2023-11-10,MBP14,268,2023,11,10,4,314,0,0,1,255.0,270.0,177.0,253.28571428571428,210.33333333333334
2023-11-11,MBP14,243,2023,11,11,5,315,1,0,1,268.0,200.0,133.0,253.0,213.1
2023-11-12,MBP14,263,2023,11,12,6,316,1,0,1,243.0,244.0,122.0,259.14285714285717,214.4
2023-11-13,MBP14,291,2023,11,13,0,317,0,0,1,263.0,256.0,238.0,261.85714285714283,215.36666666666667
2023-11-14,MBP14,269,2023,11,14,1,318,0,0,1,291.0,297.0,201.0,266.85714285714283,219.43333333333334
2023-11-15,MBP14,302,2023,11,15,2,319,0,0,1,269.0,251.0,291.0,262.85714285714283,222.93333333333334
2023-11-16,MBP14,250,2023,11,16,3,320,0,0,1,302.0,255.0,306.0,270.14285714285717,225.03333333333333
2023-11-17,MBP14,262,2023,11,17,4,321,0,0,1,250.0,268.0,270.0,269.42857142857144,226.73333333333332
2023-11-18,MBP14,230,2023,11,18,5,322,1,0,1,262.0,243.0,200.0,268.57142857142856,228.36666666666667
2023-11-19,MBP14,245,2023,11,19,6,323,1,0,1,230.0,263.0,244.0,266.7142857142857,229.0
2023-11-20,MBP14,278,2023,11,20,0,324,0,0,1,245.0,291.0,256.0,264.14285714285717,230.2
2023-11-21,MBP14,276,2023,11,21,1,325,0,0,1,278.0,269.0,297.0,262.2857142857143,234.63333333333333
2023-11-22,MBP14,277,2023,11,22,2,326,0,0,1,276.0,302.0,251.0,263.2857142857143,239.7
2023-11-23,MBP14,306,2023,11,23,3,327,0,0,1,277.0,250.0,255.0,259.7142857142857,241.86666666666667
2023-11-24,MBP14,266,2023,11,24,4,328,0,0,1,306.0,262.0,268.0,267.7142857142857,245.26666666666668
2023-11-25,MBP14,207,2023,11,25,5,329,1,0,1,266.0,230.0,243.0,268.2857142857143,248.33333333333334
2023-11-26,MBP14,223,2023,11,26,6,330,1,0,1,207.0,245.0,263.0,265.0,249.13333333333333
2023-11-27,MBP14,309,2023,11,27,0,331,0,0,1,223.0,278.0,291.0,261.85714285714283,250.66666666666666
2023-11-28,MBP14,268,2023,11,28,1,332,0,0,1,309.0,276.0,269.0,266.2857142857143,256.53333333333336
2023-11-29,MBP14,277,2023,11,29,2,333,0,0,1,268.0,277.0,302.0,265.14285714285717,261.4
2023-11-30,MBP14,250,2023,11,30,3,334,0,0,1,277.0,306.0,250.0,265.14285714285717,262.7
2023-12-01,MBP14,278,2023,12,1,4,335,0,0,1,250.0,266.0,262.0,257.14285714285717,264.3333333333333
2023-12-02,MBP14,233,2023,12,2,5,336,1,0,1,278.0,207.0,230.0,258.85714285714283,263.9
2023-12-03,MBP14,278,2023,12,3,6,337,1,0,1,233.0,223.0,245.0,262.57142857142856,261.46666666666664
2023-12-04,MBP14,286,2023,12,4,0,338,0,0,1,278.0,309.0,278.0,270.42857142857144,261.73333333333335
2023-12-05,MBP14,261,2023,12,5,1,339,0,0,1,286.0,268.0,276.0,267.14285714285717,264.6
2023-12-06,MBP14,248,2023,12,6,2,340,0,0,1,261.0,277.0,277.0,266.14285714285717,265.1666666666667
2023-12-07,MBP14,267,2023,12,7,3,341,0,0,1,248.0,250.0,306.0,262.0,264.9
2023-12-08,MBP14,309,2023,12,8,4,342,0,0,1,267.0,278.0,266.0,264.42857142857144,263.9
2023-12-09,MBP14,87,2023,12,9,5,343,1,0,1,309.0,233.0,207.0,268.85714285714283,265.8333333333333
2023-12-10,MBP14,212,2023,12,10,6,344,1,0,1,87.0,278.0,223.0,248.0,260.23333333333335
2023-12-11,MBP14,272,2023,12,11,0,345,0,0,1,212.0,286.0,309.0,238.57142857142858,258.3666666666667
2023-12-12,MBP14,275,2023,12,12,1,346,0,0,1,272.0,261.0,268.0,236.57142857142858,259.3333333333333
2023-12-13,MBP14,299,2023,12,13,2,347,0,0,1,275.0,248.0,277.0,238.57142857142858,259.73333333333335
2023-12-14,MBP14,260,2023,12,14,3,348,0,0,1,299.0,267.0,250.0,245.85714285714286,260.0
2023-12-15,MBP14,292,2023,12,15,4,349,0,0,1,260.0,309.0,278.0,244.85714285714286,259.7
2023-12-16,MBP14,70,2023,12,16,5,350,1,0,1,292.0,87.0,233.0,242.42857142857142,259.3666666666667
2023-12-17,MBP14,265,2023,12,17,6,351,1,0,1,70.0,212.0,278.0,240.0,253.36666666666667
2023-12-18,MBP14,296,2023,12,18,0,352,0,0,1,265.0,272.0,286.0,247.57142857142858,253.46666666666667
2023-12-19,MBP14,205,2023,12,19,1,353,0,0,1,296.0,275.0,261.0,251.0,255.66666666666666
2023-12-20,MBP14,291,2023,12,20,2,354,0,0,1,205.0,299.0,248.0,241.0,254.33333333333334
2023-12-21,MBP14,290,2023,12,21,3,355,0,0,1,291.0,260.0,267.0,239.85714285714286,254.76666666666668
2023-12-22,MBP14,264,2023,12,22,4,356,0,0,1,290.0,292.0,309.0,244.14285714285714,255.23333333333332
2023-12-23,MBP14,194,2023,12,23,5,357,1,0,1,264.0,70.0,87.0,240.14285714285714,254.8
2023-12-24,MBP14,215,2023,12,24,6,358,1,0,1,194.0,265.0,212.0,257.85714285714283,251.06666666666666
2023-12-25,MBP14,276,2023,12,25,0,359,0,0,1,215.0,296.0,272.0,250.71428571428572,249.36666666666667
2023-12-26,MBP14,277,2023,12,26,1,360,0,0,1,276.0,205.0,275.0,247.85714285714286,251.66666666666666
2023-12-27,MBP14,275,2023,12,27,2,361,0,0,1,277.0,291.0,299.0,258.14285714285717,253.46666666666667
2023-12-28,MBP14,296,2023,12,28,3,362,0,0,1,275.0,290.0,260.0,255.85714285714286,252.33333333333334
2023-12-29,MBP14,300,2023,12,29,4,363,0,0,1,296.0,264.0,292.0,256.7142857142857,253.26666666666668
2023-12-30,MBP14,252,2023,12,30,5,364,1,0,1,300.0,194.0,70.0,261.85714285714283,254.03333333333333
2023-12-31,MBP14,328,2023,12,31,6,365,1,0,1,252.0,215.0,265.0,270.14285714285717,254.1
2024-01-01,MBP14,177,2024,1,1,0,1,0,0,0,328.0,276.0,296.0,286.2857142857143,255.76666666666668
2024-01-02,MBP14,199,2024,1,2,1,2,0,0,0,177.0,277.0,205.0,272.14285714285717,253.9
2024-01-03,MBP14,210,2024,1,3,2,3,0,0,0,199.0,275.0,291.0,261.0,251.26666666666668
2024-01-04,MBP14,216,2024,1,4,3,4,0,0,0,210.0,296.0,290.0,251.71428571428572,248.73333333333332
2024-01-05,MBP14,213,2024,1,5,4,5,0,0,0,216.0,300.0,264.0,240.28571428571428,247.23333333333332
2024-01-06,MBP14,150,2024,1,6,5,6,1,0,0,213.0,252.0,194.0,227.85714285714286,246.06666666666666
2024-01-07,MBP14,143,2024,1,7,6,7,1,0,0,150.0,328.0,215.0,213.28571428571428,242.16666666666666
2024-01-08,MBP14,237,2024,1,8,0,8,0,0,0,143.0,177.0,276.0,186.85714285714286,236.63333333333333
2024-01-09,MBP14,219,2024,1,9,1,9,0,0,0,237.0,199.0,277.0,195.42857142857142,241.63333333333333
2024-01-10,MBP14,201,2024,1,10,2,10,0,0,0,219.0,210.0,275.0,198.28571428571428,241.86666666666667
2024-01-11,MBP14,230,2024,1,11,3,11,0,0,0,201.0,216.0,296.0,197.0,239.5
2024-01-12,MBP14,168,2024,1,12,4,12,0,0,0,230.0,213.0,300.0,199.0,238.0
2024-01-13,MBP14,133,2024,1,13,5,13,1,0,0,168.0,150.0,252.0,192.57142857142858,233.63333333333333
2024-01-14,MBP14,115,2024,1,14,6,14,1,0,0,133.0,143.0,328.0,190.14285714285714,229.4
2024-01-15,MBP14,283,2024,1,15,0,15,0,0,0,115.0,237.0,177.0,186.14285714285714,223.5
2024-01-16,MBP14,204,2024,1,16,1,16,0,0,0,283.0,219.0,199.0,192.71428571428572,230.6
2024-01-17,MBP14,210,2024,1,17,2,17,0,0,0,204.0,201.0,210.0,190.57142857142858,228.56666666666666
2024-01-18,MBP14,195,2024,1,18,3,18,0,0,0,210.0,230.0,216.0,191.85714285714286,225.7
2024-01-19,MBP14,202,2024,1,19,4,19,0,0,0,195.0,168.0,213.0,186.85714285714286,225.36666666666667
2024-01-20,MBP14,145,2024,1,20,5,20,1,0,0,202.0,133.0,150.0,191.71428571428572,222.4
2024-01-21,MBP14,169,2024,1,21,6,21,1,0,0,145.0,115.0,143.0,193.42857142857142,217.56666666666666
2024-01-22,MBP14,173,2024,1,22,0,22,0,0,0,169.0,283.0,237.0,201.14285714285714,214.4
2024-01-23,MBP14,205,2024,1,23,1,23,0,0,0,173.0,204.0,219.0,185.42857142857142,213.7
2024-01-24,MBP14,185,2024,1,24,2,24,0,0,0,205.0,210.0,201.0,185.57142857142858,213.36666666666667
2024-01-25,MBP14,172,2024,1,25,3,25,0,0,0,185.0,195.0,230.0,182.0,210.33333333333334
2024-01-26,MBP14,194,2024,1,26,4,26,0,0,0,172.0,202.0,168.0,178.71428571428572,206.83333333333334
2024-01-27,MBP14,181,2024,1,27,5,27,1,0,0,194.0,145.0,133.0,177.57142857142858,204.13333333333333
2024-01-28,MBP14,146,2024,1,28,6,28,1,0,0,181.0,169.0,115.0,182.71428571428572,200.3
2024-01-29,MBP14,215,2024,1,29,0,29,0,0,0,146.0,173.0,283.0,179.42857142857142,195.16666666666666
2024-01-30,MBP14,199,2024,1,30,1,30,0,0,0,215.0,205.0,204.0,185.42857142857142,193.93333333333334
2024-01-31,MBP14,179,2024,1,31,2,31,0,0,0,199.0,185.0,210.0,184.57142857142858,189.63333333333333
2024-02-01,MBP14,192,2024,2,1,3,32,0,0,0,179.0,172.0,195.0,183.71428571428572,189.7
2024-02-02,MBP14,197,2024,2,2,4,33,0,0,0,192.0,194.0,202.0,186.57142857142858,189.46666666666667
2024-02-03,MBP14,110,2024,2,3,5,34,1,0,0,197.0,181.0,145.0,187.0,189.03333333333333
2024-02-04,MBP14,131,2024,2,4,6,35,1,0,0,110.0,146.0,169.0,176.85714285714286,185.5
2024-02-05,MBP14,286,2024,2,5,0,36,0,0,0,131.0,215.0,173.0,174.71428571428572,182.76666666666668
2024-02-06,MBP14,215,2024,2,6,1,37,0,0,0,286.0,199.0,205.0,184.85714285714286,187.3
2024-02-07,MBP14,187,2024,2,7,2,38,0,0,0,215.0,179.0,185.0,187.14285714285714,189.7
2024-02-08,MBP14,208,2024,2,8,3,39,0,0,0,187.0,192.0,172.0,188.28571428571428,188.03333333333333
2024-02-09,MBP14,199,2024,2,9,4,40,0,0,0,208.0,197.0,194.0,190.57142857142858,187.66666666666666
2024-02-10,MBP14,144,2024,2,10,5,41,1,0,0,199.0,110.0,181.0,190.85714285714286,187.6
2024-02-11,MBP14,150,2024,2,11,6,42,1,0,0,144.0,131.0,146.0,195.71428571428572,184.73333333333332
2024-02-12,MBP14,171,2024,2,12,0,43,0,0,0,150.0,286.0,215.0,198.42857142857142,184.13333333333333
2024-02-13,MBP14,325,2024,2,13,1,44,0,0,0,171.0,215.0,199.0,182.0,185.4
2024-02-14,MBP14,346,2024,2,14,2,45,0,0,0,325.0,187.0,179.0,197.71428571428572,192.4
2024-02-15,MBP14,225,2024,2,15,3,46,0,0,0,346.0,208.0,192.0,220.42857142857142,194.5
2024-02-16,MBP14,221,2024,2,16,4,47,0,0,0,225.0,199.0,197.0,222.85714285714286,195.2
2024-02-17,MBP14,192,2024,2,17,5,48,1,0,0,221.0,144.0,110.0,226.0,195.56666666666666
2024-02-18,MBP14,140,2024,2,18,6,49,1,0,0,192.0,150.0,131.0,232.85714285714286,195.46666666666667
2024-02-19,MBP14,196,2024,2,19,0,50,0,0,0,140.0,171.0,286.0,231.42857142857142,193.4
2024-02-20,MBP14,224,2024,2,20,1,51,0,0,0,196.0,325.0,215.0,235.0,195.1
2024-02-21,MBP14,184,2024,2,21,2,52,0,0,0,224.0,346.0,187.0,220.57142857142858,196.93333333333334
2024-02-22,MBP14,207,2024,2,22,3,53,0,0,0,184.0,225.0,208.0,197.42857142857142,197.3
2024-02-23,MBP14,302,2024,2,23,4,54,0,0,0,207.0,221.0,199.0,194.85714285714286,197.36666666666667
2024-02-24,MBP14,151,2024,2,24,5,55,1,0,0,302.0,192.0,144.0,206.42857142857142,201.26666666666668
2024-02-25,MBP14,171,2024,2,25,6,56,1,0,0,151.0,140.0,150.0,200.57142857142858,200.56666666666666
2024-02-26,MBP14,222,2024,2,26,0,57,0,0,0,171.0,196.0,171.0,205.0,199.8
2024-02-27,MBP14,172,2024,2,27,1,58,0,0,0,222.0,224.0,325.0,208.71428571428572,201.16666666666666
2024-02-28,MBP14,243,2024,2,28,2,59,0,0,0,172.0,184.0,346.0,201.28571428571428,202.03333333333333
2024-02-29,MBP14,210,2024,2,29,3,60,0,0,0,243.0,207.0,225.0,209.71428571428572,202.96666666666667
2024-03-01,MBP14,149,2024,3,1,4,61,0,0,0,210.0,302.0,221.0,210.14285714285714,203.33333333333334
2024-03-02,MBP14,178,2024,3,2,5,62,1,0,0,149.0,151.0,192.0,188.28571428571428,202.33333333333334
2024-03-03,MBP14,147,2024,3,3,6,63,1,0,0,178.0,171.0,140.0,192.14285714285714,201.86666666666667
2024-03-04,MBP14,192,2024,3,4,0,64,0,0,0,147.0,222.0,196.0,188.71428571428572,200.2
2024-03-05,MBP14,192,2024,3,5,1,65,0,0,0,192.0,172.0,224.0,184.42857142857142,202.93333333333334
2024-03-06,MBP14,245,2024,3,6,2,66,0,0,0,192.0,243.0,184.0,187.28571428571428,204.96666666666667
2024-03-07,MBP14,198,2024,3,7,3,67,0,0,0,245.0,210.0,207.0,187.57142857142858,203.6
2024-03-08,MBP14,186,2024,3,8,4,68,0,0,0,198.0,149.0,302.0,185.85714285714286,203.03333333333333
2024-03-09,MBP14,177,2024,3,9,5,69,1,0,0,186.0,178.0,151.0,191.14285714285714,203.0
2024-03-10,MBP14,236,2024,3,10,6,70,1,0,0,177.0,147.0,171.0,191.0,201.96666666666667
2024-03-11,MBP14,216,2024,3,11,0,71,0,0,0,236.0,192.0,222.0,203.71428571428572,203.2
2024-03-12,MBP14,202,2024,3,12,1,72,0,0,0,216.0,192.0,172.0,207.14285714285714,205.6
2024-03-13,MBP14,187,2024,3,13,2,73,0,0,0,202.0,245.0,243.0,208.57142857142858,207.33333333333334
2024-03-14,MBP14,162,2024,3,14,3,74,0,0,0,187.0,198.0,210.0,200.28571428571428,207.86666666666667
2024-03-15,MBP14,183,2024,3,15,4,75,0,0,0,162.0,186.0,149.0,195.14285714285714,202.43333333333334
2024-03-16,MBP14,145,2024,3,16,5,76,1,0,0,183.0,177.0,178.0,194.71428571428572,197.0
2024-03-17,MBP14,201,2024,3,17,6,77,1,0,0,145.0,236.0,147.0,190.14285714285714,194.33333333333334
2024-03-18,MBP14,219,2024,3,18,0,78,0,0,0,201.0,216.0,192.0,185.14285714285714,193.66666666666666
2024-03-19,MBP14,191,2024,3,19,1,79,0,0,0,219.0,202.0,192.0,185.57142857142858,194.56666666666666
2024-03-20,MBP14,203,2024,3,20,2,80,0,0,0,191.0,187.0,245.0,184.0,196.26666666666668
2024-03-21,MBP14,186,2024,3,21,3,81,0,0,0,203.0,162.0,198.0,186.28571428571428,196.5
2024-03-22,MBP14,227,2024,3,22,4,82,0,0,0,186.0,183.0,186.0,189.71428571428572,195.23333333333332
2024-03-23,MBP14,148,2024,3,23,5,83,1,0,0,227.0,145.0,177.0,196.0,196.66666666666666
2024-03-24,MBP14,145,2024,3,24,6,84,1,0,0,148.0,201.0,236.0,196.42857142857142,194.7
2024-03-25,MBP14,201,2024,3,25,0,85,0,0,0,145.0,219.0,216.0,188.42857142857142,189.46666666666667
2024-03-26,MBP14,170,2024,3,26,1,86,0,0,0,201.0,191.0,202.0,185.85714285714286,191.13333333333333
2024-03-27,MBP14,196,2024,3,27,2,87,0,0,0,170.0,203.0,187.0,182.85714285714286,191.1
2024-03-28,MBP14,186,2024,3,28,3,88,0,0,0,196.0,186.0,162.0,181.85714285714286,190.23333333333332
2024-03-29,MBP14,210,2024,3,29,4,89,0,0,0,186.0,227.0,183.0,181.85714285714286,190.7
2024-03-30,MBP14,304,2024,3,30,5,90,1,0,0,210.0,148.0,145.0,179.42857142857142,189.6
2024-03-31,MBP14,139,2024,3,31,6,91,1,0,0,304.0,145.0,201.0,201.71428571428572,192.73333333333332
2024-04-01,MBP14,193,2024,4,1,0,92,0,0,0,139.0,201.0,219.0,200.85714285714286,192.4
2024-04-02,MBP14,237,2024,4,2,1,93,0,0,0,193.0,170.0,191.0,199.71428571428572,192.9
2024-04-03,MBP14,236,2024,4,3,2,94,0,0,0,237.0,196.0,203.0,209.28571428571428,195.9
2024-04-04,MBP14,192,2024,4,4,3,95,0,0,0,236.0,186.0,186.0,215.0,197.36666666666667
2024-04-05,MBP14,164,2024,4,5,4,96,0,0,0,192.0,210.0,227.0,215.85714285714286,197.36666666666667
2024-04-06,MBP14,152,2024,4,6,5,97,1,0,0,164.0,304.0,148.0,209.28571428571428,194.66666666666666
2024-04-07,MBP14,191,2024,4,7,6,98,1,0,0,152.0,139.0,145.0,187.57142857142858,193.13333333333333
2024-04-08,MBP14,197,2024,4,8,0,99,0,0,0,191.0,193.0,201.0,195.0,193.3
2024-04-09,MBP14,292,2024,4,9,1,100,0,0,0,197.0,237.0,170.0,195.57142857142858,193.96666666666667
2024-04-10,MBP14,223,2024,4,10,2,101,0,0,0,292.0,236.0,196.0,203.42857142857142,195.83333333333334
2024-04-11,MBP14,200,2024,4,11,3,102,0,0,0,223.0,192.0,186.0,201.57142857142858,196.06666666666666
2024-04-12,MBP14,161,2024,4,12,4,103,0,0,0,200.0,164.0,210.0,202.71428571428572,196.0
2024-04-13,MBP14,95,2024,4,13,5,104,1,0,0,161.0,152.0,304.0,202.28571428571428,195.13333333333333
2024-04-14,MBP14,171,2024,4,14,6,105,1,0,0,95.0,191.0,139.0,194.14285714285714,192.9
2024-04-15,MBP14,195,2024,4,15,0,106,0,0,0,171.0,197.0,193.0,191.28571428571428,192.5
2024-04-16,MBP14,244,2024,4,16,1,107,0,0,0,195.0,292.0,237.0,191.0,194.16666666666666
2024-04-17,MBP14,205,2024,4,17,2,108,0,0,0,244.0,223.0,236.0,184.14285714285714,195.6
2024-04-18,MBP14,191,2024,4,18,3,109,0,0,0,205.0,200.0,192.0,181.57142857142858,195.13333333333333
2024-04-19,MBP14,202,2024,4,19,4,110,0,0,0,191.0,161.0,164.0,180.28571428571428,195.13333333333333
2024-04-20,MBP14,152,2024,4,20,5,111,1,0,0,202.0,95.0,152.0,186.14285714285714,195.1
2024-04-21,MBP14,138,2024,4,21,6,112,1,0,0,152.0,171.0,191.0,194.28571428571428,193.96666666666667
2024-04-22,MBP14,200,2024,4,22,0,113,0,0,0,138.0,195.0,197.0,189.57142857142858,191.0
2024-04-23,MBP14,183,2024,4,23,1,114,0,0,0,200.0,244.0,292.0,190.28571428571428,192.73333333333332
2024-04-24,MBP14,218,2024,4,24,2,115,0,0,0,183.0,205.0,223.0,181.57142857142858,194.0
2024-04-25,MBP14,244,2024,4,25,3,116,0,0,0,218.0,191.0,200.0,183.42857142857142,194.56666666666666
2024-04-26,MBP14,192,2024,4,26,4,117,0,0,0,244.0,202.0,161.0,191.0,197.03333333333333
2024-04-27,MBP14,195,2024,4,27,5,118,1,0,0,192.0,152.0,95.0,189.57142857142858,196.9
2024-04-28,MBP14,129,2024,4,28,6,119,1,0,0,195.0,138.0,171.0,195.71428571428572,197.2
2024-04-29,MBP14,221,2024,4,29,0,120,0,0,0,129.0,200.0,195.0,194.42857142857142,194.5
2024-04-30,MBP14,205,2024,4,30,1,121,0,0,0,221.0,183.0,244.0,197.42857142857142,191.73333333333332
2024-05-01,MBP14,211,2024,5,1,2,122,0,0,0,205.0,218.0,205.0,200.57142857142858,193.93333333333334
2024-05-02,MBP14,309,2024,5,2,3,123,0,0,0,211.0,244.0,191.0,199.57142857142858,194.53333333333333
2024-05-03,MBP14,207,2024,5,3,4,124,0,0,0,309.0,192.0,202.0,208.85714285714286,196.93333333333334
2024-05-04,MBP14,165,2024,5,4,5,125,1,0,0,207.0,195.0,152.0,211.0,195.96666666666667
2024-05-05,MBP14,172,2024,5,5,6,126,1,0,0,165.0,129.0,138.0,206.71428571428572,195.06666666666666
2024-05-06,MBP14,196,2024,5,6,0,127,0,0,0,172.0,221.0,200.0,212.85714285714286,195.33333333333334
2024-05-07,MBP14,221,2024,5,7,1,128,0,0,0,196.0,205.0,183.0,209.28571428571428,196.8
2024-05-08,MBP14,173,2024,5,8,2,129,0,0,0,221.0,211.0,218.0,211.57142857142858,197.8
2024-05-09,MBP14,192,2024,5,9,3,130,0,0,0,173.0,309.0,244.0,206.14285714285714,197.0
2024-05-10,MBP14,215,2024,5,10,4,131,0,0,0,192.0,207.0,192.0,189.42857142857142,193.66666666666666
2024-05-11,MBP14,200,2024,5,11,5,132,1,0,0,215.0,165.0,195.0,190.57142857142858,193.4
2024-05-12,MBP14,185,2024,5,12,6,133,1,0,0,200.0,172.0,129.0,195.57142857142858,193.4
2024-05-13,MBP14,202,2024,5,13,0,134,0,0,0,185.0,196.0,221.0,197.42857142857142,194.2
2024-05-14,MBP14,197,2024,5,14,1,135,0,0,0,202.0,221.0,205.0,198.28571428571428,197.76666666666668
2024-05-15,MBP14,193,2024,5,15,2,136,0,0,0,197.0,173.0,211.0,194.85714285714286,198.63333333333333
2024-05-16,MBP14,193,2024,5,16,3,137,0,0,0,193.0,192.0,309.0,197.71428571428572,198.56666666666666
2024-05-17,MBP14,162,2024,5,17,4,138,0,0,0,193.0,215.0,207.0,197.85714285714286,196.86666666666667
2024-05-18,MBP14,199,2024,5,18,5,139,1,0,0,162.0,200.0,165.0,190.28571428571428,195.43333333333334
2024-05-19,MBP14,160,2024,5,19,6,140,1,0,0,199.0,185.0,172.0,190.14285714285714,195.7
2024-05-20,MBP14,183,2024,5,20,0,141,0,0,0,160.0,202.0,196.0,186.57142857142858,194.3
2024-05-21,MBP14,208,2024,5,21,1,142,0,0,0,183.0,197.0,221.0,183.85714285714286,195.33333333333334
2024-05-22,MBP14,184,2024,5,22,2,143,0,0,0,208.0,193.0,173.0,185.42857142857142,197.66666666666666
2024-05-23,MBP14,219,2024,5,23,3,144,0,0,0,184.0,193.0,192.0,184.14285714285714,197.13333333333333
2024-05-24,MBP14,183,2024,5,24,4,145,0,0,0,219.0,162.0,215.0,187.85714285714286,198.33333333333334
2024-05-25,MBP14,177,2024,5,25,5,146,1,0,0,183.0,199.0,200.0,190.85714285714286,197.16666666666666
2024-05-26,MBP14,155,2024,5,26,6,147,1,0,0,177.0,160.0,185.0,187.71428571428572,194.93333333333334
2024-05-27,MBP14,205,2024,5,27,0,148,0,0,0,155.0,183.0,202.0,187.0,193.7
2024-05-28,MBP14,217,2024,5,28,1,149,0,0,0,205.0,208.0,197.0,190.14285714285714,194.03333333333333
2024-05-29,MBP14,188,2024,5,29,2,150,0,0,0,217.0,184.0,193.0,191.42857142857142,196.96666666666667
2024-05-30,MBP14,217,2024,5,30,3,151,0,0,0,188.0,219.0,193.0,192.0,195.86666666666667
2024-05-31,MBP14,163,2024,5,31,4,152,0,0,0,217.0,183.0,162.0,191.71428571428572,196.26666666666668
2024-06-01,MBP14,193,2024,6,1,5,153,1,0,0,163.0,177.0,199.0,188.85714285714286,194.66666666666666
2024-06-02,MBP14,182,2024,6,2,6,154,1,0,0,193.0,155.0,160.0,191.14285714285714,190.8
2024-06-03,MBP14,198,2024,6,3,0,155,0,0,0,182.0,205.0,183.0,195.0,189.96666666666667
2024-06-04,MBP14,225,2024,6,4,1,156,0,0,0,198.0,217.0,208.0,194.0,191.06666666666666
2024-06-05,MBP14,222,2024,6,5,2,157,0,0,0,225.0,188.0,184.0,195.14285714285714,192.83333333333334
2024-06-06,MBP14,199,2024,6,6,3,158,0,0,0,222.0,217.0,219.0,200.0,193.7
2024-06-07,MBP14,106,2024,6,7,4,159,0,0,0,199.0,163.0,183.0,197.42857142857142,192.96666666666667
2024-06-08,MBP14,142,2024,6,8,5,160,1,0,0,106.0,193.0,177.0,189.28571428571428,190.73333333333332
2024-06-09,MBP14,128,2024,6,9,6,161,1,0,0,142.0,182.0,155.0,182.0,189.06666666666666
2024-06-10,MBP14,201,2024,6,10,0,162,0,0,0,128.0,198.0,205.0,174.28571428571428,186.16666666666666
2024-06-11,MBP14,185,2024,6,11,1,163,0,0,0,201.0,225.0,217.0,174.71428571428572,186.2
2024-06-12,MBP14,216,2024,6,12,2,164,0,0,0,185.0,222.0,188.0,169.0,186.2
2024-06-13,MBP14,201,2024,6,13,3,165,0,0,0,216.0,199.0,217.0,168.14285714285714,186.66666666666666
2024-06-14,MBP14,149,2024,6,14,4,166,0,0,0,201.0,106.0,163.0,168.42857142857142,186.8
2024-06-15,MBP14,190,2024,6,15,5,167,1,0,0,149.0,142.0,193.0,174.57142857142858,185.33333333333334
2024-06-16,MBP14,86,2024,6,16,6,168,1,0,0,190.0,128.0,182.0,181.42857142857142,185.23333333333332
2024-06-17,MBP14,177,2024,6,17,0,169,0,0,0,86.0,201.0,198.0,175.42857142857142,182.7
2024-06-18,MBP14,203,2024,6,18,1,170,0,0,0,177.0,185.0,225.0,172.0,181.96666666666667
2024-06-19,MBP14,197,2024,6,19,2,171,0,0,0,203.0,216.0,222.0,174.57142857142858,183.4
2024-06-20,MBP14,211,2024,6,20,3,172,0,0,0,197.0,201.0,199.0,171.85714285714286,183.86666666666667
2024-06-21,MBP14,188,2024,6,21,4,173,0,0,0,211.0,149.0,106.0,173.28571428571428,183.96666666666667
2024-06-22,MBP14,146,2024,6,22,5,174,1,0,0,188.0,190.0,142.0,178.85714285714286,184.1
2024-06-23,MBP14,158,2024,6,23,6,175,1,0,0,146.0,86.0,128.0,172.57142857142858,181.66666666666666
2024-06-24,MBP14,231,2024,6,24,0,176,0,0,0,158.0,177.0,201.0,182.85714285714286,180.83333333333334
2024-06-25,MBP14,175,2024,6,25,1,177,0,0,0,231.0,203.0,185.0,190.57142857142858,182.63333333333333
2024-06-26,MBP14,201,2024,6,26,2,178,0,0,0,175.0,197.0,216.0,186.57142857142858,183.3
2024-06-27,MBP14,207,2024,6,27,3,179,0,0,0,201.0,211.0,201.0,187.14285714285714,183.16666666666666
2024-06-28,MBP14,203,2024,6,28,4,180,0,0,0,207.0,188.0,149.0,186.57142857142858,182.83333333333334
2024-06-29,MBP14,150,2024,6,29,5,181,1,0,0,203.0,146.0,190.0,188.71428571428572,183.33333333333334
2024-06-30,MBP14,154,2024,6,30,6,182,1,0,0,150.0,158.0,86.0,189.28571428571428,181.1
2024-07-01,MBP14,197,2024,7,1,0,183,0,0,0,154.0,231.0,177.0,188.71428571428572,180.8
2024-07-02,MBP14,292,2024,7,2,1,184,0,0,0,197.0,175.0,203.0,183.85714285714286,180.93333333333334
2024-07-03,MBP14,193,2024,7,3,2,185,0,0,0,292.0,201.0,197.0,200.57142857142858,184.6
2024-07-04,MBP14,155,2024,7,4,3,186,0,0,0,193.0,207.0,211.0,199.42857142857142,184.43333333333334
2024-07-05,MBP14,184,2024,7,5,4,187,0,0,0,155.0,203.0,188.0,192.0,182.1
2024-07-06,MBP14,203,2024,7,6,5,188,1,0,0,184.0,150.0,146.0,189.28571428571428,180.83333333333334
2024-07-07,MBP14,164,2024,7,7,6,189,1,0,0,203.0,154.0,158.0,196.85714285714286,180.96666666666667
2024-07-08,MBP14,267,2024,7,8,0,190,0,0,0,164.0,197.0,231.0,198.28571428571428,182.9
2024-07-09,MBP14,197,2024,7,9,1,191,0,0,0,267.0,292.0,175.0,208.28571428571428,187.06666666666666
2024-07-10,MBP14,203,2024,7,10,2,192,0,0,0,197.0,193.0,201.0,194.71428571428572,189.36666666666667
2024-07-11,MBP14,196,2024,7,11,3,193,0,0,0,203.0,155.0,207.0,196.14285714285714,189.43333333333334
2024-07-12,MBP14,209,2024,7,12,4,194,0,0,0,196.0,184.0,203.0,202.0,189.8
2024-07-13,MBP14,225,2024,7,13,5,195,1,0,0,209.0,203.0,150.0,205.57142857142858,189.56666666666666
2024-07-14,MBP14,164,2024,7,14,6,196,1,0,0,225.0,164.0,154.0,208.71428571428572,190.36666666666667
2024-07-15,MBP14,184,2024,7,15,0,197,0,0,0,164.0,267.0,197.0,208.71428571428572,190.86666666666667
2024-07-16,MBP14,289,2024,7,16,1,198,0,0,0,184.0,197.0,292.0,196.85714285714286,190.66666666666666
2024-07-17,MBP14,193,2024,7,17,2,199,0,0,0,289.0,203.0,193.0,210.0,197.43333333333334
2024-07-18,MBP14,148,2024,7,18,3,200,0,0,0,193.0,196.0,155.0,208.57142857142858,197.96666666666667
2024-07-19,MBP14,289,2024,7,19,4,201,0,0,0,148.0,209.0,184.0,201.71428571428572,196.13333333333333
2024-07-20,MBP14,169,2024,7,20,5,202,1,0,0,289.0,225.0,203.0,213.14285714285714,199.2
2024-07-21,MBP14,150,2024,7,21,6,203,1,0,0,169.0,164.0,164.0,205.14285714285714,197.8
2024-07-22,MBP14,194,2024,7,22,0,204,0,0,0,150.0,184.0,267.0,203.14285714285714,196.53333333333333
2024-07-23,MBP14,187,2024,7,23,1,205,0,0,0,194.0,289.0,197.0,204.57142857142858,198.13333333333333
2024-07-24,MBP14,202,2024,7,24,2,206,0,0,0,187.0,193.0,203.0,190.0,199.1
2024-07-25,MBP14,201,2024,7,25,3,207,0,0,0,202.0,148.0,196.0,191.28571428571428,198.13333333333333
2024-07-26,MBP14,169,2024,7,26,4,208,0,0,0,201.0,289.0,209.0,198.85714285714286,199.0
2024-07-27,MBP14,154,2024,7,27,5,209,1,0,0,169.0,169.0,225.0,181.71428571428572,197.93333333333334
2024-07-28,MBP14,167,2024,7,28,6,210,1,0,0,154.0,150.0,164.0,179.57142857142858,196.16666666666666
2024-07-29,MBP14,199,2024,7,29,0,211,0,0,0,167.0,194.0,184.0,182.0,194.96666666666667
2024-07-30,MBP14,174,2024,7,30,1,212,0,0,0,199.0,187.0,289.0,182.71428571428572,196.6
2024-07-31,MBP14,196,2024,7,31,2,213,0,0,0,174.0,202.0,193.0,180.85714285714286,197.26666666666668
2024-08-01,MBP14,248,2024,8,1,3,214,0,1,0,196.0,201.0,148.0,180.0,197.23333333333332
2024-08-02,MBP14,259,2024,8,2,4,215,0,1,0,248.0,169.0,289.0,186.71428571428572,195.76666666666668
2024-08-03,MBP14,377,2024,8,3,5,216,1,1,0,259.0,154.0,169.0,199.57142857142858,197.96666666666667
2024-08-04,MBP14,178,2024,8,4,6,217,1,1,0,377.0,167.0,150.0,231.42857142857142,205.36666666666667
2024-08-05,MBP14,276,2024,8,5,0,218,0,1,0,178.0,199.0,194.0,233.0,205.16666666666666
2024-08-06,MBP14,255,2024,8,6,1,219,0,1,0,276.0,174.0,187.0,244.0,207.6
2024-08-07,MBP14,313,2024,8,7,2,220,0,1,0,255.0,196.0,202.0,255.57142857142858,210.63333333333333
2024-08-08,MBP14,237,2024,8,8,3,221,0,1,0,313.0,248.0,201.0,272.2857142857143,212.16666666666666
2024-08-09,MBP14,332,2024,8,9,4,222,0,1,0,237.0,259.0,169.0,270.7142857142857,213.5
2024-08-10,MBP14,207,2024,8,10,5,223,1,1,0,332.0,377.0,154.0,281.14285714285717,217.8
2024-08-11,MBP14,206,2024,8,11,6,224,1,1,0,207.0,178.0,167.0,256.85714285714283,218.16666666666666
2024-08-12,MBP14,240,2024,8,12,0,225,0,1,0,206.0,276.0,199.0,260.85714285714283,218.06666666666666
2024-08-13,MBP14,278,2024,8,13,1,226,0,1,0,240.0,255.0,174.0,255.71428571428572,218.56666666666666
2024-08-14,MBP14,223,2024,8,14,2,227,0,1,0,278.0,313.0,196.0,259.0,222.36666666666667
2024-08-15,MBP14,382,2024,8,15,3,228,0,1,0,223.0,237.0,248.0,246.14285714285714,223.66666666666666
2024-08-16,MBP14,280,2024,8,16,4,229,0,1,0,382.0,332.0,259.0,266.85714285714283,226.76666666666668
2024-08-17,MBP14,264,2024,8,17,5,230,1,1,0,280.0,207.0,377.0,259.42857142857144,229.66666666666666
2024-08-18,MBP14,217,2024,8,18,6,231,1,1,0,264.0,206.0,178.0,267.57142857142856,233.53333333333333
2024-08-19,MBP14,312,2024,8,19,0,232,0,1,0,217.0,240.0,276.0,269.14285714285717,231.13333333333333
2024-08-20,MBP14,235,2024,8,20,1,233,0,1,0,312.0,278.0,255.0,279.42857142857144,235.9
2024-08-21,MBP14,216,2024,8,21,2,234,0,1,0,235.0,223.0,313.0,273.2857142857143,238.73333333333332
2024-08-22,MBP14,264,2024,8,22,3,235,0,1,0,216.0,382.0,237.0,272.2857142857143,239.46666666666667
2024-08-23,MBP14,268,2024,8,23,4,236,0,1,0,264.0,280.0,332.0,255.42857142857142,242.03333333333333
2024-08-24,MBP14,134,2024,8,24,5,237,1,1,0,268.0,264.0,207.0,253.71428571428572,244.23333333333332
2024-08-25,MBP14,205,2024,8,25,6,238,1,1,0,134.0,217.0,206.0,235.14285714285714,242.0
2024-08-26,MBP14,279,2024,8,26,0,239,0,1,0,205.0,312.0,240.0,233.42857142857142,243.2
2024-08-27,MBP14,285,2024,8,27,1,240,0,1,0,279.0,235.0,278.0,228.71428571428572,247.36666666666667
2024-08-28,MBP14,269,2024,8,28,2,241,0,1,0,285.0,216.0,223.0,235.85714285714286,251.3
2024-08-29,MBP14,296,2024,8,29,3,242,0,1,0,269.0,264.0,382.0,243.42857142857142,253.63333333333333
2024-08-30,MBP14,243,2024,8,30,4,243,0,1,0,296.0,268.0,280.0,248.0,257.7
2024-08-31,MBP14,226,2024,8,31,5,244,1,1,0,243.0,134.0,264.0,244.42857142857142,259.26666666666665
2024-09-01,MBP14,202,2024,9,1,6,245,1,1,0,226.0,205.0,217.0,257.57142857142856,258.53333333333336
2024-09-02,MBP14,276,2024,9,2,0,246,0,1,0,202.0,279.0,312.0,257.14285714285717,256.6333333333333
2024-09-03,MBP14,272,2024,9,3,1,247,0,1,0,276.0,285.0,235.0,256.7142857142857,253.26666666666668
2024-09-04,MBP14,253,2024,9,4,2,248,0,1,0,272.0,269.0,216.0,254.85714285714286,256.4
2024-09-05,MBP14,267,2024,9,5,3,249,0,1,0,253.0,296.0,264.0,252.57142857142858,255.63333333333333
2024-09-06,MBP14,118,2024,9,6,4,250,0,1,0,267.0,243.0,268.0,248.42857142857142,256.03333333333336
2024-09-07,MBP14,195,2024,9,7,5,251,1,1,0,118.0,226.0,134.0,230.57142857142858,249.53333333333333
2024-09-08,MBP14,94,2024,9,8,6,252,1,1,0,195.0,202.0,205.0,226.14285714285714,248.13333333333333
2024-09-09,MBP14,479,2024,9,9,0,253,0,1,0,94.0,276.0,279.0,210.71428571428572,240.2
2024-09-10,MBP14,250,2024,9,10,1,254,0,1,0,479.0,272.0,285.0,239.71428571428572,249.26666666666668
2024-09-11,MBP14,265,2024,9,11,2,255,0,1,0,250.0,253.0,269.0,236.57142857142858,250.73333333333332
2024-09-12,MBP14,268,2024,9,12,3,256,0,1,0,265.0,267.0,296.0,238.28571428571428,251.56666666666666
2024-09-13,MBP14,247,2024,9,13,4,257,0,1,0,268.0,118.0,243.0,238.42857142857142,251.23333333333332
2024-09-14,MBP14,237,2024,9,14,5,258,1,1,0,247.0,195.0,226.0,256.85714285714283,252.03333333333333
2024-09-15,MBP14,178,2024,9,15,6,259,1,1,0,237.0,94.0,202.0,262.85714285714283,247.2
2024-09-16,MBP14,302,2024,9,16,0,260,0,1,0,178.0,479.0,276.0,274.85714285714283,243.8
2024-09-17,MBP14,278,2024,9,17,1,261,0,1,0,302.0,250.0,272.0,249.57142857142858,245.06666666666666
2024-09-18,MBP14,245,2024,9,18,2,262,0,1,0,278.0,265.0,253.0,253.57142857142858,247.1
2024-09-19,MBP14,286,2024,9,19,3,263,0,1,0,245.0,268.0,267.0,250.71428571428572,244.86666666666667
2024-09-20,MBP14,259,2024,9,20,4,264,0,1,0,286.0,247.0,118.0,253.28571428571428,246.56666666666666
2024-09-21,MBP14,199,2024,9,21,5,265,1,1,0,259.0,237.0,195.0,255.0,248.0
2024-09-22,MBP14,207,2024,9,22,6,266,1,1,0,199.0,178.0,94.0,249.57142857142858,245.83333333333334
2024-09-23,MBP14,284,2024,9,23,0,267,0,1,0,207.0,302.0,479.0,253.71428571428572,243.8
2024-09-24,MBP14,249,2024,9,24,1,268,0,1,0,284.0,278.0,250.0,251.14285714285714,248.8
2024-09-25,MBP14,222,2024,9,25,2,269,0,1,0,249.0,245.0,265.0,247.0,250.26666666666668
2024-09-26,MBP14,259,2024,9,26,3,270,0,1,0,222.0,286.0,268.0,243.71428571428572,248.36666666666667
2024-09-27,MBP14,297,2024,9,27,4,271,0,1,0,259.0,259.0,247.0,239.85714285714286,247.5
2024-09-28,MBP14,245,2024,9,28,5,272,1,1,0,297.0,199.0,237.0,245.28571428571428,248.43333333333334
2024-09-29,MBP14,324,2024,9,29,6,273,1,1,0,245.0,207.0,178.0,251.85714285714286,246.73333333333332
2024-09-30,MBP14,258,2024,9,30,0,274,0,1,0,324.0,284.0,302.0,268.57142857142856,249.43333333333334
2024-10-01,MBP14,184,2024,10,1,1,275,0,0,0,258.0,249.0,278.0,264.85714285714283,250.5
2024-10-02,MBP14,180,2024,10,2,2,276,0,0,0,184.0,222.0,245.0,255.57142857142858,249.9
2024-10-03,MBP14,171,2024,10,3,3,277,0,0,0,180.0,259.0,286.0,249.57142857142858,246.7
2024-10-04,MBP14,227,2024,10,4,4,278,0,0,0,171.0,297.0,259.0,237.0,243.33333333333334
2024-10-05,MBP14,179,2024,10,5,5,279,1,0,0,227.0,245.0,199.0,227.0,242.46666666666667
2024-10-06,MBP14,135,2024,10,6,6,280,1,0,0,179.0,324.0,207.0,217.57142857142858,239.53333333333333
2024-10-07,MBP14,165,2024,10,7,0,281,0,0,0,135.0,258.0,284.0,190.57142857142858,240.1
2024-10-08,MBP14,191,2024,10,8,1,282,0,0,0,165.0,184.0,249.0,177.28571428571428,239.1
2024-10-09,MBP14,170,2024,10,9,2,283,0,0,0,191.0,180.0,222.0,178.28571428571428,242.33333333333334
2024-10-10,MBP14,190,2024,10,10,3,284,0,0,0,170.0,171.0,259.0,176.85714285714286,232.03333333333333
2024-10-11,MBP14,216,2024,10,11,4,285,0,0,0,190.0,227.0,297.0,179.57142857142858,230.03333333333333
2024-10-12,MBP14,157,2024,10,12,5,286,1,0,0,216.0,179.0,245.0,178.0,228.4
2024-10-13,MBP14,186,2024,10,13,6,287,1,0,0,157.0,135.0,324.0,174.85714285714286,224.7
2024-10-14,MBP14,192,2024,10,14,0,288,0,0,0,186.0,165.0,258.0,182.14285714285714,222.66666666666666
2024-10-15,MBP14,347,2024,10,15,1,289,0,0,0,192.0,191.0,184.0,186.0,221.16666666666666
2024-10-16,MBP14,189,2024,10,16,2,290,0,0,0,347.0,170.0,180.0,208.28571428571428,226.8
2024-10-17,MBP14,199,2024,10,17,3,291,0,0,0,189.0,190.0,171.0,211.0,223.03333333333333
2024-10-18,MBP14,228,2024,10,18,4,292,0,0,0,199.0,216.0,227.0,212.28571428571428,220.4
2024-10-19,MBP14,119,2024,10,19,5,293,1,0,0,228.0,157.0,179.0,214.0,219.83333333333334
2024-10-20,MBP14,148,2024,10,20,6,294,1,0,0,119.0,186.0,135.0,208.57142857142858,214.26666666666668
2024-10-21,MBP14,145,2024,10,21,0,295,0,0,0,148.0,192.0,165.0,203.14285714285714,210.56666666666666
2024-10-22,MBP14,198,2024,10,22,1,296,0,0,0,145.0,347.0,191.0,196.42857142857142,208.76666666666668
2024-10-23,MBP14,203,2024,10,23,2,297,0,0,0,198.0,189.0,170.0,175.14285714285714,208.46666666666667
2024-10-24,MBP14,210,2024,10,24,3,298,0,0,0,203.0,199.0,190.0,177.14285714285714,205.76666666666668
2024-10-25,MBP14,165,2024,10,25,4,299,0,0,0,210.0,228.0,216.0,178.71428571428572,204.46666666666667
2024-10-26,MBP14,140,2024,10,26,5,300,1,0,0,165.0,119.0,157.0,169.71428571428572,202.56666666666666
2024-10-27,MBP14,154,2024,10,27,6,301,1,0,0,140.0,148.0,186.0,172.71428571428572,198.6
2024-10-28,MBP14,211,2024,10,28,0,302,0,0,0,154.0,145.0,192.0,173.57142857142858,193.83333333333334
2024-10-29,MBP14,204,2024,10,29,1,303,0,0,0,211.0,198.0,347.0,183.0,192.7
2024-10-30,MBP14,177,2024,10,30,2,304,0,0,0,204.0,203.0,189.0,183.85714285714286,188.7
2024-10-31,MBP14,222,2024,10,31,3,305,0,0,0,177.0,210.0,199.0,180.14285714285714,186.0
2024-11-01,MBP14,256,2024,11,1,4,306,0,0,1,222.0,165.0,228.0,181.85714285714286,187.26666666666668
2024-11-02,MBP14,241,2024,11,2,5,307,1,0,1,256.0,140.0,119.0,194.85714285714286,189.8
2024-11-03,MBP14,216,2024,11,3,6,308,1,0,1,241.0,154.0,148.0,209.28571428571428,192.13333333333333
2024-11-04,MBP14,307,2024,11,4,0,309,0,0,1,216.0,211.0,145.0,218.14285714285714,191.76666666666668
2024-11-05,MBP14,276,2024,11,5,1,310,0,0,1,307.0,204.0,198.0,231.85714285714286,196.03333333333333
2024-11-06,MBP14,353,2024,11,6,2,311,0,0,1,276.0,177.0,203.0,242.14285714285714,200.73333333333332
2024-11-07,MBP14,297,2024,11,7,3,312,0,0,1,353.0,222.0,210.0,267.2857142857143,207.0
2024-11-08,MBP14,320,2024,11,8,4,313,0,0,1,297.0,256.0,165.0,278.0,210.53333333333333
2024-11-09,MBP14,274,2024,11,9,5,314,1,0,1,320.0,241.0,140.0,287.14285714285717,215.53333333333333
2024-11-10,MBP14,228,2024,11,10,6,315,1,0,1,274.0,216.0,154.0,291.85714285714283,218.33333333333334
2024-11-11,MBP14,286,2024,11,11,0,316,0,0,1,228.0,307.0,211.0,293.57142857142856,218.73333333333332
2024-11-12,MBP14,317,2024,11,12,1,317,0,0,1,286.0,276.0,204.0,290.57142857142856,223.03333333333333
2024-11-13,MBP14,291,2024,11,13,2,318,0,0,1,317.0,353.0,177.0,296.42857142857144,227.4
2024-11-14,MBP14,267,2024,11,14,3,319,0,0,1,291.0,297.0,222.0,287.57142857142856,230.7
2024-11-15,MBP14,253,2024,11,15,4,320,0,0,1,267.0,320.0,256.0,283.2857142857143,228.03333333333333
2024-11-16,MBP14,83,2024,11,16,5,321,1,0,1,253.0,274.0,241.0,273.7142857142857,230.16666666666666
2024-11-17,MBP14,339,2024,11,17,6,322,1,0,1,83.0,228.0,216.0,246.42857142857142,226.3
2024-11-18,MBP14,306,2024,11,18,0,323,0,0,1,339.0,286.0,307.0,262.2857142857143,230.0
2024-11-19,MBP14,279,2024,11,19,1,324,0,0,1,306.0,317.0,276.0,265.14285714285717,236.23333333333332
2024-11-20,MBP14,328,2024,11,20,2,325,0,0,1,279.0,291.0,353.0,259.7142857142857,240.6
2024-11-21,MBP14,269,2024,11,21,3,326,0,0,1,328.0,267.0,297.0,265.0,246.7
2024-11-22,MBP14,262,2024,11,22,4,327,0,0,1,269.0,253.0,320.0,265.2857142857143,249.06666666666666
2024-11-23,MBP14,230,2024,11,23,5,328,1,0,1,262.0,83.0,274.0,266.57142857142856,251.03333333333333
2024-11-24,MBP14,248,2024,11,24,6,329,1,0,1,230.0,339.0,228.0,287.57142857142856,251.7
2024-11-25,MBP14,308,2024,11,25,0,330,0,0,1,248.0,306.0,286.0,274.57142857142856,254.46666666666667
2024-11-26,MBP14,291,2024,11,26,1,331,0,0,1,308.0,279.0,317.0,274.85714285714283,260.06666666666666
2024-11-27,MBP14,330,2024,11,27,2,332,0,0,1,291.0,328.0,291.0,276.57142857142856,264.6333333333333
2024-11-28,MBP14,288,2024,11,28,3,333,0,0,1,330.0,269.0,267.0,276.85714285714283,268.6
2024-11-29,MBP14,282,2024,11,29,4,334,0,0,1,288.0,262.0,253.0,279.57142857142856,271.4
2024-11-30,MBP14,241,2024,11,30,5,335,1,0,1,282.0,230.0,83.0,282.42857142857144,274.9
2024-12-01,MBP14,209,2024,12,1,6,336,1,0,1,241.0,248.0,339.0,284.0,275.53333333333336
2024-12-02,MBP14,312,2024,12,2,0,337,0,0,1,209.0,308.0,306.0,278.42857142857144,273.96666666666664
2024-12-03,MBP14,423,2024,12,3,1,338,0,0,1,312.0,291.0,279.0,279.0,276.3333333333333
2024-12-04,MBP14,334,2024,12,4,2,339,0,0,1,423.0,330.0,328.0,297.85714285714283,283.23333333333335
2024-12-05,MBP14,299,2024,12,5,3,340,0,0,1,334.0,288.0,269.0,298.42857142857144,284.1333333333333
2024-12-06,MBP14,273,2024,12,6,4,341,0,0,1,299.0,282.0,262.0,300.0,284.9
2024-12-07,MBP14,236,2024,12,7,5,342,1,0,1,273.0,241.0,230.0,298.7142857142857,282.23333333333335
2024-12-08,MBP14,247,2024,12,8,6,343,1,0,1,236.0,209.0,248.0,298.0,280.2
2024-12-09,MBP14,108,2024,12,9,0,344,0,0,1,247.0,312.0,308.0,303.42857142857144,277.76666666666665
2024-12-10,MBP14,311,2024,12,10,1,345,0,0,1,108.0,423.0,291.0,274.2857142857143,272.23333333333335
2024-12-11,MBP14,264,2024,12,11,2,346,0,0,1,311.0,334.0,330.0,258.2857142857143,275.0
2024-12-12,MBP14,284,2024,12,12,3,347,0,0,1,264.0,299.0,288.0,248.28571428571428,274.26666666666665
2024-12-13,MBP14,304,2024,12,13,4,348,0,0,1,284.0,273.0,282.0,246.14285714285714,273.1666666666667
2024-12-14,MBP14,203,2024,12,14,5,349,1,0,1,304.0,236.0,241.0,250.57142857142858,273.6
2024-12-15,MBP14,260,2024,12,15,6,350,1,0,1,203.0,247.0,209.0,245.85714285714286,271.46666666666664
2024-12-16,MBP14,259,2024,12,16,0,351,0,0,1,260.0,108.0,312.0,247.71428571428572,271.7
2024-12-17,MBP14,278,2024,12,17,1,352,0,0,1,259.0,311.0,423.0,269.2857142857143,277.56666666666666
2024-12-18,MBP14,314,2024,12,18,2,353,0,0,1,278.0,264.0,334.0,264.57142857142856,275.53333333333336
2024-12-19,MBP14,286,2024,12,19,3,354,0,0,1,314.0,284.0,299.0,271.7142857142857,275.8
2024-12-20,MBP14,293,2024,12,20,4,355,0,0,1,286.0,304.0,273.0,272.0,276.03333333333336
2024-12-21,MBP14,277,2024,12,21,5,356,1,0,1,293.0,203.0,236.0,270.42857142857144,274.8666666666667
2024-12-22,MBP14,255,2024,12,22,6,357,1,0,1,277.0,260.0,247.0,281.0,275.1333333333333
2024-12-23,MBP14,288,2024,12,23,0,358,0,0,1,255.0,259.0,108.0,280.2857142857143,274.9
2024-12-24,MBP14,128,2024,12,24,1,359,0,0,1,288.0,278.0,311.0,284.42857142857144,276.8333333333333
2024-12-25,MBP14,435,2024,12,25,2,360,0,0,1,128.0,314.0,264.0,263.0,272.8333333333333
2024-12-26,MBP14,400,2024,12,26,3,361,0,0,1,435.0,286.0,284.0,280.2857142857143,277.06666666666666
2024-12-27,MBP14,294,2024,12,27,4,362,0,0,1,400.0,293.0,304.0,296.57142857142856,280.7
2024-12-28,MBP14,200,2024,12,28,5,363,1,0,1,294.0,277.0,203.0,296.7142857142857,279.5
2024-12-29,MBP14,226,2024,12,29,6,364,1,0,1,200.0,255.0,260.0,285.7142857142857,276.56666666666666
2024-12-30,MBP14,260,2024,12,30,0,365,0,0,1,226.0,288.0,259.0,281.57142857142856,274.7
2024-12-31,MBP14,292,2024,12,31,1,366,0,0,1,260.0,128.0,278.0,277.57142857142856,275.3333333333333
2025-01-01,MBP14,224,2025,1,1,2,1,0,0,0,292.0,435.0,314.0,301.0,278.1
2025-01-02,MBP14,224,2025,1,2,3,2,0,0,0,224.0,400.0,286.0,270.85714285714283,275.1666666666667
2025-01-03,MBP14,377,2025,1,3,4,3,0,0,0,224.0,294.0,293.0,245.71428571428572,268.53333333333336
2025-01-04,MBP14,159,2025,1,4,5,4,1,0,0,377.0,200.0,277.0,257.57142857142856,269.96666666666664
2025-01-05,MBP14,118,2025,1,5,6,5,1,0,0,159.0,226.0,255.0,251.71428571428572,265.3
2025-01-06,MBP14,206,2025,1,6,0,6,0,0,0,118.0,260.0,288.0,236.28571428571428,260.1333333333333
2025-01-07,MBP14,222,2025,1,7,1,7,0,0,0,206.0,292.0,128.0,228.57142857142858,259.1333333333333
2025-01-08,MBP14,214,2025,1,8,2,8,0,0,0,222.0,224.0,435.0,218.57142857142858,258.3
2025-01-09,MBP14,228,2025,1,9,3,9,0,0,0,214.0,224.0,400.0,217.14285714285714,261.8333333333333
2025-01-10,MBP14,209,2025,1,10,4,10,0,0,0,228.0,377.0,294.0,217.71428571428572,259.06666666666666
2025-01-11,MBP14,200,2025,1,11,5,11,1,0,0,209.0,159.0,200.0,193.71428571428572,257.23333333333335
2025-01-12,MBP14,177,2025,1,12,6,12,1,0,0,200.0,118.0,226.0,199.57142857142858,254.43333333333334
2025-01-13,MBP14,256,2025,1,13,0,13,0,0,0,177.0,206.0,260.0,208.0,250.2
2025-01-14,MBP14,219,2025,1,14,1,14,0,0,0,256.0,222.0,292.0,215.14285714285714,251.96666666666667
2025-01-15,MBP14,222,2025,1,15,2,15,0,0,0,219.0,214.0,224.0,214.71428571428572,250.6
2025-01-16,MBP14,224,2025,1,16,3,16,0,0,0,222.0,228.0,224.0,215.85714285714286,249.36666666666667
2025-01-17,MBP14,199,2025,1,17,4,17,0,0,0,224.0,209.0,377.0,215.28571428571428,247.56666666666666
2025-01-18,MBP14,178,2025,1,18,5,18,1,0,0,199.0,200.0,159.0,213.85714285714286,243.73333333333332
2025-01-19,MBP14,149,2025,1,19,6,19,1,0,0,178.0,177.0,118.0,210.71428571428572,240.13333333333333
2025-01-20,MBP14,244,2025,1,20,0,20,0,0,0,149.0,256.0,206.0,206.71428571428572,235.33333333333334
2025-01-21,MBP14,222,2025,1,21,1,21,0,0,0,244.0,219.0,222.0,205.0,234.23333333333332
2025-01-22,MBP14,306,2025,1,22,2,22,0,0,0,222.0,222.0,214.0,205.42857142857142,233.13333333333333
2025-01-23,MBP14,239,2025,1,23,3,23,0,0,0,306.0,224.0,228.0,217.42857142857142,233.73333333333332
2025-01-24,MBP14,213,2025,1,24,4,24,0,0,0,239.0,199.0,209.0,219.57142857142858,237.43333333333334
2025-01-25,MBP14,165,2025,1,25,5,25,1,0,0,213.0,178.0,200.0,221.57142857142858,230.03333333333333
2025-01-26,MBP14,160,2025,1,26,6,26,1,0,0,165.0,149.0,177.0,219.71428571428572,222.2
2025-01-27,MBP14,212,2025,1,27,0,27,0,0,0,160.0,244.0,256.0,221.28571428571428,217.73333333333332
2025-01-28,MBP14,205,2025,1,28,1,28,0,0,0,212.0,222.0,219.0,216.71428571428572,218.13333333333333
2025-01-29,MBP14,202,2025,1,29,2,29,0,0,0,205.0,306.0,222.0,214.28571428571428,217.43333333333334
2025-01-30,MBP14,187,2025,1,30,3,30,0,0,0,202.0,239.0,224.0,199.42857142857142,215.5
2025-01-31,MBP14,280,2025,1,31,4,31,0,0,0,187.0,213.0,199.0,192.0,212.0
2025-02-01,MBP14,169,2025,2,1,5,32,1,0,0,280.0,165.0,178.0,201.57142857142858,213.86666666666667
2025-02-02,MBP14,182,2025,2,2,6,33,1,0,0,169.0,160.0,149.0,202.14285714285714,212.03333333333333
2025-02-03,MBP14,211,2025,2,3,0,34,0,0,0,182.0,212.0,244.0,205.28571428571428,205.53333333333333
2025-02-04,MBP14,210,2025,2,4,1,35,0,0,0,211.0,205.0,222.0,205.14285714285714,207.26666666666668
2025-02-05,MBP14,190,2025,2,5,2,36,0,0,0,210.0,202.0,306.0,205.85714285714286,210.33333333333334
2025-02-06,MBP14,199,2025,2,6,3,37,0,0,0,190.0,187.0,239.0,204.14285714285714,209.8
2025-02-07,MBP14,166,2025,2,7,4,38,0,0,0,199.0,280.0,213.0,205.85714285714286,209.03333333333333
2025-02-08,MBP14,148,2025,2,8,5,39,1,0,0,166.0,169.0,165.0,189.57142857142858,207.43333333333334
2025-02-09,MBP14,190,2025,2,9,6,40,1,0,0,148.0,182.0,160.0,186.57142857142858,204.76666666666668
2025-02-10,MBP14,190,2025,2,10,0,41,0,0,0,190.0,211.0,212.0,187.71428571428572,204.13333333333333
2025-02-11,MBP14,214,2025,2,11,1,42,0,0,0,190.0,210.0,205.0,184.71428571428572,203.8
2025-02-12,MBP14,188,2025,2,12,2,43,0,0,0,214.0,190.0,202.0,185.28571428571428,205.03333333333333
2025-02-13,MBP14,225,2025,2,13,3,44,0,0,0,188.0,199.0,187.0,185.0,202.76666666666668
2025-02-14,MBP14,216,2025,2,14,4,45,0,0,0,225.0,166.0,280.0,188.71428571428572,202.96666666666667
2025-02-15,MBP14,140,2025,2,15,5,46,1,0,0,216.0,148.0,169.0,195.85714285714286,202.76666666666668
2025-02-16,MBP14,187,2025,2,16,6,47,1,0,0,140.0,190.0,182.0,194.71428571428572,199.96666666666667
2025-02-17,MBP14,233,2025,2,17,0,48,0,0,0,187.0,190.0,211.0,194.28571428571428,199.56666666666666
2025-02-18,MBP14,188,2025,2,18,1,49,0,0,0,233.0,214.0,210.0,200.42857142857142,201.4
2025-02-19,MBP14,201,2025,2,19,2,50,0,0,0,188.0,188.0,190.0,196.71428571428572,202.7
2025-02-20,MBP14,184,2025,2,20,3,51,0,0,0,201.0,225.0,199.0,198.57142857142858,201.26666666666668
2025-02-21,MBP14,224,2025,2,21,4,52,0,0,0,184.0,216.0,166.0,192.71428571428572,200.0
2025-02-22,MBP14,167,2025,2,22,5,53,1,0,0,224.0,140.0,148.0,193.85714285714286,197.26666666666668
2025-02-23,MBP14,167,2025,2,23,6,54,1,0,0,167.0,187.0,190.0,197.71428571428572,194.86666666666667
2025-02-24,MBP14,160,2025,2,24,0,55,0,0,0,167.0,233.0,190.0,194.85714285714286,193.33333333333334
2025-02-25,MBP14,299,2025,2,25,1,56,0,0,0,160.0,188.0,214.0,184.42857142857142,193.16666666666666
2025-02-26,MBP14,174,2025,2,26,2,57,0,0,0,299.0,201.0,188.0,200.28571428571428,197.8
2025-02-27,MBP14,212,2025,2,27,3,58,0,0,0,174.0,184.0,225.0,196.42857142857142,196.53333333333333
2025-02-28,MBP14,253,2025,2,28,4,59,0,0,0,212.0,224.0,216.0,200.42857142857142,196.76666666666668
2025-03-01,MBP14,58,2025,3,1,5,60,1,0,0,253.0,167.0,140.0,204.57142857142858,198.46666666666667
2025-03-02,MBP14,182,2025,3,2,6,61,1,0,0,58.0,167.0,187.0,189.0,194.16666666666666
2025-03-03,MBP14,295,2025,3,3,0,62,0,0,0,182.0,160.0,233.0,191.14285714285714,190.9
2025-03-04,MBP14,174,2025,3,4,1,63,0,0,0,295.0,299.0,188.0,210.42857142857142,195.1
2025-03-05,MBP14,198,2025,3,5,2,64,0,0,0,174.0,174.0,201.0,192.57142857142858,194.83333333333334
2025-03-06,MBP14,164,2025,3,6,3,65,0,0,0,198.0,212.0,184.0,196.0,194.4
2025-03-07,MBP14,225,2025,3,7,4,66,0,0,0,164.0,253.0,224.0,189.14285714285714,192.86666666666667
2025-03-08,MBP14,159,2025,3,8,5,67,1,0,0,225.0,58.0,167.0,185.14285714285714,194.03333333333333
2025-03-09,MBP14,204,2025,3,9,6,68,1,0,0,159.0,182.0,167.0,199.57142857142858,192.7
2025-03-10,MBP14,221,2025,3,10,0,69,0,0,0,204.0,295.0,160.0,202.71428571428572,193.96666666666667
2025-03-11,MBP14,164,2025,3,11,1,70,0,0,0,221.0,174.0,299.0,192.14285714285714,196.4
2025-03-12,MBP14,177,2025,3,12,2,71,0,0,0,164.0,198.0,174.0,190.71428571428572,195.53333333333333
2025-03-13,MBP14,197,2025,3,13,3,72,0,0,0,177.0,164.0,212.0,187.71428571428572,195.1
2025-03-14,MBP14,254,2025,3,14,4,73,0,0,0,197.0,225.0,253.0,192.42857142857142,194.53333333333333
2025-03-15,MBP14,146,2025,3,15,5,74,1,0,0,254.0,159.0,58.0,196.57142857142858,196.73333333333332
2025-03-16,MBP14,171,2025,3,16,6,75,1,0,0,146.0,204.0,182.0,194.71428571428572,194.1
2025-03-17,MBP14,229,2025,3,17,0,76,0,0,0,171.0,221.0,295.0,190.0,192.6
2025-03-18,MBP14,234,2025,3,18,1,77,0,0,0,229.0,164.0,174.0,191.14285714285714,195.56666666666666
2025-03-19,MBP14,203,2025,3,19,2,78,0,0,0,234.0,177.0,198.0,201.14285714285714,197.13333333333333
2025-03-20,MBP14,255,2025,3,20,3,79,0,0,0,203.0,197.0,164.0,204.85714285714286,196.13333333333333
2025-03-21,MBP14,206,2025,3,21,4,80,0,0,0,255.0,254.0,225.0,213.14285714285714,198.36666666666667
2025-03-22,MBP14,152,2025,3,22,5,81,1,0,0,206.0,146.0,159.0,206.28571428571428,198.53333333333333
2025-03-23,MBP14,187,2025,3,23,6,82,1,0,0,152.0,171.0,204.0,207.14285714285714,197.46666666666667
2025-03-24,MBP14,175,2025,3,24,0,83,0,0,0,187.0,229.0,221.0,209.42857142857142,196.23333333333332
2025-03-25,MBP14,196,2025,3,25,1,84,0,0,0,175.0,234.0,164.0,201.71428571428572,196.5
2025-03-26,MBP14,194,2025,3,26,2,85,0,0,0,196.0,203.0,177.0,196.28571428571428,197.46666666666667
2025-03-27,MBP14,283,2025,3,27,3,86,0,0,0,194.0,255.0,197.0,195.0,198.6
2025-03-28,MBP14,208,2025,3,28,4,87,0,0,0,283.0,206.0,254.0,199.0,198.06666666666666
2025-03-29,MBP14,188,2025,3,29,5,88,1,0,0,208.0,152.0,146.0,199.28571428571428,199.2
2025-03-30,MBP14,264,2025,3,30,6,89,1,0,0,188.0,187.0,171.0,204.42857142857142,198.4
2025-03-31,MBP14,180,2025,3,31,0,90,0,0,0,264.0,175.0,229.0,215.42857142857142,198.76666666666668
2025-04-01,MBP14,227,2025,4,1,1,91,0,0,0,180.0,196.0,234.0,216.14285714285714,202.83333333333334
2025-04-02,MBP14,209,2025,4,2,2,92,0,0,0,227.0,194.0,203.0,220.57142857142858,204.33333333333334
2025-04-03,MBP14,196,2025,4,3,3,93,0,0,0,209.0,283.0,255.0,222.71428571428572,201.46666666666667
2025-04-04,MBP14,178,2025,4,4,4,94,0,0,0,196.0,208.0,206.0,210.28571428571428,202.2
2025-04-05,MBP14,167,2025,4,5,5,95,1,0,0,178.0,188.0,152.0,206.0,201.53333333333333
2025-04-06,MBP14,141,2025,4,6,6,96,1,0,0,167.0,264.0,187.0,203.0,201.63333333333333
2025-04-07,MBP14,232,2025,4,7,0,97,0,0,0,141.0,180.0,175.0,185.42857142857142,198.83333333333334
2025-04-08,MBP14,205,2025,4,8,1,98,0,0,0,232.0,227.0,196.0,192.85714285714286,201.26666666666668
2025-04-09,MBP14,217,2025,4,9,2,99,0,0,0,205.0,209.0,194.0,189.71428571428572,201.3
2025-04-10,MBP14,199,2025,4,10,3,100,0,0,0,217.0,196.0,283.0,190.85714285714286,201.16666666666666
2025-04-11,MBP14,358,2025,4,11,4,101,0,0,0,199.0,178.0,208.0,191.28571428571428,202.33333333333334
2025-04-12,MBP14,153,2025,4,12,5,102,1,0,0,358.0,167.0,188.0,217.0,208.36666666666667
2025-04-13,MBP14,157,2025,4,13,6,103,1,0,0,153.0,141.0,264.0,215.0,206.9
2025-04-14,MBP14,234,2025,4,14,0,104,0,0,0,157.0,232.0,180.0,217.28571428571428,203.66666666666666
2025-04-15,MBP14,297,2025,4,15,1,105,0,0,0,234.0,205.0,227.0,217.57142857142858,206.6
2025-04-16,MBP14,155,2025,4,16,2,106,0,0,0,297.0,217.0,209.0,230.71428571428572,210.8
2025-04-17,MBP14,190,2025,4,17,3,107,0,0,0,155.0,199.0,196.0,221.85714285714286,208.33333333333334
2025-04-18,MBP14,214,2025,4,18,4,108,0,0,0,190.0,358.0,178.0,220.57142857142858,206.86666666666667
2025-04-19,MBP14,196,2025,4,19,5,109,1,0,0,214.0,153.0,167.0,200.0,207.23333333333332
2025-04-20,MBP14,187,2025,4,20,6,110,1,0,0,196.0,157.0,141.0,206.14285714285714,205.26666666666668
2025-04-21,MBP14,193,2025,4,21,0,111,0,0,0,187.0,234.0,232.0,210.42857142857142,204.63333333333333
2025-04-22,MBP14,217,2025,4,22,1,112,0,0,0,193.0,297.0,205.0,204.57142857142858,206.0
2025-04-23,MBP14,169,2025,4,23,2,113,0,0,0,217.0,155.0,217.0,193.14285714285714,207.0
2025-04-24,MBP14,228,2025,4,24,3,114,0,0,0,169.0,190.0,199.0,195.14285714285714,206.8
2025-04-25,MBP14,263,2025,4,25,4,115,0,0,0,228.0,214.0,358.0,200.57142857142858,207.86666666666667
2025-04-26,MBP14,173,2025,4,26,5,116,1,0,0,263.0,196.0,153.0,207.57142857142858,210.16666666666666
2025-04-27,MBP14,197,2025,4,27,6,117,1,0,0,173.0,187.0,157.0,204.28571428571428,206.5
2025-04-28,MBP14,177,2025,4,28,0,118,0,0,0,197.0,193.0,234.0,205.71428571428572,206.13333333333333
2025-04-29,MBP14,184,2025,4,29,1,119,0,0,0,177.0,217.0,297.0,203.42857142857142,205.76666666666668
2025-04-30,MBP14,199,2025,4,30,2,120,0,0,0,184.0,169.0,155.0,198.71428571428572,203.1
2025-05-01,MBP14,203,2025,5,1,3,121,0,0,0,199.0,228.0,190.0,203.0,203.73333333333332
2025-05-02,MBP14,213,2025,5,2,4,122,0,0,0,203.0,263.0,214.0,199.42857142857142,202.93333333333334
2025-05-03,MBP14,154,2025,5,3,5,123,1,0,0,213.0,173.0,196.0,192.28571428571428,203.06666666666666
2025-05-04,MBP14,170,2025,5,4,6,124,1,0,0,154.0,197.0,187.0,189.57142857142858,201.66666666666666
2025-05-05,MBP14,227,2025,5,5,0,125,0,0,0,170.0,177.0,193.0,185.71428571428572,201.4
2025-05-06,MBP14,339,2025,5,6,1,126,0,0,0,227.0,184.0,217.0,192.85714285714286,203.4
2025-05-07,MBP14,189,2025,5,7,2,127,0,0,0,339.0,199.0,169.0,215.0,210.0
2025-05-08,MBP14,198,2025,5,8,3,128,0,0,0,189.0,203.0,228.0,213.57142857142858,208.56666666666666
2025-05-09,MBP14,204,2025,5,9,4,129,0,0,0,198.0,213.0,263.0,212.85714285714286,208.33333333333334
2025-05-10,MBP14,77,2025,5,10,5,130,1,0,0,204.0,154.0,173.0,211.57142857142858,207.9
2025-05-11,MBP14,141,2025,5,11,6,131,1,0,0,77.0,170.0,197.0,200.57142857142858,203.83333333333334
2025-05-12,MBP14,207,2025,5,12,0,132,0,0,0,141.0,227.0,177.0,196.42857142857142,196.6
2025-05-13,MBP14,226,2025,5,13,1,133,0,0,0,207.0,339.0,184.0,193.57142857142858,198.4
2025-05-14,MBP14,228,2025,5,14,2,134,0,0,0,226.0,189.0,199.0,177.42857142857142,200.7
2025-05-15,MBP14,184,2025,5,15,3,135,0,0,0,228.0,198.0,203.0,183.0,200.5
2025-05-16,MBP14,221,2025,5,16,4,136,0,0,0,184.0,204.0,213.0,181.0,196.73333333333332
2025-05-17,MBP14,162,2025,5,17,5,137,1,0,0,221.0,77.0,154.0,183.42857142857142,198.93333333333334
2025-05-18,MBP14,198,2025,5,18,6,138,1,0,0,162.0,141.0,170.0,195.57142857142858,198.0
2025-05-19,MBP14,180,2025,5,19,0,139,0,0,0,198.0,207.0,227.0,203.71428571428572,197.46666666666667
2025-05-20,MBP14,221,2025,5,20,1,140,0,0,0,180.0,226.0,339.0,199.85714285714286,196.93333333333334
2025-05-21,MBP14,199,2025,5,21,2,141,0,0,0,221.0,228.0,189.0,199.14285714285714,198.06666666666666
2025-05-22,MBP14,193,2025,5,22,3,142,0,0,0,199.0,184.0,198.0,195.0,198.26666666666668
2025-05-23,MBP14,227,2025,5,23,4,143,0,0,0,193.0,221.0,204.0,196.28571428571428,197.46666666666667
2025-05-24,MBP14,191,2025,5,24,5,144,1,0,0,227.0,162.0,77.0,197.14285714285714,199.4
2025-05-25,MBP14,125,2025,5,25,6,145,1,0,0,191.0,198.0,141.0,201.28571428571428,198.16666666666666
2025-05-26,MBP14,227,2025,5,26,0,146,0,0,0,125.0,180.0,207.0,190.85714285714286,193.56666666666666
2025-05-27,MBP14,205,2025,5,27,1,147,0,0,0,227.0,221.0,226.0,197.57142857142858,195.36666666666667
2025-05-28,MBP14,207,2025,5,28,2,148,0,0,0,205.0,199.0,228.0,195.28571428571428,195.63333333333333
2025-05-29,MBP14,179,2025,5,29,3,149,0,0,0,207.0,193.0,184.0,196.42857142857142,196.63333333333333
2025-05-30,MBP14,219,2025,5,30,4,150,0,0,0,179.0,227.0,221.0,194.42857142857142,196.46666666666667
2025-05-31,MBP14,217,2025,5,31,5,151,1,0,0,219.0,191.0,162.0,193.28571428571428,197.13333333333333
2025-06-01,MBP14,155,2025,6,1,6,152,1,0,0,217.0,125.0,198.0,197.0,197.6
2025-06-02,MBP14,233,2025,6,2,0,153,0,0,0,155.0,227.0,180.0,201.28571428571428,195.66666666666666
2025-06-03,MBP14,206,2025,6,3,1,154,0,0,0,233.0,205.0,221.0,202.14285714285714,198.3
2025-06-04,MBP14,195,2025,6,4,2,155,0,0,0,206.0,207.0,199.0,202.28571428571428,199.5
2025-06-05,MBP14,175,2025,6,5,3,156,0,0,0,195.0,179.0,193.0,200.57142857142858,198.43333333333334
2025-06-06,MBP14,236,2025,6,6,4,157,0,0,0,175.0,219.0,227.0,200.0,192.96666666666667
2025-06-07,MBP14,169,2025,6,7,5,158,1,0,0,236.0,217.0,191.0,202.42857142857142,194.53333333333333
2025-06-08,MBP14,157,2025,6,8,6,159,1,0,0,169.0,155.0,125.0,195.57142857142858,193.56666666666666
2025-06-09,MBP14,200,2025,6,9,0,160,0,0,0,157.0,233.0,227.0,195.85714285714286,192.0
2025-06-10,MBP14,221,2025,6,10,1,161,0,0,0,200.0,206.0,205.0,191.14285714285714,196.1
2025-06-11,MBP14,117,2025,6,11,2,162,0,0,0,221.0,195.0,207.0,193.28571428571428,198.76666666666668
2025-06-12,MBP14,197,2025,6,12,3,163,0,0,0,117.0,175.0,179.0,182.14285714285714,195.76666666666668
2025-06-13,MBP14,245,2025,6,13,4,164,0,0,0,197.0,236.0,219.0,185.28571428571428,194.8
2025-06-14,MBP14,188,2025,6,14,5,165,1,0,0,245.0,169.0,217.0,186.57142857142858,195.36666666666667
2025-06-15,MBP14,180,2025,6,15,6,166,1,0,0,188.0,157.0,155.0,189.28571428571428,195.5
2025-06-16,MBP14,204,2025,6,16,0,167,0,0,0,180.0,200.0,233.0,192.57142857142858,194.13333333333333
2025-06-17,MBP14,172,2025,6,17,1,168,0,0,0,204.0,221.0,206.0,193.14285714285714,195.53333333333333
2025-06-18,MBP14,206,2025,6,18,2,169,0,0,0,172.0,117.0,195.0,186.14285714285714,194.66666666666666
2025-06-19,MBP14,199,2025,6,19,3,170,0,0,0,206.0,197.0,175.0,198.85714285714286,195.53333333333333
2025-06-20,MBP14,169,2025,6,20,4,171,0,0,0,199.0,245.0,236.0,199.14285714285714,194.8
2025-06-21,MBP14,208,2025,6,21,5,172,1,0,0,169.0,188.0,169.0,188.28571428571428,193.8
2025-06-22,MBP14,186,2025,6,22,6,173,1,0,0,208.0,180.0,157.0,191.14285714285714,194.3
2025-06-23,MBP14,217,2025,6,23,0,174,0,0,0,186.0,204.0,200.0,192.0,192.93333333333334
2025-06-24,MBP14,167,2025,6,24,1,175,0,0,0,217.0,172.0,221.0,193.85714285714286,193.8
2025-06-25,MBP14,232,2025,6,25,2,176,0,0,0,167.0,206.0,117.0,193.14285714285714,195.2
2025-06-26,MBP14,198,2025,6,26,3,177,0,0,0,232.0,199.0,197.0,196.85714285714286,195.36666666666667
2025-06-27,MBP14,196,2025,6,27,4,178,0,0,0,198.0,169.0,245.0,196.71428571428572,195.13333333333333
2025-06-28,MBP14,175,2025,6,28,5,179,1,0,0,196.0,208.0,188.0,200.57142857142858,194.76666666666668
2025-06-29,MBP14,170,2025,6,29,6,180,1,0,0,175.0,186.0,180.0,195.85714285714286,194.63333333333333
2025-06-30,MBP14,116,2025,6,30,0,181,0,0,0,170.0,217.0,204.0,193.57142857142858,193.0
2025-07-01,MBP14,176,2025,7,1,1,182,0,0,0,116.0,167.0,172.0,179.14285714285714,189.63333333333333
2025-07-02,MBP14,250,2025,7,2,2,183,0,0,0,176.0,232.0,206.0,180.42857142857142,190.33333333333334
2025-07-03,MBP14,73,2025,7,3,3,184,0,0,0,250.0,198.0,199.0,183.0,190.9
2025-07-04,MBP14,179,2025,7,4,4,185,0,0,0,73.0,196.0,169.0,165.14285714285714,186.46666666666667
2025-07-05,MBP14,176,2025,7,5,5,186,1,0,0,179.0,175.0,208.0,162.71428571428572,185.93333333333334
2025-07-06,MBP14,167,2025,7,6,6,187,1,0,0,176.0,170.0,186.0,162.85714285714286,185.96666666666667
2025-07-07,MBP14,120,2025,7,7,0,188,0,0,0,167.0,116.0,217.0,162.42857142857142,183.66666666666666
2025-07-08,MBP14,172,2025,7,8,1,189,0,0,0,120.0,176.0,167.0,163.0,182.03333333333333
2025-07-09,MBP14,192,2025,7,9,2,190,0,0,0,172.0,250.0,232.0,162.42857142857142,182.53333333333333
2025-07-10,MBP14,209,2025,7,10,3,191,0,0,0,192.0,73.0,198.0,154.14285714285714,182.26666666666668
2025-07-11,MBP14,178,2025,7,11,4,192,0,0,0,209.0,179.0,196.0,173.57142857142858,181.86666666666667
2025-07-12,MBP14,174,2025,7,12,5,193,1,0,0,178.0,176.0,175.0,173.42857142857142,183.9
2025-07-13,MBP14,200,2025,7,13,6,194,1,0,0,174.0,167.0,170.0,173.14285714285714,183.13333333333333
2025-07-14,MBP14,222,2025,7,14,0,195,0,0,0,200.0,120.0,116.0,177.85714285714286,181.63333333333333
2025-07-15,MBP14,79,2025,7,15,1,196,0,0,0,222.0,172.0,176.0,192.42857142857142,182.76666666666668
2025-07-16,MBP14,197,2025,7,16,2,197,0,0,0,79.0,192.0,250.0,179.14285714285714,179.4
2025-07-17,MBP14,210,2025,7,17,3,198,0,0,0,197.0,209.0,73.0,179.85714285714286,179.16666666666666
2025-07-18,MBP14,167,2025,7,18,4,199,0,0,0,210.0,178.0,179.0,180.0,180.43333333333334
2025-07-19,MBP14,174,2025,7,19,5,200,1,0,0,167.0,174.0,176.0,178.42857142857142,179.13333333333333
2025-07-20,MBP14,139,2025,7,20,6,201,1,0,0,174.0,200.0,167.0,178.42857142857142,178.3
2025-07-21,MBP14,331,2025,7,21,0,202,0,0,0,139.0,222.0,120.0,169.71428571428572,177.3
2025-07-22,MBP14,201,2025,7,22,1,203,0,0,0,331.0,79.0,172.0,185.28571428571428,181.4
2025-07-23,MBP14,218,2025,7,23,2,204,0,0,0,201.0,197.0,192.0,202.71428571428572,181.9
2025-07-24,MBP14,218,2025,7,24,3,205,0,0,0,218.0,210.0,209.0,205.71428571428572,181.93333333333334
2025-07-25,MBP14,187,2025,7,25,4,206,0,0,0,218.0,167.0,178.0,206.85714285714286,183.63333333333333
2025-07-26,MBP14,162,2025,7,26,5,207,1,0,0,187.0,174.0,174.0,209.71428571428572,182.13333333333333
2025-07-27,MBP14,145,2025,7,27,6,208,1,0,0,162.0,139.0,200.0,208.0,180.93333333333334
2025-07-28,MBP14,195,2025,7,28,0,209,0,0,0,145.0,331.0,222.0,208.85714285714286,179.23333333333332
2025-07-29,MBP14,203,2025,7,29,1,210,0,0,0,195.0,201.0,79.0,189.42857142857142,179.9
2025-07-30,MBP14,217,2025,7,30,2,211,0,0,0,203.0,218.0,197.0,189.71428571428572,181.0
2025-07-31,MBP14,195,2025,7,31,3,212,0,0,0,217.0,218.0,210.0,189.57142857142858,184.36666666666667
2025-08-01,MBP14,299,2025,8,1,4,213,0,1,0,195.0,187.0,167.0,186.28571428571428,185.0
2025-08-02,MBP14,195,2025,8,2,5,214,1,1,0,299.0,162.0,174.0,202.28571428571428,186.63333333333333
2025-08-03,MBP14,216,2025,8,3,6,215,1,1,0,195.0,145.0,139.0,207.0,190.7
2025-08-04,MBP14,265,2025,8,4,0,216,0,1,0,216.0,195.0,331.0,217.14285714285714,191.93333333333334
2025-08-05,MBP14,298,2025,8,5,1,217,0,1,0,265.0,203.0,201.0,227.14285714285714,194.9
2025-08-06,MBP14,271,2025,8,6,2,218,0,1,0,298.0,217.0,218.0,240.71428571428572,199.26666666666668
2025-08-07,MBP14,267,2025,8,7,3,219,0,1,0,271.0,195.0,218.0,248.42857142857142,204.3
2025-08-08,MBP14,251,2025,8,8,4,220,0,1,0,267.0,299.0,187.0,258.7142857142857,207.46666666666667
2025-08-09,MBP14,238,2025,8,9,5,221,1,1,0,251.0,195.0,162.0,251.85714285714286,209.43333333333334
2025-08-10,MBP14,189,2025,8,10,6,222,1,1,0,238.0,216.0,145.0,258.0,210.4
2025-08-11,MBP14,292,2025,8,11,0,223,0,1,0,189.0,265.0,195.0,254.14285714285714,210.76666666666668
2025-08-12,MBP14,275,2025,8,12,1,224,0,1,0,292.0,298.0,203.0,258.0,214.7
2025-08-13,MBP14,266,2025,8,13,2,225,0,1,0,275.0,271.0,217.0,254.71428571428572,217.2
2025-08-14,MBP14,270,2025,8,14,3,226,0,1,0,266.0,267.0,195.0,254.0,218.66666666666666
2025-08-15,MBP14,271,2025,8,15,4,227,0,1,0,270.0,251.0,299.0,254.42857142857142,225.03333333333333
2025-08-16,MBP14,319,2025,8,16,5,228,1,1,0,271.0,238.0,195.0,257.2857142857143,227.5
2025-08-17,MBP14,228,2025,8,17,6,229,1,1,0,319.0,189.0,216.0,268.85714285714283,231.13333333333333
2025-08-18,MBP14,227,2025,8,18,0,230,0,1,0,228.0,292.0,265.0,274.42857142857144,233.16666666666666
2025-08-19,MBP14,301,2025,8,19,1,231,0,1,0,227.0,275.0,298.0,265.14285714285717,234.93333333333334
2025-08-20,MBP14,258,2025,8,20,2,232,0,1,0,301.0,266.0,271.0,268.85714285714283,240.33333333333334
2025-08-21,MBP14,293,2025,8,21,3,233,0,1,0,258.0,270.0,267.0,267.7142857142857,237.9
2025-08-22,MBP14,234,2025,8,22,4,234,0,1,0,293.0,271.0,251.0,271.0,240.96666666666667
2025-08-23,MBP14,240,2025,8,23,5,235,1,1,0,234.0,319.0,238.0,265.7142857142857,241.5
2025-08-24,MBP14,279,2025,8,24,6,236,1,1,0,240.0,228.0,189.0,254.42857142857142,242.23333333333332
2025-08-25,MBP14,287,2025,8,25,0,237,0,1,0,279.0,227.0,292.0,261.7142857142857,245.3
2025-08-26,MBP14,307,2025,8,26,1,238,0,1,0,287.0,301.0,275.0,270.2857142857143,249.46666666666667
2025-08-27,MBP14,299,2025,8,27,2,239,0,1,0,307.0,258.0,266.0,271.14285714285717,254.86666666666667
2025-08-28,MBP14,292,2025,8,28,3,240,0,1,0,299.0,293.0,270.0,277.0,258.3333333333333
2025-08-29,MBP14,427,2025,8,29,4,241,0,1,0,292.0,234.0,271.0,276.85714285714283,261.3
2025-08-30,MBP14,251,2025,8,30,5,242,1,1,0,427.0,240.0,319.0,304.42857142857144,268.3
2025-08-31,MBP14,201,2025,8,31,6,243,1,1,0,251.0,279.0,228.0,306.0,270.1666666666667
2025-09-01,MBP14,292,2025,9,1,0,244,0,1,0,201.0,287.0,227.0,294.85714285714283,266.9
2025-09-02,MBP14,251,2025,9,2,1,245,0,1,0,292.0,307.0,301.0,295.57142857142856,270.1333333333333
2025-09-03,MBP14,317,2025,9,3,2,246,0,1,0,251.0,299.0,258.0,287.57142857142856,271.3
2025-09-04,MBP14,279,2025,9,4,3,247,0,1,0,317.0,292.0,293.0,290.14285714285717,273.03333333333336
2025-09-05,MBP14,283,2025,9,5,4,248,0,1,0,279.0,427.0,234.0,288.2857142857143,272.4
2025-09-06,MBP14,367,2025,9,6,5,249,1,1,0,283.0,251.0,240.0,267.7142857142857,272.8
2025-09-07,MBP14,315,2025,9,7,6,250,1,1,0,367.0,201.0,279.0,284.2857142857143,276.1333333333333
2025-09-08,MBP14,306,2025,9,8,0,251,0,1,0,315.0,292.0,287.0,300.57142857142856,278.26666666666665
2025-09-09,MBP14,244,2025,9,9,1,252,0,1,0,306.0,251.0,307.0,302.57142857142856,280.53333333333336
2025-09-10,MBP14,291,2025,9,10,2,253,0,1,0,244.0,317.0,299.0,301.57142857142856,282.3666666666667
2025-09-11,MBP14,333,2025,9,11,3,254,0,1,0,291.0,279.0,292.0,297.85714285714283,282.3333333333333
2025-09-12,MBP14,333,2025,9,12,4,255,0,1,0,333.0,283.0,427.0,305.57142857142856,284.26666666666665
2025-09-13,MBP14,109,2025,9,13,5,256,1,1,0,333.0,367.0,251.0,312.7142857142857,286.5
2025-09-14,MBP14,244,2025,9,14,6,257,1,1,0,109.0,315.0,201.0,275.85714285714283,281.1333333333333
2025-09-15,MBP14,241,2025,9,15,0,258,0,1,0,244.0,306.0,292.0,265.7142857142857,280.23333333333335
2025-09-16,MBP14,289,2025,9,16,1,259,0,1,0,241.0,244.0,251.0,256.42857142857144,277.6333333333333
2025-09-17,MBP14,278,2025,9,17,2,260,0,1,0,289.0,291.0,317.0,262.85714285714283,279.6666666666667
2025-09-18,MBP14,291,2025,9,18,3,261,0,1,0,278.0,333.0,279.0,261.0,281.3666666666667
2025-09-19,MBP14,264,2025,9,19,4,262,0,1,0,291.0,333.0,283.0,255.0,281.03333333333336
2025-09-20,MBP14,220,2025,9,20,5,263,1,1,0,264.0,109.0,367.0,245.14285714285714,281.23333333333335
2025-09-21,MBP14,227,2025,9,21,6,264,1,1,0,220.0,244.0,315.0,261.0,278.8
2025-09-22,MBP14,297,2025,9,22,0,265,0,1,0,227.0,241.0,306.0,258.57142857142856,278.56666666666666
2025-09-23,MBP14,349,2025,9,23,1,266,0,1,0,297.0,289.0,244.0,266.57142857142856,280.46666666666664
2025-09-24,MBP14,267,2025,9,24,2,267,0,1,0,349.0,278.0,291.0,275.14285714285717,282.8
2025-09-25,MBP14,256,2025,9,25,3,268,0,1,0,267.0,291.0,333.0,273.57142857142856,282.1333333333333
2025-09-26,MBP14,356,2025,9,26,4,269,0,1,0,256.0,264.0,333.0,268.57142857142856,280.43333333333334
2025-09-27,MBP14,221,2025,9,27,5,270,1,1,0,356.0,220.0,109.0,281.7142857142857,282.3333333333333
2025-09-28,MBP14,241,2025,9,28,6,271,1,1,0,221.0,227.0,244.0,281.85714285714283,279.96666666666664
2025-09-29,MBP14,269,2025,9,29,0,272,0,1,0,241.0,297.0,241.0,283.85714285714283,273.76666666666665
2025-09-30,MBP14,254,2025,9,30,1,273,0,1,0,269.0,349.0,289.0,279.85714285714283,274.3666666666667
2025-10-01,MBP14,206,2025,10,1,2,274,0,0,0,254.0,267.0,278.0,266.2857142857143,276.1333333333333
2025-10-02,MBP14,191,2025,10,2,3,275,0,0,0,206.0,256.0,291.0,257.57142857142856,273.26666666666665
2025-10-03,MBP14,204,2025,10,3,4,276,0,0,0,191.0,356.0,264.0,248.28571428571428,271.26666666666665
2025-10-04,MBP14,203,2025,10,4,5,277,1,0,0,204.0,221.0,220.0,226.57142857142858,267.5
2025-10-05,MBP14,162,2025,10,5,6,278,1,0,0,203.0,241.0,227.0,224.0,264.96666666666664
2025-10-06,MBP14,237,2025,10,6,0,279,0,0,0,162.0,269.0,297.0,212.71428571428572,260.93333333333334
2025-10-07,MBP14,199,2025,10,7,1,280,0,0,0,237.0,254.0,349.0,208.14285714285714,256.6
2025-10-08,MBP14,141,2025,10,8,2,281,0,0,0,199.0,206.0,267.0,200.28571428571428,252.73333333333332
2025-10-09,MBP14,182,2025,10,9,3,282,0,0,0,141.0,191.0,256.0,191.0,247.23333333333332
2025-10-10,MBP14,178,2025,10,10,4,283,0,0,0,182.0,204.0,356.0,189.71428571428572,245.16666666666666
2025-10-11,MBP14,172,2025,10,11,5,284,1,0,0,178.0,203.0,221.0,186.0,241.4
2025-10-12,MBP14,263,2025,10,12,6,285,1,0,0,172.0,162.0,241.0,181.57142857142858,236.03333333333333
2025-10-13,MBP14,219,2025,10,13,0,286,0,0,0,263.0,237.0,269.0,196.0,233.7
2025-10-14,MBP14,209,2025,10,14,1,287,0,0,0,219.0,199.0,254.0,193.42857142857142,237.36666666666667
2025-10-15,MBP14,231,2025,10,15,2,288,0,0,0,209.0,141.0,206.0,194.85714285714286,236.2
2025-10-16,MBP14,211,2025,10,16,3,289,0,0,0,231.0,182.0,191.0,207.71428571428572,235.86666666666667
2025-10-17,MBP14,167,2025,10,17,4,290,0,0,0,211.0,178.0,204.0,211.85714285714286,233.26666666666668
2025-10-18,MBP14,161,2025,10,18,5,291,1,0,0,167.0,172.0,203.0,210.28571428571428,229.56666666666666
2025-10-19,MBP14,172,2025,10,19,6,292,1,0,0,161.0,263.0,162.0,208.71428571428572,225.23333333333332
2025-10-20,MBP14,240,2025,10,20,0,293,0,0,0,172.0,219.0,237.0,195.71428571428572,222.16666666666666
2025-10-21,MBP14,208,2025,10,21,1,294,0,0,0,240.0,209.0,199.0,198.71428571428572,222.83333333333334
2025-10-22,MBP14,187,2025,10,22,2,295,0,0,0,208.0,231.0,141.0,198.57142857142858,222.2
2025-10-23,MBP14,212,2025,10,23,3,296,0,0,0,187.0,211.0,182.0,192.28571428571428,218.53333333333333
2025-10-24,MBP14,238,2025,10,24,4,297,0,0,0,212.0,167.0,178.0,192.42857142857142,213.96666666666667
2025-10-25,MBP14,153,2025,10,25,5,298,1,0,0,238.0,161.0,172.0,202.57142857142858,213.0
2025-10-26,MBP14,156,2025,10,26,6,299,1,0,0,153.0,172.0,263.0,201.42857142857142,209.56666666666666
2025-10-27,MBP14,193,2025,10,27,0,300,0,0,0,156.0,240.0,219.0,199.14285714285714,202.9
2025-10-28,MBP14,178,2025,10,28,1,301,0,0,0,193.0,208.0,209.0,192.42857142857142,201.96666666666667
2025-10-29,MBP14,207,2025,10,29,2,302,0,0,0,178.0,187.0,231.0,188.14285714285714,199.86666666666667
2025-10-30,MBP14,82,2025,10,30,3,303,0,0,0,207.0,212.0,211.0,191.0,197.8
2025-10-31,MBP14,169,2025,10,31,4,304,0,0,0,82.0,238.0,167.0,172.42857142857142,192.06666666666666
2025-11-01,MBP14,246,2025,11,1,5,305,1,0,1,169.0,153.0,161.0,162.57142857142858,190.83333333333334
2025-11-02,MBP14,225,2025,11,2,6,306,1,0,1,246.0,156.0,172.0,175.85714285714286,192.66666666666666
2025-11-03,MBP14,319,2025,11,3,0,307,0,0,1,225.0,193.0,240.0,185.71428571428572,193.36666666666667
2025-11-04,MBP14,314,2025,11,4,1,308,0,0,1,319.0,178.0,208.0,203.71428571428572,197.23333333333332
2025-11-05,MBP14,323,2025,11,5,2,309,0,0,1,314.0,207.0,187.0,223.14285714285714,202.3
2025-11-06,MBP14,295,2025,11,6,3,310,0,0,1,323.0,82.0,212.0,239.71428571428572,205.16666666666666
2025-11-07,MBP14,302,2025,11,7,4,311,0,0,1,295.0,169.0,238.0,270.14285714285717,208.36666666666667
2025-11-08,MBP14,257,2025,11,8,5,312,1,0,1,302.0,246.0,153.0,289.14285714285717,213.73333333333332
2025-11-09,MBP14,243,2025,11,9,6,313,1,0,1,257.0,225.0,156.0,290.7142857142857,216.23333333333332
2025-11-10,MBP14,264,2025,11,10,0,314,0,0,1,243.0,319.0,193.0,293.2857142857143,218.4
2025-11-11,MBP14,422,2025,11,11,1,315,0,0,1,264.0,314.0,178.0,285.42857142857144,221.46666666666667
2025-11-12,MBP14,296,2025,11,12,2,316,0,0,1,422.0,323.0,207.0,300.85714285714283,226.76666666666668
2025-11-13,MBP14,286,2025,11,13,3,317,0,0,1,296.0,295.0,82.0,297.0,229.33333333333334
2025-11-14,MBP14,308,2025,11,14,4,318,0,0,1,286.0,302.0,169.0,295.7142857142857,231.9
2025-11-15,MBP14,233,2025,11,15,5,319,1,0,1,308.0,257.0,246.0,296.57142857142856,234.46666666666667
2025-11-16,MBP14,88,2025,11,16,6,320,1,0,1,233.0,243.0,225.0,293.14285714285717,235.2
2025-11-17,MBP14,293,2025,11,17,0,321,0,0,1,88.0,264.0,319.0,271.0,232.56666666666666
2025-11-18,MBP14,291,2025,11,18,1,322,0,0,1,293.0,422.0,314.0,275.14285714285717,236.96666666666667
2025-11-19,MBP14,436,2025,11,19,2,323,0,0,1,291.0,296.0,323.0,256.42857142857144,240.93333333333334
2025-11-20,MBP14,264,2025,11,20,3,324,0,0,1,436.0,286.0,295.0,276.42857142857144,247.46666666666667
2025-11-21,MBP14,280,2025,11,21,4,325,0,0,1,264.0,308.0,302.0,273.2857142857143,249.33333333333334
2025-11-22,MBP14,227,2025,11,22,5,326,1,0,1,280.0,233.0,257.0,269.2857142857143,252.43333333333334
2025-11-23,MBP14,254,2025,11,23,6,327,1,0,1,227.0,88.0,243.0,268.42857142857144,252.93333333333334
2025-11-24,MBP14,278,2025,11,24,0,328,0,0,1,254.0,293.0,264.0,292.14285714285717,253.46666666666667
2025-11-25,MBP14,304,2025,11,25,1,329,0,0,1,278.0,291.0,422.0,290.0,257.6333333333333
2025-11-26,MBP14,291,2025,11,26,2,330,0,0,1,304.0,436.0,296.0,291.85714285714283,262.56666666666666
2025-11-27,MBP14,287,2025,11,27,3,331,0,0,1,291.0,264.0,286.0,271.14285714285717,265.8333333333333
2025-11-28,MBP14,338,2025,11,28,4,332,0,0,1,287.0,280.0,308.0,274.42857142857144,269.46666666666664
2025-11-29,MBP14,214,2025,11,29,5,333,1,0,1,338.0,227.0,233.0,282.7142857142857,273.8333333333333
2025-11-30,MBP14,275,2025,11,30,6,334,1,0,1,214.0,254.0,88.0,280.85714285714283,278.23333333333335
2025-12-01,MBP14,119,2025,12,1,0,335,0,0,1,275.0,278.0,293.0,283.85714285714283,281.76666666666665
2025-12-02,MBP14,285,2025,12,2,1,336,0,0,1,119.0,304.0,291.0,261.14285714285717,277.53333333333336
2025-12-03,MBP14,353,2025,12,3,2,337,0,0,1,285.0,291.0,436.0,258.42857142857144,279.53333333333336
2025-12-04,MBP14,303,2025,12,4,3,338,0,0,1,353.0,287.0,264.0,267.2857142857143,280.6666666666667
2025-12-05,MBP14,272,2025,12,5,4,339,0,0,1,303.0,338.0,280.0,269.57142857142856,280.3
2025-12-06,MBP14,237,2025,12,6,5,340,1,0,1,272.0,214.0,227.0,260.14285714285717,278.6
2025-12-07,MBP14,247,2025,12,7,6,341,1,0,1,237.0,275.0,254.0,263.42857142857144,276.6666666666667
2025-12-08,MBP14,284,2025,12,8,0,342,0,0,1,247.0,119.0,278.0,259.42857142857144,274.8333333333333
2025-12-09,MBP14,319,2025,12,9,1,343,0,0,1,284.0,285.0,304.0,283.0,275.73333333333335
2025-12-10,MBP14,315,2025,12,10,2,344,0,0,1,319.0,353.0,291.0,287.85714285714283,278.26666666666665
2025-12-11,MBP14,285,2025,12,11,3,345,0,0,1,315.0,303.0,287.0,282.42857142857144,279.96666666666664
2025-12-12,MBP14,287,2025,12,12,4,346,0,0,1,285.0,272.0,338.0,279.85714285714283,275.4
2025-12-13,MBP14,257,2025,12,13,5,347,1,0,1,287.0,237.0,214.0,282.0,275.1
2025-12-14,MBP14,144,2025,12,14,6,348,1,0,1,257.0,247.0,275.0,284.85714285714283,274.1333333333333
2025-12-15,MBP14,272,2025,12,15,0,349,0,0,1,144.0,284.0,119.0,270.14285714285717,268.6666666666667
2025-12-16,MBP14,303,2025,12,16,1,350,0,0,1,272.0,319.0,285.0,268.42857142857144,269.96666666666664
2025-12-17,MBP14,95,2025,12,17,2,351,0,0,1,303.0,315.0,353.0,266.14285714285717,277.1333333333333
2025-12-18,MBP14,278,2025,12,18,3,352,0,0,1,95.0,285.0,303.0,234.71428571428572,270.53333333333336
2025-12-19,MBP14,294,2025,12,19,4,353,0,0,1,278.0,287.0,272.0,233.71428571428572,270.1
2025-12-20,MBP14,252,2025,12,20,5,354,1,0,1,294.0,257.0,237.0,234.71428571428572,265.3666666666667
2025-12-21,MBP14,263,2025,12,21,6,355,1,0,1,252.0,144.0,247.0,234.0,264.96666666666664
2025-12-22,MBP14,323,2025,12,22,0,356,0,0,1,263.0,272.0,284.0,251.0,264.4
2025-12-23,MBP14,324,2025,12,23,1,357,0,0,1,323.0,303.0,319.0,258.2857142857143,267.6
2025-12-24,MBP14,296,2025,12,24,2,358,0,0,1,324.0,95.0,315.0,261.2857142857143,269.93333333333334
2025-12-25,MBP14,293,2025,12,25,3,359,0,0,1,296.0,278.0,285.0,290.0,270.53333333333336
2025-12-26,MBP14,392,2025,12,26,4,360,0,0,1,293.0,294.0,287.0,292.14285714285717,270.1666666666667
2025-12-27,MBP14,257,2025,12,27,5,361,1,0,1,392.0,252.0,257.0,306.14285714285717,273.53333333333336
2025-12-28,MBP14,265,2025,12,28,6,362,1,0,1,257.0,263.0,144.0,306.85714285714283,272.53333333333336
2025-12-29,MBP14,300,2025,12,29,0,363,0,0,1,265.0,323.0,272.0,307.14285714285717,270.1
2025-12-30,MBP14,291,2025,12,30,1,364,0,0,1,300.0,324.0,303.0,303.85714285714283,272.96666666666664
2025-12-31,MBP14,281,2025,12,31,2,365,0,0,1,291.0,296.0,95.0,299.14285714285717,273.5
2023-01-31,MBP16,152,2023,1,31,1,31,0,0,0,142.0,116.0,131.0,115.57142857142857,111.5
2023-02-01,MBP16,106,2023,2,1,2,32,0,0,0,152.0,99.0,99.0,120.71428571428571,113.53333333333333
2023-02-02,MBP16,143,2023,2,2,3,33,0,0,0,106.0,120.0,108.0,121.71428571428571,113.0
2023-02-03,MBP16,117,2023,2,3,4,34,0,0,0,143.0,140.0,122.0,125.0,113.36666666666666
2023-02-04,MBP16,81,2023,2,4,5,35,1,0,0,117.0,96.0,90.0,121.71428571428571,113.76666666666667
2023-02-05,MBP16,106,2023,2,5,6,36,1,0,0,81.0,96.0,95.0,119.57142857142857,111.76666666666667
2023-02-06,MBP16,102,2023,2,6,0,37,0,0,0,106.0,142.0,117.0,121.0,111.93333333333334
2023-02-07,MBP16,116,2023,2,7,1,38,0,0,0,102.0,152.0,116.0,115.28571428571429,112.8
2023-02-08,MBP16,114,2023,2,8,2,39,0,0,0,116.0,106.0,99.0,110.14285714285714,113.33333333333333
2023-02-09,MBP16,119,2023,2,9,3,40,0,0,0,114.0,143.0,120.0,111.28571428571429,113.46666666666667
2023-02-10,MBP16,150,2023,2,10,4,41,0,0,0,119.0,117.0,140.0,107.85714285714286,113.66666666666667
2023-02-11,MBP16,105,2023,2,11,5,42,1,0,0,150.0,81.0,96.0,112.57142857142857,114.6
2023-02-12,MBP16,91,2023,2,12,6,43,1,0,0,105.0,106.0,96.0,116.0,114.3
2023-02-13,MBP16,149,2023,2,13,0,44,0,0,0,91.0,102.0,142.0,113.85714285714286,113.2
2023-02-14,MBP16,128,2023,2,14,1,45,0,0,0,149.0,116.0,152.0,120.57142857142857,114.96666666666667
2023-02-15,MBP16,126,2023,2,15,2,46,0,0,0,128.0,114.0,106.0,122.28571428571429,115.56666666666666
2023-02-16,MBP16,126,2023,2,16,3,47,0,0,0,126.0,119.0,143.0,124.0,115.86666666666666
2023-02-17,MBP16,134,2023,2,17,4,48,0,0,0,126.0,150.0,117.0,125.0,115.7
2023-02-18,MBP16,101,2023,2,18,5,49,1,0,0,134.0,105.0,81.0,122.71428571428571,116.86666666666666
2023-02-19,MBP16,100,2023,2,19,6,50,1,0,0,101.0,91.0,106.0,122.14285714285714,116.63333333333334
2023-02-20,MBP16,96,2023,2,20,0,51,0,0,0,100.0,149.0,102.0,123.42857142857143,115.9
2023-02-21,MBP16,122,2023,2,21,1,52,0,0,0,96.0,128.0,116.0,115.85714285714286,116.1
2023-02-22,MBP16,113,2023,2,22,2,53,0,0,0,122.0,126.0,114.0,115.0,117.0
2023-02-23,MBP16,100,2023,2,23,3,54,0,0,0,113.0,126.0,119.0,113.14285714285714,116.86666666666666
2023-02-24,MBP16,113,2023,2,24,4,55,0,0,0,100.0,134.0,150.0,109.42857142857143,116.33333333333333
2023-02-25,MBP16,119,2023,2,25,5,56,1,0,0,113.0,101.0,105.0,106.42857142857143,116.8
2023-02-26,MBP16,66,2023,2,26,6,57,1,0,0,119.0,100.0,91.0,109.0,116.76666666666667
2023-02-27,MBP16,117,2023,2,27,0,58,0,0,0,66.0,96.0,149.0,104.14285714285714,114.3
2023-02-28,MBP16,192,2023,2,28,1,59,0,0,0,117.0,122.0,128.0,107.14285714285714,115.0
2023-03-01,MBP16,145,2023,3,1,2,60,0,0,0,192.0,113.0,126.0,117.14285714285714,118.2
2023-03-02,MBP16,143,2023,3,2,3,61,0,0,0,145.0,100.0,126.0,121.71428571428571,118.3
2023-03-03,MBP16,129,2023,3,3,4,62,0,0,0,143.0,113.0,134.0,127.85714285714286,118.0
2023-03-04,MBP16,88,2023,3,4,5,63,1,0,0,129.0,119.0,101.0,130.14285714285714,118.76666666666667
2023-03-05,MBP16,77,2023,3,5,6,64,1,0,0,88.0,66.0,100.0,125.71428571428571,116.93333333333334
2023-03-06,MBP16,119,2023,3,6,0,65,0,0,0,77.0,117.0,96.0,127.28571428571429,115.6
2023-03-07,MBP16,125,2023,3,7,1,66,0,0,0,119.0,192.0,122.0,127.57142857142857,116.86666666666666
2023-03-08,MBP16,109,2023,3,8,2,67,0,0,0,125.0,145.0,113.0,118.0,117.5
2023-03-09,MBP16,124,2023,3,9,3,68,0,0,0,109.0,143.0,100.0,112.85714285714286,117.73333333333333
2023-03-10,MBP16,103,2023,3,10,4,69,0,0,0,124.0,129.0,113.0,110.14285714285714,118.0
2023-03-11,MBP16,89,2023,3,11,5,70,1,0,0,103.0,88.0,119.0,106.42857142857143,117.63333333333334
2023-03-12,MBP16,93,2023,3,12,6,71,1,0,0,89.0,77.0,66.0,106.57142857142857,116.63333333333334
2023-03-13,MBP16,144,2023,3,13,0,72,0,0,0,93.0,119.0,117.0,108.85714285714286,114.73333333333333
2023-03-14,MBP16,157,2023,3,14,1,73,0,0,0,144.0,125.0,192.0,112.42857142857143,116.03333333333333
2023-03-15,MBP16,125,2023,3,15,2,74,0,0,0,157.0,109.0,145.0,117.0,118.23333333333333
2023-03-16,MBP16,120,2023,3,16,3,75,0,0,0,125.0,124.0,143.0,119.28571428571429,117.43333333333334
2023-03-17,MBP16,129,2023,3,17,4,76,0,0,0,120.0,103.0,129.0,118.71428571428571,117.16666666666667
2023-03-18,MBP16,98,2023,3,18,5,77,1,0,0,129.0,89.0,88.0,122.42857142857143,117.26666666666667
2023-03-19,MBP16,86,2023,3,19,6,78,1,0,0,98.0,93.0,77.0,123.71428571428571,116.33333333333333
2023-03-20,MBP16,107,2023,3,20,0,79,0,0,0,86.0,144.0,119.0,122.71428571428571,114.73333333333333
2023-03-21,MBP16,109,2023,3,21,1,80,0,0,0,107.0,157.0,125.0,117.42857142857143,114.93333333333334
2023-03-22,MBP16,119,2023,3,22,2,81,0,0,0,109.0,125.0,109.0,110.57142857142857,115.23333333333333
2023-03-23,MBP16,132,2023,3,23,3,82,0,0,0,119.0,120.0,124.0,109.71428571428571,116.0
2023-03-24,MBP16,102,2023,3,24,4,83,0,0,0,132.0,129.0,103.0,111.42857142857143,116.33333333333333
2023-03-25,MBP16,97,2023,3,25,5,84,1,0,0,102.0,98.0,89.0,107.57142857142857,115.96666666666667
2023-03-26,MBP16,112,2023,3,26,6,85,1,0,0,97.0,86.0,93.0,107.42857142857143,115.86666666666666
2023-03-27,MBP16,93,2023,3,27,0,86,0,0,0,112.0,107.0,144.0,111.14285714285714,115.83333333333333
2023-03-28,MBP16,118,2023,3,28,1,87,0,0,0,93.0,109.0,157.0,109.14285714285714,114.96666666666667
2023-03-29,MBP16,132,2023,3,29,2,88,0,0,0,118.0,119.0,125.0,110.42857142857143,116.7
2023-03-30,MBP16,115,2023,3,30,3,89,0,0,0,132.0,132.0,120.0,112.28571428571429,117.2
2023-03-31,MBP16,111,2023,3,31,4,90,0,0,0,115.0,102.0,129.0,109.85714285714286,114.63333333333334
2023-04-01,MBP16,81,2023,4,1,5,91,1,0,0,111.0,97.0,98.0,111.14285714285714,113.5
2023-04-02,MBP16,85,2023,4,2,6,92,1,0,0,81.0,112.0,86.0,108.85714285714286,111.43333333333334
2023-04-03,MBP16,130,2023,4,3,0,93,0,0,0,85.0,93.0,107.0,105.0,109.96666666666667
2023-04-04,MBP16,118,2023,4,4,1,94,0,0,0,130.0,118.0,109.0,110.28571428571429,111.36666666666666
2023-04-05,MBP16,122,2023,4,5,2,95,0,0,0,118.0,132.0,119.0,110.28571428571429,112.73333333333333
2023-04-06,MBP16,141,2023,4,6,3,96,0,0,0,122.0,115.0,132.0,108.85714285714286,112.83333333333333
2023-04-07,MBP16,139,2023,4,7,4,97,0,0,0,141.0,111.0,102.0,112.57142857142857,113.36666666666666
2023-04-08,MBP16,97,2023,4,8,5,98,1,0,0,139.0,81.0,97.0,116.57142857142857,114.36666666666666
2023-04-09,MBP16,87,2023,4,9,6,99,1,0,0,97.0,85.0,112.0,118.85714285714286,113.46666666666667
2023-04-10,MBP16,122,2023,4,10,0,100,0,0,0,87.0,130.0,93.0,119.14285714285714,112.93333333333334
2023-04-11,MBP16,108,2023,4,11,1,101,0,0,0,122.0,118.0,118.0,118.0,114.03333333333333
2023-04-12,MBP16,114,2023,4,12,2,102,0,0,0,108.0,122.0,132.0,116.57142857142857,114.53333333333333
2023-04-13,MBP16,126,2023,4,13,3,103,0,0,0,114.0,141.0,115.0,115.42857142857143,113.53333333333333
2023-04-14,MBP16,114,2023,4,14,4,104,0,0,0,126.0,139.0,111.0,113.28571428571429,112.5
2023-04-15,MBP16,96,2023,4,15,5,105,1,0,0,114.0,97.0,81.0,109.71428571428571,112.13333333333334
2023-04-16,MBP16,104,2023,4,16,6,106,1,0,0,96.0,87.0,85.0,109.57142857142857,111.33333333333333
2023-04-17,MBP16,127,2023,4,17,0,107,0,0,0,104.0,122.0,130.0,112.0,110.5
2023-04-18,MBP16,112,2023,4,18,1,108,0,0,0,127.0,108.0,118.0,112.71428571428571,111.46666666666667
2023-04-19,MBP16,110,2023,4,19,2,109,0,0,0,112.0,114.0,122.0,113.28571428571429,112.33333333333333
2023-04-20,MBP16,127,2023,4,20,3,110,0,0,0,110.0,126.0,141.0,112.71428571428571,112.43333333333334
2023-04-21,MBP16,43,2023,4,21,4,111,0,0,0,127.0,114.0,139.0,112.85714285714286,113.03333333333333
2023-04-22,MBP16,87,2023,4,22,5,112,1,0,0,43.0,96.0,97.0,102.71428571428571,110.5
2023-04-23,MBP16,112,2023,4,23,6,113,1,0,0,87.0,104.0,87.0,101.42857142857143,109.0
2023-04-24,MBP16,133,2023,4,24,0,114,0,0,0,112.0,127.0,122.0,102.57142857142857,109.33333333333333
2023-04-25,MBP16,102,2023,4,25,1,115,0,0,0,133.0,112.0,108.0,103.42857142857143,110.53333333333333
2023-04-26,MBP16,142,2023,4,26,2,116,0,0,0,102.0,110.0,114.0,102.0,110.2
2023-04-27,MBP16,119,2023,4,27,3,117,0,0,0,142.0,127.0,126.0,106.57142857142857,111.83333333333333
2023-04-28,MBP16,125,2023,4,28,4,118,0,0,0,119.0,43.0,114.0,105.42857142857143,111.86666666666666
2023-04-29,MBP16,87,2023,4,29,5,119,1,0,0,125.0,87.0,96.0,117.14285714285714,111.63333333333334
2023-04-30,MBP16,97,2023,4,30,6,120,1,0,0,87.0,112.0,104.0,117.14285714285714,110.7
2023-05-01,MBP16,104,2023,5,1,0,121,0,0,0,97.0,133.0,127.0,115.0,110.23333333333333
2023-05-02,MBP16,109,2023,5,2,1,122,0,0,0,104.0,102.0,112.0,110.85714285714286,111.0
2023-05-03,MBP16,66,2023,5,3,2,123,0,0,0,109.0,142.0,110.0,111.85714285714286,111.8
2023-05-04,MBP16,115,2023,5,4,3,124,0,0,0,66.0,119.0,127.0,101.0,109.66666666666667
2023-05-05,MBP16,179,2023,5,5,4,125,0,0,0,115.0,125.0,43.0,100.42857142857143,109.56666666666666
2023-05-06,MBP16,91,2023,5,6,5,126,1,0,0,179.0,87.0,87.0,108.14285714285714,111.46666666666667
2023-05-07,MBP16,79,2023,5,7,6,127,1,0,0,91.0,97.0,112.0,108.71428571428571,109.8
2023-05-08,MBP16,136,2023,5,8,0,128,0,0,0,79.0,104.0,133.0,106.14285714285714,107.8
2023-05-09,MBP16,132,2023,5,9,1,129,0,0,0,136.0,109.0,102.0,110.71428571428571,109.1
2023-05-10,MBP16,95,2023,5,10,2,130,0,0,0,132.0,66.0,142.0,114.0,110.6
2023-05-11,MBP16,44,2023,5,11,3,131,0,0,0,95.0,115.0,119.0,118.14285714285714,109.7
2023-05-12,MBP16,132,2023,5,12,4,132,0,0,0,44.0,179.0,125.0,108.0,107.56666666666666
2023-05-13,MBP16,79,2023,5,13,5,133,1,0,0,132.0,91.0,87.0,101.28571428571429,108.16666666666667
2023-05-14,MBP16,85,2023,5,14,6,134,1,0,0,79.0,79.0,97.0,99.57142857142857,106.6
2023-05-15,MBP16,102,2023,5,15,0,135,0,0,0,85.0,136.0,104.0,100.42857142857143,105.63333333333334
2023-05-16,MBP16,186,2023,5,16,1,136,0,0,0,102.0,132.0,109.0,95.57142857142857,105.83333333333333
2023-05-17,MBP16,119,2023,5,17,2,137,0,0,0,186.0,95.0,66.0,103.28571428571429,108.56666666666666
2023-05-18,MBP16,134,2023,5,18,3,138,0,0,0,119.0,44.0,115.0,106.71428571428571,108.3
2023-05-19,MBP16,122,2023,5,19,4,139,0,0,0,134.0,132.0,179.0,119.57142857142857,109.03333333333333
2023-05-20,MBP16,99,2023,5,20,5,140,1,0,0,122.0,79.0,91.0,118.14285714285714,109.43333333333334
2023-05-21,MBP16,163,2023,5,21,6,141,1,0,0,99.0,85.0,79.0,121.0,108.5
2023-05-22,MBP16,113,2023,5,22,0,142,0,0,0,163.0,102.0,136.0,132.14285714285714,112.5
2023-05-23,MBP16,119,2023,5,23,1,143,0,0,0,113.0,186.0,132.0,133.71428571428572,113.36666666666666
2023-05-24,MBP16,115,2023,5,24,2,144,0,0,0,119.0,119.0,95.0,124.14285714285714,113.6
2023-05-25,MBP16,114,2023,5,25,3,145,0,0,0,115.0,134.0,44.0,123.57142857142857,113.0
2023-05-26,MBP16,120,2023,5,26,4,146,0,0,0,114.0,122.0,132.0,120.71428571428571,113.4
2023-05-27,MBP16,128,2023,5,27,5,147,1,0,0,120.0,99.0,79.0,120.42857142857143,112.66666666666667
2023-05-28,MBP16,87,2023,5,28,6,148,1,0,0,128.0,163.0,85.0,124.57142857142857,112.96666666666667
2023-05-29,MBP16,142,2023,5,29,0,149,0,0,0,87.0,113.0,102.0,113.71428571428571,111.7
2023-05-30,MBP16,128,2023,5,30,1,150,0,0,0,142.0,119.0,186.0,117.85714285714286,113.53333333333333
2023-05-31,MBP16,116,2023,5,31,2,151,0,0,0,128.0,115.0,119.0,119.14285714285714,114.56666666666666
2023-06-01,MBP16,104,2023,6,1,3,152,0,0,0,116.0,114.0,134.0,119.28571428571429,114.96666666666667
2023-06-02,MBP16,99,2023,6,2,4,153,0,0,0,104.0,120.0,122.0,117.85714285714286,114.8
2023-06-03,MBP16,90,2023,6,3,5,154,1,0,0,99.0,128.0,99.0,114.85714285714286,115.9
2023-06-04,MBP16,95,2023,6,4,6,155,1,0,0,90.0,87.0,163.0,109.42857142857143,115.06666666666666
2023-06-05,MBP16,134,2023,6,5,0,156,0,0,0,95.0,142.0,113.0,110.57142857142857,112.26666666666667
2023-06-06,MBP16,131,2023,6,6,1,157,0,0,0,134.0,128.0,119.0,109.42857142857143,113.7
2023-06-07,MBP16,115,2023,6,7,2,158,0,0,0,131.0,116.0,115.0,109.85714285714286,115.43333333333334
2023-06-08,MBP16,50,2023,6,8,3,159,0,0,0,115.0,104.0,114.0,109.71428571428571,114.73333333333333
2023-06-09,MBP16,129,2023,6,9,4,160,0,0,0,50.0,99.0,120.0,102.0,112.0
2023-06-10,MBP16,73,2023,6,10,5,161,1,0,0,129.0,90.0,128.0,106.28571428571429,113.13333333333334
2023-06-11,MBP16,106,2023,6,11,6,162,1,0,0,73.0,95.0,87.0,103.85714285714286,114.1
2023-06-12,MBP16,116,2023,6,12,0,163,0,0,0,106.0,134.0,142.0,105.42857142857143,113.23333333333333
2023-06-13,MBP16,140,2023,6,13,1,164,0,0,0,116.0,131.0,128.0,102.85714285714286,114.46666666666667
2023-06-14,MBP16,137,2023,6,14,2,165,0,0,0,140.0,115.0,116.0,104.14285714285714,116.3
2023-06-15,MBP16,123,2023,6,15,3,166,0,0,0,137.0,50.0,104.0,107.28571428571429,117.46666666666667
2023-06-16,MBP16,119,2023,6,16,4,167,0,0,0,123.0,129.0,99.0,117.71428571428571,115.36666666666666
2023-06-17,MBP16,92,2023,6,17,5,168,1,0,0,119.0,73.0,90.0,116.28571428571429,115.36666666666666
2023-06-18,MBP16,102,2023,6,18,6,169,1,0,0,92.0,106.0,95.0,119.0,113.96666666666667
2023-06-19,MBP16,136,2023,6,19,0,170,0,0,0,102.0,116.0,134.0,118.42857142857143,113.3
2023-06-20,MBP16,120,2023,6,20,1,171,0,0,0,136.0,140.0,131.0,121.28571428571429,114.53333333333333
2023-06-21,MBP16,112,2023,6,21,2,172,0,0,0,120.0,137.0,115.0,118.42857142857143,113.1
2023-06-22,MBP16,119,2023,6,22,3,173,0,0,0,112.0,123.0,50.0,114.85714285714286,113.06666666666666
2023-06-23,MBP16,123,2023,6,23,4,174,0,0,0,119.0,119.0,129.0,114.28571428571429,113.06666666666666
2023-06-24,MBP16,81,2023,6,24,5,175,1,0,0,123.0,92.0,73.0,114.85714285714286,113.33333333333333
2023-06-25,MBP16,78,2023,6,25,6,176,1,0,0,81.0,102.0,106.0,113.28571428571429,112.23333333333333
2023-06-26,MBP16,112,2023,6,26,0,177,0,0,0,78.0,136.0,116.0,109.85714285714286,110.83333333333333
2023-06-27,MBP16,140,2023,6,27,1,178,0,0,0,112.0,120.0,140.0,106.42857142857143,110.3
2023-06-28,MBP16,135,2023,6,28,2,179,0,0,0,140.0,112.0,137.0,109.28571428571429,112.06666666666666
2023-06-29,MBP16,98,2023,6,29,3,180,0,0,0,135.0,119.0,123.0,112.57142857142857,111.83333333333333
2023-06-30,MBP16,107,2023,6,30,4,181,0,0,0,98.0,123.0,119.0,109.57142857142857,110.83333333333333
2023-07-01,MBP16,106,2023,7,1,5,182,1,0,0,107.0,81.0,92.0,107.28571428571429,110.53333333333333
2023-07-02,MBP16,91,2023,7,2,6,183,1,0,0,106.0,78.0,102.0,110.85714285714286,110.6
2023-07-03,MBP16,125,2023,7,3,0,184,0,0,0,91.0,112.0,136.0,112.71428571428571,110.33333333333333
2023-07-04,MBP16,99,2023,7,4,1,185,0,0,0,125.0,140.0,120.0,114.57142857142857,111.5
2023-07-05,MBP16,119,2023,7,5,2,186,0,0,0,99.0,135.0,112.0,108.71428571428571,111.63333333333334
2023-07-06,MBP16,118,2023,7,6,3,187,0,0,0,119.0,98.0,119.0,106.42857142857143,111.13333333333334
2023-07-07,MBP16,132,2023,7,7,4,188,0,0,0,118.0,107.0,123.0,109.28571428571429,110.7
2023-07-08,MBP16,102,2023,7,8,5,189,1,0,0,132.0,106.0,81.0,112.85714285714286,111.26666666666667
2023-07-09,MBP16,98,2023,7,9,6,190,1,0,0,102.0,91.0,78.0,112.28571428571429,113.0
2023-07-10,MBP16,141,2023,7,10,0,191,0,0,0,98.0,125.0,112.0,113.28571428571429,111.96666666666667
2023-07-11,MBP16,132,2023,7,11,1,192,0,0,0,141.0,99.0,140.0,115.57142857142857,114.23333333333333
2023-07-12,MBP16,142,2023,7,12,2,193,0,0,0,132.0,119.0,135.0,120.28571428571429,115.1
2023-07-13,MBP16,98,2023,7,13,3,194,0,0,0,142.0,118.0,98.0,123.57142857142857,115.96666666666667
2023-07-14,MBP16,128,2023,7,14,4,195,0,0,0,98.0,132.0,107.0,120.71428571428571,114.56666666666666
2023-07-15,MBP16,71,2023,7,15,5,196,1,0,0,128.0,102.0,106.0,120.14285714285714,114.26666666666667
2023-07-16,MBP16,104,2023,7,16,6,197,1,0,0,71.0,98.0,91.0,115.71428571428571,112.53333333333333
2023-07-17,MBP16,134,2023,7,17,0,198,0,0,0,104.0,141.0,125.0,116.57142857142857,112.03333333333333
2023-07-18,MBP16,109,2023,7,18,1,199,0,0,0,134.0,132.0,99.0,115.57142857142857,113.43333333333334
2023-07-19,MBP16,116,2023,7,19,2,200,0,0,0,109.0,142.0,119.0,112.28571428571429,113.66666666666667
2023-07-20,MBP16,119,2023,7,20,3,201,0,0,0,116.0,98.0,118.0,108.57142857142857,113.0
2023-07-21,MBP16,99,2023,7,21,4,202,0,0,0,119.0,128.0,132.0,111.57142857142857,112.96666666666667
2023-07-22,MBP16,103,2023,7,22,5,203,1,0,0,99.0,71.0,102.0,107.42857142857143,112.53333333333333
2023-07-23,MBP16,72,2023,7,23,6,204,1,0,0,103.0,104.0,98.0,112.0,112.0
2023-07-24,MBP16,116,2023,7,24,0,205,0,0,0,72.0,134.0,141.0,107.42857142857143,110.3
2023-07-25,MBP16,142,2023,7,25,1,206,0,0,0,116.0,109.0,132.0,104.85714285714286,111.46666666666667
2023-07-26,MBP16,122,2023,7,26,2,207,0,0,0,142.0,116.0,142.0,109.57142857142857,113.6
2023-07-27,MBP16,102,2023,7,27,3,208,0,0,0,122.0,119.0,98.0,110.42857142857143,113.93333333333334
2023-07-28,MBP16,105,2023,7,28,4,209,0,0,0,102.0,99.0,128.0,108.0,112.66666666666667
2023-07-29,MBP16,74,2023,7,29,5,210,1,0,0,105.0,103.0,71.0,108.85714285714286,111.66666666666667
2023-07-30,MBP16,104,2023,7,30,6,211,1,0,0,74.0,72.0,104.0,104.71428571428571,110.86666666666666
2023-07-31,MBP16,102,2023,7,31,0,212,0,0,0,104.0,116.0,134.0,109.28571428571429,110.76666666666667
2023-08-01,MBP16,172,2023,8,1,1,213,0,1,0,102.0,142.0,109.0,107.28571428571429,110.63333333333334
2023-08-02,MBP16,163,2023,8,2,2,214,0,1,0,172.0,122.0,116.0,111.57142857142857,113.33333333333333
2023-08-03,MBP16,135,2023,8,3,3,215,0,1,0,163.0,102.0,119.0,117.42857142857143,114.6
2023-08-04,MBP16,136,2023,8,4,4,216,0,1,0,135.0,105.0,99.0,122.14285714285714,115.8
2023-08-05,MBP16,118,2023,8,5,5,217,1,1,0,136.0,74.0,103.0,126.57142857142857,116.36666666666666
2023-08-06,MBP16,128,2023,8,6,6,218,1,1,0,118.0,104.0,72.0,132.85714285714286,116.36666666666666
2023-08-07,MBP16,177,2023,8,7,0,219,0,1,0,128.0,102.0,116.0,136.28571428571428,116.23333333333333
2023-08-08,MBP16,167,2023,8,8,1,220,0,1,0,177.0,172.0,142.0,147.0,118.73333333333333
2023-08-09,MBP16,170,2023,8,9,2,221,0,1,0,167.0,163.0,122.0,146.28571428571428,121.03333333333333
2023-08-10,MBP16,222,2023,8,10,3,222,0,1,0,170.0,135.0,102.0,147.28571428571428,122.0
2023-08-11,MBP16,139,2023,8,11,4,223,0,1,0,222.0,136.0,105.0,159.71428571428572,125.0
2023-08-12,MBP16,130,2023,8,12,5,224,1,1,0,139.0,118.0,74.0,160.14285714285714,124.9
2023-08-13,MBP16,138,2023,8,13,6,225,1,1,0,130.0,128.0,104.0,161.85714285714286,125.96666666666667
2023-08-14,MBP16,160,2023,8,14,0,226,0,1,0,138.0,177.0,102.0,163.28571428571428,126.3
2023-08-15,MBP16,158,2023,8,15,1,227,0,1,0,160.0,167.0,172.0,160.85714285714286,129.26666666666668
2023-08-16,MBP16,155,2023,8,16,2,228,0,1,0,158.0,170.0,163.0,159.57142857142858,131.06666666666666
2023-08-17,MBP16,167,2023,8,17,3,229,0,1,0,155.0,222.0,135.0,157.42857142857142,131.76666666666668
2023-08-18,MBP16,154,2023,8,18,4,230,0,1,0,167.0,139.0,136.0,149.57142857142858,133.7
2023-08-19,MBP16,148,2023,8,19,5,231,1,1,0,154.0,130.0,118.0,151.71428571428572,134.96666666666667
2023-08-20,MBP16,175,2023,8,20,6,232,1,1,0,148.0,138.0,128.0,154.28571428571428,135.93333333333334
2023-08-21,MBP16,138,2023,8,21,0,233,0,1,0,175.0,160.0,177.0,159.57142857142858,138.46666666666667
2023-08-22,MBP16,154,2023,8,22,1,234,0,1,0,138.0,158.0,167.0,156.42857142857142,139.63333333333333
2023-08-23,MBP16,181,2023,8,23,2,235,0,1,0,154.0,155.0,170.0,155.85714285714286,142.36666666666667
2023-08-24,MBP16,172,2023,8,24,3,236,0,1,0,181.0,167.0,222.0,159.57142857142858,144.53333333333333
2023-08-25,MBP16,170,2023,8,25,4,237,0,1,0,172.0,154.0,139.0,160.28571428571428,145.53333333333333
2023-08-26,MBP16,122,2023,8,26,5,238,1,1,0,170.0,148.0,130.0,162.57142857142858,147.13333333333333
2023-08-27,MBP16,115,2023,8,27,6,239,1,1,0,122.0,175.0,138.0,158.85714285714286,147.8
2023-08-28,MBP16,150,2023,8,28,0,240,0,1,0,115.0,138.0,160.0,150.28571428571428,148.13333333333333
2023-08-29,MBP16,176,2023,8,29,1,241,0,1,0,150.0,154.0,158.0,152.0,150.66666666666666
2023-08-30,MBP16,145,2023,8,30,2,242,0,1,0,176.0,181.0,155.0,155.14285714285714,153.06666666666666
2023-08-31,MBP16,187,2023,8,31,3,243,0,1,0,145.0,172.0,167.0,150.0,154.5
2023-09-01,MBP16,162,2023,9,1,4,244,0,1,0,187.0,170.0,154.0,152.14285714285714,155.0
2023-09-02,MBP16,155,2023,9,2,5,245,1,1,0,162.0,122.0,148.0,151.0,154.96666666666667
2023-09-03,MBP16,146,2023,9,3,6,246,1,1,0,155.0,115.0,175.0,155.71428571428572,155.63333333333333
2023-09-04,MBP16,136,2023,9,4,0,247,0,1,0,146.0,150.0,138.0,160.14285714285714,155.96666666666667
2023-09-05,MBP16,151,2023,9,5,1,248,0,1,0,136.0,176.0,154.0,158.14285714285714,156.56666666666666
2023-09-06,MBP16,166,2023,9,6,2,249,0,1,0,151.0,145.0,181.0,154.57142857142858,157.33333333333334
2023-09-07,MBP16,153,2023,9,7,3,250,0,1,0,166.0,187.0,172.0,157.57142857142858,156.96666666666667
2023-09-08,MBP16,169,2023,9,8,4,251,0,1,0,153.0,162.0,170.0,152.71428571428572,156.5
2023-09-09,MBP16,163,2023,9,9,5,252,1,1,0,169.0,155.0,122.0,153.71428571428572,156.46666666666667
2023-09-10,MBP16,153,2023,9,10,6,253,1,1,0,163.0,146.0,115.0,154.85714285714286,154.5
2023-09-11,MBP16,112,2023,9,11,0,254,0,1,0,153.0,136.0,150.0,155.85714285714286,154.96666666666667
2023-09-12,MBP16,153,2023,9,12,1,255,0,1,0,112.0,151.0,176.0,152.42857142857142,154.36666666666667
2023-09-13,MBP16,160,2023,9,13,2,256,0,1,0,153.0,166.0,145.0,152.71428571428572,154.86666666666667
2023-09-14,MBP16,174,2023,9,14,3,257,0,1,0,160.0,153.0,187.0,151.85714285714286,154.86666666666667
2023-09-15,MBP16,167,2023,9,15,4,258,0,1,0,174.0,169.0,162.0,154.85714285714286,155.4
2023-09-16,MBP16,129,2023,9,16,5,259,1,1,0,167.0,163.0,155.0,154.57142857142858,155.8
2023-09-17,MBP16,132,2023,9,17,6,260,1,1,0,129.0,153.0,146.0,149.71428571428572,154.53333333333333
2023-09-18,MBP16,161,2023,9,18,0,261,0,1,0,132.0,112.0,136.0,146.71428571428572,153.8
2023-09-19,MBP16,138,2023,9,19,1,262,0,1,0,161.0,153.0,151.0,153.71428571428572,154.23333333333332
2023-09-20,MBP16,163,2023,9,20,2,263,0,1,0,138.0,160.0,166.0,151.57142857142858,153.0
2023-09-21,MBP16,144,2023,9,21,3,264,0,1,0,163.0,174.0,153.0,152.0,153.83333333333334
2023-09-22,MBP16,176,2023,9,22,4,265,0,1,0,144.0,167.0,169.0,147.71428571428572,153.5
2023-09-23,MBP16,113,2023,9,23,5,266,1,1,0,176.0,129.0,163.0,149.0,153.33333333333334
2023-09-24,MBP16,125,2023,9,24,6,267,1,1,0,113.0,132.0,153.0,146.71428571428572,151.36666666666667
2023-09-25,MBP16,153,2023,9,25,0,268,0,1,0,125.0,161.0,112.0,145.71428571428572,149.86666666666667
2023-09-26,MBP16,181,2023,9,26,1,269,0,1,0,153.0,138.0,153.0,144.57142857142858,150.9
2023-09-27,MBP16,175,2023,9,27,2,270,0,1,0,181.0,163.0,160.0,150.71428571428572,153.1
2023-09-28,MBP16,131,2023,9,28,3,271,0,1,0,175.0,144.0,174.0,152.42857142857142,153.93333333333334
2023-09-29,MBP16,160,2023,9,29,4,272,0,1,0,131.0,176.0,167.0,150.57142857142858,152.43333333333334
2023-09-30,MBP16,115,2023,9,30,5,273,1,1,0,160.0,113.0,129.0,148.28571428571428,152.93333333333334
2023-10-01,MBP16,98,2023,10,1,6,274,1,0,0,115.0,125.0,132.0,148.57142857142858,150.53333333333333
2023-10-02,MBP16,128,2023,10,2,0,275,0,0,0,98.0,153.0,161.0,144.71428571428572,148.4
2023-10-03,MBP16,122,2023,10,3,1,276,0,0,0,128.0,181.0,138.0,141.14285714285714,147.5
2023-10-04,MBP16,129,2023,10,4,2,277,0,0,0,122.0,175.0,163.0,132.71428571428572,146.7
2023-10-05,MBP16,116,2023,10,5,3,278,0,0,0,129.0,131.0,144.0,126.14285714285714,146.46666666666667
2023-10-06,MBP16,123,2023,10,6,4,279,0,0,0,116.0,160.0,176.0,124.0,145.3
2023-10-07,MBP16,139,2023,10,7,5,280,1,0,0,123.0,115.0,113.0,118.71428571428571,143.86666666666667
2023-10-08,MBP16,90,2023,10,8,6,281,1,0,0,139.0,98.0,125.0,122.14285714285714,143.4
2023-10-09,MBP16,111,2023,10,9,0,282,0,0,0,90.0,128.0,153.0,121.0,140.76666666666668
2023-10-10,MBP16,110,2023,10,10,1,283,0,0,0,111.0,122.0,181.0,118.57142857142857,139.03333333333333
2023-10-11,MBP16,119,2023,10,11,2,284,0,0,0,110.0,129.0,175.0,116.85714285714286,137.6
2023-10-12,MBP16,118,2023,10,12,3,285,0,0,0,119.0,116.0,131.0,115.42857142857143,137.83333333333334
2023-10-13,MBP16,135,2023,10,13,4,286,0,0,0,118.0,123.0,160.0,115.71428571428571,136.66666666666666
2023-10-14,MBP16,110,2023,10,14,5,287,1,0,0,135.0,139.0,115.0,117.42857142857143,135.83333333333334
2023-10-15,MBP16,102,2023,10,15,6,288,1,0,0,110.0,90.0,98.0,113.28571428571429,133.7
2023-10-16,MBP16,124,2023,10,16,0,289,0,0,0,102.0,111.0,128.0,115.0,131.53333333333333
2023-10-17,MBP16,120,2023,10,17,1,290,0,0,0,124.0,110.0,122.0,116.85714285714286,131.36666666666667
2023-10-18,MBP16,122,2023,10,18,2,291,0,0,0,120.0,119.0,129.0,118.28571428571429,130.96666666666667
2023-10-19,MBP16,147,2023,10,19,3,292,0,0,0,122.0,118.0,116.0,118.71428571428571,129.66666666666666
2023-10-20,MBP16,103,2023,10,20,4,293,0,0,0,147.0,135.0,123.0,122.85714285714286,129.96666666666667
2023-10-21,MBP16,96,2023,10,21,5,294,1,0,0,103.0,110.0,139.0,118.28571428571429,127.96666666666667
2023-10-22,MBP16,86,2023,10,22,6,295,1,0,0,96.0,102.0,90.0,116.28571428571429,126.36666666666666
2023-10-23,MBP16,130,2023,10,23,0,296,0,0,0,86.0,124.0,111.0,114.0,123.36666666666666
2023-10-24,MBP16,121,2023,10,24,1,297,0,0,0,130.0,120.0,110.0,114.85714285714286,123.93333333333334
2023-10-25,MBP16,115,2023,10,25,2,298,0,0,0,121.0,122.0,119.0,115.0,123.8
2023-10-26,MBP16,118,2023,10,26,3,299,0,0,0,115.0,147.0,118.0,114.0,122.53333333333333
2023-10-27,MBP16,130,2023,10,27,4,300,0,0,0,118.0,103.0,135.0,109.85714285714286,120.43333333333334
2023-10-28,MBP16,128,2023,10,28,5,301,1,0,0,130.0,96.0,110.0,113.71428571428571,118.93333333333334
2023-10-29,MBP16,94,2023,10,29,6,302,1,0,0,128.0,86.0,102.0,118.28571428571429,118.83333333333333
2023-10-30,MBP16,128,2023,10,30,0,303,0,0,0,94.0,130.0,124.0,119.42857142857143,116.63333333333334
2023-10-31,MBP16,117,2023,10,31,1,304,0,0,0,128.0,121.0,120.0,119.14285714285714,117.06666666666666
2023-11-01,MBP16,195,2023,11,1,2,305,0,0,1,117.0,115.0,122.0,118.57142857142857,117.7
2023-11-02,MBP16,195,2023,11,2,3,306,0,0,1,195.0,118.0,147.0,130.0,119.93333333333334
2023-11-03,MBP16,224,2023,11,3,4,307,0,0,1,195.0,130.0,103.0,141.0,122.36666666666666
2023-11-04,MBP16,166,2023,11,4,5,308,1,0,1,224.0,128.0,96.0,154.42857142857142,125.53333333333333
2023-11-05,MBP16,139,2023,11,5,6,309,1,0,1,166.0,94.0,86.0,159.85714285714286,127.2
2023-11-06,MBP16,187,2023,11,6,0,310,0,0,1,139.0,128.0,130.0,166.28571428571428,127.73333333333333
2023-11-07,MBP16,186,2023,11,7,1,311,0,0,1,187.0,117.0,121.0,174.71428571428572,129.33333333333334
2023-11-08,MBP16,134,2023,11,8,2,312,0,0,1,186.0,195.0,115.0,184.57142857142858,132.53333333333333
2023-11-09,MBP16,164,2023,11,9,3,313,0,0,1,134.0,195.0,118.0,175.85714285714286,133.3
2023-11-10,MBP16,174,2023,11,10,4,314,0,0,1,164.0,224.0,130.0,171.42857142857142,135.1
2023-11-11,MBP16,134,2023,11,11,5,315,1,0,1,174.0,166.0,128.0,164.28571428571428,136.93333333333334
2023-11-12,MBP16,130,2023,11,12,6,316,1,0,1,134.0,139.0,94.0,159.71428571428572,137.46666666666667
2023-11-13,MBP16,187,2023,11,13,0,317,0,0,1,130.0,187.0,128.0,158.42857142857142,137.3
2023-11-14,MBP16,166,2023,11,14,1,318,0,0,1,187.0,186.0,117.0,158.42857142857142,139.86666666666667
2023-11-15,MBP16,177,2023,11,15,2,319,0,0,1,166.0,134.0,195.0,155.57142857142858,142.0
2023-11-16,MBP16,186,2023,11,16,3,320,0,0,1,177.0,164.0,195.0,161.71428571428572,143.76666666666668
2023-11-17,MBP16,266,2023,11,17,4,321,0,0,1,186.0,174.0,224.0,164.85714285714286,145.96666666666667
2023-11-18,MBP16,130,2023,11,18,5,322,1,0,1,266.0,134.0,166.0,178.0,150.76666666666668
2023-11-19,MBP16,134,2023,11,19,6,323,1,0,1,130.0,130.0,139.0,177.42857142857142,150.2
2023-11-20,MBP16,200,2023,11,20,0,324,0,0,1,134.0,187.0,187.0,178.0,151.23333333333332
2023-11-21,MBP16,176,2023,11,21,1,325,0,0,1,200.0,166.0,186.0,179.85714285714286,154.7
2023-11-22,MBP16,156,2023,11,22,2,326,0,0,1,176.0,177.0,134.0,181.28571428571428,157.7
2023-11-23,MBP16,211,2023,11,23,3,327,0,0,1,156.0,186.0,164.0,178.28571428571428,158.56666666666666
2023-11-24,MBP16,181,2023,11,24,4,328,0,0,1,211.0,266.0,174.0,181.85714285714286,161.56666666666666
2023-11-25,MBP16,138,2023,11,25,5,329,1,0,1,181.0,130.0,134.0,169.71428571428572,163.76666666666668
2023-11-26,MBP16,146,2023,11,26,6,330,1,0,1,138.0,134.0,130.0,170.85714285714286,164.43333333333334
2023-11-27,MBP16,182,2023,11,27,0,331,0,0,1,146.0,200.0,187.0,172.57142857142858,164.96666666666667
2023-11-28,MBP16,154,2023,11,28,1,332,0,0,1,182.0,176.0,166.0,170.0,166.76666666666668
2023-11-29,MBP16,166,2023,11,29,2,333,0,0,1,154.0,156.0,177.0,166.85714285714286,168.76666666666668
2023-11-30,MBP16,204,2023,11,30,3,334,0,0,1,166.0,211.0,186.0,168.28571428571428,170.03333333333333
2023-12-01,MBP16,191,2023,12,1,4,335,0,0,1,204.0,181.0,266.0,167.28571428571428,172.93333333333334
2023-12-02,MBP16,143,2023,12,2,5,336,1,0,1,191.0,138.0,130.0,168.71428571428572,172.8
2023-12-03,MBP16,144,2023,12,3,6,337,1,0,1,143.0,146.0,134.0,169.42857142857142,171.06666666666666
2023-12-04,MBP16,172,2023,12,4,0,338,0,0,1,144.0,182.0,200.0,169.14285714285714,168.4
2023-12-05,MBP16,150,2023,12,5,1,339,0,0,1,172.0,154.0,176.0,167.71428571428572,168.6
2023-12-06,MBP16,165,2023,12,6,2,340,0,0,1,150.0,166.0,156.0,167.14285714285714,168.96666666666667
2023-12-07,MBP16,178,2023,12,7,3,341,0,0,1,165.0,204.0,211.0,167.0,168.23333333333332
2023-12-08,MBP16,167,2023,12,8,4,342,0,0,1,178.0,191.0,181.0,163.28571428571428,167.96666666666667
2023-12-09,MBP16,126,2023,12,9,5,343,1,0,1,167.0,143.0,138.0,159.85714285714286,169.06666666666666
2023-12-10,MBP16,128,2023,12,10,6,344,1,0,1,126.0,144.0,146.0,157.42857142857142,167.8
2023-12-11,MBP16,191,2023,12,11,0,345,0,0,1,128.0,172.0,182.0,155.14285714285714,166.26666666666668
2023-12-12,MBP16,166,2023,12,12,1,346,0,0,1,191.0,150.0,154.0,157.85714285714286,168.16666666666666
2023-12-13,MBP16,188,2023,12,13,2,347,0,0,1,166.0,165.0,166.0,160.14285714285714,169.36666666666667
2023-12-14,MBP16,177,2023,12,14,3,348,0,0,1,188.0,178.0,204.0,163.42857142857142,169.4
2023-12-15,MBP16,169,2023,12,15,4,349,0,0,1,177.0,167.0,191.0,163.28571428571428,169.76666666666668
2023-12-16,MBP16,130,2023,12,16,5,350,1,0,1,169.0,126.0,143.0,163.57142857142858,169.5
2023-12-17,MBP16,148,2023,12,17,6,351,1,0,1,130.0,128.0,144.0,164.14285714285714,167.63333333333333
2023-12-18,MBP16,186,2023,12,18,0,352,0,0,1,148.0,191.0,172.0,167.0,163.7
2023-12-19,MBP16,183,2023,12,19,1,353,0,0,1,186.0,166.0,150.0,166.28571428571428,165.56666666666666
2023-12-20,MBP16,156,2023,12,20,2,354,0,0,1,183.0,188.0,165.0,168.71428571428572,167.2
2023-12-21,MBP16,65,2023,12,21,3,355,0,0,1,156.0,177.0,178.0,164.14285714285714,165.73333333333332
2023-12-22,MBP16,199,2023,12,22,4,356,0,0,1,65.0,169.0,167.0,148.14285714285714,162.03333333333333
2023-12-23,MBP16,134,2023,12,23,5,357,1,0,1,199.0,130.0,126.0,152.42857142857142,163.46666666666667
2023-12-24,MBP16,145,2023,12,24,6,358,1,0,1,134.0,148.0,128.0,153.0,160.9
2023-12-25,MBP16,184,2023,12,25,0,359,0,0,1,145.0,186.0,191.0,152.57142857142858,159.7
2023-12-26,MBP16,184,2023,12,26,1,360,0,0,1,184.0,183.0,166.0,152.28571428571428,161.23333333333332
2023-12-27,MBP16,168,2023,12,27,2,361,0,0,1,184.0,156.0,188.0,152.42857142857142,162.5
2023-12-28,MBP16,180,2023,12,28,3,362,0,0,1,168.0,65.0,177.0,154.14285714285714,162.03333333333333
2023-12-29,MBP16,179,2023,12,29,4,363,0,0,1,180.0,199.0,169.0,170.57142857142858,162.9
2023-12-30,MBP16,142,2023,12,30,5,364,1,0,1,179.0,134.0,130.0,167.71428571428572,163.33333333333334
2023-12-31,MBP16,166,2023,12,31,6,365,1,0,1,142.0,145.0,148.0,168.85714285714286,161.26666666666668
2024-01-01,MBP16,114,2024,1,1,0,1,0,0,0,166.0,184.0,186.0,171.85714285714286,160.43333333333334
2024-01-02,MBP16,111,2024,1,2,1,2,0,0,0,114.0,184.0,183.0,161.85714285714286,159.46666666666667
2024-01-03,MBP16,130,2024,1,3,2,3,0,0,0,111.0,168.0,156.0,151.42857142857142,158.36666666666667
2024-01-04,MBP16,130,2024,1,4,3,4,0,0,0,130.0,180.0,65.0,146.0,156.96666666666667
2024-01-05,MBP16,133,2024,1,5,4,5,0,0,0,130.0,179.0,199.0,138.85714285714286,156.3
2024-01-06,MBP16,85,2024,1,6,5,6,1,0,0,133.0,142.0,134.0,132.28571428571428,155.23333333333332
2024-01-07,MBP16,108,2024,1,7,6,7,1,0,0,85.0,166.0,145.0,124.14285714285714,152.13333333333333
2024-01-08,MBP16,100,2024,1,8,0,8,0,0,0,108.0,114.0,184.0,115.85714285714286,150.16666666666666
2024-01-09,MBP16,119,2024,1,9,1,9,0,0,0,100.0,111.0,184.0,113.85714285714286,149.3
2024-01-10,MBP16,100,2024,1,10,2,10,0,0,0,119.0,130.0,168.0,115.0,149.0
2024-01-11,MBP16,146,2024,1,11,3,11,0,0,0,100.0,130.0,180.0,110.71428571428571,145.96666666666667
2024-01-12,MBP16,141,2024,1,12,4,12,0,0,0,146.0,133.0,179.0,113.0,145.3
2024-01-13,MBP16,93,2024,1,13,5,13,1,0,0,141.0,85.0,142.0,114.14285714285714,143.73333333333332
2024-01-14,MBP16,99,2024,1,14,6,14,1,0,0,93.0,108.0,166.0,115.28571428571429,140.93333333333334
2024-01-15,MBP16,99,2024,1,15,0,15,0,0,0,99.0,100.0,114.0,114.0,138.6
2024-01-16,MBP16,130,2024,1,16,1,16,0,0,0,99.0,119.0,111.0,113.85714285714286,137.56666666666666
2024-01-17,MBP16,125,2024,1,17,2,17,0,0,0,130.0,100.0,130.0,115.42857142857143,136.96666666666667
2024-01-18,MBP16,102,2024,1,18,3,18,0,0,0,125.0,146.0,130.0,119.0,134.93333333333334
2024-01-19,MBP16,129,2024,1,19,4,19,0,0,0,102.0,141.0,133.0,112.71428571428571,132.23333333333332
2024-01-20,MBP16,87,2024,1,20,5,20,1,0,0,129.0,93.0,85.0,111.0,131.33333333333334
2024-01-21,MBP16,89,2024,1,21,6,21,1,0,0,87.0,99.0,108.0,110.14285714285714,132.06666666666666
2024-01-22,MBP16,122,2024,1,22,0,22,0,0,0,89.0,99.0,100.0,108.71428571428571,128.4
2024-01-23,MBP16,146,2024,1,23,1,23,0,0,0,122.0,130.0,119.0,112.0,128.0
2024-01-24,MBP16,159,2024,1,24,2,24,0,0,0,146.0,125.0,100.0,114.28571428571429,128.03333333333333
2024-01-25,MBP16,99,2024,1,25,3,25,0,0,0,159.0,102.0,146.0,119.14285714285714,127.2
2024-01-26,MBP16,142,2024,1,26,4,26,0,0,0,99.0,129.0,141.0,118.71428571428571,124.36666666666666
2024-01-27,MBP16,109,2024,1,27,5,27,1,0,0,142.0,87.0,93.0,120.57142857142857,123.5
2024-01-28,MBP16,93,2024,1,28,6,28,1,0,0,109.0,89.0,99.0,123.71428571428571,121.13333333333334
2024-01-29,MBP16,116,2024,1,29,0,29,0,0,0,93.0,122.0,99.0,124.28571428571429,118.26666666666667
2024-01-30,MBP16,129,2024,1,30,1,30,0,0,0,116.0,146.0,130.0,123.42857142857143,117.4
2024-01-31,MBP16,108,2024,1,31,2,31,0,0,0,129.0,159.0,125.0,121.0,116.16666666666667
2024-02-01,MBP16,109,2024,2,1,3,32,0,0,0,108.0,99.0,102.0,113.71428571428571,115.96666666666667
2024-02-02,MBP16,114,2024,2,2,4,33,0,0,0,109.0,142.0,129.0,115.14285714285714,115.9
2024-02-03,MBP16,129,2024,2,3,5,34,1,0,0,114.0,109.0,87.0,111.14285714285714,115.36666666666666
2024-02-04,MBP16,86,2024,2,4,6,35,1,0,0,129.0,93.0,89.0,114.0,115.33333333333333
2024-02-05,MBP16,138,2024,2,5,0,36,0,0,0,86.0,116.0,122.0,113.0,113.76666666666667
2024-02-06,MBP16,109,2024,2,6,1,37,0,0,0,138.0,129.0,146.0,116.14285714285714,115.53333333333333
2024-02-07,MBP16,127,2024,2,7,2,38,0,0,0,109.0,108.0,159.0,113.28571428571429,115.56666666666666
2024-02-08,MBP16,113,2024,2,8,3,39,0,0,0,127.0,109.0,99.0,116.0,116.46666666666667
2024-02-09,MBP16,104,2024,2,9,4,40,0,0,0,113.0,114.0,142.0,116.57142857142857,116.26666666666667
2024-02-10,MBP16,177,2024,2,10,5,41,1,0,0,104.0,129.0,109.0,115.14285714285714,116.4
2024-02-11,MBP16,84,2024,2,11,6,42,1,0,0,177.0,86.0,93.0,122.0,117.43333333333334
2024-02-12,MBP16,93,2024,2,12,0,43,0,0,0,84.0,138.0,116.0,121.71428571428571,115.53333333333333
2024-02-13,MBP16,125,2024,2,13,1,44,0,0,0,93.0,109.0,129.0,115.28571428571429,115.53333333333333
2024-02-14,MBP16,119,2024,2,14,2,45,0,0,0,125.0,127.0,108.0,117.57142857142857,116.4
2024-02-15,MBP16,126,2024,2,15,3,46,0,0,0,119.0,113.0,109.0,116.42857142857143,117.06666666666666
2024-02-16,MBP16,115,2024,2,16,4,47,0,0,0,126.0,104.0,114.0,118.28571428571429,116.93333333333334
2024-02-17,MBP16,95,2024,2,17,5,48,1,0,0,115.0,177.0,129.0,119.85714285714286,116.6
2024-02-18,MBP16,115,2024,2,18,6,49,1,0,0,95.0,84.0,86.0,108.14285714285714,116.36666666666666
2024-02-19,MBP16,129,2024,2,19,0,50,0,0,0,115.0,93.0,138.0,112.57142857142857,115.9
2024-02-20,MBP16,119,2024,2,20,1,51,0,0,0,129.0,125.0,109.0,117.71428571428571,117.3
2024-02-21,MBP16,158,2024,2,21,2,52,0,0,0,119.0,119.0,127.0,116.85714285714286,118.3
2024-02-22,MBP16,129,2024,2,22,3,53,0,0,0,158.0,126.0,113.0,122.42857142857143,119.5
2024-02-23,MBP16,108,2024,2,23,4,54,0,0,0,129.0,115.0,104.0,122.85714285714286,118.93333333333334
2024-02-24,MBP16,106,2024,2,24,5,55,1,0,0,108.0,95.0,177.0,121.85714285714286,117.23333333333333
2024-02-25,MBP16,98,2024,2,25,6,56,1,0,0,106.0,115.0,84.0,123.42857142857143,117.46666666666667
2024-02-26,MBP16,128,2024,2,26,0,57,0,0,0,98.0,129.0,93.0,121.0,116.0
2024-02-27,MBP16,144,2024,2,27,1,58,0,0,0,128.0,119.0,125.0,120.85714285714286,116.63333333333334
2024-02-28,MBP16,111,2024,2,28,2,59,0,0,0,144.0,158.0,119.0,124.42857142857143,118.33333333333333
2024-02-29,MBP16,121,2024,2,29,3,60,0,0,0,111.0,129.0,126.0,117.71428571428571,118.16666666666667
2024-03-01,MBP16,125,2024,3,1,4,61,0,0,0,121.0,108.0,115.0,116.57142857142857,117.9
2024-03-02,MBP16,83,2024,3,2,5,62,1,0,0,125.0,106.0,95.0,119.0,118.46666666666667
2024-03-03,MBP16,111,2024,3,3,6,63,1,0,0,83.0,98.0,115.0,115.71428571428571,117.6
2024-03-04,MBP16,142,2024,3,4,0,64,0,0,0,111.0,128.0,129.0,117.57142857142857,117.5
2024-03-05,MBP16,126,2024,3,5,1,65,0,0,0,142.0,144.0,119.0,119.57142857142857,117.93333333333334
2024-03-06,MBP16,146,2024,3,6,2,66,0,0,0,126.0,111.0,158.0,117.0,119.26666666666667
2024-03-07,MBP16,130,2024,3,7,3,67,0,0,0,146.0,121.0,129.0,122.0,119.53333333333333
2024-03-08,MBP16,124,2024,3,8,4,68,0,0,0,130.0,125.0,108.0,123.28571428571429,120.23333333333333
2024-03-09,MBP16,112,2024,3,9,5,69,1,0,0,124.0,83.0,106.0,123.14285714285714,120.13333333333334
2024-03-10,MBP16,57,2024,3,10,6,70,1,0,0,112.0,111.0,98.0,127.28571428571429,120.1
2024-03-11,MBP16,136,2024,3,11,0,71,0,0,0,57.0,142.0,128.0,119.57142857142857,118.53333333333333
2024-03-12,MBP16,117,2024,3,12,1,72,0,0,0,136.0,126.0,144.0,118.71428571428571,117.16666666666667
2024-03-13,MBP16,206,2024,3,13,2,73,0,0,0,117.0,146.0,111.0,117.42857142857143,118.26666666666667
2024-03-14,MBP16,131,2024,3,14,3,74,0,0,0,206.0,130.0,121.0,126.0,122.03333333333333
2024-03-15,MBP16,105,2024,3,15,4,75,0,0,0,131.0,124.0,125.0,126.14285714285714,122.23333333333333
2024-03-16,MBP16,82,2024,3,16,5,76,1,0,0,105.0,112.0,83.0,123.42857142857143,121.76666666666667
2024-03-17,MBP16,99,2024,3,17,6,77,1,0,0,82.0,57.0,111.0,119.14285714285714,120.3
2024-03-18,MBP16,116,2024,3,18,0,78,0,0,0,99.0,136.0,142.0,125.14285714285714,119.76666666666667
2024-03-19,MBP16,141,2024,3,19,1,79,0,0,0,116.0,117.0,126.0,122.28571428571429,120.46666666666667
2024-03-20,MBP16,140,2024,3,20,2,80,0,0,0,141.0,206.0,146.0,125.71428571428571,121.33333333333333
2024-03-21,MBP16,148,2024,3,21,3,81,0,0,0,140.0,131.0,130.0,116.28571428571429,121.7
2024-03-22,MBP16,123,2024,3,22,4,82,0,0,0,148.0,105.0,124.0,118.71428571428571,122.66666666666667
2024-03-23,MBP16,102,2024,3,23,5,83,1,0,0,123.0,82.0,112.0,121.28571428571429,121.5
2024-03-24,MBP16,93,2024,3,24,6,84,1,0,0,102.0,99.0,57.0,124.14285714285714,120.6
2024-03-25,MBP16,138,2024,3,25,0,85,0,0,0,93.0,116.0,136.0,123.28571428571429,120.1
2024-03-26,MBP16,102,2024,3,26,1,86,0,0,0,138.0,141.0,117.0,126.42857142857143,121.16666666666667
2024-03-27,MBP16,118,2024,3,27,2,87,0,0,0,102.0,140.0,206.0,120.85714285714286,121.3
2024-03-28,MBP16,138,2024,3,28,3,88,0,0,0,118.0,148.0,131.0,117.71428571428571,120.96666666666667
2024-03-29,MBP16,121,2024,3,29,4,89,0,0,0,138.0,123.0,105.0,116.28571428571429,120.76666666666667
2024-03-30,MBP16,92,2024,3,30,5,90,1,0,0,121.0,102.0,82.0,116.0,121.1
2024-03-31,MBP16,90,2024,3,31,6,91,1,0,0,92.0,93.0,99.0,114.57142857142857,120.13333333333334
2024-04-01,MBP16,111,2024,4,1,0,92,0,0,0,90.0,138.0,116.0,114.14285714285714,118.96666666666667
2024-04-02,MBP16,116,2024,4,2,1,93,0,0,0,111.0,102.0,141.0,110.28571428571429,119.9
2024-04-03,MBP16,129,2024,4,3,2,94,0,0,0,116.0,118.0,140.0,112.28571428571429,120.06666666666666
2024-04-04,MBP16,123,2024,4,4,3,95,0,0,0,129.0,138.0,148.0,113.85714285714286,119.63333333333334
2024-04-05,MBP16,142,2024,4,5,4,96,0,0,0,123.0,121.0,123.0,111.71428571428571,119.53333333333333
2024-04-06,MBP16,79,2024,4,6,5,97,1,0,0,142.0,92.0,102.0,114.71428571428571,119.4
2024-04-07,MBP16,91,2024,4,7,6,98,1,0,0,79.0,90.0,93.0,112.85714285714286,117.7
2024-04-08,MBP16,106,2024,4,8,0,99,0,0,0,91.0,111.0,138.0,113.0,116.6
2024-04-09,MBP16,173,2024,4,9,1,100,0,0,0,106.0,116.0,102.0,112.28571428571429,116.4
2024-04-10,MBP16,138,2024,4,10,2,101,0,0,0,173.0,129.0,118.0,120.42857142857143,120.26666666666667
2024-04-11,MBP16,131,2024,4,11,3,102,0,0,0,138.0,123.0,138.0,121.71428571428571,120.33333333333333
2024-04-12,MBP16,131,2024,4,12,4,103,0,0,0,131.0,142.0,121.0,122.85714285714286,120.8
2024-04-13,MBP16,88,2024,4,13,5,104,1,0,0,131.0,79.0,92.0,121.28571428571429,118.3
2024-04-14,MBP16,104,2024,4,14,6,105,1,0,0,88.0,91.0,90.0,122.57142857142857,116.86666666666666
2024-04-15,MBP16,125,2024,4,15,0,106,0,0,0,104.0,106.0,111.0,124.42857142857143,116.83333333333333
2024-04-16,MBP16,112,2024,4,16,1,107,0,0,0,125.0,173.0,116.0,127.14285714285714,118.26666666666667
2024-04-17,MBP16,121,2024,4,17,2,108,0,0,0,112.0,138.0,129.0,118.42857142857143,118.7
2024-04-18,MBP16,102,2024,4,18,3,109,0,0,0,121.0,131.0,123.0,116.0,118.86666666666666
2024-04-19,MBP16,109,2024,4,19,4,110,0,0,0,102.0,131.0,142.0,111.85714285714286,117.56666666666666
2024-04-20,MBP16,97,2024,4,20,5,111,1,0,0,109.0,88.0,79.0,108.71428571428571,116.53333333333333
2024-04-21,MBP16,92,2024,4,21,6,112,1,0,0,97.0,104.0,91.0,110.0,114.83333333333333
2024-04-22,MBP16,126,2024,4,22,0,113,0,0,0,92.0,125.0,106.0,108.28571428571429,113.8
2024-04-23,MBP16,113,2024,4,23,1,114,0,0,0,126.0,112.0,173.0,108.42857142857143,114.6
2024-04-24,MBP16,117,2024,4,24,2,115,0,0,0,113.0,121.0,138.0,108.57142857142857,115.26666666666667
2024-04-25,MBP16,122,2024,4,25,3,116,0,0,0,117.0,102.0,131.0,108.0,114.56666666666666
2024-04-26,MBP16,112,2024,4,26,4,117,0,0,0,122.0,109.0,131.0,110.85714285714286,115.23333333333333
2024-04-27,MBP16,94,2024,4,27,5,118,1,0,0,112.0,97.0,88.0,111.28571428571429,115.03333333333333
2024-04-28,MBP16,101,2024,4,28,6,119,1,0,0,94.0,92.0,104.0,110.85714285714286,113.56666666666666
2024-04-29,MBP16,142,2024,4,29,0,120,0,0,0,101.0,126.0,125.0,112.14285714285714,112.9
2024-04-30,MBP16,112,2024,4,30,1,121,0,0,0,142.0,113.0,112.0,114.42857142857143,114.56666666666666
2024-05-01,MBP16,116,2024,5,1,2,122,0,0,0,112.0,117.0,121.0,114.28571428571429,115.3
2024-05-02,MBP16,158,2024,5,2,3,123,0,0,0,116.0,122.0,102.0,114.14285714285714,115.46666666666667
2024-05-03,MBP16,134,2024,5,3,4,124,0,0,0,158.0,112.0,109.0,119.28571428571429,116.86666666666666
2024-05-04,MBP16,114,2024,5,4,5,125,1,0,0,134.0,94.0,97.0,122.42857142857143,117.03333333333333
2024-05-05,MBP16,106,2024,5,5,6,126,1,0,0,114.0,101.0,92.0,125.28571428571429,116.73333333333333
2024-05-06,MBP16,187,2024,5,6,0,127,0,0,0,106.0,142.0,126.0,126.0,115.53333333333333
2024-05-07,MBP16,111,2024,5,7,1,128,0,0,0,187.0,112.0,113.0,132.42857142857142,119.13333333333334
2024-05-08,MBP16,119,2024,5,8,2,129,0,0,0,111.0,116.0,117.0,132.28571428571428,119.8
2024-05-09,MBP16,142,2024,5,9,3,130,0,0,0,119.0,158.0,122.0,132.71428571428572,120.23333333333333
2024-05-10,MBP16,118,2024,5,10,4,131,0,0,0,142.0,134.0,112.0,130.42857142857142,119.2
2024-05-11,MBP16,84,2024,5,11,5,132,1,0,0,118.0,114.0,94.0,128.14285714285714,118.53333333333333
2024-05-12,MBP16,99,2024,5,12,6,133,1,0,0,84.0,106.0,101.0,123.85714285714286,116.96666666666667
2024-05-13,MBP16,112,2024,5,13,0,134,0,0,0,99.0,187.0,142.0,122.85714285714286,115.9
2024-05-14,MBP16,125,2024,5,14,1,135,0,0,0,112.0,111.0,112.0,112.14285714285714,116.7
2024-05-15,MBP16,140,2024,5,15,2,136,0,0,0,125.0,119.0,116.0,114.14285714285714,117.4
2024-05-16,MBP16,111,2024,5,16,3,137,0,0,0,140.0,142.0,158.0,117.14285714285714,117.9
2024-05-17,MBP16,102,2024,5,17,4,138,0,0,0,111.0,118.0,134.0,112.71428571428571,117.86666666666666
2024-05-18,MBP16,72,2024,5,18,5,139,1,0,0,102.0,84.0,114.0,110.42857142857143,117.23333333333333
2024-05-19,MBP16,84,2024,5,19,6,140,1,0,0,72.0,99.0,106.0,108.71428571428571,116.23333333333333
2024-05-20,MBP16,102,2024,5,20,0,141,0,0,0,84.0,112.0,187.0,106.57142857142857,115.4
2024-05-21,MBP16,126,2024,5,21,1,142,0,0,0,102.0,125.0,111.0,105.14285714285714,115.56666666666666
2024-05-22,MBP16,130,2024,5,22,2,143,0,0,0,126.0,140.0,119.0,105.28571428571429,116.7
2024-05-23,MBP16,131,2024,5,23,3,144,0,0,0,130.0,111.0,142.0,103.85714285714286,116.83333333333333
2024-05-24,MBP16,115,2024,5,24,4,145,0,0,0,131.0,102.0,118.0,106.71428571428571,117.43333333333334
2024-05-25,MBP16,163,2024,5,25,5,146,1,0,0,115.0,72.0,84.0,108.57142857142857,117.36666666666666
2024-05-26,MBP16,109,2024,5,26,6,147,1,0,0,163.0,84.0,99.0,121.57142857142857,118.73333333333333
2024-05-27,MBP16,96,2024,5,27,0,148,0,0,0,109.0,102.0,112.0,125.14285714285714,118.63333333333334
2024-05-28,MBP16,111,2024,5,28,1,149,0,0,0,96.0,126.0,125.0,124.28571428571429,118.7
2024-05-29,MBP16,113,2024,5,29,2,150,0,0,0,111.0,130.0,140.0,122.14285714285714,119.03333333333333
2024-05-30,MBP16,113,2024,5,30,3,151,0,0,0,113.0,131.0,111.0,119.71428571428571,118.06666666666666
2024-05-31,MBP16,111,2024,5,31,4,152,0,0,0,113.0,115.0,102.0,117.14285714285714,118.1
2024-06-01,MBP16,96,2024,6,1,5,153,1,0,0,111.0,163.0,72.0,116.57142857142857,117.93333333333334
2024-06-02,MBP16,119,2024,6,2,6,154,1,0,0,96.0,109.0,84.0,107.0,115.86666666666666
2024-06-03,MBP16,116,2024,6,3,0,155,0,0,0,119.0,96.0,102.0,108.42857142857143,115.36666666666666
2024-06-04,MBP16,130,2024,6,4,1,156,0,0,0,116.0,111.0,126.0,111.28571428571429,115.43333333333334
2024-06-05,MBP16,128,2024,6,5,2,157,0,0,0,130.0,113.0,130.0,114.0,116.23333333333333
2024-06-06,MBP16,115,2024,6,6,3,158,0,0,0,128.0,113.0,131.0,116.14285714285714,114.26666666666667
2024-06-07,MBP16,131,2024,6,7,4,159,0,0,0,115.0,111.0,115.0,116.42857142857143,114.4
2024-06-08,MBP16,165,2024,6,8,5,160,1,0,0,131.0,96.0,163.0,119.28571428571429,114.8
2024-06-09,MBP16,84,2024,6,9,6,161,1,0,0,165.0,119.0,109.0,129.14285714285714,115.56666666666666
2024-06-10,MBP16,134,2024,6,10,0,162,0,0,0,84.0,116.0,96.0,124.14285714285714,114.43333333333334
2024-06-11,MBP16,120,2024,6,11,1,163,0,0,0,134.0,130.0,111.0,126.71428571428571,116.1
2024-06-12,MBP16,130,2024,6,12,2,164,0,0,0,120.0,128.0,113.0,125.28571428571429,116.8
2024-06-13,MBP16,113,2024,6,13,3,165,0,0,0,130.0,115.0,113.0,125.57142857142857,117.4
2024-06-14,MBP16,132,2024,6,14,4,166,0,0,0,113.0,131.0,111.0,125.28571428571429,117.0
2024-06-15,MBP16,109,2024,6,15,5,167,1,0,0,132.0,165.0,96.0,125.42857142857143,116.73333333333333
2024-06-16,MBP16,59,2024,6,16,6,168,1,0,0,109.0,84.0,119.0,117.42857142857143,116.66666666666667
2024-06-17,MBP16,119,2024,6,17,0,169,0,0,0,59.0,134.0,116.0,113.85714285714286,115.23333333333333
2024-06-18,MBP16,127,2024,6,18,1,170,0,0,0,119.0,120.0,130.0,111.71428571428571,116.8
2024-06-19,MBP16,113,2024,6,19,2,171,0,0,0,127.0,130.0,128.0,112.71428571428571,118.23333333333333
2024-06-20,MBP16,138,2024,6,20,3,172,0,0,0,113.0,113.0,115.0,110.28571428571429,118.6
2024-06-21,MBP16,120,2024,6,21,4,173,0,0,0,138.0,132.0,131.0,113.85714285714286,119.0
2024-06-22,MBP16,50,2024,6,22,5,174,1,0,0,120.0,109.0,165.0,112.14285714285714,118.66666666666667
2024-06-23,MBP16,79,2024,6,23,6,175,1,0,0,50.0,59.0,84.0,103.71428571428571,115.96666666666667
2024-06-24,MBP16,140,2024,6,24,0,176,0,0,0,79.0,119.0,134.0,106.57142857142857,114.76666666666667
2024-06-25,MBP16,123,2024,6,25,1,177,0,0,0,140.0,127.0,120.0,109.57142857142857,114.0
2024-06-26,MBP16,132,2024,6,26,2,178,0,0,0,123.0,113.0,130.0,109.0,114.46666666666667
2024-06-27,MBP16,169,2024,6,27,3,179,0,0,0,132.0,138.0,113.0,111.71428571428571,115.66666666666667
2024-06-28,MBP16,103,2024,6,28,4,180,0,0,0,169.0,120.0,132.0,116.14285714285714,117.6
2024-06-29,MBP16,135,2024,6,29,5,181,1,0,0,103.0,50.0,109.0,113.71428571428571,117.26666666666667
2024-06-30,MBP16,106,2024,6,30,6,182,1,0,0,135.0,79.0,59.0,125.85714285714286,118.0
2024-07-01,MBP16,132,2024,7,1,0,183,0,0,0,106.0,140.0,119.0,129.71428571428572,117.83333333333333
2024-07-02,MBP16,121,2024,7,2,1,184,0,0,0,132.0,123.0,127.0,128.57142857142858,119.03333333333333
2024-07-03,MBP16,128,2024,7,3,2,185,0,0,0,121.0,132.0,113.0,128.28571428571428,119.1
2024-07-04,MBP16,112,2024,7,4,3,186,0,0,0,128.0,169.0,138.0,127.71428571428571,119.5
2024-07-05,MBP16,61,2024,7,5,4,187,0,0,0,112.0,103.0,120.0,119.57142857142857,118.9
2024-07-06,MBP16,117,2024,7,6,5,188,1,0,0,61.0,135.0,50.0,113.57142857142857,116.66666666666667
2024-07-07,MBP16,92,2024,7,7,6,189,1,0,0,117.0,106.0,79.0,111.0,116.73333333333333
2024-07-08,MBP16,132,2024,7,8,0,190,0,0,0,92.0,132.0,140.0,109.0,115.43333333333334
2024-07-09,MBP16,133,2024,7,9,1,191,0,0,0,132.0,121.0,123.0,109.0,114.33333333333333
2024-07-10,MBP16,144,2024,7,10,2,192,0,0,0,133.0,128.0,132.0,110.71428571428571,115.96666666666667
2024-07-11,MBP16,140,2024,7,11,3,193,0,0,0,144.0,112.0,169.0,113.0,116.3
2024-07-12,MBP16,104,2024,7,12,4,194,0,0,0,140.0,61.0,103.0,117.0,116.96666666666667
2024-07-13,MBP16,99,2024,7,13,5,195,1,0,0,104.0,117.0,135.0,123.14285714285714,116.1
2024-07-14,MBP16,80,2024,7,14,6,196,1,0,0,99.0,92.0,106.0,120.57142857142857,115.63333333333334
2024-07-15,MBP16,143,2024,7,15,0,197,0,0,0,80.0,132.0,132.0,118.85714285714286,113.9
2024-07-16,MBP16,125,2024,7,16,1,198,0,0,0,143.0,133.0,121.0,120.42857142857143,115.03333333333333
2024-07-17,MBP16,133,2024,7,17,2,199,0,0,0,125.0,144.0,128.0,119.28571428571429,117.23333333333333
2024-07-18,MBP16,110,2024,7,18,3,200,0,0,0,133.0,140.0,112.0,117.71428571428571,117.7
2024-07-19,MBP16,114,2024,7,19,4,201,0,0,0,110.0,104.0,61.0,113.42857142857143,117.13333333333334
2024-07-20,MBP16,104,2024,7,20,5,202,1,0,0,114.0,99.0,117.0,114.85714285714286,117.16666666666667
2024-07-21,MBP16,115,2024,7,21,6,203,1,0,0,104.0,80.0,92.0,115.57142857142857,116.03333333333333
2024-07-22,MBP16,99,2024,7,22,0,204,0,0,0,115.0,143.0,132.0,120.57142857142857,115.86666666666666
2024-07-23,MBP16,137,2024,7,23,1,205,0,0,0,99.0,125.0,133.0,114.28571428571429,117.5
2024-07-24,MBP16,125,2024,7,24,2,206,0,0,0,137.0,133.0,144.0,116.0,119.43333333333334
2024-07-25,MBP16,97,2024,7,25,3,207,0,0,0,125.0,110.0,140.0,114.85714285714286,118.93333333333334
2024-07-26,MBP16,132,2024,7,26,4,208,0,0,0,97.0,114.0,104.0,113.0,118.06666666666666
2024-07-27,MBP16,109,2024,7,27,5,209,1,0,0,132.0,104.0,99.0,115.57142857142857,118.06666666666666
2024-07-28,MBP16,100,2024,7,28,6,210,1,0,0,109.0,115.0,80.0,116.28571428571429,116.06666666666666
2024-07-29,MBP16,115,2024,7,29,0,211,0,0,0,100.0,99.0,143.0,114.14285714285714,115.96666666666667
2024-07-30,MBP16,111,2024,7,30,1,212,0,0,0,115.0,137.0,125.0,116.42857142857143,115.3
2024-07-31,MBP16,128,2024,7,31,2,213,0,0,0,111.0,125.0,133.0,112.71428571428571,115.46666666666667
2024-08-01,MBP16,148,2024,8,1,3,214,0,1,0,128.0,97.0,110.0,113.14285714285714,115.33333333333333
2024-08-02,MBP16,184,2024,8,2,4,215,0,1,0,148.0,132.0,114.0,120.42857142857143,116.23333333333333
2024-08-03,MBP16,123,2024,8,3,5,216,1,1,0,184.0,109.0,104.0,127.85714285714286,118.1
2024-08-04,MBP16,108,2024,8,4,6,217,1,1,0,123.0,100.0,115.0,129.85714285714286,118.46666666666667
2024-08-05,MBP16,178,2024,8,5,0,218,0,1,0,108.0,115.0,99.0,131.0,120.03333333333333
2024-08-06,MBP16,175,2024,8,6,1,219,0,1,0,178.0,111.0,137.0,140.0,122.06666666666666
2024-08-07,MBP16,169,2024,8,7,2,220,0,1,0,175.0,128.0,125.0,149.14285714285714,124.83333333333333
2024-08-08,MBP16,179,2024,8,8,3,221,0,1,0,169.0,148.0,97.0,155.0,126.06666666666666
2024-08-09,MBP16,152,2024,8,9,4,222,0,1,0,179.0,184.0,132.0,159.42857142857142,127.6
2024-08-10,MBP16,147,2024,8,10,5,223,1,1,0,152.0,123.0,109.0,154.85714285714286,127.86666666666666
2024-08-11,MBP16,146,2024,8,11,6,224,1,1,0,147.0,108.0,100.0,158.28571428571428,128.1
2024-08-12,MBP16,232,2024,8,12,0,225,0,1,0,146.0,178.0,115.0,163.71428571428572,129.5
2024-08-13,MBP16,172,2024,8,13,1,226,0,1,0,232.0,175.0,111.0,171.42857142857142,133.93333333333334
2024-08-14,MBP16,168,2024,8,14,2,227,0,1,0,172.0,169.0,128.0,171.0,137.0
2024-08-15,MBP16,150,2024,8,15,3,228,0,1,0,168.0,179.0,148.0,170.85714285714286,137.83333333333334
2024-08-16,MBP16,174,2024,8,16,4,229,0,1,0,150.0,152.0,184.0,166.71428571428572,138.66666666666666
2024-08-17,MBP16,130,2024,8,17,5,230,1,1,0,174.0,147.0,123.0,169.85714285714286,140.03333333333333
2024-08-18,MBP16,143,2024,8,18,6,231,1,1,0,130.0,146.0,108.0,167.42857142857142,140.7
2024-08-19,MBP16,164,2024,8,19,0,232,0,1,0,143.0,232.0,178.0,167.0,141.66666666666666
2024-08-20,MBP16,164,2024,8,20,1,233,0,1,0,164.0,172.0,175.0,157.28571428571428,143.66666666666666
2024-08-21,MBP16,159,2024,8,21,2,234,0,1,0,164.0,168.0,169.0,156.14285714285714,145.3
2024-08-22,MBP16,186,2024,8,22,3,235,0,1,0,159.0,150.0,179.0,154.85714285714286,147.3
2024-08-23,MBP16,185,2024,8,23,4,236,0,1,0,186.0,174.0,152.0,160.0,148.93333333333334
2024-08-24,MBP16,125,2024,8,24,5,237,1,1,0,185.0,130.0,147.0,161.57142857142858,150.93333333333334
2024-08-25,MBP16,129,2024,8,25,6,238,1,1,0,125.0,143.0,146.0,160.85714285714286,151.86666666666667
2024-08-26,MBP16,170,2024,8,26,0,239,0,1,0,129.0,164.0,232.0,158.85714285714286,151.76666666666668
2024-08-27,MBP16,172,2024,8,27,1,240,0,1,0,170.0,164.0,172.0,159.71428571428572,153.8
2024-08-28,MBP16,152,2024,8,28,2,241,0,1,0,172.0,159.0,168.0,160.85714285714286,156.2
2024-08-29,MBP16,154,2024,8,29,3,242,0,1,0,152.0,186.0,150.0,159.85714285714286,157.43333333333334
2024-08-30,MBP16,128,2024,8,30,4,243,0,1,0,154.0,185.0,174.0,155.28571428571428,158.86666666666667
2024-08-31,MBP16,141,2024,8,31,5,244,1,1,0,128.0,125.0,130.0,147.14285714285714,158.86666666666667
2024-09-01,MBP16,115,2024,9,1,6,245,1,1,0,141.0,129.0,143.0,149.42857142857142,158.63333333333333
2024-09-02,MBP16,157,2024,9,2,0,246,0,1,0,115.0,170.0,164.0,147.42857142857142,156.33333333333334
2024-09-03,MBP16,177,2024,9,3,1,247,0,1,0,157.0,172.0,164.0,145.57142857142858,157.46666666666667
2024-09-04,MBP16,176,2024,9,4,2,248,0,1,0,177.0,152.0,159.0,146.28571428571428,159.76666666666668
2024-09-05,MBP16,185,2024,9,5,3,249,0,1,0,176.0,154.0,186.0,149.71428571428572,159.7
2024-09-06,MBP16,190,2024,9,6,4,250,0,1,0,185.0,128.0,185.0,154.14285714285714,160.03333333333333
2024-09-07,MBP16,171,2024,9,7,5,251,1,1,0,190.0,141.0,125.0,163.0,160.73333333333332
2024-09-08,MBP16,129,2024,9,8,6,252,1,1,0,171.0,115.0,129.0,167.28571428571428,160.46666666666667
2024-09-09,MBP16,158,2024,9,9,0,253,0,1,0,129.0,157.0,170.0,169.28571428571428,159.7
2024-09-10,MBP16,100,2024,9,10,1,254,0,1,0,158.0,177.0,172.0,169.42857142857142,160.06666666666666
2024-09-11,MBP16,164,2024,9,11,2,255,0,1,0,100.0,176.0,152.0,158.42857142857142,158.53333333333333
2024-09-12,MBP16,156,2024,9,12,3,256,0,1,0,164.0,185.0,154.0,156.71428571428572,156.26666666666668
2024-09-13,MBP16,147,2024,9,13,4,257,0,1,0,156.0,190.0,128.0,152.57142857142858,155.73333333333332
2024-09-14,MBP16,151,2024,9,14,5,258,1,1,0,147.0,171.0,141.0,146.42857142857142,155.03333333333333
2024-09-15,MBP16,109,2024,9,15,6,259,1,1,0,151.0,129.0,115.0,143.57142857142858,155.06666666666666
2024-09-16,MBP16,268,2024,9,16,0,260,0,1,0,109.0,158.0,157.0,140.71428571428572,152.9
2024-09-17,MBP16,140,2024,9,17,1,261,0,1,0,268.0,100.0,177.0,156.42857142857142,157.5
2024-09-18,MBP16,158,2024,9,18,2,262,0,1,0,140.0,164.0,176.0,162.14285714285714,157.4
2024-09-19,MBP16,148,2024,9,19,3,263,0,1,0,158.0,156.0,185.0,161.28571428571428,157.2
2024-09-20,MBP16,159,2024,9,20,4,264,0,1,0,148.0,147.0,190.0,160.14285714285714,156.66666666666666
2024-09-21,MBP16,139,2024,9,21,5,265,1,1,0,159.0,151.0,171.0,161.85714285714286,156.66666666666666
2024-09-22,MBP16,118,2024,9,22,6,266,1,1,0,139.0,109.0,129.0,160.14285714285714,155.1
2024-09-23,MBP16,166,2024,9,23,0,267,0,1,0,118.0,268.0,158.0,161.42857142857142,152.86666666666667
2024-09-24,MBP16,162,2024,9,24,1,268,0,1,0,166.0,140.0,100.0,146.85714285714286,154.23333333333332
2024-09-25,MBP16,170,2024,9,25,2,269,0,1,0,162.0,158.0,164.0,150.0,155.33333333333334
2024-09-26,MBP16,173,2024,9,26,3,270,0,1,0,170.0,148.0,156.0,151.71428571428572,155.33333333333334
2024-09-27,MBP16,221,2024,9,27,4,271,0,1,0,173.0,159.0,147.0,155.28571428571428,155.36666666666667
2024-09-28,MBP16,134,2024,9,28,5,272,1,1,0,221.0,139.0,151.0,164.14285714285714,157.66666666666666
2024-09-29,MBP16,195,2024,9,29,6,273,1,1,0,134.0,118.0,109.0,163.42857142857142,157.0
2024-09-30,MBP16,240,2024,9,30,0,274,0,1,0,195.0,166.0,268.0,174.42857142857142,159.23333333333332
2024-10-01,MBP16,126,2024,10,1,1,275,0,0,0,240.0,162.0,140.0,185.0,162.53333333333333
2024-10-02,MBP16,211,2024,10,2,2,276,0,0,0,126.0,170.0,158.0,179.85714285714286,162.9
2024-10-03,MBP16,106,2024,10,3,3,277,0,0,0,211.0,173.0,148.0,185.71428571428572,164.7
2024-10-04,MBP16,139,2024,10,4,4,278,0,0,0,106.0,221.0,159.0,176.14285714285714,162.33333333333334
2024-10-05,MBP16,87,2024,10,5,5,279,1,0,0,139.0,134.0,139.0,164.42857142857142,161.1
2024-10-06,MBP16,101,2024,10,6,6,280,1,0,0,87.0,195.0,118.0,157.71428571428572,157.83333333333334
2024-10-07,MBP16,127,2024,10,7,0,281,0,0,0,101.0,240.0,166.0,144.28571428571428,154.86666666666667
2024-10-08,MBP16,103,2024,10,8,1,282,0,0,0,127.0,126.0,162.0,128.14285714285714,153.4
2024-10-09,MBP16,120,2024,10,9,2,283,0,0,0,103.0,211.0,170.0,124.85714285714286,152.53333333333333
2024-10-10,MBP16,140,2024,10,10,3,284,0,0,0,120.0,106.0,173.0,111.85714285714286,151.26666666666668
2024-10-11,MBP16,93,2024,10,11,4,285,0,0,0,140.0,139.0,221.0,116.71428571428571,152.6
2024-10-12,MBP16,131,2024,10,12,5,286,1,0,0,93.0,87.0,134.0,110.14285714285714,150.23333333333332
2024-10-13,MBP16,73,2024,10,13,6,287,1,0,0,131.0,101.0,195.0,116.42857142857143,149.4
2024-10-14,MBP16,186,2024,10,14,0,288,0,0,0,73.0,127.0,240.0,112.42857142857143,146.93333333333334
2024-10-15,MBP16,115,2024,10,15,1,289,0,0,0,186.0,103.0,126.0,120.85714285714286,148.1
2024-10-16,MBP16,117,2024,10,16,2,290,0,0,0,115.0,120.0,211.0,122.57142857142857,148.3
2024-10-17,MBP16,123,2024,10,17,3,291,0,0,0,117.0,140.0,106.0,122.14285714285714,143.26666666666668
2024-10-18,MBP16,144,2024,10,18,4,292,0,0,0,123.0,93.0,139.0,119.71428571428571,142.7
2024-10-19,MBP16,106,2024,10,19,5,293,1,0,0,144.0,131.0,87.0,127.0,142.23333333333332
2024-10-20,MBP16,44,2024,10,20,6,294,1,0,0,106.0,73.0,101.0,123.42857142857143,140.83333333333334
2024-10-21,MBP16,119,2024,10,21,0,295,0,0,0,44.0,186.0,127.0,119.28571428571429,137.0
2024-10-22,MBP16,50,2024,10,22,1,296,0,0,0,119.0,115.0,103.0,109.71428571428571,136.33333333333334
2024-10-23,MBP16,148,2024,10,23,2,297,0,0,0,50.0,117.0,120.0,100.42857142857143,134.06666666666666
2024-10-24,MBP16,196,2024,10,24,3,298,0,0,0,148.0,123.0,140.0,104.85714285714286,133.46666666666667
2024-10-25,MBP16,114,2024,10,25,4,299,0,0,0,196.0,144.0,93.0,115.28571428571429,134.6
2024-10-26,MBP16,121,2024,10,26,5,300,1,0,0,114.0,106.0,131.0,111.0,132.73333333333332
2024-10-27,MBP16,92,2024,10,27,6,301,1,0,0,121.0,44.0,73.0,113.14285714285714,131.0
2024-10-28,MBP16,116,2024,10,28,0,302,0,0,0,92.0,119.0,186.0,120.0,126.7
2024-10-29,MBP16,117,2024,10,29,1,303,0,0,0,116.0,50.0,115.0,119.57142857142857,126.1
2024-10-30,MBP16,137,2024,10,30,2,304,0,0,0,117.0,148.0,117.0,129.14285714285714,123.5
2024-10-31,MBP16,55,2024,10,31,3,305,0,0,0,137.0,196.0,123.0,127.57142857142857,120.06666666666666
2024-11-01,MBP16,69,2024,11,1,4,306,0,0,1,55.0,114.0,144.0,107.42857142857143,117.7
2024-11-02,MBP16,131,2024,11,2,5,307,1,0,1,69.0,121.0,106.0,101.0,112.96666666666667
2024-11-03,MBP16,153,2024,11,3,6,308,1,0,1,131.0,92.0,44.0,102.42857142857143,113.8
2024-11-04,MBP16,165,2024,11,4,0,309,0,0,1,153.0,116.0,119.0,111.14285714285714,114.26666666666667
2024-11-05,MBP16,258,2024,11,5,1,310,0,0,1,165.0,117.0,50.0,118.14285714285714,116.86666666666666
2024-11-06,MBP16,165,2024,11,6,2,311,0,0,1,258.0,137.0,148.0,138.28571428571428,122.1
2024-11-07,MBP16,177,2024,11,7,3,312,0,0,1,165.0,55.0,196.0,142.28571428571428,123.36666666666666
2024-11-08,MBP16,167,2024,11,8,4,313,0,0,1,177.0,69.0,114.0,159.71428571428572,125.83333333333333
2024-11-09,MBP16,202,2024,11,9,5,314,1,0,1,167.0,131.0,121.0,173.71428571428572,127.4
2024-11-10,MBP16,148,2024,11,10,6,315,1,0,1,202.0,153.0,92.0,183.85714285714286,129.46666666666667
2024-11-11,MBP16,185,2024,11,11,0,316,0,0,1,148.0,165.0,116.0,183.14285714285714,131.3
2024-11-12,MBP16,193,2024,11,12,1,317,0,0,1,185.0,258.0,117.0,186.0,133.1
2024-11-13,MBP16,177,2024,11,13,2,318,0,0,1,193.0,165.0,137.0,176.71428571428572,137.1
2024-11-14,MBP16,219,2024,11,14,3,319,0,0,1,177.0,177.0,55.0,178.42857142857142,136.8
2024-11-15,MBP16,207,2024,11,15,4,320,0,0,1,219.0,167.0,69.0,184.42857142857142,140.26666666666668
2024-11-16,MBP16,155,2024,11,16,5,321,1,0,1,207.0,202.0,131.0,190.14285714285714,143.26666666666668
2024-11-17,MBP16,244,2024,11,17,6,322,1,0,1,155.0,148.0,153.0,183.42857142857142,144.33333333333334
2024-11-18,MBP16,175,2024,11,18,0,323,0,0,1,244.0,185.0,165.0,197.14285714285714,147.66666666666666
2024-11-19,MBP16,187,2024,11,19,1,324,0,0,1,175.0,193.0,258.0,195.71428571428572,149.96666666666667
2024-11-20,MBP16,179,2024,11,20,2,325,0,0,1,187.0,177.0,165.0,194.85714285714286,154.73333333333332
2024-11-21,MBP16,197,2024,11,21,3,326,0,0,1,179.0,219.0,177.0,195.14285714285714,156.73333333333332
2024-11-22,MBP16,174,2024,11,22,4,327,0,0,1,197.0,207.0,167.0,192.0,161.63333333333333
2024-11-23,MBP16,149,2024,11,23,5,328,1,0,1,174.0,155.0,202.0,187.28571428571428,162.5
2024-11-24,MBP16,139,2024,11,24,6,329,1,0,1,149.0,244.0,148.0,186.42857142857142,160.93333333333334
2024-11-25,MBP16,195,2024,11,25,0,330,0,0,1,139.0,175.0,185.0,171.42857142857142,161.76666666666668
2024-11-26,MBP16,206,2024,11,26,1,331,0,0,1,195.0,187.0,193.0,174.28571428571428,164.23333333333332
2024-11-27,MBP16,190,2024,11,27,2,332,0,0,1,206.0,179.0,177.0,177.0,168.03333333333333
2024-11-28,MBP16,154,2024,11,28,3,333,0,0,1,190.0,197.0,219.0,178.57142857142858,170.5
2024-11-29,MBP16,165,2024,11,29,4,334,0,0,1,154.0,174.0,207.0,172.42857142857142,171.73333333333332
2024-11-30,MBP16,129,2024,11,30,5,335,1,0,1,165.0,149.0,155.0,171.14285714285714,172.66666666666666
2024-12-01,MBP16,145,2024,12,1,6,336,1,0,1,129.0,139.0,244.0,168.28571428571428,175.13333333333333
2024-12-02,MBP16,172,2024,12,2,0,337,0,0,1,145.0,195.0,175.0,169.14285714285714,177.66666666666666
2024-12-03,MBP16,197,2024,12,3,1,338,0,0,1,172.0,206.0,187.0,165.85714285714286,179.03333333333333
2024-12-04,MBP16,173,2024,12,4,2,339,0,0,1,197.0,190.0,179.0,164.57142857142858,180.5
2024-12-05,MBP16,204,2024,12,5,3,340,0,0,1,173.0,154.0,197.0,162.14285714285714,180.76666666666668
2024-12-06,MBP16,176,2024,12,6,4,341,0,0,1,204.0,165.0,174.0,169.28571428571428,178.96666666666667
2024-12-07,MBP16,173,2024,12,7,5,342,1,0,1,176.0,129.0,149.0,170.85714285714286,179.33333333333334
2024-12-08,MBP16,141,2024,12,8,6,343,1,0,1,173.0,145.0,139.0,177.14285714285714,179.2
2024-12-09,MBP16,175,2024,12,9,0,344,0,0,1,141.0,172.0,195.0,176.57142857142858,178.33333333333334
2024-12-10,MBP16,190,2024,12,10,1,345,0,0,1,175.0,197.0,206.0,177.0,177.43333333333334
2024-12-11,MBP16,188,2024,12,11,2,346,0,0,1,190.0,173.0,190.0,176.0,178.83333333333334
2024-12-12,MBP16,160,2024,12,12,3,347,0,0,1,188.0,204.0,154.0,178.14285714285714,178.93333333333334
2024-12-13,MBP16,179,2024,12,13,4,348,0,0,1,160.0,176.0,165.0,171.85714285714286,177.83333333333334
2024-12-14,MBP16,138,2024,12,14,5,349,1,0,1,179.0,173.0,129.0,172.28571428571428,177.9
2024-12-15,MBP16,137,2024,12,15,6,350,1,0,1,138.0,141.0,145.0,167.28571428571428,175.2
2024-12-16,MBP16,71,2024,12,16,0,351,0,0,1,137.0,175.0,172.0,166.71428571428572,172.86666666666667
2024-12-17,MBP16,174,2024,12,17,1,352,0,0,1,71.0,190.0,197.0,151.85714285714286,170.06666666666666
2024-12-18,MBP16,189,2024,12,18,2,353,0,0,1,174.0,188.0,173.0,149.57142857142858,167.73333333333332
2024-12-19,MBP16,180,2024,12,19,3,354,0,0,1,189.0,160.0,204.0,149.71428571428572,168.2
2024-12-20,MBP16,183,2024,12,20,4,355,0,0,1,180.0,179.0,176.0,152.57142857142858,167.96666666666667
2024-12-21,MBP16,118,2024,12,21,5,356,1,0,1,183.0,138.0,173.0,153.14285714285714,168.1
2024-12-22,MBP16,168,2024,12,22,6,357,1,0,1,118.0,137.0,141.0,150.28571428571428,165.46666666666667
2024-12-23,MBP16,183,2024,12,23,0,358,0,0,1,168.0,71.0,175.0,154.71428571428572,165.26666666666668
2024-12-24,MBP16,179,2024,12,24,1,359,0,0,1,183.0,174.0,190.0,170.71428571428572,166.4
2024-12-25,MBP16,155,2024,12,25,2,360,0,0,1,179.0,189.0,188.0,171.42857142857142,167.73333333333332
2024-12-26,MBP16,196,2024,12,26,3,361,0,0,1,155.0,180.0,160.0,166.57142857142858,166.4
2024-12-27,MBP16,176,2024,12,27,4,362,0,0,1,196.0,183.0,179.0,168.85714285714286,166.06666666666666
2024-12-28,MBP16,157,2024,12,28,5,363,1,0,1,176.0,118.0,138.0,167.85714285714286,165.6
2024-12-29,MBP16,137,2024,12,29,6,364,1,0,1,157.0,168.0,137.0,173.42857142857142,165.7
2024-12-30,MBP16,176,2024,12,30,0,365,0,0,1,137.0,183.0,71.0,169.0,164.76666666666668
2024-12-31,MBP16,158,2024,12,31,1,366,0,0,1,176.0,179.0,174.0,168.0,166.33333333333334
2025-01-01,MBP16,199,2025,1,1,2,1,0,0,0,158.0,155.0,189.0,165.0,166.76666666666668
2025-01-02,MBP16,124,2025,1,2,3,2,0,0,0,199.0,196.0,180.0,171.28571428571428,167.66666666666666
2025-01-03,MBP16,141,2025,1,3,4,3,0,0,0,124.0,176.0,183.0,161.0,165.23333333333332
2025-01-04,MBP16,117,2025,1,4,5,4,1,0,0,141.0,157.0,118.0,156.0,164.16666666666666
2025-01-05,MBP16,70,2025,1,5,6,5,1,0,0,117.0,137.0,168.0,150.28571428571428,161.26666666666668
2025-01-06,MBP16,117,2025,1,6,0,6,0,0,0,70.0,176.0,183.0,140.71428571428572,157.73333333333332
2025-01-07,MBP16,36,2025,1,7,1,7,0,0,0,117.0,158.0,179.0,132.28571428571428,155.86666666666667
2025-01-08,MBP16,100,2025,1,8,2,8,0,0,0,36.0,199.0,155.0,114.85714285714286,152.36666666666667
2025-01-09,MBP16,157,2025,1,9,3,9,0,0,0,100.0,124.0,196.0,100.71428571428571,149.86666666666667
2025-01-10,MBP16,121,2025,1,10,4,10,0,0,0,157.0,141.0,176.0,105.42857142857143,148.76666666666668
2025-01-11,MBP16,76,2025,1,11,5,11,1,0,0,121.0,117.0,157.0,102.57142857142857,146.53333333333333
2025-01-12,MBP16,82,2025,1,12,6,12,1,0,0,76.0,70.0,137.0,96.71428571428571,143.73333333333332
2025-01-13,MBP16,124,2025,1,13,0,13,0,0,0,82.0,117.0,176.0,98.42857142857143,140.5
2025-01-14,MBP16,114,2025,1,14,1,14,0,0,0,124.0,36.0,158.0,99.42857142857143,140.03333333333333
2025-01-15,MBP16,177,2025,1,15,2,15,0,0,0,114.0,100.0,199.0,110.57142857142857,139.26666666666668
2025-01-16,MBP16,111,2025,1,16,3,16,0,0,0,177.0,157.0,124.0,121.57142857142857,142.8
2025-01-17,MBP16,131,2025,1,17,4,17,0,0,0,111.0,121.0,141.0,115.0,140.7
2025-01-18,MBP16,102,2025,1,18,5,18,1,0,0,131.0,76.0,117.0,116.42857142857143,138.76666666666668
2025-01-19,MBP16,114,2025,1,19,6,19,1,0,0,102.0,82.0,70.0,120.14285714285714,136.16666666666666
2025-01-20,MBP16,113,2025,1,20,0,20,0,0,0,114.0,124.0,117.0,124.71428571428571,133.86666666666667
2025-01-21,MBP16,47,2025,1,21,1,21,0,0,0,113.0,114.0,36.0,123.14285714285714,133.7
2025-01-22,MBP16,134,2025,1,22,2,22,0,0,0,47.0,177.0,100.0,113.57142857142857,129.66666666666666
2025-01-23,MBP16,127,2025,1,23,3,23,0,0,0,134.0,111.0,157.0,107.42857142857143,128.03333333333333
2025-01-24,MBP16,123,2025,1,24,4,24,0,0,0,127.0,131.0,121.0,109.71428571428571,126.3
2025-01-25,MBP16,112,2025,1,25,5,25,1,0,0,123.0,102.0,76.0,108.57142857142857,125.23333333333333
2025-01-26,MBP16,89,2025,1,26,6,26,1,0,0,112.0,114.0,82.0,110.0,122.43333333333334
2025-01-27,MBP16,119,2025,1,27,0,27,0,0,0,89.0,113.0,124.0,106.42857142857143,119.53333333333333
2025-01-28,MBP16,106,2025,1,28,1,28,0,0,0,119.0,47.0,114.0,107.28571428571429,118.26666666666667
2025-01-29,MBP16,131,2025,1,29,2,29,0,0,0,106.0,134.0,177.0,115.71428571428571,117.23333333333333
2025-01-30,MBP16,135,2025,1,30,3,30,0,0,0,131.0,127.0,111.0,115.28571428571429,115.73333333333333
2025-01-31,MBP16,114,2025,1,31,4,31,0,0,0,135.0,123.0,131.0,116.42857142857143,114.96666666666667
2025-02-01,MBP16,109,2025,2,1,5,32,1,0,0,114.0,112.0,102.0,115.14285714285714,112.13333333333334
2025-02-02,MBP16,78,2025,2,2,6,33,1,0,0,109.0,89.0,114.0,114.71428571428571,111.63333333333334
2025-02-03,MBP16,113,2025,2,3,0,34,0,0,0,78.0,119.0,113.0,113.14285714285714,109.53333333333333
2025-02-04,MBP16,111,2025,2,4,1,35,0,0,0,113.0,106.0,47.0,112.28571428571429,109.4
2025-02-05,MBP16,129,2025,2,5,2,36,0,0,0,111.0,131.0,134.0,113.0,110.76666666666667
2025-02-06,MBP16,119,2025,2,6,3,37,0,0,0,129.0,135.0,127.0,112.71428571428571,111.16666666666667
2025-02-07,MBP16,89,2025,2,7,4,38,0,0,0,119.0,114.0,123.0,110.42857142857143,113.93333333333334
2025-02-08,MBP16,137,2025,2,8,5,39,1,0,0,89.0,109.0,112.0,106.85714285714286,113.56666666666666
2025-02-09,MBP16,96,2025,2,9,6,40,1,0,0,137.0,78.0,89.0,110.85714285714286,112.9
2025-02-10,MBP16,123,2025,2,10,0,41,0,0,0,96.0,113.0,119.0,113.42857142857143,112.06666666666666
2025-02-11,MBP16,143,2025,2,11,1,42,0,0,0,123.0,111.0,106.0,114.85714285714286,113.63333333333334
2025-02-12,MBP16,115,2025,2,12,2,43,0,0,0,143.0,129.0,131.0,119.42857142857143,115.66666666666667
2025-02-13,MBP16,123,2025,2,13,3,44,0,0,0,115.0,119.0,135.0,117.42857142857143,115.36666666666666
2025-02-14,MBP16,141,2025,2,14,4,45,0,0,0,123.0,89.0,114.0,118.0,115.66666666666667
2025-02-15,MBP16,96,2025,2,15,5,46,1,0,0,141.0,137.0,109.0,125.42857142857143,114.46666666666667
2025-02-16,MBP16,80,2025,2,16,6,47,1,0,0,96.0,96.0,78.0,119.57142857142857,113.96666666666667
2025-02-17,MBP16,143,2025,2,17,0,48,0,0,0,80.0,123.0,113.0,117.28571428571429,112.26666666666667
2025-02-18,MBP16,127,2025,2,18,1,49,0,0,0,143.0,143.0,111.0,120.14285714285714,113.63333333333334
2025-02-19,MBP16,126,2025,2,19,2,50,0,0,0,127.0,115.0,129.0,117.85714285714286,114.06666666666666
2025-02-20,MBP16,144,2025,2,20,3,51,0,0,0,126.0,123.0,119.0,119.42857142857143,114.5
2025-02-21,MBP16,127,2025,2,21,4,52,0,0,0,144.0,141.0,89.0,122.42857142857143,117.73333333333333
2025-02-22,MBP16,89,2025,2,22,5,53,1,0,0,127.0,96.0,137.0,120.42857142857143,117.5
2025-02-23,MBP16,113,2025,2,23,6,54,1,0,0,89.0,80.0,96.0,119.42857142857143,116.23333333333333
2025-02-24,MBP16,68,2025,2,24,0,55,0,0,0,113.0,143.0,123.0,124.14285714285714,115.9
2025-02-25,MBP16,122,2025,2,25,1,56,0,0,0,68.0,127.0,143.0,113.42857142857143,114.43333333333334
2025-02-26,MBP16,127,2025,2,26,2,57,0,0,0,122.0,126.0,115.0,112.71428571428571,115.53333333333333
2025-02-27,MBP16,139,2025,2,27,3,58,0,0,0,127.0,144.0,123.0,112.85714285714286,115.8
2025-02-28,MBP16,155,2025,2,28,4,59,0,0,0,139.0,127.0,141.0,112.14285714285714,116.9
2025-03-01,MBP16,103,2025,3,1,5,60,1,0,0,155.0,89.0,96.0,116.14285714285714,117.7
2025-03-02,MBP16,95,2025,3,2,6,61,1,0,0,103.0,113.0,80.0,118.14285714285714,116.63333333333334
2025-03-03,MBP16,115,2025,3,3,0,62,0,0,0,95.0,68.0,143.0,115.57142857142857,116.0
2025-03-04,MBP16,134,2025,3,4,1,63,0,0,0,115.0,122.0,127.0,122.28571428571429,116.2
2025-03-05,MBP16,105,2025,3,5,2,64,0,0,0,134.0,127.0,126.0,124.0,118.06666666666666
2025-03-06,MBP16,134,2025,3,6,3,65,0,0,0,105.0,139.0,144.0,120.85714285714286,117.8
2025-03-07,MBP16,134,2025,3,7,4,66,0,0,0,134.0,155.0,127.0,120.14285714285714,118.56666666666666
2025-03-08,MBP16,95,2025,3,8,5,67,1,0,0,134.0,103.0,89.0,117.14285714285714,118.73333333333333
2025-03-09,MBP16,105,2025,3,9,6,68,1,0,0,95.0,95.0,113.0,116.0,117.93333333333334
2025-03-10,MBP16,123,2025,3,10,0,69,0,0,0,105.0,115.0,68.0,117.42857142857143,118.46666666666667
2025-03-11,MBP16,108,2025,3,11,1,70,0,0,0,123.0,134.0,122.0,118.57142857142857,118.0
2025-03-12,MBP16,133,2025,3,12,2,71,0,0,0,108.0,105.0,127.0,114.85714285714286,118.4
2025-03-13,MBP16,132,2025,3,13,3,72,0,0,0,133.0,134.0,139.0,118.85714285714286,118.73333333333333
2025-03-14,MBP16,120,2025,3,14,4,73,0,0,0,132.0,134.0,155.0,118.57142857142857,118.36666666666666
2025-03-15,MBP16,131,2025,3,15,5,74,1,0,0,120.0,95.0,103.0,116.57142857142857,118.53333333333333
2025-03-16,MBP16,102,2025,3,16,6,75,1,0,0,131.0,105.0,95.0,121.71428571428571,118.8
2025-03-17,MBP16,101,2025,3,17,0,76,0,0,0,102.0,123.0,115.0,121.28571428571429,117.5
2025-03-18,MBP16,140,2025,3,18,1,77,0,0,0,101.0,108.0,134.0,118.14285714285714,117.66666666666667
2025-03-19,MBP16,52,2025,3,19,2,78,0,0,0,140.0,133.0,105.0,122.71428571428571,119.66666666666667
2025-03-20,MBP16,116,2025,3,20,3,79,0,0,0,52.0,132.0,134.0,111.14285714285714,116.63333333333334
2025-03-21,MBP16,146,2025,3,21,4,80,0,0,0,116.0,120.0,134.0,108.85714285714286,116.26666666666667
2025-03-22,MBP16,80,2025,3,22,5,81,1,0,0,146.0,131.0,95.0,112.57142857142857,116.93333333333334
2025-03-23,MBP16,143,2025,3,23,6,82,1,0,0,80.0,102.0,105.0,105.28571428571429,114.8
2025-03-24,MBP16,98,2025,3,24,0,83,0,0,0,143.0,101.0,123.0,111.14285714285714,115.33333333333333
2025-03-25,MBP16,135,2025,3,25,1,84,0,0,0,98.0,140.0,108.0,110.71428571428571,115.63333333333334
2025-03-26,MBP16,111,2025,3,26,2,85,0,0,0,135.0,52.0,133.0,110.0,116.36666666666666
2025-03-27,MBP16,101,2025,3,27,3,86,0,0,0,111.0,116.0,132.0,118.42857142857143,117.8
2025-03-28,MBP16,160,2025,3,28,4,87,0,0,0,101.0,146.0,120.0,116.28571428571429,117.1
2025-03-29,MBP16,113,2025,3,29,5,88,1,0,0,160.0,80.0,131.0,118.28571428571429,118.2
2025-03-30,MBP16,107,2025,3,30,6,89,1,0,0,113.0,143.0,102.0,123.0,117.33333333333333
2025-03-31,MBP16,117,2025,3,31,0,90,0,0,0,107.0,98.0,101.0,117.85714285714286,115.73333333333333
2025-04-01,MBP16,126,2025,4,1,1,91,0,0,0,117.0,135.0,140.0,120.57142857142857,116.2
2025-04-02,MBP16,117,2025,4,2,2,92,0,0,0,126.0,111.0,52.0,119.28571428571429,117.23333333333333
2025-04-03,MBP16,140,2025,4,3,3,93,0,0,0,117.0,101.0,116.0,120.14285714285714,117.3
2025-04-04,MBP16,211,2025,4,4,4,94,0,0,0,140.0,160.0,146.0,125.71428571428571,117.5
2025-04-05,MBP16,82,2025,4,5,5,95,1,0,0,211.0,113.0,80.0,133.0,121.03333333333333
2025-04-06,MBP16,159,2025,4,6,6,96,1,0,0,82.0,107.0,143.0,128.57142857142858,119.3
2025-04-07,MBP16,130,2025,4,7,0,97,0,0,0,159.0,117.0,98.0,136.0,120.13333333333334
2025-04-08,MBP16,113,2025,4,8,1,98,0,0,0,130.0,126.0,135.0,137.85714285714286,121.3
2025-04-09,MBP16,137,2025,4,9,2,99,0,0,0,113.0,117.0,111.0,136.0,121.56666666666666
2025-04-10,MBP16,206,2025,4,10,3,100,0,0,0,137.0,140.0,101.0,138.85714285714286,122.03333333333333
2025-04-11,MBP16,139,2025,4,11,4,101,0,0,0,206.0,211.0,160.0,148.28571428571428,125.3
2025-04-12,MBP16,94,2025,4,12,5,102,1,0,0,139.0,82.0,113.0,138.0,125.5
2025-04-13,MBP16,126,2025,4,13,6,103,1,0,0,94.0,159.0,107.0,139.71428571428572,124.23333333333333
2025-04-14,MBP16,127,2025,4,14,0,104,0,0,0,126.0,130.0,117.0,135.0,124.43333333333334
2025-04-15,MBP16,101,2025,4,15,1,105,0,0,0,127.0,113.0,126.0,134.57142857142858,124.3
2025-04-16,MBP16,134,2025,4,16,2,106,0,0,0,101.0,137.0,117.0,132.85714285714286,124.26666666666667
2025-04-17,MBP16,157,2025,4,17,3,107,0,0,0,134.0,206.0,140.0,132.42857142857142,125.36666666666666
2025-04-18,MBP16,124,2025,4,18,4,108,0,0,0,157.0,139.0,211.0,125.42857142857143,125.93333333333334
2025-04-19,MBP16,106,2025,4,19,5,109,1,0,0,124.0,94.0,82.0,123.28571428571429,128.33333333333334
2025-04-20,MBP16,126,2025,4,20,6,110,1,0,0,106.0,126.0,159.0,125.0,128.0
2025-04-21,MBP16,100,2025,4,21,0,111,0,0,0,126.0,127.0,130.0,125.0,127.33333333333333
2025-04-22,MBP16,106,2025,4,22,1,112,0,0,0,100.0,101.0,113.0,121.14285714285714,128.0
2025-04-23,MBP16,128,2025,4,23,2,113,0,0,0,106.0,134.0,137.0,121.85714285714286,126.76666666666667
2025-04-24,MBP16,118,2025,4,24,3,114,0,0,0,128.0,157.0,206.0,121.0,127.76666666666667
2025-04-25,MBP16,128,2025,4,25,4,115,0,0,0,118.0,124.0,139.0,115.42857142857143,127.2
2025-04-26,MBP16,91,2025,4,26,5,116,1,0,0,128.0,106.0,94.0,116.0,127.76666666666667
2025-04-27,MBP16,121,2025,4,27,6,117,1,0,0,91.0,126.0,126.0,113.85714285714286,127.43333333333334
2025-04-28,MBP16,135,2025,4,28,0,118,0,0,0,121.0,100.0,127.0,113.14285714285714,126.13333333333334
2025-04-29,MBP16,133,2025,4,29,1,119,0,0,0,135.0,106.0,101.0,118.14285714285714,126.86666666666666
2025-04-30,MBP16,124,2025,4,30,2,120,0,0,0,133.0,128.0,134.0,122.0,127.73333333333333
2025-05-01,MBP16,123,2025,5,1,3,121,0,0,0,124.0,118.0,157.0,121.42857142857143,127.96666666666667
2025-05-02,MBP16,110,2025,5,2,4,122,0,0,0,123.0,128.0,124.0,122.14285714285714,127.86666666666666
2025-05-03,MBP16,122,2025,5,3,5,123,1,0,0,110.0,91.0,106.0,119.57142857142857,127.63333333333334
2025-05-04,MBP16,109,2025,5,4,6,124,1,0,0,122.0,121.0,126.0,124.0,127.03333333333333
2025-05-05,MBP16,40,2025,5,5,0,125,0,0,0,109.0,135.0,100.0,122.28571428571429,123.63333333333334
2025-05-06,MBP16,137,2025,5,6,1,126,0,0,0,40.0,133.0,106.0,108.71428571428571,122.23333333333333
2025-05-07,MBP16,187,2025,5,7,2,127,0,0,0,137.0,124.0,128.0,109.28571428571429,121.5
2025-05-08,MBP16,123,2025,5,8,3,128,0,0,0,187.0,123.0,118.0,118.28571428571429,123.4
2025-05-09,MBP16,136,2025,5,9,4,129,0,0,0,123.0,110.0,128.0,118.28571428571429,123.73333333333333
2025-05-10,MBP16,100,2025,5,10,5,130,1,0,0,136.0,122.0,91.0,122.0,123.7
2025-05-11,MBP16,96,2025,5,11,6,131,1,0,0,100.0,109.0,121.0,118.85714285714286,120.16666666666667
2025-05-12,MBP16,137,2025,5,12,0,132,0,0,0,96.0,40.0,135.0,117.0,118.73333333333333
2025-05-13,MBP16,54,2025,5,13,1,133,0,0,0,137.0,137.0,133.0,130.85714285714286,120.16666666666667
2025-05-14,MBP16,142,2025,5,14,2,134,0,0,0,54.0,187.0,124.0,119.0,117.76666666666667
2025-05-15,MBP16,100,2025,5,15,3,135,0,0,0,142.0,123.0,123.0,112.57142857142857,118.26666666666667
2025-05-16,MBP16,130,2025,5,16,4,136,0,0,0,100.0,136.0,110.0,109.28571428571429,118.23333333333333
2025-05-17,MBP16,97,2025,5,17,5,137,1,0,0,130.0,100.0,122.0,108.42857142857143,118.1
2025-05-18,MBP16,106,2025,5,18,6,138,1,0,0,97.0,96.0,109.0,108.0,116.1
2025-05-19,MBP16,106,2025,5,19,0,139,0,0,0,106.0,137.0,40.0,109.42857142857143,115.5
2025-05-20,MBP16,119,2025,5,20,1,140,0,0,0,106.0,54.0,137.0,105.0,115.5
2025-05-21,MBP16,155,2025,5,21,2,141,0,0,0,119.0,142.0,187.0,114.28571428571429,115.26666666666667
2025-05-22,MBP16,139,2025,5,22,3,142,0,0,0,155.0,100.0,123.0,116.14285714285714,117.1
2025-05-23,MBP16,118,2025,5,23,4,143,0,0,0,139.0,130.0,136.0,121.71428571428571,118.2
2025-05-24,MBP16,94,2025,5,24,5,144,1,0,0,118.0,97.0,100.0,120.0,117.86666666666666
2025-05-25,MBP16,84,2025,5,25,6,145,1,0,0,94.0,106.0,96.0,119.57142857142857,117.06666666666666
2025-05-26,MBP16,120,2025,5,26,0,146,0,0,0,84.0,106.0,137.0,116.42857142857143,115.6
2025-05-27,MBP16,133,2025,5,27,1,147,0,0,0,120.0,119.0,54.0,118.42857142857143,116.56666666666666
2025-05-28,MBP16,131,2025,5,28,2,148,0,0,0,133.0,155.0,142.0,120.42857142857143,116.96666666666667
2025-05-29,MBP16,121,2025,5,29,3,149,0,0,0,131.0,139.0,100.0,117.0,116.83333333333333
2025-05-30,MBP16,114,2025,5,30,4,150,0,0,0,121.0,118.0,130.0,114.42857142857143,116.43333333333334
2025-05-31,MBP16,99,2025,5,31,5,151,1,0,0,114.0,94.0,97.0,113.85714285714286,116.1
2025-06-01,MBP16,99,2025,6,1,6,152,1,0,0,99.0,84.0,106.0,114.57142857142857,115.3
2025-06-02,MBP16,137,2025,6,2,0,153,0,0,0,99.0,120.0,106.0,116.71428571428571,114.93333333333334
2025-06-03,MBP16,129,2025,6,3,1,154,0,0,0,137.0,133.0,119.0,119.14285714285714,115.43333333333334
2025-06-04,MBP16,127,2025,6,4,2,155,0,0,0,129.0,131.0,155.0,118.57142857142857,116.1
2025-06-05,MBP16,142,2025,6,5,3,156,0,0,0,127.0,121.0,139.0,118.0,119.0
2025-06-06,MBP16,147,2025,6,6,4,157,0,0,0,142.0,114.0,118.0,121.0,119.16666666666667
2025-06-07,MBP16,107,2025,6,7,5,158,1,0,0,147.0,99.0,94.0,125.71428571428571,117.83333333333333
2025-06-08,MBP16,107,2025,6,8,6,159,1,0,0,107.0,99.0,84.0,126.85714285714286,117.3
2025-06-09,MBP16,124,2025,6,9,0,160,0,0,0,107.0,137.0,120.0,128.0,116.33333333333333
2025-06-10,MBP16,115,2025,6,10,1,161,0,0,0,124.0,129.0,133.0,126.14285714285714,117.13333333333334
2025-06-11,MBP16,138,2025,6,11,2,162,0,0,0,115.0,127.0,131.0,124.14285714285714,117.76666666666667
2025-06-12,MBP16,135,2025,6,12,3,163,0,0,0,138.0,142.0,121.0,125.71428571428571,117.8
2025-06-13,MBP16,125,2025,6,13,4,164,0,0,0,135.0,147.0,114.0,124.71428571428571,120.5
2025-06-14,MBP16,105,2025,6,14,5,165,1,0,0,125.0,107.0,99.0,121.57142857142857,119.93333333333334
2025-06-15,MBP16,117,2025,6,15,6,166,1,0,0,105.0,107.0,99.0,121.28571428571429,120.1
2025-06-16,MBP16,144,2025,6,16,0,167,0,0,0,117.0,124.0,137.0,122.71428571428571,119.66666666666667
2025-06-17,MBP16,95,2025,6,17,1,168,0,0,0,144.0,115.0,129.0,125.57142857142857,121.23333333333333
2025-06-18,MBP16,118,2025,6,18,2,169,0,0,0,95.0,138.0,127.0,122.71428571428571,120.86666666666666
2025-06-19,MBP16,125,2025,6,19,3,170,0,0,0,118.0,135.0,142.0,119.85714285714286,121.26666666666667
2025-06-20,MBP16,154,2025,6,20,4,171,0,0,0,125.0,125.0,147.0,118.42857142857143,121.46666666666667
2025-06-21,MBP16,105,2025,6,21,5,172,1,0,0,154.0,105.0,107.0,122.57142857142857,121.43333333333334
2025-06-22,MBP16,93,2025,6,22,6,173,1,0,0,105.0,117.0,107.0,122.57142857142857,120.3
2025-06-23,MBP16,180,2025,6,23,0,174,0,0,0,93.0,144.0,124.0,119.14285714285714,119.46666666666667
2025-06-24,MBP16,130,2025,6,24,1,175,0,0,0,180.0,95.0,115.0,124.28571428571429,122.33333333333333
2025-06-25,MBP16,138,2025,6,25,2,176,0,0,0,130.0,118.0,138.0,129.28571428571428,123.86666666666666
2025-06-26,MBP16,134,2025,6,26,3,177,0,0,0,138.0,125.0,135.0,132.14285714285714,124.46666666666667
2025-06-27,MBP16,125,2025,6,27,4,178,0,0,0,134.0,154.0,125.0,133.42857142857142,124.5
2025-06-28,MBP16,78,2025,6,28,5,179,1,0,0,125.0,105.0,105.0,129.28571428571428,124.3
2025-06-29,MBP16,95,2025,6,29,6,180,1,0,0,78.0,93.0,117.0,125.42857142857143,122.86666666666666
2025-06-30,MBP16,117,2025,6,30,0,181,0,0,0,95.0,180.0,144.0,125.71428571428571,122.23333333333333
2025-07-01,MBP16,136,2025,7,1,1,182,0,0,0,117.0,130.0,95.0,116.71428571428571,122.83333333333333
2025-07-02,MBP16,128,2025,7,2,2,183,0,0,0,136.0,138.0,118.0,117.57142857142857,124.06666666666666
2025-07-03,MBP16,128,2025,7,3,3,184,0,0,0,128.0,134.0,125.0,116.14285714285714,123.76666666666667
2025-07-04,MBP16,115,2025,7,4,4,185,0,0,0,128.0,125.0,154.0,115.28571428571429,123.73333333333333
2025-07-05,MBP16,120,2025,7,5,5,186,1,0,0,115.0,78.0,105.0,113.85714285714286,123.33333333333333
2025-07-06,MBP16,104,2025,7,6,6,187,1,0,0,120.0,95.0,93.0,119.85714285714286,122.6
2025-07-07,MBP16,115,2025,7,7,0,188,0,0,0,104.0,117.0,180.0,121.14285714285714,121.16666666666667
2025-07-08,MBP16,116,2025,7,8,1,189,0,0,0,115.0,136.0,130.0,120.85714285714286,121.43333333333334
2025-07-09,MBP16,130,2025,7,9,2,190,0,0,0,116.0,128.0,138.0,118.0,121.73333333333333
2025-07-10,MBP16,157,2025,7,10,3,191,0,0,0,130.0,128.0,134.0,118.28571428571429,121.93333333333334
2025-07-11,MBP16,118,2025,7,11,4,192,0,0,0,157.0,115.0,125.0,122.42857142857143,123.33333333333333
2025-07-12,MBP16,103,2025,7,12,5,193,1,0,0,118.0,120.0,78.0,122.85714285714286,122.66666666666667
2025-07-13,MBP16,81,2025,7,13,6,194,1,0,0,103.0,104.0,95.0,120.42857142857143,121.6
2025-07-14,MBP16,104,2025,7,14,0,195,0,0,0,81.0,115.0,117.0,117.14285714285714,120.13333333333334
2025-07-15,MBP16,108,2025,7,15,1,196,0,0,0,104.0,116.0,136.0,115.57142857142857,120.1
2025-07-16,MBP16,107,2025,7,16,2,197,0,0,0,108.0,130.0,128.0,114.42857142857143,119.8
2025-07-17,MBP16,144,2025,7,17,3,198,0,0,0,107.0,157.0,128.0,111.14285714285714,118.56666666666666
2025-07-18,MBP16,105,2025,7,18,4,199,0,0,0,144.0,118.0,115.0,109.28571428571429,120.2
2025-07-19,MBP16,119,2025,7,19,5,200,1,0,0,105.0,103.0,120.0,107.42857142857143,119.76666666666667
2025-07-20,MBP16,82,2025,7,20,6,201,1,0,0,119.0,81.0,104.0,109.71428571428571,119.56666666666666
2025-07-21,MBP16,125,2025,7,21,0,202,0,0,0,82.0,104.0,115.0,109.85714285714286,117.16666666666667
2025-07-22,MBP16,117,2025,7,22,1,203,0,0,0,125.0,108.0,116.0,112.85714285714286,117.83333333333333
2025-07-23,MBP16,135,2025,7,23,2,204,0,0,0,117.0,107.0,130.0,114.14285714285714,118.63333333333334
2025-07-24,MBP16,139,2025,7,24,3,205,0,0,0,135.0,144.0,157.0,118.14285714285714,117.13333333333334
2025-07-25,MBP16,129,2025,7,25,4,206,0,0,0,139.0,105.0,118.0,117.42857142857143,117.43333333333334
2025-07-26,MBP16,101,2025,7,26,5,207,1,0,0,129.0,119.0,103.0,120.85714285714286,117.13333333333334
2025-07-27,MBP16,98,2025,7,27,6,208,1,0,0,101.0,82.0,81.0,118.28571428571429,116.03333333333333
2025-07-28,MBP16,113,2025,7,28,0,209,0,0,0,98.0,125.0,104.0,120.57142857142857,115.13333333333334
2025-07-29,MBP16,132,2025,7,29,1,210,0,0,0,113.0,117.0,108.0,118.85714285714286,116.3
2025-07-30,MBP16,116,2025,7,30,2,211,0,0,0,132.0,135.0,107.0,121.0,117.53333333333333
2025-07-31,MBP16,202,2025,7,31,3,212,0,0,0,116.0,139.0,144.0,118.28571428571429,117.5
2025-08-01,MBP16,157,2025,8,1,4,213,0,1,0,202.0,129.0,105.0,127.28571428571429,119.7
2025-08-02,MBP16,147,2025,8,2,5,214,1,1,0,157.0,101.0,119.0,131.28571428571428,120.66666666666667
2025-08-03,MBP16,114,2025,8,3,6,215,1,1,0,147.0,98.0,82.0,137.85714285714286,121.3
2025-08-04,MBP16,184,2025,8,4,0,216,0,1,0,114.0,113.0,125.0,140.14285714285714,121.26666666666667
2025-08-05,MBP16,195,2025,8,5,1,217,0,1,0,184.0,132.0,117.0,150.28571428571428,123.4
2025-08-06,MBP16,166,2025,8,6,2,218,0,1,0,195.0,116.0,135.0,159.28571428571428,126.43333333333334
2025-08-07,MBP16,184,2025,8,7,3,219,0,1,0,166.0,202.0,139.0,166.42857142857142,128.13333333333333
2025-08-08,MBP16,159,2025,8,8,4,220,0,1,0,184.0,157.0,129.0,163.85714285714286,130.4
2025-08-09,MBP16,138,2025,8,9,5,221,1,1,0,159.0,147.0,101.0,164.14285714285714,131.36666666666667
2025-08-10,MBP16,145,2025,8,10,6,222,1,1,0,138.0,114.0,98.0,162.85714285714286,130.73333333333332
2025-08-11,MBP16,164,2025,8,11,0,223,0,1,0,145.0,184.0,113.0,167.28571428571428,131.63333333333333
2025-08-12,MBP16,262,2025,8,12,1,224,0,1,0,164.0,195.0,132.0,164.42857142857142,133.66666666666666
2025-08-13,MBP16,185,2025,8,13,2,225,0,1,0,262.0,166.0,116.0,174.0,139.7
2025-08-14,MBP16,162,2025,8,14,3,226,0,1,0,185.0,184.0,202.0,176.71428571428572,142.4
2025-08-15,MBP16,168,2025,8,15,4,227,0,1,0,162.0,159.0,157.0,173.57142857142858,144.2
2025-08-16,MBP16,135,2025,8,16,5,228,1,1,0,168.0,138.0,147.0,174.85714285714286,146.23333333333332
2025-08-17,MBP16,154,2025,8,17,6,229,1,1,0,135.0,145.0,114.0,174.42857142857142,145.93333333333334
2025-08-18,MBP16,161,2025,8,18,0,230,0,1,0,154.0,164.0,184.0,175.71428571428572,147.56666666666666
2025-08-19,MBP16,167,2025,8,19,1,231,0,1,0,161.0,262.0,195.0,175.28571428571428,148.96666666666667
2025-08-20,MBP16,163,2025,8,20,2,232,0,1,0,167.0,185.0,166.0,161.71428571428572,151.8
2025-08-21,MBP16,193,2025,8,21,3,233,0,1,0,163.0,162.0,184.0,158.57142857142858,153.06666666666666
2025-08-22,MBP16,185,2025,8,22,4,234,0,1,0,193.0,168.0,159.0,163.0,155.6
2025-08-23,MBP16,144,2025,8,23,5,235,1,1,0,185.0,135.0,138.0,165.42857142857142,157.26666666666668
2025-08-24,MBP16,149,2025,8,24,6,236,1,1,0,144.0,154.0,145.0,166.71428571428572,157.43333333333334
2025-08-25,MBP16,157,2025,8,25,0,237,0,1,0,149.0,161.0,164.0,166.0,158.1
2025-08-26,MBP16,178,2025,8,26,1,238,0,1,0,157.0,167.0,262.0,165.42857142857142,159.96666666666667
2025-08-27,MBP16,175,2025,8,27,2,239,0,1,0,178.0,163.0,185.0,167.0,162.63333333333333
2025-08-28,MBP16,253,2025,8,28,3,240,0,1,0,175.0,193.0,162.0,168.71428571428572,164.7
2025-08-29,MBP16,171,2025,8,29,4,241,0,1,0,253.0,185.0,168.0,177.28571428571428,168.73333333333332
2025-08-30,MBP16,153,2025,8,30,5,242,1,1,0,171.0,144.0,135.0,175.28571428571428,170.56666666666666
2025-08-31,MBP16,120,2025,8,31,6,243,1,1,0,153.0,149.0,154.0,176.57142857142858,168.93333333333334
2025-09-01,MBP16,160,2025,9,1,0,244,0,1,0,120.0,157.0,161.0,172.42857142857142,167.7
2025-09-02,MBP16,182,2025,9,2,1,245,0,1,0,160.0,178.0,167.0,172.85714285714286,168.13333333333333
2025-09-03,MBP16,172,2025,9,3,2,246,0,1,0,182.0,175.0,163.0,173.42857142857142,170.4
2025-09-04,MBP16,169,2025,9,4,3,247,0,1,0,172.0,253.0,193.0,173.0,170.0
2025-09-05,MBP16,185,2025,9,5,4,248,0,1,0,169.0,171.0,185.0,161.0,169.13333333333333
2025-09-06,MBP16,150,2025,9,6,5,249,1,1,0,185.0,153.0,144.0,163.0,169.76666666666668
2025-09-07,MBP16,140,2025,9,7,6,250,1,1,0,150.0,120.0,149.0,162.57142857142858,168.63333333333333
2025-09-08,MBP16,139,2025,9,8,0,251,0,1,0,140.0,160.0,157.0,165.42857142857142,168.0
2025-09-09,MBP16,170,2025,9,9,1,252,0,1,0,139.0,182.0,178.0,162.42857142857142,168.03333333333333
2025-09-10,MBP16,176,2025,9,10,2,253,0,1,0,170.0,172.0,175.0,160.71428571428572,168.86666666666667
2025-09-11,MBP16,147,2025,9,11,3,254,0,1,0,176.0,169.0,253.0,161.28571428571428,169.26666666666668
2025-09-12,MBP16,175,2025,9,12,4,255,0,1,0,147.0,185.0,171.0,158.14285714285714,165.43333333333334
2025-09-13,MBP16,154,2025,9,13,5,256,1,1,0,175.0,150.0,153.0,156.71428571428572,165.1
2025-09-14,MBP16,138,2025,9,14,6,257,1,1,0,154.0,140.0,120.0,157.28571428571428,164.83333333333334
2025-09-15,MBP16,157,2025,9,15,0,258,0,1,0,138.0,139.0,160.0,157.0,163.83333333333334
2025-09-16,MBP16,140,2025,9,16,1,259,0,1,0,157.0,170.0,182.0,159.57142857142858,164.56666666666666
2025-09-17,MBP16,176,2025,9,17,2,260,0,1,0,140.0,176.0,172.0,155.28571428571428,164.1
2025-09-18,MBP16,149,2025,9,18,3,261,0,1,0,176.0,147.0,169.0,155.28571428571428,164.6
2025-09-19,MBP16,178,2025,9,19,4,262,0,1,0,149.0,175.0,185.0,155.57142857142858,164.0
2025-09-20,MBP16,162,2025,9,20,5,263,1,1,0,178.0,154.0,150.0,156.0,164.5
2025-09-21,MBP16,109,2025,9,21,6,264,1,1,0,162.0,138.0,140.0,157.14285714285714,163.46666666666667
2025-09-22,MBP16,161,2025,9,22,0,265,0,1,0,109.0,157.0,139.0,153.0,160.93333333333334
2025-09-23,MBP16,167,2025,9,23,1,266,0,1,0,161.0,140.0,170.0,153.57142857142858,161.5
2025-09-24,MBP16,196,2025,9,24,2,267,0,1,0,167.0,176.0,176.0,157.42857142857142,162.1
2025-09-25,MBP16,172,2025,9,25,3,268,0,1,0,196.0,149.0,147.0,160.28571428571428,163.4
2025-09-26,MBP16,164,2025,9,26,4,269,0,1,0,172.0,178.0,175.0,163.57142857142858,163.2
2025-09-27,MBP16,151,2025,9,27,5,270,1,1,0,164.0,162.0,154.0,161.57142857142858,162.83333333333334
2025-09-28,MBP16,133,2025,9,28,6,271,1,1,0,151.0,109.0,138.0,160.0,159.43333333333334
2025-09-29,MBP16,160,2025,9,29,0,272,0,1,0,133.0,161.0,157.0,163.42857142857142,158.16666666666666
2025-09-30,MBP16,178,2025,9,30,1,273,0,1,0,160.0,167.0,140.0,163.28571428571428,158.4
2025-10-01,MBP16,141,2025,10,1,2,274,0,0,0,178.0,196.0,176.0,164.85714285714286,160.33333333333334
2025-10-02,MBP16,93,2025,10,2,3,275,0,0,0,141.0,172.0,149.0,157.0,159.7
2025-10-03,MBP16,116,2025,10,3,4,276,0,0,0,93.0,164.0,178.0,145.71428571428572,156.73333333333332
2025-10-04,MBP16,105,2025,10,4,5,277,1,0,0,116.0,151.0,162.0,138.85714285714286,154.86666666666667
2025-10-05,MBP16,100,2025,10,5,6,278,1,0,0,105.0,133.0,109.0,132.28571428571428,152.73333333333332
2025-10-06,MBP16,126,2025,10,6,0,279,0,0,0,100.0,160.0,161.0,127.57142857142857,149.9
2025-10-07,MBP16,113,2025,10,7,1,280,0,0,0,126.0,178.0,167.0,122.71428571428571,149.1
2025-10-08,MBP16,135,2025,10,8,2,281,0,0,0,113.0,141.0,196.0,113.42857142857143,148.2
2025-10-09,MBP16,224,2025,10,9,3,282,0,0,0,135.0,93.0,172.0,112.57142857142857,148.06666666666666
2025-10-10,MBP16,133,2025,10,10,4,283,0,0,0,224.0,116.0,164.0,131.28571428571428,149.86666666666667
2025-10-11,MBP16,96,2025,10,11,5,284,1,0,0,133.0,105.0,151.0,133.71428571428572,148.43333333333334
2025-10-12,MBP16,86,2025,10,12,6,285,1,0,0,96.0,100.0,133.0,132.42857142857142,146.73333333333332
2025-10-13,MBP16,119,2025,10,13,0,286,0,0,0,86.0,126.0,160.0,130.42857142857142,143.76666666666668
2025-10-14,MBP16,127,2025,10,14,1,287,0,0,0,119.0,113.0,178.0,129.42857142857142,142.6
2025-10-15,MBP16,123,2025,10,15,2,288,0,0,0,127.0,135.0,141.0,131.42857142857142,142.23333333333332
2025-10-16,MBP16,111,2025,10,16,3,289,0,0,0,123.0,224.0,93.0,129.71428571428572,141.1
2025-10-17,MBP16,109,2025,10,17,4,290,0,0,0,111.0,133.0,116.0,113.57142857142857,140.13333333333333
2025-10-18,MBP16,92,2025,10,18,5,291,1,0,0,109.0,96.0,105.0,110.14285714285714,137.9
2025-10-19,MBP16,111,2025,10,19,6,292,1,0,0,92.0,86.0,100.0,109.57142857142857,136.0
2025-10-20,MBP16,122,2025,10,20,0,293,0,0,0,111.0,119.0,126.0,113.14285714285714,133.76666666666668
2025-10-21,MBP16,140,2025,10,21,1,294,0,0,0,122.0,127.0,113.0,113.57142857142857,132.43333333333334
2025-10-22,MBP16,120,2025,10,22,2,295,0,0,0,140.0,123.0,135.0,115.42857142857143,133.46666666666667
2025-10-23,MBP16,137,2025,10,23,3,296,0,0,0,120.0,111.0,224.0,115.0,132.1
2025-10-24,MBP16,136,2025,10,24,4,297,0,0,0,137.0,109.0,133.0,118.71428571428571,131.1
2025-10-25,MBP16,98,2025,10,25,5,298,1,0,0,136.0,92.0,96.0,122.57142857142857,129.1
2025-10-26,MBP16,126,2025,10,26,6,299,1,0,0,98.0,111.0,86.0,123.42857142857143,126.63333333333334
2025-10-27,MBP16,138,2025,10,27,0,300,0,0,0,126.0,122.0,119.0,125.57142857142857,125.36666666666666
2025-10-28,MBP16,142,2025,10,28,1,301,0,0,0,138.0,140.0,127.0,127.85714285714286,124.93333333333334
2025-10-29,MBP16,137,2025,10,29,2,302,0,0,0,142.0,120.0,123.0,128.14285714285714,125.23333333333333
2025-10-30,MBP16,122,2025,10,30,3,303,0,0,0,137.0,137.0,111.0,130.57142857142858,124.46666666666667
2025-10-31,MBP16,148,2025,10,31,4,304,0,0,0,122.0,136.0,109.0,128.42857142857142,122.6
2025-11-01,MBP16,161,2025,11,1,5,305,1,0,1,148.0,98.0,92.0,130.14285714285714,122.83333333333333
2025-11-02,MBP16,151,2025,11,2,6,306,1,0,1,161.0,126.0,111.0,139.14285714285714,125.1
2025-11-03,MBP16,198,2025,11,3,0,307,0,0,1,151.0,138.0,122.0,142.71428571428572,126.26666666666667
2025-11-04,MBP16,199,2025,11,4,1,308,0,0,1,198.0,142.0,140.0,151.28571428571428,129.36666666666667
2025-11-05,MBP16,197,2025,11,5,2,309,0,0,1,199.0,137.0,120.0,159.42857142857142,132.66666666666666
2025-11-06,MBP16,182,2025,11,6,3,310,0,0,1,197.0,122.0,137.0,168.0,135.03333333333333
2025-11-07,MBP16,169,2025,11,7,4,311,0,0,1,182.0,148.0,136.0,176.57142857142858,137.33333333333334
2025-11-08,MBP16,159,2025,11,8,5,312,1,0,1,169.0,161.0,98.0,179.57142857142858,138.46666666666667
2025-11-09,MBP16,151,2025,11,9,6,313,1,0,1,159.0,151.0,126.0,179.28571428571428,136.3
2025-11-10,MBP16,169,2025,11,10,0,314,0,0,1,151.0,198.0,138.0,179.28571428571428,136.9
2025-11-11,MBP16,185,2025,11,11,1,315,0,0,1,169.0,199.0,142.0,175.14285714285714,139.33333333333334
2025-11-12,MBP16,189,2025,11,12,2,316,0,0,1,185.0,197.0,137.0,173.14285714285714,142.63333333333333
2025-11-13,MBP16,185,2025,11,13,3,317,0,0,1,189.0,182.0,122.0,172.0,144.96666666666667
2025-11-14,MBP16,153,2025,11,14,4,318,0,0,1,185.0,169.0,148.0,172.42857142857142,146.9
2025-11-15,MBP16,155,2025,11,15,5,319,1,0,1,153.0,159.0,161.0,170.14285714285714,147.9
2025-11-16,MBP16,143,2025,11,16,6,320,1,0,1,155.0,151.0,151.0,169.57142857142858,149.36666666666667
2025-11-17,MBP16,180,2025,11,17,0,321,0,0,1,143.0,169.0,198.0,168.42857142857142,150.5
2025-11-18,MBP16,191,2025,11,18,1,322,0,0,1,180.0,185.0,199.0,170.0,153.43333333333334
2025-11-19,MBP16,144,2025,11,19,2,323,0,0,1,191.0,189.0,197.0,170.85714285714286,156.1
2025-11-20,MBP16,167,2025,11,20,3,324,0,0,1,144.0,185.0,182.0,164.42857142857142,156.83333333333334
2025-11-21,MBP16,275,2025,11,21,4,325,0,0,1,167.0,153.0,169.0,161.85714285714286,157.73333333333332
2025-11-22,MBP16,208,2025,11,22,5,326,1,0,1,275.0,155.0,159.0,179.28571428571428,162.9
2025-11-23,MBP16,159,2025,11,23,6,327,1,0,1,208.0,143.0,151.0,186.85714285714286,165.26666666666668
2025-11-24,MBP16,191,2025,11,24,0,328,0,0,1,159.0,180.0,169.0,189.14285714285714,166.03333333333333
2025-11-25,MBP16,186,2025,11,25,1,329,0,0,1,191.0,191.0,185.0,190.71428571428572,169.13333333333333
2025-11-26,MBP16,181,2025,11,26,2,330,0,0,1,186.0,144.0,189.0,190.0,171.13333333333333
2025-11-27,MBP16,189,2025,11,27,3,331,0,0,1,181.0,167.0,185.0,195.28571428571428,172.56666666666666
2025-11-28,MBP16,185,2025,11,28,4,332,0,0,1,189.0,275.0,153.0,198.42857142857142,174.13333333333333
2025-11-29,MBP16,129,2025,11,29,5,333,1,0,1,185.0,208.0,155.0,185.57142857142858,175.73333333333332
2025-11-30,MBP16,168,2025,11,30,6,334,1,0,1,129.0,159.0,143.0,174.28571428571428,175.96666666666667
2025-12-01,MBP16,80,2025,12,1,0,335,0,0,1,168.0,191.0,180.0,175.57142857142858,176.63333333333333
2025-12-02,MBP16,190,2025,12,2,1,336,0,0,1,80.0,186.0,191.0,159.71428571428572,173.93333333333334
2025-12-03,MBP16,195,2025,12,3,2,337,0,0,1,190.0,181.0,144.0,160.28571428571428,175.23333333333332
2025-12-04,MBP16,193,2025,12,4,3,338,0,0,1,195.0,189.0,167.0,162.28571428571428,175.13333333333333
2025-12-05,MBP16,184,2025,12,5,4,339,0,0,1,193.0,185.0,275.0,162.85714285714286,174.93333333333334
2025-12-06,MBP16,120,2025,12,6,5,340,1,0,1,184.0,129.0,208.0,162.71428571428572,174.5
2025-12-07,MBP16,201,2025,12,7,6,341,1,0,1,120.0,168.0,159.0,161.42857142857142,172.43333333333334
2025-12-08,MBP16,192,2025,12,8,0,342,0,0,1,201.0,80.0,191.0,166.14285714285714,173.5
2025-12-09,MBP16,162,2025,12,9,1,343,0,0,1,192.0,190.0,186.0,182.14285714285714,174.6
2025-12-10,MBP16,174,2025,12,10,2,344,0,0,1,162.0,195.0,181.0,178.14285714285714,174.96666666666667
2025-12-11,MBP16,202,2025,12,11,3,345,0,0,1,174.0,193.0,189.0,175.14285714285714,175.13333333333333
2025-12-12,MBP16,163,2025,12,12,4,346,0,0,1,202.0,184.0,185.0,176.42857142857142,175.7
2025-12-13,MBP16,150,2025,12,13,5,347,1,0,1,163.0,120.0,129.0,173.42857142857142,174.83333333333334
2025-12-14,MBP16,159,2025,12,14,6,348,1,0,1,150.0,201.0,168.0,177.71428571428572,173.66666666666666
2025-12-15,MBP16,181,2025,12,15,0,349,0,0,1,159.0,192.0,80.0,171.71428571428572,173.86666666666667
2025-12-16,MBP16,179,2025,12,16,1,350,0,0,1,181.0,162.0,190.0,170.14285714285714,174.73333333333332
2025-12-17,MBP16,194,2025,12,17,2,351,0,0,1,179.0,174.0,195.0,172.57142857142858,175.93333333333334
2025-12-18,MBP16,72,2025,12,18,3,352,0,0,1,194.0,202.0,193.0,175.42857142857142,176.4
2025-12-19,MBP16,187,2025,12,19,4,353,0,0,1,72.0,163.0,184.0,156.85714285714286,172.43333333333334
2025-12-20,MBP16,154,2025,12,20,5,354,1,0,1,187.0,150.0,120.0,160.28571428571428,173.86666666666667
2025-12-21,MBP16,150,2025,12,21,6,355,1,0,1,154.0,159.0,201.0,160.85714285714286,173.43333333333334
2025-12-22,MBP16,180,2025,12,22,0,356,0,0,1,150.0,181.0,192.0,159.57142857142858,169.26666666666668
2025-12-23,MBP16,199,2025,12,23,1,357,0,0,1,180.0,179.0,162.0,159.42857142857142,168.33333333333334
2025-12-24,MBP16,287,2025,12,24,2,358,0,0,1,199.0,194.0,174.0,162.28571428571428,169.66666666666666
2025-12-25,MBP16,196,2025,12,25,3,359,0,0,1,287.0,72.0,202.0,175.57142857142858,172.86666666666667
2025-12-26,MBP16,185,2025,12,26,4,360,0,0,1,196.0,187.0,163.0,193.28571428571428,173.2
2025-12-27,MBP16,143,2025,12,27,5,361,1,0,1,185.0,154.0,150.0,193.0,173.33333333333334
2025-12-28,MBP16,168,2025,12,28,6,362,1,0,1,143.0,150.0,159.0,191.42857142857142,171.8
2025-12-29,MBP16,306,2025,12,29,0,363,0,0,1,168.0,180.0,181.0,194.0,171.23333333333332
2025-12-30,MBP16,164,2025,12,30,1,364,0,0,1,306.0,199.0,179.0,212.0,177.13333333333333
2025-12-31,MBP16,168,2025,12,31,2,365,0,0,1,164.0,287.0,194.0,207.0,177.0
