date,sku_id,units_sold,is_promo,is_stockout
2022-01-01,MBA13,222,0,0
2022-01-02,MBA13,242,0,0
2022-01-03,MBA13,313,1,0
2022-01-04,MBA13,308,0,0
2022-01-05,MBA13,301,1,0
2022-01-06,MBA13,287,0,0
2022-01-07,MBA13,257,0,0
2022-01-08,MBA13,251,0,0
2022-01-09,MBA13,232,0,0
2022-01-10,MBA13,284,0,0
2022-01-11,MBA13,285,0,0
2022-01-12,MBA13,302,0,0
2022-01-13,MBA13,296,0,0
2022-01-14,MBA13,287,0,0
2022-01-15,MBA13,587,1,0
2022-01-16,MBA13,608,1,0
2022-01-17,MBA13,280,0,0
2022-01-18,MBA13,292,0,0
2022-01-19,MBA13,305,1,0
2022-01-20,MBA13,299,0,0
2022-01-21,MBA13,333,0,0
2022-01-22,MBA13,255,0,0
2022-01-23,MBA13,193,0,1
2022-01-24,MBA13,306,0,0
2022-01-25,MBA13,295,1,0
2022-01-26,MBA13,272,0,0
2022-01-27,MBA13,275,0,0
2022-01-28,MBA13,282,0,0
2022-01-29,MBA13,246,0,0
2022-01-30,MBA13,250,0,0
2022-01-31,MBA13,291,0,0
2022-02-01,MBA13,285,0,0
2022-02-02,MBA13,273,0,0
2022-02-03,MBA13,324,1,0
2022-02-04,MBA13,311,0,0
2022-02-05,MBA13,225,0,0
2022-02-06,MBA13,223,0,0
2022-02-07,MBA13,293,0,0
2022-02-08,MBA13,315,0,0
2022-02-09,MBA13,299,0,0
2022-02-10,MBA13,288,0,0
2022-02-11,MBA13,293,0,0
2022-02-12,MBA13,575,1,0
2022-02-13,MBA13,253,0,0
2022-02-14,MBA13,287,0,0
2022-02-15,MBA13,273,0,0
2022-02-16,MBA13,291,0,0
2022-02-17,MBA13,288,0,0
2022-02-18,MBA13,301,0,0
2022-02-19,MBA13,254,0,0
2022-02-20,MBA13,257,0,0
2022-02-21,MBA13,296,0,0
2022-02-22,MBA13,290,0,0
2022-02-23,MBA13,289,0,0
2022-02-24,MBA13,257,0,0
2022-02-25,MBA13,299,0,0
2022-02-26,MBA13,244,0,0
2022-02-27,MBA13,236,0,0
2022-02-28,MBA13,281,0,0
2022-03-01,MBA13,255,0,1
2022-03-02,MBA13,235,0,1
2022-03-03,MBA13,271,0,0
2022-03-04,MBA13,295,0,0
2022-03-05,MBA13,232,0,0
2022-03-06,MBA13,602,1,0
2022-03-07,MBA13,290,0,0
2022-03-08,MBA13,299,0,0
2022-03-09,MBA13,294,0,0
2022-03-10,MBA13,283,0,0
2022-03-11,MBA13,305,0,0
2022-03-12,MBA13,258,0,0
2022-03-13,MBA13,257,0,0
2022-03-14,MBA13,302,1,0
2022-03-15,MBA13,307,0,0
2022-03-16,MBA13,333,1,0
2022-03-17,MBA13,321,1,0
2022-03-18,MBA13,303,0,0
2022-03-19,MBA13,221,0,0
2022-03-20,MBA13,247,0,0
2022-03-21,MBA13,292,0,0
2022-03-22,MBA13,289,0,0
2022-03-23,MBA13,302,0,0
2022-03-24,MBA13,313,0,0
2022-03-25,MBA13,330,0,0
2022-03-26,MBA13,575,1,0
2022-03-27,MBA13,255,0,0
2022-03-28,MBA13,303,0,0
2022-03-29,MBA13,326,1,0
2022-03-30,MBA13,297,0,0
2022-03-31,MBA13,321,1,0
2022-04-01,MBA13,296,0,0
2022-04-02,MBA13,221,0,0
2022-04-03,MBA13,248,0,0
2022-04-04,MBA13,281,0,0
2022-04-05,MBA13,305,0,0
2022-04-06,MBA13,312,0,0
2022-04-07,MBA13,282,0,0
2022-04-08,MBA13,296,0,0
2022-04-09,MBA13,250,0,0
2022-04-10,MBA13,235,0,0
2022-04-11,MBA13,332,0,0
2022-04-12,MBA13,295,0,0
2022-04-13,MBA13,281,0,0
2022-04-14,MBA13,322,1,0
2022-04-15,MBA13,292,0,0
2022-04-16,MBA13,201,0,1
2022-04-17,MBA13,184,0,1
2022-04-18,MBA13,305,0,0
2022-04-19,MBA13,281,0,0
2022-04-20,MBA13,287,0,0
2022-04-21,MBA13,303,0,0
2022-04-22,MBA13,333,1,0
2022-04-23,MBA13,253,0,0
2022-04-24,MBA13,239,0,0
2022-04-25,MBA13,281,0,0
2022-04-26,MBA13,313,0,0
2022-04-27,MBA13,298,0,0
2022-04-28,MBA13,298,0,0
2022-04-29,MBA13,314,0,0
2022-04-30,MBA13,238,0,0
2022-05-01,MBA13,241,0,0
2022-05-02,MBA13,296,0,0
2022-05-03,MBA13,296,0,0
2022-05-04,MBA13,297,1,0
2022-05-05,MBA13,269,0,0
2022-05-06,MBA13,299,0,0
2022-05-07,MBA13,582,1,0
2022-05-08,MBA13,233,0,0
2022-05-09,MBA13,302,0,0
2022-05-10,MBA13,291,1,0
2022-05-11,MBA13,342,1,0
2022-05-12,MBA13,320,0,0
2022-05-13,MBA13,294,0,0
2022-05-14,MBA13,244,0,0
2022-05-15,MBA13,232,0,0
2022-05-16,MBA13,285,1,0
2022-05-17,MBA13,298,1,0
2022-05-18,MBA13,317,0,0
2022-05-19,MBA13,298,0,0
2022-05-20,MBA13,271,0,0
2022-05-21,MBA13,243,0,0
2022-05-22,MBA13,261,0,0
2022-05-23,MBA13,284,0,0
2022-05-24,MBA13,276,0,0
2022-05-25,MBA13,305,1,0
2022-05-26,MBA13,335,1,0
2022-05-27,MBA13,276,0,0
2022-05-28,MBA13,237,0,0
2022-05-29,MBA13,260,0,0
2022-05-30,MBA13,327,1,0
2022-05-31,MBA13,295,0,0
2022-06-01,MBA13,327,0,0
2022-06-02,MBA13,291,0,0
2022-06-03,MBA13,295,0,0
2022-06-04,MBA13,211,0,0
2022-06-05,MBA13,256,0,0
2022-06-06,MBA13,304,0,0
2022-06-07,MBA13,295,0,0
2022-06-08,MBA13,228,0,1
2022-06-09,MBA13,297,0,0
2022-06-10,MBA13,285,0,0
2022-06-11,MBA13,233,0,0
2022-06-12,MBA13,243,0,0
2022-06-13,MBA13,302,0,0
2022-06-14,MBA13,302,0,0
2022-06-15,MBA13,284,0,0
2022-06-16,MBA13,210,0,1
2022-06-17,MBA13,277,0,0
2022-06-18,MBA13,260,0,0
2022-06-19,MBA13,232,0,0
2022-06-20,MBA13,294,0,0
2022-06-21,MBA13,307,0,0
2022-06-22,MBA13,291,0,0
2022-06-23,MBA13,321,1,0
2022-06-24,MBA13,290,0,0
2022-06-25,MBA13,182,0,1
2022-06-26,MBA13,217,0,1
2022-06-27,MBA13,309,0,0
2022-06-28,MBA13,311,0,0
2022-06-29,MBA13,277,0,0
2022-06-30,MBA13,284,0,0
2022-07-01,MBA13,294,0,0
2022-07-02,MBA13,234,0,0
2022-07-03,MBA13,249,0,0
2022-07-04,MBA13,303,0,0
2022-07-05,MBA13,313,0,0
2022-07-06,MBA13,303,1,0
2022-07-07,MBA13,297,0,0
2022-07-08,MBA13,310,0,0
2022-07-09,MBA13,231,0,0
2022-07-10,MBA13,181,0,1
2022-07-11,MBA13,328,1,0
2022-07-12,MBA13,265,0,0
2022-07-13,MBA13,316,0,0
2022-07-14,MBA13,290,0,0
2022-07-15,MBA13,294,0,0
2022-07-16,MBA13,613,1,0
2022-07-17,MBA13,249,0,0
2022-07-18,MBA13,215,0,1
2022-07-19,MBA13,282,0,0
2022-07-20,MBA13,295,0,0
2022-07-21,MBA13,249,0,1
2022-07-22,MBA13,315,1,0
2022-07-23,MBA13,239,0,0
2022-07-24,MBA13,232,0,0
2022-07-25,MBA13,320,0,0
2022-07-26,MBA13,292,0,0
2022-07-27,MBA13,308,0,0
2022-07-28,MBA13,292,0,0
2022-07-29,MBA13,275,0,0
2022-07-30,MBA13,211,0,0
2022-07-31,MBA13,243,0,0
2022-08-01,MBA13,407,0,0
2022-08-02,MBA13,418,0,0
2022-08-03,MBA13,396,0,0
2022-08-04,MBA13,393,0,0
2022-08-05,MBA13,322,0,1
2022-08-06,MBA13,306,0,0
2022-08-07,MBA13,261,0,1
2022-08-08,MBA13,401,0,0
2022-08-09,MBA13,395,0,0
2022-08-10,MBA13,396,0,0
2022-08-11,MBA13,418,0,0
2022-08-12,MBA13,401,0,0
2022-08-13,MBA13,317,0,0
2022-08-14,MBA13,299,0,0
2022-08-15,MBA13,298,0,1
2022-08-16,MBA13,404,0,0
2022-08-17,MBA13,385,0,0
2022-08-18,MBA13,393,0,0
2022-08-19,MBA13,399,0,0
2022-08-20,MBA13,343,0,0
2022-08-21,MBA13,336,0,0
2022-08-22,MBA13,399,0,0
2022-08-23,MBA13,418,0,0
2022-08-24,MBA13,409,0,0
2022-08-25,MBA13,373,0,0
2022-08-26,MBA13,417,0,0
2022-08-27,MBA13,324,0,0
2022-08-28,MBA13,291,0,0
2022-08-29,MBA13,411,0,0
2022-08-30,MBA13,402,0,0
2022-08-31,MBA13,397,0,0
2022-09-01,MBA13,408,0,0
2022-09-02,MBA13,397,0,0
2022-09-03,MBA13,327,0,0
2022-09-04,MBA13,320,0,0
2022-09-05,MBA13,396,0,0
2022-09-06,MBA13,381,0,0
2022-09-07,MBA13,404,0,0
2022-09-08,MBA13,426,0,0
2022-09-09,MBA13,392,0,0
2022-09-10,MBA13,310,0,0
2022-09-11,MBA13,795,1,0
2022-09-12,MBA13,377,0,0
2022-09-13,MBA13,394,0,0
2022-09-14,MBA13,395,0,0
2022-09-15,MBA13,397,0,0
2022-09-16,MBA13,409,0,0
2022-09-17,MBA13,313,0,0
2022-09-18,MBA13,314,0,0
2022-09-19,MBA13,380,0,0
2022-09-20,MBA13,388,0,0
2022-09-21,MBA13,366,0,0
2022-09-22,MBA13,429,1,0
2022-09-23,MBA13,383,0,0
2022-09-24,MBA13,308,0,0
2022-09-25,MBA13,322,0,0
2022-09-26,MBA13,386,0,0
2022-09-27,MBA13,384,0,0
2022-09-28,MBA13,402,1,0
2022-09-29,MBA13,388,0,0
2022-09-30,MBA13,400,0,0
2022-10-01,MBA13,251,0,0
2022-10-02,MBA13,226,0,0
2022-10-03,MBA13,294,0,0
2022-10-04,MBA13,288,0,0
2022-10-05,MBA13,316,0,0
2022-10-06,MBA13,314,0,0
2022-10-07,MBA13,276,0,0
2022-10-08,MBA13,238,0,0
2022-10-09,MBA13,240,0,0
2022-10-10,MBA13,288,0,0
2022-10-11,MBA13,285,0,0
2022-10-12,MBA13,282,0,0
2022-10-13,MBA13,286,0,0
2022-10-14,MBA13,274,1,0
2022-10-15,MBA13,200,0,1
2022-10-16,MBA13,243,0,0
2022-10-17,MBA13,293,0,0
2022-10-18,MBA13,284,0,0
2022-10-19,MBA13,287,0,0
2022-10-20,MBA13,323,0,0
2022-10-21,MBA13,317,0,0
2022-10-22,MBA13,230,0,0
2022-10-23,MBA13,224,0,0
2022-10-24,MBA13,288,0,0
2022-10-25,MBA13,290,0,0
2022-10-26,MBA13,278,0,0
2022-10-27,MBA13,298,0,0
2022-10-28,MBA13,292,0,0
2022-10-29,MBA13,232,0,0
2022-10-30,MBA13,587,1,0
2022-10-31,MBA13,305,0,0
2022-11-01,MBA13,416,0,0
2022-11-02,MBA13,460,0,0
2022-11-03,MBA13,429,0,0
2022-11-04,MBA13,428,0,0
2022-11-05,MBA13,870,1,0
2022-11-06,MBA13,367,0,0
2022-11-07,MBA13,418,0,0
2022-11-08,MBA13,435,0,0
2022-11-09,MBA13,434,0,0
2022-11-10,MBA13,441,0,0
2022-11-11,MBA13,423,0,0
2022-11-12,MBA13,358,0,0
2022-11-13,MBA13,336,0,0
2022-11-14,MBA13,395,0,0
2022-11-15,MBA13,404,0,0
2022-11-16,MBA13,427,0,0
2022-11-17,MBA13,439,0,0
2022-11-18,MBA13,428,0,0
2022-11-19,MBA13,347,0,0
2022-11-20,MBA13,353,0,0
2022-11-21,MBA13,433,0,0
2022-11-22,MBA13,444,0,0
2022-11-23,MBA13,419,0,0
2022-11-24,MBA13,432,0,0
2022-11-25,MBA13,447,0,0
2022-11-26,MBA13,351,0,0
2022-11-27,MBA13,363,0,0
2022-11-28,MBA13,420,0,0
2022-11-29,MBA13,440,0,0
2022-11-30,MBA13,440,0,0
2022-12-01,MBA13,403,0,0
2022-12-02,MBA13,430,0,0
2022-12-03,MBA13,347,0,0
2022-12-04,MBA13,357,0,0
2022-12-05,MBA13,429,0,0
2022-12-06,MBA13,463,0,0
2022-12-07,MBA13,473,1,0
2022-12-08,MBA13,435,0,0
2022-12-09,MBA13,430,0,0
2022-12-10,MBA13,329,0,0
2022-12-11,MBA13,348,0,0
2022-12-12,MBA13,428,0,0
2022-12-13,MBA13,462,0,0
2022-12-14,MBA13,434,0,0
2022-12-15,MBA13,463,1,0
2022-12-16,MBA13,439,1,0
2022-12-17,MBA13,357,0,0
2022-12-18,MBA13,313,0,0
2022-12-19,MBA13,444,0,0
2022-12-20,MBA13,415,0,0
2022-12-21,MBA13,411,0,0
2022-12-22,MBA13,424,0,0
2022-12-23,MBA13,438,0,0
2022-12-24,MBA13,343,0,0
2022-12-25,MBA13,331,0,0
2022-12-26,MBA13,92,0,1
2022-12-27,MBA13,415,0,0
2022-12-28,MBA13,83,0,1
2022-12-29,MBA13,417,0,0
2022-12-30,MBA13,428,0,0
2022-12-31,MBA13,343,0,0
2023-01-01,MBA13,247,0,0
2023-01-02,MBA13,354,1,0
2023-01-03,MBA13,302,1,0
2023-01-04,MBA13,322,0,0
2023-01-05,MBA13,266,0,0
2023-01-06,MBA13,286,0,0
2023-01-07,MBA13,248,0,0
2023-01-08,MBA13,243,0,0
2023-01-09,MBA13,310,0,0
2023-01-10,MBA13,298,0,0
2023-01-11,MBA13,302,0,0
2023-01-12,MBA13,302,0,0
2023-01-13,MBA13,303,0,0
2023-01-14,MBA13,247,0,0
2023-01-15,MBA13,243,0,0
2023-01-16,MBA13,298,0,0
2023-01-17,MBA13,300,0,0
2023-01-18,MBA13,306,0,0
2023-01-19,MBA13,306,0,0
2023-01-20,MBA13,294,0,0
2023-01-21,MBA13,232,0,0
2023-01-22,MBA13,589,1,0
2023-01-23,MBA13,328,0,0
2023-01-24,MBA13,285,0,0
2023-01-25,MBA13,291,0,0
2023-01-26,MBA13,313,0,0
2023-01-27,MBA13,283,0,0
2023-01-28,MBA13,221,0,0
2023-01-29,MBA13,238,0,0
2023-01-30,MBA13,316,0,0
2023-01-31,MBA13,302,0,0
2023-02-01,MBA13,333,0,0
2023-02-02,MBA13,312,0,0
2023-02-03,MBA13,285,0,0
2023-02-04,MBA13,247,0,0
2023-02-05,MBA13,590,1,0
2023-02-06,MBA13,311,0,0
2023-02-07,MBA13,296,0,0
2023-02-08,MBA13,325,1,0
2023-02-09,MBA13,326,0,0
2023-02-10,MBA13,325,0,0
2023-02-11,MBA13,243,0,0
2023-02-12,MBA13,256,0,0
2023-02-13,MBA13,298,0,0
2023-02-14,MBA13,306,0,0
2023-02-15,MBA13,281,0,0
2023-02-16,MBA13,292,0,0
2023-02-17,MBA13,311,0,0
2023-02-18,MBA13,221,0,0
2023-02-19,MBA13,246,0,0
2023-02-20,MBA13,305,0,0
2023-02-21,MBA13,326,1,0
2023-02-22,MBA13,297,1,0
2023-02-23,MBA13,279,0,0
2023-02-24,MBA13,317,0,0
2023-02-25,MBA13,248,0,0
2023-02-26,MBA13,240,0,0
2023-02-27,MBA13,281,0,0
2023-02-28,MBA13,297,0,0
2023-03-01,MBA13,288,0,0
2023-03-02,MBA13,316,0,0
2023-03-03,MBA13,284,0,0
2023-03-04,MBA13,242,0,0
2023-03-05,MBA13,257,0,0
2023-03-06,MBA13,311,0,0
2023-03-07,MBA13,296,0,0
2023-03-08,MBA13,312,0,0
2023-03-09,MBA13,314,0,0
2023-03-10,MBA13,320,1,0
2023-03-11,MBA13,251,0,0
2023-03-12,MBA13,193,0,1
2023-03-13,MBA13,319,0,0
2023-03-14,MBA13,302,0,0
2023-03-15,MBA13,283,0,0
2023-03-16,MBA13,310,0,0
2023-03-17,MBA13,303,1,0
2023-03-18,MBA13,263,0,0
2023-03-19,MBA13,619,1,0
2023-03-20,MBA13,276,0,0
2023-03-21,MBA13,315,0,0
2023-03-22,MBA13,307,0,0
2023-03-23,MBA13,313,0,0
2023-03-24,MBA13,303,0,0
2023-03-25,MBA13,213,0,1
2023-03-26,MBA13,236,0,0
2023-03-27,MBA13,316,0,0
2023-03-28,MBA13,247,0,1
2023-03-29,MBA13,279,0,0
2023-03-30,MBA13,278,0,0
2023-03-31,MBA13,299,0,0
2023-04-01,MBA13,234,0,0
2023-04-02,MBA13,218,0,0
2023-04-03,MBA13,286,0,0
2023-04-04,MBA13,300,0,0
2023-04-05,MBA13,291,0,0
2023-04-06,MBA13,335,0,0
2023-04-07,MBA13,294,0,0
2023-04-08,MBA13,212,0,1
2023-04-09,MBA13,268,0,0
2023-04-10,MBA13,296,0,0
2023-04-11,MBA13,294,0,0
2023-04-12,MBA13,296,0,0
2023-04-13,MBA13,240,0,1
2023-04-14,MBA13,298,0,0
2023-04-15,MBA13,229,0,0
2023-04-16,MBA13,250,0,0
2023-04-17,MBA13,298,0,0
2023-04-18,MBA13,336,0,0
2023-04-19,MBA13,316,0,0
2023-04-20,MBA13,313,1,0
2023-04-21,MBA13,311,0,0
2023-04-22,MBA13,253,0,0
2023-04-23,MBA13,260,0,0
2023-04-24,MBA13,293,1,0
2023-04-25,MBA13,285,0,0
2023-04-26,MBA13,291,0,0
2023-04-27,MBA13,303,0,0
2023-04-28,MBA13,254,0,0
2023-04-29,MBA13,233,0,0
2023-04-30,MBA13,264,0,0
2023-05-01,MBA13,287,0,0
2023-05-02,MBA13,306,0,0
2023-05-03,MBA13,307,0,0
2023-05-04,MBA13,308,0,0
2023-05-05,MBA13,313,0,0
2023-05-06,MBA13,259,0,0
2023-05-07,MBA13,267,0,0
2023-05-08,MBA13,298,0,0
2023-05-09,MBA13,291,0,0
2023-05-10,MBA13,309,0,0
2023-05-11,MBA13,308,0,0
2023-05-12,MBA13,329,1,0
2023-05-13,MBA13,175,0,1
2023-05-14,MBA13,256,0,0
2023-05-15,MBA13,284,0,0
2023-05-16,MBA13,307,0,0
2023-05-17,MBA13,297,0,0
2023-05-18,MBA13,259,0,1
2023-05-19,MBA13,283,0,0
2023-05-20,MBA13,248,0,0
2023-05-21,MBA13,619,1,0
2023-05-22,MBA13,298,0,0
2023-05-23,MBA13,305,0,0
2023-05-24,MBA13,296,0,0
2023-05-25,MBA13,305,0,0
2023-05-26,MBA13,247,0,1
2023-05-27,MBA13,605,1,0
2023-05-28,MBA13,611,1,0
2023-05-29,MBA13,274,0,0
2023-05-30,MBA13,279,0,0
2023-05-31,MBA13,237,0,1
2023-06-01,MBA13,286,0,0
2023-06-02,MBA13,300,0,0
2023-06-03,MBA13,261,0,0
2023-06-04,MBA13,263,0,0
2023-06-05,MBA13,239,0,1
2023-06-06,MBA13,287,0,0
2023-06-07,MBA13,286,0,0
2023-06-08,MBA13,326,0,0
2023-06-09,MBA13,255,0,1
2023-06-10,MBA13,242,0,0
2023-06-11,MBA13,246,0,0
2023-06-12,MBA13,300,0,0
2023-06-13,MBA13,310,0,0
2023-06-14,MBA13,302,0,0
2023-06-15,MBA13,313,0,0
2023-06-16,MBA13,313,0,0
2023-06-17,MBA13,232,0,0
2023-06-18,MBA13,617,1,0
2023-06-19,MBA13,320,0,0
2023-06-20,MBA13,310,0,0
2023-06-21,MBA13,308,0,0
2023-06-22,MBA13,292,0,0
2023-06-23,MBA13,292,0,0
2023-06-24,MBA13,245,0,0
2023-06-25,MBA13,236,0,0
2023-06-26,MBA13,317,0,0
2023-06-27,MBA13,316,1,0
2023-06-28,MBA13,293,0,0
2023-06-29,MBA13,317,0,0
2023-06-30,MBA13,288,0,0
2023-07-01,MBA13,245,0,0
2023-07-02,MBA13,237,0,0
2023-07-03,MBA13,336,0,0
2023-07-04,MBA13,303,0,0
2023-07-05,MBA13,291,0,0
2023-07-06,MBA13,303,0,0
2023-07-07,MBA13,315,1,0
2023-07-08,MBA13,235,0,0
2023-07-09,MBA13,259,0,0
2023-07-10,MBA13,312,0,0
2023-07-11,MBA13,307,0,0
2023-07-12,MBA13,292,0,0
2023-07-13,MBA13,343,1,0
2023-07-14,MBA13,308,0,0
2023-07-15,MBA13,237,0,0
2023-07-16,MBA13,260,0,0
2023-07-17,MBA13,320,1,0
2023-07-18,MBA13,316,0,0
2023-07-19,MBA13,308,0,0
2023-07-20,MBA13,333,0,0
2023-07-21,MBA13,304,1,0
2023-07-22,MBA13,238,0,0
2023-07-23,MBA13,287,0,0
2023-07-24,MBA13,301,0,0
2023-07-25,MBA13,287,0,0
2023-07-26,MBA13,311,0,0
2023-07-27,MBA13,333,1,0
2023-07-28,MBA13,301,0,0
2023-07-29,MBA13,219,0,0
2023-07-30,MBA13,233,0,0
2023-07-31,MBA13,220,0,1
2023-08-01,MBA13,437,0,0
2023-08-02,MBA13,386,0,0
2023-08-03,MBA13,401,0,0
2023-08-04,MBA13,416,0,0
2023-08-05,MBA13,313,0,0
2023-08-06,MBA13,337,0,0
2023-08-07,MBA13,399,0,0
2023-08-08,MBA13,413,0,0
2023-08-09,MBA13,405,0,0
2023-08-10,MBA13,407,0,0
2023-08-11,MBA13,424,0,0
2023-08-12,MBA13,315,0,0
2023-08-13,MBA13,335,0,0
2023-08-14,MBA13,338,0,1
2023-08-15,MBA13,391,0,0
2023-08-16,MBA13,387,0,0
2023-08-17,MBA13,425,1,0
2023-08-18,MBA13,379,0,0
2023-08-19,MBA13,334,0,0
2023-08-20,MBA13,340,0,0
2023-08-21,MBA13,389,0,0
2023-08-22,MBA13,421,0,0
2023-08-23,MBA13,426,0,0
2023-08-24,MBA13,414,0,0
2023-08-25,MBA13,427,0,0
2023-08-26,MBA13,326,0,0
2023-08-27,MBA13,820,1,0
2023-08-28,MBA13,407,0,0
2023-08-29,MBA13,394,0,0
2023-08-30,MBA13,401,0,0
2023-08-31,MBA13,409,0,0
2023-09-01,MBA13,329,0,1
2023-09-02,MBA13,337,0,0
2023-09-03,MBA13,302,0,0
2023-09-04,MBA13,450,0,0
2023-09-05,MBA13,396,0,0
2023-09-06,MBA13,418,0,0
2023-09-07,MBA13,331,0,1
2023-09-08,MBA13,400,0,0
2023-09-09,MBA13,339,0,0
2023-09-10,MBA13,318,0,0
2023-09-11,MBA13,408,0,0
2023-09-12,MBA13,437,0,0
2023-09-13,MBA13,403,0,0
2023-09-14,MBA13,410,0,0
2023-09-15,MBA13,394,0,0
2023-09-16,MBA13,340,0,0
2023-09-17,MBA13,320,0,0
2023-09-18,MBA13,413,0,0
2023-09-19,MBA13,341,0,1
2023-09-20,MBA13,405,0,0
2023-09-21,MBA13,417,0,0
2023-09-22,MBA13,414,0,0
2023-09-23,MBA13,346,0,0
2023-09-24,MBA13,339,0,0
2023-09-25,MBA13,427,0,0
2023-09-26,MBA13,405,0,0
2023-09-27,MBA13,391,0,0
2023-09-28,MBA13,386,0,0
2023-09-29,MBA13,387,0,0
2023-09-30,MBA13,327,0,0
2023-10-01,MBA13,248,0,0
2023-10-02,MBA13,293,0,0
2023-10-03,MBA13,271,0,0
2023-10-04,MBA13,293,0,0
2023-10-05,MBA13,296,0,0
2023-10-06,MBA13,303,0,0
2023-10-07,MBA13,265,0,0
2023-10-08,MBA13,220,0,0
2023-10-09,MBA13,312,0,0
2023-10-10,MBA13,311,0,0
2023-10-11,MBA13,239,0,1
2023-10-12,MBA13,308,0,0
2023-10-13,MBA13,315,1,0
2023-10-14,MBA13,253,0,0
2023-10-15,MBA13,233,0,0
2023-10-16,MBA13,289,0,0
2023-10-17,MBA13,276,0,0
2023-10-18,MBA13,308,0,0
2023-10-19,MBA13,294,0,0
2023-10-20,MBA13,281,0,0
2023-10-21,MBA13,232,0,0
2023-10-22,MBA13,253,0,0
2023-10-23,MBA13,305,0,0
2023-10-24,MBA13,290,0,0
2023-10-25,MBA13,262,0,1
2023-10-26,MBA13,302,0,0
2023-10-27,MBA13,325,1,0
2023-10-28,MBA13,247,0,0
2023-10-29,MBA13,241,0,0
2023-10-30,MBA13,308,0,0
2023-10-31,MBA13,319,0,0
2023-11-01,MBA13,435,0,0
2023-11-02,MBA13,450,0,0
2023-11-03,MBA13,429,0,0
2023-11-04,MBA13,381,0,0
2023-11-05,MBA13,877,1,0
2023-11-06,MBA13,470,0,0
2023-11-07,MBA13,422,0,0
2023-11-08,MBA13,434,0,0
2023-11-09,MBA13,467,1,0
2023-11-10,MBA13,478,1,0
2023-11-11,MBA13,378,0,0
2023-11-12,MBA13,376,0,0
2023-11-13,MBA13,415,0,0
2023-11-14,MBA13,94,0,1
2023-11-15,MBA13,428,0,0
2023-11-16,MBA13,453,0,0
2023-11-17,MBA13,103,0,1
2023-11-18,MBA13,360,0,0
2023-11-19,MBA13,348,0,0
2023-11-20,MBA13,424,0,0
2023-11-21,MBA13,429,0,0
2023-11-22,MBA13,450,1,0
2023-11-23,MBA13,440,0,0
2023-11-24,MBA13,454,0,0
2023-11-25,MBA13,357,0,0
2023-11-26,MBA13,339,0,0
2023-11-27,MBA13,422,0,0
2023-11-28,MBA13,98,0,1
2023-11-29,MBA13,466,0,0
2023-11-30,MBA13,440,0,0
2023-12-01,MBA13,78,0,1
2023-12-02,MBA13,342,0,0
2023-12-03,MBA13,364,0,0
2023-12-04,MBA13,483,1,0
2023-12-05,MBA13,435,0,0
2023-12-06,MBA13,432,0,0
2023-12-07,MBA13,419,0,0
2023-12-08,MBA13,89,0,1
2023-12-09,MBA13,366,0,0
2023-12-10,MBA13,345,0,0
2023-12-11,MBA13,442,0,0
2023-12-12,MBA13,446,0,0
2023-12-13,MBA13,447,0,0
2023-12-14,MBA13,446,1,0
2023-12-15,MBA13,427,0,0
2023-12-16,MBA13,890,1,0
2023-12-17,MBA13,365,0,0
2023-12-18,MBA13,469,0,0
2023-12-19,MBA13,423,0,0
2023-12-20,MBA13,443,0,0
2023-12-21,MBA13,439,0,0
2023-12-22,MBA13,433,0,0
2023-12-23,MBA13,372,0,0
2023-12-24,MBA13,363,0,0
2023-12-25,MBA13,447,0,0
2023-12-26,MBA13,444,1,0
2023-12-27,MBA13,434,0,0
2023-12-28,MBA13,440,0,0
2023-12-29,MBA13,441,0,0
2023-12-30,MBA13,390,0,0
2023-12-31,MBA13,351,0,0
2024-01-01,MBA13,276,0,0
2024-01-02,MBA13,313,0,0
2024-01-03,MBA13,319,0,0
2024-01-04,MBA13,312,0,0
2024-01-05,MBA13,271,0,0
2024-01-06,MBA13,256,0,0
2024-01-07,MBA13,260,0,0
2024-01-08,MBA13,294,0,0
2024-01-09,MBA13,302,0,0
2024-01-10,MBA13,248,0,1
2024-01-11,MBA13,319,1,0
2024-01-12,MBA13,306,0,0
2024-01-13,MBA13,257,0,0
2024-01-14,MBA13,622,1,0
2024-01-15,MBA13,290,0,0
2024-01-16,MBA13,324,0,0
2024-01-17,MBA13,297,0,0
2024-01-18,MBA13,309,0,0
2024-01-19,MBA13,305,0,0
2024-01-20,MBA13,236,0,0
2024-01-21,MBA13,265,0,0
2024-01-22,MBA13,338,1,0
2024-01-23,MBA13,306,0,0
2024-01-24,MBA13,311,0,0
2024-01-25,MBA13,313,0,0
2024-01-26,MBA13,296,0,0
2024-01-27,MBA13,617,1,0
2024-01-28,MBA13,252,0,0
2024-01-29,MBA13,295,0,0
2024-01-30,MBA13,311,0,0
2024-01-31,MBA13,279,0,0
2024-02-01,MBA13,305,0,0
2024-02-02,MBA13,316,0,0
2024-02-03,MBA13,205,0,1
2024-02-04,MBA13,268,0,0
2024-02-05,MBA13,296,0,0
2024-02-06,MBA13,310,0,0
2024-02-07,MBA13,325,0,0
2024-02-08,MBA13,316,0,0
2024-02-09,MBA13,323,0,0
2024-02-10,MBA13,614,1,0
2024-02-11,MBA13,253,0,0
2024-02-12,MBA13,308,0,0
2024-02-13,MBA13,328,1,0
2024-02-14,MBA13,300,0,0
2024-02-15,MBA13,330,0,0
2024-02-16,MBA13,321,0,0
2024-02-17,MBA13,268,0,0
2024-02-18,MBA13,256,0,0
2024-02-19,MBA13,302,0,0
2024-02-20,MBA13,320,0,0
2024-02-21,MBA13,330,0,0
2024-02-22,MBA13,316,0,0
2024-02-23,MBA13,299,0,0
2024-02-24,MBA13,244,0,0
2024-02-25,MBA13,202,0,1
2024-02-26,MBA13,332,0,0
2024-02-27,MBA13,337,0,0
2024-02-28,MBA13,300,0,0
2024-02-29,MBA13,317,0,0
2024-03-01,MBA13,303,0,0
2024-03-02,MBA13,234,0,0
2024-03-03,MBA13,260,0,0
2024-03-04,MBA13,314,0,0
2024-03-05,MBA13,315,0,0
2024-03-06,MBA13,309,0,0
2024-03-07,MBA13,316,0,0
2024-03-08,MBA13,315,0,0
2024-03-09,MBA13,264,0,0
2024-03-10,MBA13,241,0,0
2024-03-11,MBA13,324,0,0
2024-03-12,MBA13,322,0,0
2024-03-13,MBA13,316,0,0
2024-03-14,MBA13,312,0,0
2024-03-15,MBA13,326,1,0
2024-03-16,MBA13,251,0,0
2024-03-17,MBA13,253,0,0
2024-03-18,MBA13,291,0,0
2024-03-19,MBA13,344,0,0
2024-03-20,MBA13,327,0,0
2024-03-21,MBA13,337,0,0
2024-03-22,MBA13,320,0,0
2024-03-23,MBA13,244,0,0
2024-03-24,MBA13,259,0,0
2024-03-25,MBA13,339,1,0
2024-03-26,MBA13,236,0,1
2024-03-27,MBA13,345,1,0
2024-03-28,MBA13,306,0,0
2024-03-29,MBA13,322,0,0
2024-03-30,MBA13,273,0,0
2024-03-31,MBA13,256,0,0
2024-04-01,MBA13,348,1,0
2024-04-02,MBA13,291,0,0
2024-04-03,MBA13,296,0,0
2024-04-04,MBA13,300,0,0
2024-04-05,MBA13,282,0,0
2024-04-06,MBA13,228,0,0
2024-04-07,MBA13,273,0,0
2024-04-08,MBA13,328,0,0
2024-04-09,MBA13,319,1,0
2024-04-10,MBA13,343,0,0
2024-04-11,MBA13,323,1,0
2024-04-12,MBA13,338,0,0
2024-04-13,MBA13,279,0,0
2024-04-14,MBA13,244,0,0
2024-04-15,MBA13,323,0,0
2024-04-16,MBA13,327,0,0
2024-04-17,MBA13,303,0,0
2024-04-18,MBA13,273,0,0
2024-04-19,MBA13,323,0,0
2024-04-20,MBA13,240,0,0
2024-04-21,MBA13,250,0,0
2024-04-22,MBA13,314,0,0
2024-04-23,MBA13,320,0,0
2024-04-24,MBA13,307,0,0
2024-04-25,MBA13,315,0,0
2024-04-26,MBA13,328,0,0
2024-04-27,MBA13,225,0,0
2024-04-28,MBA13,233,0,0
2024-04-29,MBA13,311,1,0
2024-04-30,MBA13,320,1,0
2024-05-01,MBA13,322,0,0
2024-05-02,MBA13,326,0,0
2024-05-03,MBA13,309,0,0
2024-05-04,MBA13,250,0,0
2024-05-05,MBA13,272,0,0
2024-05-06,MBA13,315,0,0
2024-05-07,MBA13,306,0,0
2024-05-08,MBA13,324,0,0
2024-05-09,MBA13,323,0,0
2024-05-10,MBA13,317,0,0
2024-05-11,MBA13,244,0,0
2024-05-12,MBA13,188,0,1
2024-05-13,MBA13,299,0,0
2024-05-14,MBA13,300,0,0
2024-05-15,MBA13,299,0,0
2024-05-16,MBA13,304,0,0
2024-05-17,MBA13,327,1,0
2024-05-18,MBA13,254,0,0
2024-05-19,MBA13,236,0,0
2024-05-20,MBA13,315,0,0
2024-05-21,MBA13,313,0,0
2024-05-22,MBA13,310,0,0
2024-05-23,MBA13,303,0,0
2024-05-24,MBA13,296,0,0
2024-05-25,MBA13,260,0,0
2024-05-26,MBA13,253,0,0
2024-05-27,MBA13,317,0,0
2024-05-28,MBA13,306,0,0
2024-05-29,MBA13,304,0,0
2024-05-30,MBA13,326,0,0
2024-05-31,MBA13,349,0,0
2024-06-01,MBA13,248,0,0
2024-06-02,MBA13,254,0,0
2024-06-03,MBA13,310,0,0
2024-06-04,MBA13,300,0,0
2024-06-05,MBA13,305,0,0
2024-06-06,MBA13,340,0,0
2024-06-07,MBA13,302,0,0
2024-06-08,MBA13,253,0,0
2024-06-09,MBA13,243,0,0
2024-06-10,MBA13,311,0,0
2024-06-11,MBA13,302,0,0
2024-06-12,MBA13,304,0,0
2024-06-13,MBA13,291,0,0
2024-06-14,MBA13,313,0,0
2024-06-15,MBA13,247,0,0
2024-06-16,MBA13,259,0,0
2024-06-17,MBA13,248,0,1
2024-06-18,MBA13,301,0,0
2024-06-19,MBA13,298,0,0
2024-06-20,MBA13,312,0,0
2024-06-21,MBA13,330,0,0
2024-06-22,MBA13,194,0,1
2024-06-23,MBA13,227,0,0
2024-06-24,MBA13,314,0,0
2024-06-25,MBA13,328,0,0
2024-06-26,MBA13,319,0,0
2024-06-27,MBA13,295,0,0
2024-06-28,MBA13,313,0,0
2024-06-29,MBA13,264,0,0
2024-06-30,MBA13,246,0,0
2024-07-01,MBA13,304,0,0
2024-07-02,MBA13,304,0,0
2024-07-03,MBA13,309,0,0
2024-07-04,MBA13,295,0,0
2024-07-05,MBA13,330,1,0
2024-07-06,MBA13,256,0,0
2024-07-07,MBA13,206,0,1
2024-07-08,MBA13,311,0,0
2024-07-09,MBA13,295,0,0
2024-07-10,MBA13,324,1,0
2024-07-11,MBA13,337,0,0
2024-07-12,MBA13,315,0,0
2024-07-13,MBA13,619,1,0
2024-07-14,MBA13,261,0,0
2024-07-15,MBA13,337,0,0
2024-07-16,MBA13,317,0,0
2024-07-17,MBA13,309,0,0
2024-07-18,MBA13,330,0,0
2024-07-19,MBA13,305,0,0
2024-07-20,MBA13,266,0,0
2024-07-21,MBA13,244,0,0
2024-07-22,MBA13,306,0,0
2024-07-23,MBA13,322,0,0
2024-07-24,MBA13,329,0,0
2024-07-25,MBA13,310,0,0
2024-07-26,MBA13,266,0,1
2024-07-27,MBA13,257,0,0
2024-07-28,MBA13,241,0,0
2024-07-29,MBA13,306,0,0
2024-07-30,MBA13,319,0,0
2024-07-31,MBA13,331,0,0
2024-08-01,MBA13,435,0,0
2024-08-02,MBA13,435,0,0
2024-08-03,MBA13,322,0,0
2024-08-04,MBA13,351,0,0
2024-08-05,MBA13,430,0,0
2024-08-06,MBA13,425,0,0
2024-08-07,MBA13,430,0,0
2024-08-08,MBA13,397,0,0
2024-08-09,MBA13,389,0,0
2024-08-10,MBA13,344,0,0
2024-08-11,MBA13,340,0,0
2024-08-12,MBA13,418,0,0
2024-08-13,MBA13,427,0,0
2024-08-14,MBA13,423,0,0
2024-08-15,MBA13,425,0,0
2024-08-16,MBA13,454,1,0
2024-08-17,MBA13,333,0,0
2024-08-18,MBA13,345,0,0
2024-08-19,MBA13,412,0,0
2024-08-20,MBA13,415,1,0
2024-08-21,MBA13,417,0,0
2024-08-22,MBA13,435,0,0
2024-08-23,MBA13,430,1,0
2024-08-24,MBA13,347,0,0
2024-08-25,MBA13,353,0,0
2024-08-26,MBA13,431,0,0
2024-08-27,MBA13,433,1,0
2024-08-28,MBA13,410,0,0
2024-08-29,MBA13,421,0,0
2024-08-30,MBA13,424,0,0
2024-08-31,MBA13,350,0,0
2024-09-01,MBA13,350,0,0
2024-09-02,MBA13,458,0,0
2024-09-03,MBA13,441,0,0
2024-09-04,MBA13,416,0,0
2024-09-05,MBA13,450,0,0
2024-09-06,MBA13,405,0,0
2024-09-07,MBA13,326,0,0
2024-09-08,MBA13,352,0,0
2024-09-09,MBA13,417,0,0
2024-09-10,MBA13,387,0,0
2024-09-11,MBA13,357,0,1
2024-09-12,MBA13,429,0,0
2024-09-13,MBA13,419,0,0
2024-09-14,MBA13,338,0,0
2024-09-15,MBA13,337,0,0
2024-09-16,MBA13,392,0,0
2024-09-17,MBA13,408,0,0
2024-09-18,MBA13,411,0,0
2024-09-19,MBA13,457,1,0
2024-09-20,MBA13,413,0,0
2024-09-21,MBA13,346,0,0
2024-09-22,MBA13,338,0,0
2024-09-23,MBA13,429,1,0
2024-09-24,MBA13,424,0,0
2024-09-25,MBA13,420,0,0
2024-09-26,MBA13,436,0,0
2024-09-27,MBA13,331,0,1
2024-09-28,MBA13,331,0,0
2024-09-29,MBA13,352,0,0
2024-09-30,MBA13,418,0,0
2024-10-01,MBA13,325,0,0
2024-10-02,MBA13,242,0,1
2024-10-03,MBA13,314,0,0
2024-10-04,MBA13,303,0,0
2024-10-05,MBA13,241,0,0
2024-10-06,MBA13,221,0,0
2024-10-07,MBA13,333,0,0
2024-10-08,MBA13,320,1,0
2024-10-09,MBA13,334,1,0
2024-10-10,MBA13,309,0,0
2024-10-11,MBA13,328,0,0
2024-10-12,MBA13,606,1,0
2024-10-13,MBA13,255,0,0
2024-10-14,MBA13,322,0,0
2024-10-15,MBA13,312,0,0
2024-10-16,MBA13,301,0,0
2024-10-17,MBA13,303,1,0
2024-10-18,MBA13,303,0,0
2024-10-19,MBA13,225,0,0
2024-10-20,MBA13,263,0,0
2024-10-21,MBA13,318,0,0
2024-10-22,MBA13,323,0,0
2024-10-23,MBA13,298,0,0
2024-10-24,MBA13,296,0,0
2024-10-25,MBA13,319,0,0
2024-10-26,MBA13,259,0,0
2024-10-27,MBA13,227,0,0
2024-10-28,MBA13,302,0,0
2024-10-29,MBA13,334,0,0
2024-10-30,MBA13,323,0,0
2024-10-31,MBA13,308,0,0
2024-11-01,MBA13,435,0,0
2024-11-02,MBA13,352,0,0
2024-11-03,MBA13,908,1,0
2024-11-04,MBA13,432,0,0
2024-11-05,MBA13,491,1,0
2024-11-06,MBA13,467,0,0
2024-11-07,MBA13,435,0,0
2024-11-08,MBA13,478,0,0
2024-11-09,MBA13,359,0,0
2024-11-10,MBA13,366,0,0
2024-11-11,MBA13,84,0,1
2024-11-12,MBA13,437,0,0
2024-11-13,MBA13,469,1,0
2024-11-14,MBA13,427,0,0
2024-11-15,MBA13,447,0,0
2024-11-16,MBA13,364,0,0
2024-11-17,MBA13,369,0,0
2024-11-18,MBA13,430,0,0
2024-11-19,MBA13,431,0,0
2024-11-20,MBA13,454,0,0
2024-11-21,MBA13,435,0,0
2024-11-22,MBA13,449,0,0
2024-11-23,MBA13,383,0,0
2024-11-24,MBA13,348,0,0
2024-11-25,MBA13,78,0,1
2024-11-26,MBA13,465,0,0
2024-11-27,MBA13,426,0,0
2024-11-28,MBA13,449,0,0
2024-11-29,MBA13,485,0,0
2024-11-30,MBA13,77,0,1
2024-12-01,MBA13,378,0,0
2024-12-02,MBA13,446,0,0
2024-12-03,MBA13,457,1,0
2024-12-04,MBA13,431,0,0
2024-12-05,MBA13,94,0,1
2024-12-06,MBA13,456,0,0
2024-12-07,MBA13,391,0,0
2024-12-08,MBA13,361,0,0
2024-12-09,MBA13,456,0,0
2024-12-10,MBA13,450,0,0
2024-12-11,MBA13,74,0,1
2024-12-12,MBA13,455,0,0
2024-12-13,MBA13,467,0,0
2024-12-14,MBA13,375,0,0
2024-12-15,MBA13,356,0,0
2024-12-16,MBA13,490,0,0
2024-12-17,MBA13,448,0,0
2024-12-18,MBA13,107,0,1
2024-12-19,MBA13,447,0,0
2024-12-20,MBA13,468,0,0
2024-12-21,MBA13,363,0,0
2024-12-22,MBA13,913,1,0
2024-12-23,MBA13,466,0,0
2024-12-24,MBA13,479,0,0
2024-12-25,MBA13,448,0,0
2024-12-26,MBA13,446,0,0
2024-12-27,MBA13,441,0,0
2024-12-28,MBA13,353,0,0
2024-12-29,MBA13,64,0,1
2024-12-30,MBA13,467,1,0
2024-12-31,MBA13,486,1,0
2025-01-01,MBA13,328,0,0
2025-01-02,MBA13,330,0,0
2025-01-03,MBA13,330,0,0
2025-01-04,MBA13,276,0,0
2025-01-05,MBA13,249,0,0
2025-01-06,MBA13,323,0,0
2025-01-07,MBA13,314,1,0
2025-01-08,MBA13,314,1,0
2025-01-09,MBA13,322,0,0
2025-01-10,MBA13,319,0,0
2025-01-11,MBA13,649,1,0
2025-01-12,MBA13,268,0,0
2025-01-13,MBA13,357,1,0
2025-01-14,MBA13,321,0,0
2025-01-15,MBA13,334,1,0
2025-01-16,MBA13,311,0,0
2025-01-17,MBA13,333,0,0
2025-01-18,MBA13,251,0,0
2025-01-19,MBA13,256,0,0
2025-01-20,MBA13,329,0,0
2025-01-21,MBA13,322,0,0
2025-01-22,MBA13,321,0,0
2025-01-23,MBA13,308,0,0
2025-01-24,MBA13,325,0,0
2025-01-25,MBA13,290,0,0
2025-01-26,MBA13,241,0,0
2025-01-27,MBA13,321,1,0
2025-01-28,MBA13,331,0,0
2025-01-29,MBA13,324,0,0
2025-01-30,MBA13,340,0,0
2025-01-31,MBA13,310,0,0
2025-02-01,MBA13,272,0,0
2025-02-02,MBA13,264,0,0
2025-02-03,MBA13,323,1,0
2025-02-04,MBA13,312,0,0
2025-02-05,MBA13,321,0,0
2025-02-06,MBA13,308,0,0
2025-02-07,MBA13,336,0,0
2025-02-08,MBA13,270,0,0
2025-02-09,MBA13,253,0,0
2025-02-10,MBA13,318,0,0
2025-02-11,MBA13,334,0,0
2025-02-12,MBA13,320,0,0
2025-02-13,MBA13,348,0,0
2025-02-14,MBA13,328,0,0
2025-02-15,MBA13,248,0,0
2025-02-16,MBA13,193,0,1
2025-02-17,MBA13,335,0,0
2025-02-18,MBA13,314,0,0
2025-02-19,MBA13,322,0,0
2025-02-20,MBA13,217,0,1
2025-02-21,MBA13,321,0,0
2025-02-22,MBA13,240,0,0
2025-02-23,MBA13,629,1,0
2025-02-24,MBA13,338,0,0
2025-02-25,MBA13,316,0,0
2025-02-26,MBA13,315,0,0
2025-02-27,MBA13,350,0,0
2025-02-28,MBA13,334,0,0
2025-03-01,MBA13,282,0,0
2025-03-02,MBA13,277,0,0
2025-03-03,MBA13,332,0,0
2025-03-04,MBA13,342,0,0
2025-03-05,MBA13,310,0,0
2025-03-06,MBA13,308,0,0
2025-03-07,MBA13,317,1,0
2025-03-08,MBA13,235,0,0
2025-03-09,MBA13,261,0,0
2025-03-10,MBA13,315,1,0
2025-03-11,MBA13,321,1,0
2025-03-12,MBA13,317,0,0
2025-03-13,MBA13,284,0,0
2025-03-14,MBA13,319,0,0
2025-03-15,MBA13,260,0,0
2025-03-16,MBA13,236,0,1
2025-03-17,MBA13,323,0,0
2025-03-18,MBA13,322,0,0
2025-03-19,MBA13,278,0,1
2025-03-20,MBA13,317,0,0
2025-03-21,MBA13,323,0,0
2025-03-22,MBA13,662,1,0
2025-03-23,MBA13,249,0,0
2025-03-24,MBA13,334,0,0
2025-03-25,MBA13,237,0,1
2025-03-26,MBA13,330,0,0
2025-03-27,MBA13,330,0,0
2025-03-28,MBA13,315,0,0
2025-03-29,MBA13,257,0,0
2025-03-30,MBA13,283,0,0
2025-03-31,MBA13,319,0,0
2025-04-01,MBA13,344,1,0
2025-04-02,MBA13,337,1,0
2025-04-03,MBA13,311,0,0
2025-04-04,MBA13,312,0,0
2025-04-05,MBA13,265,0,0
2025-04-06,MBA13,279,0,0
2025-04-07,MBA13,302,0,0
2025-04-08,MBA13,343,0,0
2025-04-09,MBA13,329,0,0
2025-04-10,MBA13,317,0,0
2025-04-11,MBA13,325,0,0
2025-04-12,MBA13,657,1,0
2025-04-13,MBA13,244,0,0
2025-04-14,MBA13,254,0,1
2025-04-15,MBA13,321,0,0
2025-04-16,MBA13,298,0,0
2025-04-17,MBA13,348,1,0
2025-04-18,MBA13,312,0,0
2025-04-19,MBA13,252,0,0
2025-04-20,MBA13,258,0,0
2025-04-21,MBA13,327,0,0
2025-04-22,MBA13,326,0,0
2025-04-23,MBA13,257,0,1
2025-04-24,MBA13,325,0,0
2025-04-25,MBA13,310,0,0
2025-04-26,MBA13,262,0,0
2025-04-27,MBA13,215,0,1
2025-04-28,MBA13,312,0,0
2025-04-29,MBA13,321,0,0
2025-04-30,MBA13,264,0,1
2025-05-01,MBA13,319,0,0
2025-05-02,MBA13,303,0,0
2025-05-03,MBA13,279,0,0
2025-05-04,MBA13,276,0,0
2025-05-05,MBA13,320,0,0
2025-05-06,MBA13,358,1,0
2025-05-07,MBA13,345,1,0
2025-05-08,MBA13,318,0,0
2025-05-09,MBA13,311,0,0
2025-05-10,MBA13,244,0,0
2025-05-11,MBA13,257,0,0
2025-05-12,MBA13,324,1,0
2025-05-13,MBA13,309,0,0
2025-05-14,MBA13,325,0,0
2025-05-15,MBA13,302,0,0
2025-05-16,MBA13,298,0,0
2025-05-17,MBA13,261,0,0
2025-05-18,MBA13,268,0,0
2025-05-19,MBA13,326,0,0
2025-05-20,MBA13,298,0,0
2025-05-21,MBA13,311,0,0
2025-05-22,MBA13,312,0,0
2025-05-23,MBA13,299,0,0
2025-05-24,MBA13,649,1,0
2025-05-25,MBA13,652,1,0
2025-05-26,MBA13,318,0,0
2025-05-27,MBA13,235,0,1
2025-05-28,MBA13,348,0,0
2025-05-29,MBA13,309,0,0
2025-05-30,MBA13,334,0,0
2025-05-31,MBA13,279,0,0
2025-06-01,MBA13,254,0,0
2025-06-02,MBA13,326,0,0
2025-06-03,MBA13,302,0,0
2025-06-04,MBA13,315,0,0
2025-06-05,MBA13,343,1,0
2025-06-06,MBA13,337,1,0
2025-06-07,MBA13,269,0,0
2025-06-08,MBA13,253,0,0
2025-06-09,MBA13,334,0,0
2025-06-10,MBA13,307,0,0
2025-06-11,MBA13,326,0,0
2025-06-12,MBA13,312,0,0
2025-06-13,MBA13,313,1,0
2025-06-14,MBA13,269,0,0
2025-06-15,MBA13,613,1,0
2025-06-16,MBA13,246,0,1
2025-06-17,MBA13,306,0,0
2025-06-18,MBA13,338,0,0
2025-06-19,MBA13,332,0,0
2025-06-20,MBA13,306,0,0
2025-06-21,MBA13,243,0,0
2025-06-22,MBA13,253,0,0
2025-06-23,MBA13,305,0,0
2025-06-24,MBA13,341,0,0
2025-06-25,MBA13,296,0,0
2025-06-26,MBA13,362,1,0
2025-06-27,MBA13,326,0,0
2025-06-28,MBA13,267,0,0
2025-06-29,MBA13,650,1,0
2025-06-30,MBA13,298,0,0
2025-07-01,MBA13,332,0,0
2025-07-02,MBA13,321,0,0
2025-07-03,MBA13,307,0,0
2025-07-04,MBA13,336,0,0
2025-07-05,MBA13,273,0,0
2025-07-06,MBA13,275,0,0
2025-07-07,MBA13,333,0,0
2025-07-08,MBA13,313,0,0
2025-07-09,MBA13,328,0,0
2025-07-10,MBA13,335,0,0
2025-07-11,MBA13,334,0,0
2025-07-12,MBA13,226,0,0
2025-07-13,MBA13,258,0,0
2025-07-14,MBA13,310,0,0
2025-07-15,MBA13,357,1,0
2025-07-16,MBA13,320,0,0
2025-07-17,MBA13,327,0,0
2025-07-18,MBA13,323,0,0
2025-07-19,MBA13,226,0,1
2025-07-20,MBA13,674,1,0
2025-07-21,MBA13,321,0,0
2025-07-22,MBA13,324,0,0
2025-07-23,MBA13,340,0,0
2025-07-24,MBA13,305,0,0
2025-07-25,MBA13,306,0,0
2025-07-26,MBA13,250,0,0
2025-07-27,MBA13,270,0,0
2025-07-28,MBA13,321,0,0
2025-07-29,MBA13,312,0,0
2025-07-30,MBA13,338,0,0
2025-07-31,MBA13,299,0,0
2025-08-01,MBA13,423,0,0
2025-08-02,MBA13,348,0,0
2025-08-03,MBA13,376,0,0
2025-08-04,MBA13,423,0,0
2025-08-05,MBA13,462,1,0
2025-08-06,MBA13,430,0,0
2025-08-07,MBA13,416,0,0
2025-08-08,MBA13,440,0,0
2025-08-09,MBA13,346,0,0
2025-08-10,MBA13,343,0,0
2025-08-11,MBA13,414,0,0
2025-08-12,MBA13,347,0,1
2025-08-13,MBA13,454,0,0
2025-08-14,MBA13,424,0,0
2025-08-15,MBA13,417,0,0
2025-08-16,MBA13,327,0,0
2025-08-17,MBA13,326,0,0
2025-08-18,MBA13,431,0,0
2025-08-19,MBA13,434,0,0
2025-08-20,MBA13,460,1,0
2025-08-21,MBA13,453,1,0
2025-08-22,MBA13,457,1,0
2025-08-23,MBA13,371,0,0
2025-08-24,MBA13,368,0,0
2025-08-25,MBA13,471,1,0
2025-08-26,MBA13,447,0,0
2025-08-27,MBA13,442,0,0
2025-08-28,MBA13,411,0,0
2025-08-29,MBA13,430,0,0
2025-08-30,MBA13,354,0,0
2025-08-31,MBA13,338,0,0
2025-09-01,MBA13,478,1,0
2025-09-02,MBA13,428,0,0
2025-09-03,MBA13,323,0,1
2025-09-04,MBA13,427,0,0
2025-09-05,MBA13,439,0,0
2025-09-06,MBA13,268,0,1
2025-09-07,MBA13,348,0,0
2025-09-08,MBA13,410,0,0
2025-09-09,MBA13,426,0,0
2025-09-10,MBA13,433,0,0
2025-09-11,MBA13,431,0,0
2025-09-12,MBA13,444,0,0
2025-09-13,MBA13,862,1,0
2025-09-14,MBA13,355,0,0
2025-09-15,MBA13,462,1,0
2025-09-16,MBA13,423,0,0
2025-09-17,MBA13,420,0,0
2025-09-18,MBA13,478,1,0
2025-09-19,MBA13,428,0,0
2025-09-20,MBA13,356,0,0
2025-09-21,MBA13,357,0,0
2025-09-22,MBA13,413,0,0
2025-09-23,MBA13,436,0,0
2025-09-24,MBA13,435,0,0
2025-09-25,MBA13,478,1,0
2025-09-26,MBA13,435,0,0
2025-09-27,MBA13,361,0,0
2025-09-28,MBA13,362,0,0
2025-09-29,MBA13,429,0,0
2025-09-30,MBA13,463,0,0
2025-10-01,MBA13,310,0,0
2025-10-02,MBA13,298,0,0
2025-10-03,MBA13,292,0,0
2025-10-04,MBA13,253,0,0
2025-10-05,MBA13,624,1,0
2025-10-06,MBA13,311,0,0
2025-10-07,MBA13,321,0,0
2025-10-08,MBA13,324,0,0
2025-10-09,MBA13,315,0,0
2025-10-10,MBA13,311,0,0
2025-10-11,MBA13,253,0,0
2025-10-12,MBA13,656,1,0
2025-10-13,MBA13,306,0,0
2025-10-14,MBA13,311,0,0
2025-10-15,MBA13,325,0,0
2025-10-16,MBA13,322,0,0
2025-10-17,MBA13,297,0,0
2025-10-18,MBA13,274,0,0
2025-10-19,MBA13,253,0,0
2025-10-20,MBA13,304,0,0
2025-10-21,MBA13,301,0,0
2025-10-22,MBA13,335,0,0
2025-10-23,MBA13,290,0,0
2025-10-24,MBA13,326,0,0
2025-10-25,MBA13,271,0,0
2025-10-26,MBA13,254,0,0
2025-10-27,MBA13,343,0,0
2025-10-28,MBA13,307,0,0
2025-10-29,MBA13,328,0,0
2025-10-30,MBA13,322,0,0
2025-10-31,MBA13,345,0,0
2025-11-01,MBA13,936,1,0
2025-11-02,MBA13,382,0,0
2025-11-03,MBA13,466,0,0
2025-11-04,MBA13,443,0,0
2025-11-05,MBA13,463,0,0
2025-11-06,MBA13,456,0,0
2025-11-07,MBA13,466,0,0
2025-11-08,MBA13,382,0,0
2025-11-09,MBA13,395,0,0
2025-11-10,MBA13,432,0,0
2025-11-11,MBA13,465,0,0
2025-11-12,MBA13,447,0,0
2025-11-13,MBA13,472,0,0
2025-11-14,MBA13,496,0,0
2025-11-15,MBA13,371,0,0
2025-11-16,MBA13,365,0,0
2025-11-17,MBA13,458,0,0
2025-11-18,MBA13,447,0,0
2025-11-19,MBA13,427,0,0
2025-11-20,MBA13,492,1,0
2025-11-21,MBA13,464,0,0
2025-11-22,MBA13,365,0,0
2025-11-23,MBA13,361,0,0
2025-11-24,MBA13,500,1,0
2025-11-25,MBA13,482,0,0
2025-11-26,MBA13,467,0,0
2025-11-27,MBA13,435,0,0
2025-11-28,MBA13,462,0,0
2025-11-29,MBA13,381,0,0
2025-11-30,MBA13,372,0,0
2025-12-01,MBA13,462,0,0
2025-12-02,MBA13,455,0,0
2025-12-03,MBA13,461,0,0
2025-12-04,MBA13,478,0,0
2025-12-05,MBA13,96,0,1
2025-12-06,MBA13,933,1,0
2025-12-07,MBA13,372,0,0
2025-12-08,MBA13,112,0,1
2025-12-09,MBA13,450,0,0
2025-12-10,MBA13,455,0,0
2025-12-11,MBA13,462,0,0
2025-12-12,MBA13,456,0,0
2025-12-13,MBA13,394,0,0
2025-12-14,MBA13,954,1,0
2025-12-15,MBA13,462,0,0
2025-12-16,MBA13,517,1,0
2025-12-17,MBA13,468,0,0
2025-12-18,MBA13,509,1,0
2025-12-19,MBA13,484,0,0
2025-12-20,MBA13,382,0,0
2025-12-21,MBA13,360,0,0
2025-12-22,MBA13,465,0,0
2025-12-23,MBA13,455,0,0
2025-12-24,MBA13,472,0,0
2025-12-25,MBA13,470,0,0
2025-12-26,MBA13,468,0,0
2025-12-27,MBA13,387,0,0
2025-12-28,MBA13,381,0,0
2025-12-29,MBA13,463,0,0
2025-12-30,MBA13,448,0,0
2025-12-31,MBA13,456,0,0
2023-01-01,MBA15,198,0,0
2023-01-02,MBA15,270,0,0
2023-01-03,MBA15,258,0,0
2023-01-04,MBA15,262,0,0
2023-01-05,MBA15,254,0,0
2023-01-06,MBA15,273,0,0
2023-01-07,MBA15,217,0,0
2023-01-08,MBA15,211,0,0
2023-01-09,MBA15,259,0,0
2023-01-10,MBA15,250,0,0
2023-01-11,MBA15,252,0,0
2023-01-12,MBA15,241,0,0
2023-01-13,MBA15,267,0,0
2023-01-14,MBA15,219,0,0
2023-01-15,MBA15,219,0,0
2023-01-16,MBA15,261,1,0
2023-01-17,MBA15,277,0,0
2023-01-18,MBA15,269,1,0
2023-01-19,MBA15,265,0,0
2023-01-20,MBA15,258,1,0
2023-01-21,MBA15,224,0,0
2023-01-22,MBA15,218,0,0
2023-01-23,MBA15,204,0,1
2023-01-24,MBA15,254,0,0
2023-01-25,MBA15,267,0,0
2023-01-26,MBA15,286,1,0
2023-01-27,MBA15,250,0,0
2023-01-28,MBA15,209,0,0
2023-01-29,MBA15,204,0,0
2023-01-30,MBA15,287,1,0
2023-01-31,MBA15,252,0,0
2023-02-01,MBA15,245,0,0
2023-02-02,MBA15,281,1,0
2023-02-03,MBA15,276,0,0
2023-02-04,MBA15,533,1,0
2023-02-05,MBA15,223,0,0
2023-02-06,MBA15,284,0,0
2023-02-07,MBA15,279,0,0
2023-02-08,MBA15,229,0,1
2023-02-09,MBA15,281,0,0
2023-02-10,MBA15,254,0,0
2023-02-11,MBA15,219,0,0
2023-02-12,MBA15,212,0,0
2023-02-13,MBA15,242,0,0
2023-02-14,MBA15,209,0,1
2023-02-15,MBA15,221,0,1
2023-02-16,MBA15,266,0,0
2023-02-17,MBA15,259,0,0
2023-02-18,MBA15,202,0,0
2023-02-19,MBA15,217,0,0
2023-02-20,MBA15,258,0,0
2023-02-21,MBA15,273,0,0
2023-02-22,MBA15,272,0,0
2023-02-23,MBA15,264,0,0
2023-02-24,MBA15,247,0,0
2023-02-25,MBA15,205,0,0
2023-02-26,MBA15,232,0,0
2023-02-27,MBA15,266,0,0
2023-02-28,MBA15,276,0,0
2023-03-01,MBA15,248,0,0
2023-03-02,MBA15,296,0,0
2023-03-03,MBA15,240,0,0
2023-03-04,MBA15,217,0,0
2023-03-05,MBA15,189,0,0
2023-03-06,MBA15,286,1,0
2023-03-07,MBA15,263,1,0
2023-03-08,MBA15,258,0,0
2023-03-09,MBA15,264,0,0
2023-03-10,MBA15,269,0,0
2023-03-11,MBA15,208,0,0
2023-03-12,MBA15,213,0,0
2023-03-13,MBA15,263,0,0
2023-03-14,MBA15,260,0,0
2023-03-15,MBA15,257,0,0
2023-03-16,MBA15,267,1,0
2023-03-17,MBA15,212,0,1
2023-03-18,MBA15,214,0,0
2023-03-19,MBA15,517,1,0
2023-03-20,MBA15,257,0,0
2023-03-21,MBA15,239,0,0
2023-03-22,MBA15,257,0,0
2023-03-23,MBA15,239,0,0
2023-03-24,MBA15,254,0,0
2023-03-25,MBA15,198,0,0
2023-03-26,MBA15,201,0,0
2023-03-27,MBA15,276,0,0
2023-03-28,MBA15,259,1,0
2023-03-29,MBA15,255,0,0
2023-03-30,MBA15,264,0,0
2023-03-31,MBA15,237,0,0
2023-04-01,MBA15,208,0,0
2023-04-02,MBA15,213,0,0
2023-04-03,MBA15,247,0,0
2023-04-04,MBA15,242,0,0
2023-04-05,MBA15,269,0,0
2023-04-06,MBA15,250,1,0
2023-04-07,MBA15,255,0,0
2023-04-08,MBA15,511,1,0
2023-04-09,MBA15,182,0,0
2023-04-10,MBA15,273,0,0
2023-04-11,MBA15,268,0,0
2023-04-12,MBA15,274,0,0
2023-04-13,MBA15,209,0,1
2023-04-14,MBA15,245,0,0
2023-04-15,MBA15,204,0,0
2023-04-16,MBA15,170,0,0
2023-04-17,MBA15,242,0,0
2023-04-18,MBA15,256,0,0
2023-04-19,MBA15,272,0,0
2023-04-20,MBA15,254,0,0
2023-04-21,MBA15,264,0,0
2023-04-22,MBA15,171,0,1
2023-04-23,MBA15,195,0,0
2023-04-24,MBA15,245,0,0
2023-04-25,MBA15,267,0,0
2023-04-26,MBA15,249,0,0
2023-04-27,MBA15,264,0,0
2023-04-28,MBA15,249,0,0
2023-04-29,MBA15,202,0,0
2023-04-30,MBA15,215,0,0
2023-05-01,MBA15,205,0,1
2023-05-02,MBA15,255,0,0
2023-05-03,MBA15,248,0,0
2023-05-04,MBA15,261,0,0
2023-05-05,MBA15,249,0,0
2023-05-06,MBA15,216,0,0
2023-05-07,MBA15,198,0,0
2023-05-08,MBA15,255,0,0
2023-05-09,MBA15,266,0,0
2023-05-10,MBA15,276,1,0
2023-05-11,MBA15,264,0,0
2023-05-12,MBA15,258,0,0
2023-05-13,MBA15,196,0,0
2023-05-14,MBA15,535,1,0
2023-05-15,MBA15,272,1,0
2023-05-16,MBA15,252,0,0
2023-05-17,MBA15,251,0,0
2023-05-18,MBA15,279,0,0
2023-05-19,MBA15,257,0,0
2023-05-20,MBA15,233,0,0
2023-05-21,MBA15,151,0,1
2023-05-22,MBA15,274,0,0
2023-05-23,MBA15,255,0,0
2023-05-24,MBA15,265,1,0
2023-05-25,MBA15,246,0,0
2023-05-26,MBA15,260,0,0
2023-05-27,MBA15,221,0,0
2023-05-28,MBA15,526,1,0
2023-05-29,MBA15,253,0,0
2023-05-30,MBA15,241,0,0
2023-05-31,MBA15,269,1,0
2023-06-01,MBA15,263,0,0
2023-06-02,MBA15,249,0,0
2023-06-03,MBA15,225,0,0
2023-06-04,MBA15,204,0,0
2023-06-05,MBA15,263,0,0
2023-06-06,MBA15,254,0,0
2023-06-07,MBA15,268,0,0
2023-06-08,MBA15,261,0,0
2023-06-09,MBA15,291,1,0
2023-06-10,MBA15,212,0,0
2023-06-11,MBA15,216,0,0
2023-06-12,MBA15,262,0,0
2023-06-13,MBA15,245,0,0
2023-06-14,MBA15,273,0,0
2023-06-15,MBA15,264,0,0
2023-06-16,MBA15,266,0,0
2023-06-17,MBA15,222,0,0
2023-06-18,MBA15,223,0,0
2023-06-19,MBA15,195,0,1
2023-06-20,MBA15,257,1,0
2023-06-21,MBA15,250,0,0
2023-06-22,MBA15,245,0,0
2023-06-23,MBA15,254,0,0
2023-06-24,MBA15,196,0,0
2023-06-25,MBA15,512,1,0
2023-06-26,MBA15,211,0,1
2023-06-27,MBA15,240,0,0
2023-06-28,MBA15,260,0,0
2023-06-29,MBA15,269,0,0
2023-06-30,MBA15,269,0,0
2023-07-01,MBA15,217,0,0
2023-07-02,MBA15,534,1,0
2023-07-03,MBA15,280,1,0
2023-07-04,MBA15,246,0,0
2023-07-05,MBA15,256,0,0
2023-07-06,MBA15,267,0,0
2023-07-07,MBA15,254,0,0
2023-07-08,MBA15,204,0,0
2023-07-09,MBA15,213,0,0
2023-07-10,MBA15,280,0,0
2023-07-11,MBA15,269,0,0
2023-07-12,MBA15,240,0,0
2023-07-13,MBA15,261,0,0
2023-07-14,MBA15,247,0,0
2023-07-15,MBA15,220,0,0
2023-07-16,MBA15,225,0,0
2023-07-17,MBA15,282,0,0
2023-07-18,MBA15,269,0,0
2023-07-19,MBA15,265,0,0
2023-07-20,MBA15,266,0,0
2023-07-21,MBA15,247,0,0
2023-07-22,MBA15,167,0,1
2023-07-23,MBA15,212,0,0
2023-07-24,MBA15,251,0,0
2023-07-25,MBA15,278,1,0
2023-07-26,MBA15,285,0,0
2023-07-27,MBA15,239,0,0
2023-07-28,MBA15,267,0,0
2023-07-29,MBA15,209,0,0
2023-07-30,MBA15,216,0,0
2023-07-31,MBA15,274,1,0
2023-08-01,MBA15,347,0,0
2023-08-02,MBA15,333,0,0
2023-08-03,MBA15,358,0,0
2023-08-04,MBA15,356,0,0
2023-08-05,MBA15,289,0,0
2023-08-06,MBA15,298,0,0
2023-08-07,MBA15,344,0,0
2023-08-08,MBA15,350,0,0
2023-08-09,MBA15,340,0,0
2023-08-10,MBA15,344,0,0
2023-08-11,MBA15,335,0,0
2023-08-12,MBA15,274,0,0
2023-08-13,MBA15,257,0,0
2023-08-14,MBA15,354,0,0
2023-08-15,MBA15,391,1,0
2023-08-16,MBA15,337,0,0
2023-08-17,MBA15,347,0,0
2023-08-18,MBA15,301,0,1
2023-08-19,MBA15,715,1,0
2023-08-20,MBA15,287,0,0
2023-08-21,MBA15,340,0,0
2023-08-22,MBA15,348,0,0
2023-08-23,MBA15,343,0,0
2023-08-24,MBA15,355,0,0
2023-08-25,MBA15,356,0,0
2023-08-26,MBA15,278,0,0
2023-08-27,MBA15,280,0,0
2023-08-28,MBA15,364,0,0
2023-08-29,MBA15,383,1,0
2023-08-30,MBA15,346,0,0
2023-08-31,MBA15,346,0,0
2023-09-01,MBA15,354,1,0
2023-09-02,MBA15,280,0,0
2023-09-03,MBA15,284,0,0
2023-09-04,MBA15,331,0,0
2023-09-05,MBA15,285,0,1
2023-09-06,MBA15,347,0,0
2023-09-07,MBA15,367,0,0
2023-09-08,MBA15,368,0,0
2023-09-09,MBA15,308,0,0
2023-09-10,MBA15,288,0,0
2023-09-11,MBA15,347,0,0
2023-09-12,MBA15,354,0,0
2023-09-13,MBA15,348,0,0
2023-09-14,MBA15,364,0,0
2023-09-15,MBA15,358,0,0
2023-09-16,MBA15,278,0,0
2023-09-17,MBA15,292,0,0
2023-09-18,MBA15,329,0,0
2023-09-19,MBA15,386,1,0
2023-09-20,MBA15,342,0,0
2023-09-21,MBA15,367,0,0
2023-09-22,MBA15,345,0,0
2023-09-23,MBA15,228,0,1
2023-09-24,MBA15,280,0,0
2023-09-25,MBA15,356,0,0
2023-09-26,MBA15,337,0,0
2023-09-27,MBA15,323,0,0
2023-09-28,MBA15,366,0,0
2023-09-29,MBA15,368,0,0
2023-09-30,MBA15,278,0,0
2023-10-01,MBA15,515,1,0
2023-10-02,MBA15,270,1,0
2023-10-03,MBA15,246,0,0
2023-10-04,MBA15,264,0,0
2023-10-05,MBA15,268,1,0
2023-10-06,MBA15,253,0,0
2023-10-07,MBA15,203,0,0
2023-10-08,MBA15,524,1,0
2023-10-09,MBA15,255,0,0
2023-10-10,MBA15,259,0,0
2023-10-11,MBA15,264,1,0
2023-10-12,MBA15,285,1,0
2023-10-13,MBA15,264,0,0
2023-10-14,MBA15,209,0,0
2023-10-15,MBA15,198,0,0
2023-10-16,MBA15,271,0,0
2023-10-17,MBA15,252,0,0
2023-10-18,MBA15,260,0,0
2023-10-19,MBA15,252,0,0
2023-10-20,MBA15,267,0,0
2023-10-21,MBA15,186,0,0
2023-10-22,MBA15,203,0,0
2023-10-23,MBA15,281,1,0
2023-10-24,MBA15,263,1,0
2023-10-25,MBA15,236,0,0
2023-10-26,MBA15,251,0,0
2023-10-27,MBA15,263,0,0
2023-10-28,MBA15,196,0,0
2023-10-29,MBA15,208,0,0
2023-10-30,MBA15,258,0,0
2023-10-31,MBA15,280,0,0
2023-11-01,MBA15,385,1,0
2023-11-02,MBA15,414,1,0
2023-11-03,MBA15,366,0,0
2023-11-04,MBA15,311,0,0
2023-11-05,MBA15,301,0,0
2023-11-06,MBA15,371,0,0
2023-11-07,MBA15,359,0,0
2023-11-08,MBA15,383,0,0
2023-11-09,MBA15,388,0,0
2023-11-10,MBA15,382,0,0
2023-11-11,MBA15,296,0,0
2023-11-12,MBA15,300,0,0
2023-11-13,MBA15,73,0,1
2023-11-14,MBA15,384,0,0
2023-11-15,MBA15,390,0,0
2023-11-16,MBA15,373,0,0
2023-11-17,MBA15,354,0,0
2023-11-18,MBA15,283,0,0
2023-11-19,MBA15,295,0,0
2023-11-20,MBA15,387,0,0
2023-11-21,MBA15,383,0,0
2023-11-22,MBA15,384,0,0
2023-11-23,MBA15,368,0,0
2023-11-24,MBA15,371,0,0
2023-11-25,MBA15,315,0,0
2023-11-26,MBA15,324,0,0
2023-11-27,MBA15,387,0,0
2023-11-28,MBA15,387,0,0
2023-11-29,MBA15,367,0,0
2023-11-30,MBA15,384,0,0
2023-12-01,MBA15,361,0,0
2023-12-02,MBA15,318,0,0
2023-12-03,MBA15,766,1,0
2023-12-04,MBA15,373,0,0
2023-12-05,MBA15,351,0,0
2023-12-06,MBA15,373,0,0
2023-12-07,MBA15,395,1,0
2023-12-08,MBA15,377,0,0
2023-12-09,MBA15,301,0,0
2023-12-10,MBA15,298,0,0
2023-12-11,MBA15,366,0,0
2023-12-12,MBA15,95,0,1
2023-12-13,MBA15,400,0,0
2023-12-14,MBA15,398,1,0
2023-12-15,MBA15,367,0,0
2023-12-16,MBA15,292,0,0
2023-12-17,MBA15,301,0,0
2023-12-18,MBA15,399,0,0
2023-12-19,MBA15,379,0,0
2023-12-20,MBA15,391,0,0
2023-12-21,MBA15,390,0,0
2023-12-22,MBA15,384,0,0
2023-12-23,MBA15,291,0,0
2023-12-24,MBA15,319,0,0
2023-12-25,MBA15,361,0,0
2023-12-26,MBA15,367,0,0
2023-12-27,MBA15,380,0,0
2023-12-28,MBA15,372,0,0
2023-12-29,MBA15,399,1,0
2023-12-30,MBA15,289,0,0
2023-12-31,MBA15,753,1,0
2024-01-01,MBA15,274,0,0
2024-01-02,MBA15,314,1,0
2024-01-03,MBA15,284,0,0
2024-01-04,MBA15,248,0,0
2024-01-05,MBA15,264,0,0
2024-01-06,MBA15,533,1,0
2024-01-07,MBA15,216,0,0
2024-01-08,MBA15,270,0,0
2024-01-09,MBA15,260,0,0
2024-01-10,MBA15,279,0,0
2024-01-11,MBA15,282,0,0
2024-01-12,MBA15,281,0,0
2024-01-13,MBA15,205,0,0
2024-01-14,MBA15,220,0,0
2024-01-15,MBA15,280,0,0
2024-01-16,MBA15,277,0,0
2024-01-17,MBA15,276,0,0
2024-01-18,MBA15,284,0,0
2024-01-19,MBA15,275,1,0
2024-01-20,MBA15,195,0,0
2024-01-21,MBA15,213,0,0
2024-01-22,MBA15,211,0,1
2024-01-23,MBA15,298,0,0
2024-01-24,MBA15,259,0,0
2024-01-25,MBA15,295,1,0
2024-01-26,MBA15,294,0,0
2024-01-27,MBA15,240,0,0
2024-01-28,MBA15,216,0,0
2024-01-29,MBA15,277,0,0
2024-01-30,MBA15,270,0,0
2024-01-31,MBA15,257,0,0
2024-02-01,MBA15,284,0,0
2024-02-02,MBA15,274,0,0
2024-02-03,MBA15,205,0,0
2024-02-04,MBA15,212,0,0
2024-02-05,MBA15,265,0,0
2024-02-06,MBA15,282,0,0
2024-02-07,MBA15,253,0,0
2024-02-08,MBA15,240,0,0
2024-02-09,MBA15,253,0,0
2024-02-10,MBA15,219,0,0
2024-02-11,MBA15,161,0,1
2024-02-12,MBA15,265,0,0
2024-02-13,MBA15,261,0,0
2024-02-14,MBA15,242,0,0
2024-02-15,MBA15,259,0,0
2024-02-16,MBA15,265,0,0
2024-02-17,MBA15,228,0,0
2024-02-18,MBA15,240,0,0
2024-02-19,MBA15,271,1,0
2024-02-20,MBA15,269,0,0
2024-02-21,MBA15,220,0,1
2024-02-22,MBA15,296,0,0
2024-02-23,MBA15,261,0,0
2024-02-24,MBA15,206,0,0
2024-02-25,MBA15,212,0,0
2024-02-26,MBA15,257,0,0
2024-02-27,MBA15,289,1,0
2024-02-28,MBA15,279,0,0
2024-02-29,MBA15,270,0,0
2024-03-01,MBA15,269,0,0
2024-03-02,MBA15,557,1,0
2024-03-03,MBA15,214,0,0
2024-03-04,MBA15,277,0,0
2024-03-05,MBA15,264,0,0
2024-03-06,MBA15,253,0,0
2024-03-07,MBA15,295,1,0
2024-03-08,MBA15,284,1,0
2024-03-09,MBA15,229,0,0
2024-03-10,MBA15,221,0,0
2024-03-11,MBA15,274,0,0
2024-03-12,MBA15,271,1,0
2024-03-13,MBA15,299,0,0
2024-03-14,MBA15,274,0,0
2024-03-15,MBA15,284,0,0
2024-03-16,MBA15,172,0,1
2024-03-17,MBA15,534,1,0
2024-03-18,MBA15,277,0,0
2024-03-19,MBA15,252,0,0
2024-03-20,MBA15,299,1,0
2024-03-21,MBA15,264,0,0
2024-03-22,MBA15,277,0,0
2024-03-23,MBA15,220,0,0
2024-03-24,MBA15,231,0,0
2024-03-25,MBA15,282,0,0
2024-03-26,MBA15,270,0,0
2024-03-27,MBA15,249,0,0
2024-03-28,MBA15,235,0,1
2024-03-29,MBA15,251,0,0
2024-03-30,MBA15,222,0,0
2024-03-31,MBA15,233,0,0
2024-04-01,MBA15,274,0,0
2024-04-02,MBA15,260,0,0
2024-04-03,MBA15,270,0,0
2024-04-04,MBA15,261,0,0
2024-04-05,MBA15,261,0,0
2024-04-06,MBA15,544,1,0
2024-04-07,MBA15,186,0,0
2024-04-08,MBA15,265,0,0
2024-04-09,MBA15,269,0,0
2024-04-10,MBA15,282,1,0
2024-04-11,MBA15,258,0,0
2024-04-12,MBA15,274,0,0
2024-04-13,MBA15,541,1,0
2024-04-14,MBA15,566,1,0
2024-04-15,MBA15,288,1,0
2024-04-16,MBA15,261,0,0
2024-04-17,MBA15,290,1,0
2024-04-18,MBA15,247,0,0
2024-04-19,MBA15,269,0,0
2024-04-20,MBA15,177,0,1
2024-04-21,MBA15,218,0,0
2024-04-22,MBA15,258,0,0
2024-04-23,MBA15,282,1,0
2024-04-24,MBA15,254,0,0
2024-04-25,MBA15,288,0,0
2024-04-26,MBA15,268,0,0
2024-04-27,MBA15,222,0,0
2024-04-28,MBA15,200,0,0
2024-04-29,MBA15,274,1,0
2024-04-30,MBA15,275,0,0
2024-05-01,MBA15,280,0,0
2024-05-02,MBA15,256,0,0
2024-05-03,MBA15,251,0,0
2024-05-04,MBA15,179,0,1
2024-05-05,MBA15,212,0,0
2024-05-06,MBA15,249,0,0
2024-05-07,MBA15,193,0,1
2024-05-08,MBA15,260,0,0
2024-05-09,MBA15,280,0,0
2024-05-10,MBA15,282,0,0
2024-05-11,MBA15,220,0,0
2024-05-12,MBA15,218,0,0
2024-05-13,MBA15,263,0,0
2024-05-14,MBA15,241,0,0
2024-05-15,MBA15,280,0,0
2024-05-16,MBA15,218,0,1
2024-05-17,MBA15,257,0,0
2024-05-18,MBA15,233,0,0
2024-05-19,MBA15,202,0,0
2024-05-20,MBA15,281,0,0
2024-05-21,MBA15,246,0,0
2024-05-22,MBA15,298,0,0
2024-05-23,MBA15,251,0,0
2024-05-24,MBA15,282,0,0
2024-05-25,MBA15,209,0,0
2024-05-26,MBA15,224,0,0
2024-05-27,MBA15,288,0,0
2024-05-28,MBA15,264,0,0
2024-05-29,MBA15,296,0,0
2024-05-30,MBA15,289,0,0
2024-05-31,MBA15,249,0,0
2024-06-01,MBA15,216,0,0
2024-06-02,MBA15,214,0,0
2024-06-03,MBA15,268,0,0
2024-06-04,MBA15,263,0,0
2024-06-05,MBA15,256,0,0
2024-06-06,MBA15,266,0,0
2024-06-07,MBA15,274,0,0
2024-06-08,MBA15,186,0,0
2024-06-09,MBA15,227,0,0
2024-06-10,MBA15,269,0,0
2024-06-11,MBA15,286,0,0
2024-06-12,MBA15,262,0,0
2024-06-13,MBA15,260,0,0
2024-06-14,MBA15,258,0,0
2024-06-15,MBA15,223,0,0
2024-06-16,MBA15,194,0,0
2024-06-17,MBA15,258,0,0
2024-06-18,MBA15,283,1,0
2024-06-19,MBA15,249,0,0
2024-06-20,MBA15,268,0,0
2024-06-21,MBA15,283,0,0
2024-06-22,MBA15,230,0,0
2024-06-23,MBA15,215,0,0
2024-06-24,MBA15,279,0,0
2024-06-25,MBA15,273,0,0
2024-06-26,MBA15,216,0,1
2024-06-27,MBA15,275,0,0
2024-06-28,MBA15,276,1,0
2024-06-29,MBA15,213,0,0
2024-06-30,MBA15,222,0,0
2024-07-01,MBA15,267,0,0
2024-07-02,MBA15,281,0,0
2024-07-03,MBA15,277,0,0
2024-07-04,MBA15,277,0,0
2024-07-05,MBA15,274,0,0
2024-07-06,MBA15,218,0,0
2024-07-07,MBA15,225,0,0
2024-07-08,MBA15,226,0,1
2024-07-09,MBA15,272,0,0
2024-07-10,MBA15,257,0,0
2024-07-11,MBA15,267,0,0
2024-07-12,MBA15,250,0,0
2024-07-13,MBA15,232,0,0
2024-07-14,MBA15,225,0,0
2024-07-15,MBA15,257,0,0
2024-07-16,MBA15,259,0,0
2024-07-17,MBA15,283,0,0
2024-07-18,MBA15,259,0,0
2024-07-19,MBA15,249,0,0
2024-07-20,MBA15,527,1,0
2024-07-21,MBA15,213,0,0
2024-07-22,MBA15,262,0,0
2024-07-23,MBA15,263,0,0
2024-07-24,MBA15,276,0,0
2024-07-25,MBA15,260,0,0
2024-07-26,MBA15,272,0,0
2024-07-27,MBA15,203,0,0
2024-07-28,MBA15,231,0,0
2024-07-29,MBA15,255,0,0
2024-07-30,MBA15,267,0,0
2024-07-31,MBA15,266,0,0
2024-08-01,MBA15,365,0,0
2024-08-02,MBA15,370,0,0
2024-08-03,MBA15,287,0,0
2024-08-04,MBA15,302,0,0
2024-08-05,MBA15,374,0,0
2024-08-06,MBA15,358,0,0
2024-08-07,MBA15,382,0,0
2024-08-08,MBA15,365,0,0
2024-08-09,MBA15,357,0,0
2024-08-10,MBA15,293,0,0
2024-08-11,MBA15,314,0,0
2024-08-12,MBA15,365,0,0
2024-08-13,MBA15,365,0,0
2024-08-14,MBA15,366,0,0
2024-08-15,MBA15,372,0,0
2024-08-16,MBA15,365,0,0
2024-08-17,MBA15,299,0,0
2024-08-18,MBA15,293,0,0
2024-08-19,MBA15,363,0,0
2024-08-20,MBA15,373,0,0
2024-08-21,MBA15,352,0,0
2024-08-22,MBA15,361,0,0
2024-08-23,MBA15,285,0,1
2024-08-24,MBA15,276,0,0
2024-08-25,MBA15,277,0,0
2024-08-26,MBA15,361,0,0
2024-08-27,MBA15,373,0,0
2024-08-28,MBA15,363,0,0
2024-08-29,MBA15,354,0,0
2024-08-30,MBA15,377,0,0
2024-08-31,MBA15,287,0,0
2024-09-01,MBA15,280,0,0
2024-09-02,MBA15,383,0,0
2024-09-03,MBA15,362,0,0
2024-09-04,MBA15,380,0,0
2024-09-05,MBA15,361,0,0
2024-09-06,MBA15,361,0,0
2024-09-07,MBA15,275,0,0
2024-09-08,MBA15,725,1,0
2024-09-09,MBA15,366,0,0
2024-09-10,MBA15,369,0,0
2024-09-11,MBA15,362,0,0
2024-09-12,MBA15,357,0,0
2024-09-13,MBA15,361,0,0
2024-09-14,MBA15,279,0,0
2024-09-15,MBA15,309,0,0
2024-09-16,MBA15,370,0,0
2024-09-17,MBA15,377,1,0
2024-09-18,MBA15,355,0,0
2024-09-19,MBA15,383,0,0
2024-09-20,MBA15,353,0,0
2024-09-21,MBA15,289,0,0
2024-09-22,MBA15,252,0,1
2024-09-23,MBA15,364,0,0
2024-09-24,MBA15,269,0,1
2024-09-25,MBA15,364,0,0
2024-09-26,MBA15,354,0,0
2024-09-27,MBA15,362,1,0
2024-09-28,MBA15,286,0,0
2024-09-29,MBA15,279,0,0
2024-09-30,MBA15,351,0,0
2024-10-01,MBA15,283,1,0
2024-10-02,MBA15,251,0,0
2024-10-03,MBA15,278,0,0
2024-10-04,MBA15,264,0,0
2024-10-05,MBA15,208,0,0
2024-10-06,MBA15,169,0,1
2024-10-07,MBA15,268,1,0
2024-10-08,MBA15,254,0,0
2024-10-09,MBA15,263,0,0
2024-10-10,MBA15,271,0,0
2024-10-11,MBA15,273,0,0
2024-10-12,MBA15,211,0,0
2024-10-13,MBA15,538,1,0
2024-10-14,MBA15,270,0,0
2024-10-15,MBA15,299,1,0
2024-10-16,MBA15,268,0,0
2024-10-17,MBA15,259,0,0
2024-10-18,MBA15,256,0,0
2024-10-19,MBA15,227,0,0
2024-10-20,MBA15,189,0,0
2024-10-21,MBA15,261,0,0
2024-10-22,MBA15,256,0,0
2024-10-23,MBA15,277,0,0
2024-10-24,MBA15,283,0,0
2024-10-25,MBA15,264,0,0
2024-10-26,MBA15,207,0,0
2024-10-27,MBA15,539,1,0
2024-10-28,MBA15,285,1,0
2024-10-29,MBA15,274,0,0
2024-10-30,MBA15,266,0,0
2024-10-31,MBA15,283,0,0
2024-11-01,MBA15,381,0,0
2024-11-02,MBA15,309,0,0
2024-11-03,MBA15,310,0,0
2024-11-04,MBA15,391,0,0
2024-11-05,MBA15,398,0,0
2024-11-06,MBA15,392,1,0
2024-11-07,MBA15,374,0,0
2024-11-08,MBA15,391,0,0
2024-11-09,MBA15,301,0,0
2024-11-10,MBA15,310,0,0
2024-11-11,MBA15,383,0,0
2024-11-12,MBA15,402,0,0
2024-11-13,MBA15,407,0,0
2024-11-14,MBA15,381,0,0
2024-11-15,MBA15,394,0,0
2024-11-16,MBA15,310,0,0
2024-11-17,MBA15,323,0,0
2024-11-18,MBA15,393,1,0
2024-11-19,MBA15,420,1,0
2024-11-20,MBA15,380,0,0
2024-11-21,MBA15,390,1,0
2024-11-22,MBA15,381,0,0
2024-11-23,MBA15,310,0,0
2024-11-24,MBA15,771,1,0
2024-11-25,MBA15,387,0,0
2024-11-26,MBA15,395,0,0
2024-11-27,MBA15,378,0,0
2024-11-28,MBA15,406,0,0
2024-11-29,MBA15,416,0,0
2024-11-30,MBA15,311,0,0
2024-12-01,MBA15,321,0,0
2024-12-02,MBA15,392,0,0
2024-12-03,MBA15,386,0,0
2024-12-04,MBA15,384,0,0
2024-12-05,MBA15,367,0,0
2024-12-06,MBA15,386,0,0
2024-12-07,MBA15,323,0,0
2024-12-08,MBA15,56,0,1
2024-12-09,MBA15,353,0,0
2024-12-10,MBA15,405,0,0
2024-12-11,MBA15,392,0,0
2024-12-12,MBA15,401,0,0
2024-12-13,MBA15,385,0,0
2024-12-14,MBA15,315,0,0
2024-12-15,MBA15,320,0,0
2024-12-16,MBA15,383,0,0
2024-12-17,MBA15,420,1,0
2024-12-18,MBA15,381,0,0
2024-12-19,MBA15,411,0,0
2024-12-20,MBA15,374,0,0
2024-12-21,MBA15,319,0,0
2024-12-22,MBA15,306,0,0
2024-12-23,MBA15,376,0,0
2024-12-24,MBA15,377,0,0
2024-12-25,MBA15,356,0,0
2024-12-26,MBA15,375,0,0
2024-12-27,MBA15,397,0,0
2024-12-28,MBA15,323,0,0
2024-12-29,MBA15,299,0,0
2024-12-30,MBA15,393,0,0
2024-12-31,MBA15,379,0,0
2025-01-01,MBA15,252,0,0
2025-01-02,MBA15,285,0,0
2025-01-03,MBA15,301,1,0
2025-01-04,MBA15,216,0,0
2025-01-05,MBA15,236,0,0
2025-01-06,MBA15,274,0,0
2025-01-07,MBA15,276,0,0
2025-01-08,MBA15,273,0,0
2025-01-09,MBA15,260,0,0
2025-01-10,MBA15,272,0,0
2025-01-11,MBA15,208,0,0
2025-01-12,MBA15,229,0,0
2025-01-13,MBA15,296,1,0
2025-01-14,MBA15,252,0,0
2025-01-15,MBA15,282,0,0
2025-01-16,MBA15,274,0,0
2025-01-17,MBA15,254,0,0
2025-01-18,MBA15,558,1,0
2025-01-19,MBA15,218,0,0
2025-01-20,MBA15,266,0,0
2025-01-21,MBA15,261,0,0
2025-01-22,MBA15,279,0,0
2025-01-23,MBA15,276,0,0
2025-01-24,MBA15,276,0,0
2025-01-25,MBA15,236,0,0
2025-01-26,MBA15,240,0,0
2025-01-27,MBA15,250,0,0
2025-01-28,MBA15,279,0,0
2025-01-29,MBA15,268,0,0
2025-01-30,MBA15,294,1,0
2025-01-31,MBA15,266,0,0
2025-02-01,MBA15,246,0,0
2025-02-02,MBA15,229,0,0
2025-02-03,MBA15,272,0,0
2025-02-04,MBA15,289,0,0
2025-02-05,MBA15,278,1,0
2025-02-06,MBA15,282,0,0
2025-02-07,MBA15,286,1,0
2025-02-08,MBA15,221,0,0
2025-02-09,MBA15,576,1,0
2025-02-10,MBA15,248,0,1
2025-02-11,MBA15,279,0,0
2025-02-12,MBA15,266,0,0
2025-02-13,MBA15,273,0,0
2025-02-14,MBA15,266,0,0
2025-02-15,MBA15,215,0,0
2025-02-16,MBA15,224,0,0
2025-02-17,MBA15,267,0,0
2025-02-18,MBA15,303,1,0
2025-02-19,MBA15,272,0,0
2025-02-20,MBA15,274,0,0
2025-02-21,MBA15,268,0,0
2025-02-22,MBA15,208,0,0
2025-02-23,MBA15,209,0,0
2025-02-24,MBA15,277,0,0
2025-02-25,MBA15,216,0,1
2025-02-26,MBA15,223,0,1
2025-02-27,MBA15,287,0,0
2025-02-28,MBA15,266,0,0
2025-03-01,MBA15,248,0,0
2025-03-02,MBA15,211,0,0
2025-03-03,MBA15,261,0,0
2025-03-04,MBA15,299,1,0
2025-03-05,MBA15,274,0,0
2025-03-06,MBA15,265,0,0
2025-03-07,MBA15,260,0,0
2025-03-08,MBA15,211,0,0
2025-03-09,MBA15,556,1,0
2025-03-10,MBA15,236,0,1
2025-03-11,MBA15,269,1,0
2025-03-12,MBA15,276,0,0
2025-03-13,MBA15,283,0,0
2025-03-14,MBA15,269,0,0
2025-03-15,MBA15,239,0,0
2025-03-16,MBA15,225,0,0
2025-03-17,MBA15,284,0,0
2025-03-18,MBA15,284,0,0
2025-03-19,MBA15,288,0,0
2025-03-20,MBA15,273,0,0
2025-03-21,MBA15,294,0,0
2025-03-22,MBA15,221,0,0
2025-03-23,MBA15,219,0,0
2025-03-24,MBA15,271,0,0
2025-03-25,MBA15,270,0,0
2025-03-26,MBA15,270,0,0
2025-03-27,MBA15,289,1,0
2025-03-28,MBA15,276,0,0
2025-03-29,MBA15,557,1,0
2025-03-30,MBA15,220,0,0
2025-03-31,MBA15,284,0,0
2025-04-01,MBA15,277,0,0
2025-04-02,MBA15,280,0,0
2025-04-03,MBA15,264,0,0
2025-04-04,MBA15,260,0,0
2025-04-05,MBA15,230,0,0
2025-04-06,MBA15,566,1,0
2025-04-07,MBA15,263,0,0
2025-04-08,MBA15,207,0,1
2025-04-09,MBA15,289,0,0
2025-04-10,MBA15,269,0,0
2025-04-11,MBA15,267,0,0
2025-04-12,MBA15,209,0,0
2025-04-13,MBA15,209,0,0
2025-04-14,MBA15,300,0,0
2025-04-15,MBA15,273,0,0
2025-04-16,MBA15,271,0,0
2025-04-17,MBA15,261,0,0
2025-04-18,MBA15,268,1,0
2025-04-19,MBA15,243,0,0
2025-04-20,MBA15,234,0,0
2025-04-21,MBA15,276,0,0
2025-04-22,MBA15,257,1,0
2025-04-23,MBA15,271,0,0
2025-04-24,MBA15,276,0,0
2025-04-25,MBA15,221,0,1
2025-04-26,MBA15,190,0,0
2025-04-27,MBA15,238,0,0
2025-04-28,MBA15,279,0,0
2025-04-29,MBA15,246,0,0
2025-04-30,MBA15,214,0,1
2025-05-01,MBA15,265,0,0
2025-05-02,MBA15,274,0,0
2025-05-03,MBA15,219,0,0
2025-05-04,MBA15,226,0,0
2025-05-05,MBA15,252,0,0
2025-05-06,MBA15,276,0,0
2025-05-07,MBA15,263,0,0
2025-05-08,MBA15,267,0,0
2025-05-09,MBA15,273,0,0
2025-05-10,MBA15,240,0,0
2025-05-11,MBA15,228,0,0
2025-05-12,MBA15,273,0,0
2025-05-13,MBA15,204,0,1
2025-05-14,MBA15,274,0,0
2025-05-15,MBA15,263,0,0
2025-05-16,MBA15,286,0,0
2025-05-17,MBA15,555,1,0
2025-05-18,MBA15,209,0,0
2025-05-19,MBA15,273,0,0
2025-05-20,MBA15,286,0,0
2025-05-21,MBA15,285,0,0
2025-05-22,MBA15,272,0,0
2025-05-23,MBA15,283,0,0
2025-05-24,MBA15,180,0,1
2025-05-25,MBA15,201,0,0
2025-05-26,MBA15,215,0,1
2025-05-27,MBA15,255,0,0
2025-05-28,MBA15,282,0,0
2025-05-29,MBA15,265,0,0
2025-05-30,MBA15,276,0,0
2025-05-31,MBA15,202,0,0
2025-06-01,MBA15,223,0,0
2025-06-02,MBA15,286,1,0
2025-06-03,MBA15,280,0,0
2025-06-04,MBA15,271,0,0
2025-06-05,MBA15,275,0,0
2025-06-06,MBA15,288,0,0
2025-06-07,MBA15,189,0,1
2025-06-08,MBA15,246,0,0
2025-06-09,MBA15,302,0,0
2025-06-10,MBA15,305,0,0
2025-06-11,MBA15,274,0,0
2025-06-12,MBA15,276,0,0
2025-06-13,MBA15,243,0,1
2025-06-14,MBA15,238,0,0
2025-06-15,MBA15,215,0,0
2025-06-16,MBA15,264,0,0
2025-06-17,MBA15,252,0,0
2025-06-18,MBA15,279,0,0
2025-06-19,MBA15,291,0,0
2025-06-20,MBA15,266,0,0
2025-06-21,MBA15,214,0,0
2025-06-22,MBA15,188,0,0
2025-06-23,MBA15,227,0,1
2025-06-24,MBA15,287,0,0
2025-06-25,MBA15,277,0,0
2025-06-26,MBA15,266,0,0
2025-06-27,MBA15,272,0,0
2025-06-28,MBA15,218,0,0
2025-06-29,MBA15,184,0,1
2025-06-30,MBA15,211,0,1
2025-07-01,MBA15,260,0,0
2025-07-02,MBA15,197,0,1
2025-07-03,MBA15,268,0,0
2025-07-04,MBA15,286,0,0
2025-07-05,MBA15,545,1,0
2025-07-06,MBA15,537,1,0
2025-07-07,MBA15,260,0,0
2025-07-08,MBA15,263,0,0
2025-07-09,MBA15,268,0,0
2025-07-10,MBA15,204,0,1
2025-07-11,MBA15,249,0,0
2025-07-12,MBA15,187,0,1
2025-07-13,MBA15,209,0,0
2025-07-14,MBA15,278,0,0
2025-07-15,MBA15,281,1,0
2025-07-16,MBA15,265,0,0
2025-07-17,MBA15,283,0,0
2025-07-18,MBA15,287,1,0
2025-07-19,MBA15,237,0,0
2025-07-20,MBA15,216,0,0
2025-07-21,MBA15,261,0,0
2025-07-22,MBA15,270,0,0
2025-07-23,MBA15,267,0,0
2025-07-24,MBA15,294,0,0
2025-07-25,MBA15,266,0,0
2025-07-26,MBA15,226,0,0
2025-07-27,MBA15,177,0,1
2025-07-28,MBA15,261,0,0
2025-07-29,MBA15,264,0,0
2025-07-30,MBA15,276,0,0
2025-07-31,MBA15,276,0,0
2025-08-01,MBA15,366,0,0
2025-08-02,MBA15,298,0,0
2025-08-03,MBA15,730,1,0
2025-08-04,MBA15,360,0,0
2025-08-05,MBA15,382,0,0
2025-08-06,MBA15,364,0,0
2025-08-07,MBA15,382,0,0
2025-08-08,MBA15,310,0,1
2025-08-09,MBA15,313,0,0
2025-08-10,MBA15,319,0,0
2025-08-11,MBA15,376,0,0
2025-08-12,MBA15,390,0,0
2025-08-13,MBA15,381,0,0
2025-08-14,MBA15,349,0,0
2025-08-15,MBA15,375,0,0
2025-08-16,MBA15,778,1,0
2025-08-17,MBA15,277,0,0
2025-08-18,MBA15,370,0,0
2025-08-19,MBA15,357,0,0
2025-08-20,MBA15,361,0,0
2025-08-21,MBA15,364,0,0
2025-08-22,MBA15,375,0,0
2025-08-23,MBA15,295,0,0
2025-08-24,MBA15,304,0,0
2025-08-25,MBA15,393,0,0
2025-08-26,MBA15,383,0,0
2025-08-27,MBA15,372,0,0
2025-08-28,MBA15,385,1,0
2025-08-29,MBA15,376,0,0
2025-08-30,MBA15,278,0,0
2025-08-31,MBA15,294,0,0
2025-09-01,MBA15,376,0,0
2025-09-02,MBA15,372,0,0
2025-09-03,MBA15,383,0,0
2025-09-04,MBA15,381,0,0
2025-09-05,MBA15,375,0,0
2025-09-06,MBA15,295,0,0
2025-09-07,MBA15,293,0,0
2025-09-08,MBA15,384,0,0
2025-09-09,MBA15,375,0,0
2025-09-10,MBA15,360,0,0
2025-09-11,MBA15,382,0,0
2025-09-12,MBA15,375,0,0
2025-09-13,MBA15,748,1,0
2025-09-14,MBA15,309,0,0
2025-09-15,MBA15,303,0,1
2025-09-16,MBA15,313,0,1
2025-09-17,MBA15,387,0,0
2025-09-18,MBA15,364,0,0
2025-09-19,MBA15,370,0,0
2025-09-20,MBA15,296,0,0
2025-09-21,MBA15,773,1,0
2025-09-22,MBA15,380,0,0
2025-09-23,MBA15,370,0,0
2025-09-24,MBA15,362,0,0
2025-09-25,MBA15,297,0,1
2025-09-26,MBA15,345,0,0
2025-09-27,MBA15,296,0,0
2025-09-28,MBA15,288,0,0
2025-09-29,MBA15,382,0,0
2025-09-30,MBA15,367,0,0
2025-10-01,MBA15,276,0,0
2025-10-02,MBA15,273,0,0
2025-10-03,MBA15,286,0,0
2025-10-04,MBA15,568,1,0
2025-10-05,MBA15,229,0,0
2025-10-06,MBA15,278,0,0
2025-10-07,MBA15,256,0,0
2025-10-08,MBA15,272,0,0
2025-10-09,MBA15,289,0,0
2025-10-10,MBA15,277,0,0
2025-10-11,MBA15,219,0,0
2025-10-12,MBA15,216,0,0
2025-10-13,MBA15,283,1,0
2025-10-14,MBA15,276,0,0
2025-10-15,MBA15,268,0,0
2025-10-16,MBA15,288,0,0
2025-10-17,MBA15,254,0,0
2025-10-18,MBA15,565,1,0
2025-10-19,MBA15,239,0,0
2025-10-20,MBA15,262,0,0
2025-10-21,MBA15,282,0,0
2025-10-22,MBA15,279,0,0
2025-10-23,MBA15,265,0,0
2025-10-24,MBA15,206,0,1
2025-10-25,MBA15,228,0,0
2025-10-26,MBA15,245,0,0
2025-10-27,MBA15,290,0,0
2025-10-28,MBA15,282,0,0
2025-10-29,MBA15,280,0,0
2025-10-30,MBA15,277,0,0
2025-10-31,MBA15,287,1,0
2025-11-01,MBA15,329,0,0
2025-11-02,MBA15,313,0,0
2025-11-03,MBA15,409,0,0
2025-11-04,MBA15,398,0,0
2025-11-05,MBA15,398,0,0
2025-11-06,MBA15,418,0,0
2025-11-07,MBA15,383,0,0
2025-11-08,MBA15,331,0,0
2025-11-09,MBA15,340,0,0
2025-11-10,MBA15,405,0,0
2025-11-11,MBA15,401,0,0
2025-11-12,MBA15,398,0,0
2025-11-13,MBA15,409,0,0
2025-11-14,MBA15,375,0,0
2025-11-15,MBA15,328,0,0
2025-11-16,MBA15,319,0,0
2025-11-17,MBA15,398,0,0
2025-11-18,MBA15,404,0,0
2025-11-19,MBA15,387,0,0
2025-11-20,MBA15,391,0,0
2025-11-21,MBA15,435,1,0
2025-11-22,MBA15,318,0,0
2025-11-23,MBA15,309,0,0
2025-11-24,MBA15,425,1,0
2025-11-25,MBA15,414,0,0
2025-11-26,MBA15,383,0,0
2025-11-27,MBA15,411,0,0
2025-11-28,MBA15,416,0,0
2025-11-29,MBA15,818,1,0
2025-11-30,MBA15,321,0,0
2025-12-01,MBA15,411,0,0
2025-12-02,MBA15,94,0,1
2025-12-03,MBA15,67,0,1
2025-12-04,MBA15,408,0,0
2025-12-05,MBA15,400,0,0
2025-12-06,MBA15,323,0,0
2025-12-07,MBA15,302,0,0
2025-12-08,MBA15,375,0,0
2025-12-09,MBA15,400,0,0
2025-12-10,MBA15,397,0,0
2025-12-11,MBA15,397,0,0
2025-12-12,MBA15,395,0,0
2025-12-13,MBA15,311,0,0
2025-12-14,MBA15,333,0,0
2025-12-15,MBA15,436,1,0
2025-12-16,MBA15,381,0,0
2025-12-17,MBA15,407,0,0
2025-12-18,MBA15,384,0,0
2025-12-19,MBA15,395,0,0
2025-12-20,MBA15,328,0,0
2025-12-21,MBA15,56,0,1
2025-12-22,MBA15,388,0,0
2025-12-23,MBA15,80,0,1
2025-12-24,MBA15,409,0,0
2025-12-25,MBA15,392,0,0
2025-12-26,MBA15,388,0,0
2025-12-27,MBA15,317,0,0
2025-12-28,MBA15,820,1,0
2025-12-29,MBA15,399,0,0
2025-12-30,MBA15,400,0,0
2025-12-31,MBA15,394,0,0
2023-01-01,MBP14,392,1,0
2023-01-02,MBP14,201,0,0
2023-01-03,MBP14,196,0,0
2023-01-04,MBP14,211,0,0
2023-01-05,MBP14,191,0,0
2023-01-06,MBP14,207,0,0
2023-01-07,MBP14,382,1,0
2023-01-08,MBP14,159,0,0
2023-01-09,MBP14,195,0,0
2023-01-10,MBP14,207,0,0
2023-01-11,MBP14,192,0,0
2023-01-12,MBP14,210,0,0
2023-01-13,MBP14,181,0,0
2023-01-14,MBP14,151,0,0
2023-01-15,MBP14,152,0,0
2023-01-16,MBP14,183,0,0
2023-01-17,MBP14,156,0,1
2023-01-18,MBP14,192,0,0
2023-01-19,MBP14,204,0,0
2023-01-20,MBP14,184,0,0
2023-01-21,MBP14,178,0,0
2023-01-22,MBP14,409,1,0
2023-01-23,MBP14,189,0,0
2023-01-24,MBP14,201,0,0
2023-01-25,MBP14,190,0,0
2023-01-26,MBP14,200,0,0
2023-01-27,MBP14,183,0,0
2023-01-28,MBP14,163,0,0
2023-01-29,MBP14,154,0,0
2023-01-30,MBP14,182,0,0
2023-01-31,MBP14,194,0,0
2023-02-01,MBP14,195,0,0
2023-02-02,MBP14,196,0,0
2023-02-03,MBP14,210,0,0
2023-02-04,MBP14,154,0,0
2023-02-05,MBP14,156,0,0
2023-02-06,MBP14,182,0,0
2023-02-07,MBP14,198,0,0
2023-02-08,MBP14,193,0,0
2023-02-09,MBP14,185,0,0
2023-02-10,MBP14,196,0,0
2023-02-11,MBP14,386,1,0
2023-02-12,MBP14,177,0,0
2023-02-13,MBP14,192,0,0
2023-02-14,MBP14,184,0,0
2023-02-15,MBP14,200,0,0
2023-02-16,MBP14,181,1,0
2023-02-17,MBP14,145,0,1
2023-02-18,MBP14,166,0,0
2023-02-19,MBP14,146,0,0
2023-02-20,MBP14,201,0,0
2023-02-21,MBP14,204,0,0
2023-02-22,MBP14,209,0,0
2023-02-23,MBP14,194,1,0
2023-02-24,MBP14,149,0,1
2023-02-25,MBP14,166,0,0
2023-02-26,MBP14,168,0,0
2023-02-27,MBP14,189,0,0
2023-02-28,MBP14,180,0,0
2023-03-01,MBP14,193,1,0
2023-03-02,MBP14,193,1,0
2023-03-03,MBP14,192,0,0
2023-03-04,MBP14,160,0,0
2023-03-05,MBP14,153,0,0
2023-03-06,MBP14,196,0,0
2023-03-07,MBP14,206,0,0
2023-03-08,MBP14,189,0,0
2023-03-09,MBP14,194,0,0
2023-03-10,MBP14,200,0,0
2023-03-11,MBP14,162,0,0
2023-03-12,MBP14,163,0,0
2023-03-13,MBP14,191,0,0
2023-03-14,MBP14,163,0,1
2023-03-15,MBP14,206,1,0
2023-03-16,MBP14,184,0,0
2023-03-17,MBP14,195,0,0
2023-03-18,MBP14,155,0,0
2023-03-19,MBP14,139,0,0
2023-03-20,MBP14,214,0,0
2023-03-21,MBP14,205,1,0
2023-03-22,MBP14,213,0,0
2023-03-23,MBP14,198,0,0
2023-03-24,MBP14,186,0,0
2023-03-25,MBP14,148,0,0
2023-03-26,MBP14,129,0,1
2023-03-27,MBP14,196,0,0
2023-03-28,MBP14,189,0,0
2023-03-29,MBP14,167,0,0
2023-03-30,MBP14,196,0,0
2023-03-31,MBP14,213,0,0
2023-04-01,MBP14,412,1,0
2023-04-02,MBP14,163,0,0
2023-04-03,MBP14,191,0,0
2023-04-04,MBP14,197,0,0
2023-04-05,MBP14,187,0,0
2023-04-06,MBP14,201,0,0
2023-04-07,MBP14,183,0,0
2023-04-08,MBP14,160,0,0
2023-04-09,MBP14,167,0,0
2023-04-10,MBP14,199,0,0
2023-04-11,MBP14,187,0,0
2023-04-12,MBP14,207,0,0
2023-04-13,MBP14,195,0,0
2023-04-14,MBP14,195,0,0
2023-04-15,MBP14,163,0,0
2023-04-16,MBP14,128,0,0
2023-04-17,MBP14,187,0,0
2023-04-18,MBP14,192,0,0
2023-04-19,MBP14,205,0,0
2023-04-20,MBP14,181,0,0
2023-04-21,MBP14,198,0,0
2023-04-22,MBP14,151,0,0
2023-04-23,MBP14,155,0,0
2023-04-24,MBP14,187,0,0
2023-04-25,MBP14,190,0,0
2023-04-26,MBP14,194,0,0
2023-04-27,MBP14,193,0,0
2023-04-28,MBP14,188,0,0
2023-04-29,MBP14,108,0,1
2023-04-30,MBP14,150,0,0
2023-05-01,MBP14,187,0,0
2023-05-02,MBP14,201,0,0
2023-05-03,MBP14,196,1,0
2023-05-04,MBP14,189,0,0
2023-05-05,MBP14,205,0,0
2023-05-06,MBP14,154,0,0
2023-05-07,MBP14,161,0,0
2023-05-08,MBP14,186,0,0
2023-05-09,MBP14,205,0,0
2023-05-10,MBP14,194,0,0
2023-05-11,MBP14,192,1,0
2023-05-12,MBP14,201,0,0
2023-05-13,MBP14,156,0,0
2023-05-14,MBP14,167,0,0
2023-05-15,MBP14,167,0,1
2023-05-16,MBP14,191,0,0
2023-05-17,MBP14,196,0,0
2023-05-18,MBP14,205,1,0
2023-05-19,MBP14,208,0,0
2023-05-20,MBP14,150,0,0
2023-05-21,MBP14,145,0,0
2023-05-22,MBP14,193,0,0
2023-05-23,MBP14,187,0,0
2023-05-24,MBP14,193,0,0
2023-05-25,MBP14,207,0,0
2023-05-26,MBP14,197,0,0
2023-05-27,MBP14,161,0,0
2023-05-28,MBP14,179,0,0
2023-05-29,MBP14,193,0,0
2023-05-30,MBP14,189,0,0
2023-05-31,MBP14,205,1,0
2023-06-01,MBP14,189,0,0
2023-06-02,MBP14,198,0,0
2023-06-03,MBP14,148,0,0
2023-06-04,MBP14,150,0,0
2023-06-05,MBP14,172,0,0
2023-06-06,MBP14,153,0,1
2023-06-07,MBP14,200,1,0
2023-06-08,MBP14,196,0,0
2023-06-09,MBP14,218,0,0
2023-06-10,MBP14,168,0,0
2023-06-11,MBP14,165,0,0
2023-06-12,MBP14,180,0,0
2023-06-13,MBP14,200,0,0
2023-06-14,MBP14,200,0,0
2023-06-15,MBP14,199,0,0
2023-06-16,MBP14,187,0,0
2023-06-17,MBP14,159,0,0
2023-06-18,MBP14,161,0,0
2023-06-19,MBP14,191,0,0
2023-06-20,MBP14,209,1,0
2023-06-21,MBP14,201,0,0
2023-06-22,MBP14,193,0,0
2023-06-23,MBP14,195,1,0
2023-06-24,MBP14,379,1,0
2023-06-25,MBP14,155,0,0
2023-06-26,MBP14,186,0,0
2023-06-27,MBP14,191,0,0
2023-06-28,MBP14,198,0,0
2023-06-29,MBP14,198,0,0
2023-06-30,MBP14,191,0,0
2023-07-01,MBP14,150,0,0
2023-07-02,MBP14,155,0,0
2023-07-03,MBP14,207,0,0
2023-07-04,MBP14,178,0,0
2023-07-05,MBP14,191,0,0
2023-07-06,MBP14,184,0,0
2023-07-07,MBP14,203,0,0
2023-07-08,MBP14,161,0,0
2023-07-09,MBP14,158,0,0
2023-07-10,MBP14,187,0,0
2023-07-11,MBP14,184,0,0
2023-07-12,MBP14,198,0,0
2023-07-13,MBP14,194,0,0
2023-07-14,MBP14,187,0,0
2023-07-15,MBP14,157,0,0
2023-07-16,MBP14,155,0,0
2023-07-17,MBP14,203,0,0
2023-07-18,MBP14,199,0,0
2023-07-19,MBP14,193,0,0
2023-07-20,MBP14,157,0,1
2023-07-21,MBP14,198,0,0
2023-07-22,MBP14,394,1,0
2023-07-23,MBP14,145,0,0
2023-07-24,MBP14,206,0,0
2023-07-25,MBP14,224,1,0
2023-07-26,MBP14,205,0,0
2023-07-27,MBP14,204,0,0
2023-07-28,MBP14,191,0,0
2023-07-29,MBP14,171,0,0
2023-07-30,MBP14,161,0,0
2023-07-31,MBP14,204,0,0
2023-08-01,MBP14,265,0,0
2023-08-02,MBP14,200,0,1
2023-08-03,MBP14,261,0,0
2023-08-04,MBP14,217,0,1
2023-08-05,MBP14,209,0,0
2023-08-06,MBP14,215,0,0
2023-08-07,MBP14,259,0,0
2023-08-08,MBP14,256,0,0
2023-08-09,MBP14,237,0,0
2023-08-10,MBP14,244,0,0
2023-08-11,MBP14,254,0,0
2023-08-12,MBP14,208,0,0
2023-08-13,MBP14,223,0,0
2023-08-14,MBP14,254,0,0
2023-08-15,MBP14,254,0,0
2023-08-16,MBP14,280,0,0
2023-08-17,MBP14,285,1,0
2023-08-18,MBP14,290,0,0
2023-08-19,MBP14,218,0,0
2023-08-20,MBP14,524,1,0
2023-08-21,MBP14,254,1,0
2023-08-22,MBP14,279,1,0
2023-08-23,MBP14,279,0,0
2023-08-24,MBP14,256,0,0
2023-08-25,MBP14,267,0,0
2023-08-26,MBP14,204,0,0
2023-08-27,MBP14,205,0,0
2023-08-28,MBP14,260,0,0
2023-08-29,MBP14,287,1,0
2023-08-30,MBP14,263,0,0
2023-08-31,MBP14,265,0,0
2023-09-01,MBP14,271,1,0
2023-09-02,MBP14,213,0,0
2023-09-03,MBP14,213,0,0
2023-09-04,MBP14,267,0,0
2023-09-05,MBP14,259,0,0
2023-09-06,MBP14,265,0,0
2023-09-07,MBP14,241,0,0
2023-09-08,MBP14,248,0,0
2023-09-09,MBP14,213,0,0
2023-09-10,MBP14,201,0,0
2023-09-11,MBP14,267,0,0
2023-09-12,MBP14,261,0,0
2023-09-13,MBP14,265,0,0
2023-09-14,MBP14,271,0,0
2023-09-15,MBP14,274,1,0
2023-09-16,MBP14,198,0,0
2023-09-17,MBP14,205,0,0
2023-09-18,MBP14,271,0,0
2023-09-19,MBP14,290,1,0
2023-09-20,MBP14,258,0,0
2023-09-21,MBP14,210,0,1
2023-09-22,MBP14,247,0,0
2023-09-23,MBP14,217,0,0
2023-09-24,MBP14,220,0,0
2023-09-25,MBP14,260,0,0
2023-09-26,MBP14,269,0,0
2023-09-27,MBP14,271,0,0
2023-09-28,MBP14,259,0,0
2023-09-29,MBP14,246,0,0
2023-09-30,MBP14,201,0,0
2023-10-01,MBP14,160,0,0
2023-10-02,MBP14,195,0,0
2023-10-03,MBP14,200,1,0
2023-10-04,MBP14,180,0,0
2023-10-05,MBP14,188,0,0
2023-10-06,MBP14,203,0,0
2023-10-07,MBP14,171,0,0
2023-10-08,MBP14,158,0,0
2023-10-09,MBP14,179,0,0
2023-10-10,MBP14,206,1,0
2023-10-11,MBP14,195,0,0
2023-10-12,MBP14,191,0,0
2023-10-13,MBP14,149,0,1
2023-10-14,MBP14,157,0,0
2023-10-15,MBP14,163,0,0
2023-10-16,MBP14,192,0,0
2023-10-17,MBP14,190,0,0
2023-10-18,MBP14,194,0,0
2023-10-19,MBP14,197,0,0
2023-10-20,MBP14,196,0,0
2023-10-21,MBP14,158,0,0
2023-10-22,MBP14,388,1,0
2023-10-23,MBP14,201,0,0
2023-10-24,MBP14,205,0,0
2023-10-25,MBP14,195,0,0
2023-10-26,MBP14,202,0,0
2023-10-27,MBP14,197,0,0
2023-10-28,MBP14,149,0,0
2023-10-29,MBP14,163,0,0
2023-10-30,MBP14,195,0,0
2023-10-31,MBP14,201,0,0
2023-11-01,MBP14,296,0,0
2023-11-02,MBP14,279,0,0
2023-11-03,MBP14,288,1,0
2023-11-04,MBP14,223,0,0
2023-11-05,MBP14,577,1,0
2023-11-06,MBP14,288,0,0
2023-11-07,MBP14,288,0,0
2023-11-08,MBP14,279,0,0
2023-11-09,MBP14,284,0,0
2023-11-10,MBP14,283,0,0
2023-11-11,MBP14,241,0,0
2023-11-12,MBP14,225,0,0
2023-11-13,MBP14,277,0,0
2023-11-14,MBP14,278,0,0
2023-11-15,MBP14,292,0,0
2023-11-16,MBP14,289,0,0
2023-11-17,MBP14,272,0,0
2023-11-18,MBP14,218,0,0
2023-11-19,MBP14,232,0,0
2023-11-20,MBP14,56,0,1
2023-11-21,MBP14,281,1,0
2023-11-22,MBP14,272,0,0
2023-11-23,MBP14,282,0,0
2023-11-24,MBP14,305,0,0
2023-11-25,MBP14,577,1,0
2023-11-26,MBP14,221,0,0
2023-11-27,MBP14,309,1,0
2023-11-28,MBP14,273,0,0
2023-11-29,MBP14,277,0,0
2023-11-30,MBP14,295,0,0
2023-12-01,MBP14,273,0,0
2023-12-02,MBP14,242,0,0
2023-12-03,MBP14,553,1,0
2023-12-04,MBP14,301,1,0
2023-12-05,MBP14,284,0,0
2023-12-06,MBP14,291,0,0
2023-12-07,MBP14,284,0,0
2023-12-08,MBP14,285,0,0
2023-12-09,MBP14,223,0,0
2023-12-10,MBP14,226,0,0
2023-12-11,MBP14,295,0,0
2023-12-12,MBP14,286,0,0
2023-12-13,MBP14,288,0,0
2023-12-14,MBP14,285,0,0
2023-12-15,MBP14,281,0,0
2023-12-16,MBP14,213,0,0
2023-12-17,MBP14,240,0,0
2023-12-18,MBP14,289,0,0
2023-12-19,MBP14,283,0,0
2023-12-20,MBP14,275,0,0
2023-12-21,MBP14,304,1,0
2023-12-22,MBP14,275,0,0
2023-12-23,MBP14,234,0,0
2023-12-24,MBP14,223,0,0
2023-12-25,MBP14,285,0,0
2023-12-26,MBP14,294,0,0
2023-12-27,MBP14,284,0,0
2023-12-28,MBP14,287,0,0
2023-12-29,MBP14,299,0,0
2023-12-30,MBP14,232,0,0
2023-12-31,MBP14,221,0,0
2024-01-01,MBP14,206,0,0
2024-01-02,MBP14,198,0,0
2024-01-03,MBP14,225,1,0
2024-01-04,MBP14,198,0,0
2024-01-05,MBP14,198,0,0
2024-01-06,MBP14,167,0,0
2024-01-07,MBP14,165,0,0
2024-01-08,MBP14,206,0,0
2024-01-09,MBP14,207,1,0
2024-01-10,MBP14,208,0,0
2024-01-11,MBP14,187,0,0
2024-01-12,MBP14,196,0,0
2024-01-13,MBP14,168,0,0
2024-01-14,MBP14,147,0,0
2024-01-15,MBP14,204,0,0
2024-01-16,MBP14,203,0,0
2024-01-17,MBP14,194,0,0
2024-01-18,MBP14,205,0,0
2024-01-19,MBP14,195,0,0
2024-01-20,MBP14,412,1,0
2024-01-21,MBP14,165,0,0
2024-01-22,MBP14,209,0,0
2024-01-23,MBP14,219,0,0
2024-01-24,MBP14,204,0,0
2024-01-25,MBP14,210,0,0
2024-01-26,MBP14,201,1,0
2024-01-27,MBP14,168,0,0
2024-01-28,MBP14,387,1,0
2024-01-29,MBP14,206,0,0
2024-01-30,MBP14,191,0,0
2024-01-31,MBP14,208,0,0
2024-02-01,MBP14,211,0,0
2024-02-02,MBP14,206,0,0
2024-02-03,MBP14,147,0,0
2024-02-04,MBP14,159,0,0
2024-02-05,MBP14,184,0,0
2024-02-06,MBP14,218,0,0
2024-02-07,MBP14,205,0,0
2024-02-08,MBP14,217,1,0
2024-02-09,MBP14,192,0,0
2024-02-10,MBP14,155,0,0
2024-02-11,MBP14,161,0,0
2024-02-12,MBP14,209,0,0
2024-02-13,MBP14,204,1,0
2024-02-14,MBP14,218,0,0
2024-02-15,MBP14,197,1,0
2024-02-16,MBP14,199,0,0
2024-02-17,MBP14,175,0,0
2024-02-18,MBP14,153,0,0
2024-02-19,MBP14,196,0,0
2024-02-20,MBP14,202,0,0
2024-02-21,MBP14,192,0,0
2024-02-22,MBP14,186,0,0
2024-02-23,MBP14,194,0,0
2024-02-24,MBP14,173,0,0
2024-02-25,MBP14,161,0,0
2024-02-26,MBP14,151,0,1
2024-02-27,MBP14,192,0,0
2024-02-28,MBP14,209,0,0
2024-02-29,MBP14,194,0,0
2024-03-01,MBP14,164,0,1
2024-03-02,MBP14,159,0,0
2024-03-03,MBP14,165,0,0
2024-03-04,MBP14,209,0,0
2024-03-05,MBP14,209,0,0
2024-03-06,MBP14,192,0,0
2024-03-07,MBP14,159,0,1
2024-03-08,MBP14,196,0,0
2024-03-09,MBP14,172,0,0
2024-03-10,MBP14,154,0,0
2024-03-11,MBP14,204,0,0
2024-03-12,MBP14,204,0,0
2024-03-13,MBP14,193,0,0
2024-03-14,MBP14,186,0,0
2024-03-15,MBP14,195,0,0
2024-03-16,MBP14,160,0,0
2024-03-17,MBP14,403,1,0
2024-03-18,MBP14,197,0,0
2024-03-19,MBP14,206,0,0
2024-03-20,MBP14,208,0,0
2024-03-21,MBP14,210,0,0
2024-03-22,MBP14,204,1,0
2024-03-23,MBP14,404,1,0
2024-03-24,MBP14,175,0,0
2024-03-25,MBP14,199,0,0
2024-03-26,MBP14,217,0,0
2024-03-27,MBP14,156,0,1
2024-03-28,MBP14,205,0,0
2024-03-29,MBP14,207,0,0
2024-03-30,MBP14,404,1,0
2024-03-31,MBP14,159,0,0
2024-04-01,MBP14,191,0,0
2024-04-02,MBP14,197,0,0
2024-04-03,MBP14,189,0,0
2024-04-04,MBP14,210,0,0
2024-04-05,MBP14,187,0,0
2024-04-06,MBP14,157,0,0
2024-04-07,MBP14,164,0,0
2024-04-08,MBP14,161,0,1
2024-04-09,MBP14,193,0,0
2024-04-10,MBP14,203,0,0
2024-04-11,MBP14,149,0,1
2024-04-12,MBP14,202,0,0
2024-04-13,MBP14,156,0,0
2024-04-14,MBP14,150,0,0
2024-04-15,MBP14,198,0,0
2024-04-16,MBP14,208,0,0
2024-04-17,MBP14,193,0,0
2024-04-18,MBP14,206,0,0
2024-04-19,MBP14,200,0,0
2024-04-20,MBP14,153,0,0
2024-04-21,MBP14,159,0,0
2024-04-22,MBP14,199,0,0
2024-04-23,MBP14,179,0,0
2024-04-24,MBP14,187,0,0
2024-04-25,MBP14,197,0,0
2024-04-26,MBP14,199,1,0
2024-04-27,MBP14,413,1,0
2024-04-28,MBP14,166,0,0
2024-04-29,MBP14,204,0,0
2024-04-30,MBP14,194,0,0
2024-05-01,MBP14,192,0,0
2024-05-02,MBP14,202,0,0
2024-05-03,MBP14,207,0,0
2024-05-04,MBP14,180,0,0
2024-05-05,MBP14,416,1,0
2024-05-06,MBP14,212,0,0
2024-05-07,MBP14,209,0,0
2024-05-08,MBP14,199,0,0
2024-05-09,MBP14,193,0,0
2024-05-10,MBP14,183,0,0
2024-05-11,MBP14,160,0,0
2024-05-12,MBP14,171,0,0
2024-05-13,MBP14,195,0,0
2024-05-14,MBP14,201,0,0
2024-05-15,MBP14,195,0,0
2024-05-16,MBP14,204,0,0
2024-05-17,MBP14,208,1,0
2024-05-18,MBP14,139,0,0
2024-05-19,MBP14,394,1,0
2024-05-20,MBP14,206,0,0
2024-05-21,MBP14,181,0,0
2024-05-22,MBP14,201,0,0
2024-05-23,MBP14,206,0,0
2024-05-24,MBP14,148,0,1
2024-05-25,MBP14,171,0,0
2024-05-26,MBP14,175,0,0
2024-05-27,MBP14,189,0,0
2024-05-28,MBP14,195,0,0
2024-05-29,MBP14,202,0,0
2024-05-30,MBP14,215,0,0
2024-05-31,MBP14,197,0,0
2024-06-01,MBP14,169,0,0
2024-06-02,MBP14,163,0,0
2024-06-03,MBP14,195,0,0
2024-06-04,MBP14,185,0,0
2024-06-05,MBP14,193,0,0
2024-06-06,MBP14,203,1,0
2024-06-07,MBP14,217,0,0
2024-06-08,MBP14,170,0,0
2024-06-09,MBP14,158,0,0
2024-06-10,MBP14,201,0,0
2024-06-11,MBP14,194,0,0
2024-06-12,MBP14,211,0,0
2024-06-13,MBP14,194,0,0
2024-06-14,MBP14,193,0,0
2024-06-15,MBP14,162,0,0
2024-06-16,MBP14,150,0,0
2024-06-17,MBP14,198,0,0
2024-06-18,MBP14,195,0,0
2024-06-19,MBP14,204,0,0
2024-06-20,MBP14,212,0,0
2024-06-21,MBP14,210,1,0
2024-06-22,MBP14,163,0,0
2024-06-23,MBP14,168,0,0
2024-06-24,MBP14,186,0,0
2024-06-25,MBP14,196,0,0
2024-06-26,MBP14,207,0,0
2024-06-27,MBP14,210,0,0
2024-06-28,MBP14,206,0,0
2024-06-29,MBP14,175,0,0
2024-06-30,MBP14,399,1,0
2024-07-01,MBP14,210,0,0
2024-07-02,MBP14,200,0,0
2024-07-03,MBP14,184,0,0
2024-07-04,MBP14,172,0,0
2024-07-05,MBP14,204,0,0
2024-07-06,MBP14,160,0,0
2024-07-07,MBP14,180,0,0
2024-07-08,MBP14,202,0,0
2024-07-09,MBP14,196,0,0
2024-07-10,MBP14,201,0,0
2024-07-11,MBP14,196,0,0
2024-07-12,MBP14,190,0,0
2024-07-13,MBP14,162,0,0
2024-07-14,MBP14,155,0,0
2024-07-15,MBP14,208,0,0
2024-07-16,MBP14,219,0,0
2024-07-17,MBP14,197,0,0
2024-07-18,MBP14,214,0,0
2024-07-19,MBP14,187,0,0
2024-07-20,MBP14,414,1,0
2024-07-21,MBP14,407,1,0
2024-07-22,MBP14,205,0,0
2024-07-23,MBP14,211,0,0
2024-07-24,MBP14,213,1,0
2024-07-25,MBP14,187,0,0
2024-07-26,MBP14,217,1,0
2024-07-27,MBP14,410,1,0
2024-07-28,MBP14,159,0,0
2024-07-29,MBP14,199,0,0
2024-07-30,MBP14,207,0,0
2024-07-31,MBP14,202,0,0
2024-08-01,MBP14,267,0,0
2024-08-02,MBP14,271,0,0
2024-08-03,MBP14,210,0,0
2024-08-04,MBP14,212,0,0
2024-08-05,MBP14,270,0,0
2024-08-06,MBP14,270,0,0
2024-08-07,MBP14,272,0,0
2024-08-08,MBP14,270,0,0
2024-08-09,MBP14,259,0,0
2024-08-10,MBP14,232,0,0
2024-08-11,MBP14,229,0,0
2024-08-12,MBP14,274,0,0
2024-08-13,MBP14,266,0,0
2024-08-14,MBP14,279,0,0
2024-08-15,MBP14,278,0,0
2024-08-16,MBP14,282,0,0
2024-08-17,MBP14,224,0,0
2024-08-18,MBP14,172,0,1
2024-08-19,MBP14,275,0,0
2024-08-20,MBP14,253,0,0
2024-08-21,MBP14,267,0,0
2024-08-22,MBP14,286,0,0
2024-08-23,MBP14,259,0,0
2024-08-24,MBP14,204,0,0
2024-08-25,MBP14,216,0,0
2024-08-26,MBP14,268,0,0
2024-08-27,MBP14,278,0,0
2024-08-28,MBP14,286,1,0
2024-08-29,MBP14,270,0,0
2024-08-30,MBP14,256,0,0
2024-08-31,MBP14,219,0,0
2024-09-01,MBP14,212,0,0
2024-09-02,MBP14,277,0,0
2024-09-03,MBP14,271,0,0
2024-09-04,MBP14,249,0,0
2024-09-05,MBP14,282,0,0
2024-09-06,MBP14,239,0,0
2024-09-07,MBP14,209,0,0
2024-09-08,MBP14,220,0,0
2024-09-09,MBP14,269,0,0
2024-09-10,MBP14,275,0,0
2024-09-11,MBP14,265,0,0
2024-09-12,MBP14,264,0,0
2024-09-13,MBP14,269,0,0
2024-09-14,MBP14,232,0,0
2024-09-15,MBP14,208,0,0
2024-09-16,MBP14,271,0,0
2024-09-17,MBP14,273,0,0
2024-09-18,MBP14,272,0,0
2024-09-19,MBP14,266,0,0
2024-09-20,MBP14,267,0,0
2024-09-21,MBP14,217,0,0
2024-09-22,MBP14,219,0,0
2024-09-23,MBP14,266,1,0
2024-09-24,MBP14,275,0,0
2024-09-25,MBP14,274,0,0
2024-09-26,MBP14,278,0,0
2024-09-27,MBP14,254,0,0
2024-09-28,MBP14,550,1,0
2024-09-29,MBP14,218,0,0
2024-09-30,MBP14,272,0,0
2024-10-01,MBP14,198,0,0
2024-10-02,MBP14,204,0,0
2024-10-03,MBP14,195,0,0
2024-10-04,MBP14,211,1,0
2024-10-05,MBP14,148,0,0
2024-10-06,MBP14,159,0,0
2024-10-07,MBP14,197,0,0
2024-10-08,MBP14,179,0,0
2024-10-09,MBP14,201,0,0
2024-10-10,MBP14,213,1,0
2024-10-11,MBP14,197,0,0
2024-10-12,MBP14,412,1,0
2024-10-13,MBP14,174,0,0
2024-10-14,MBP14,228,1,0
2024-10-15,MBP14,189,0,0
2024-10-16,MBP14,205,0,0
2024-10-17,MBP14,201,0,0
2024-10-18,MBP14,200,0,0
2024-10-19,MBP14,151,0,0
2024-10-20,MBP14,130,0,1
2024-10-21,MBP14,180,0,0
2024-10-22,MBP14,198,0,0
2024-10-23,MBP14,185,0,0
2024-10-24,MBP14,196,0,0
2024-10-25,MBP14,219,1,0
2024-10-26,MBP14,399,1,0
2024-10-27,MBP14,113,0,1
2024-10-28,MBP14,203,0,0
2024-10-29,MBP14,204,1,0
2024-10-30,MBP14,218,0,0
2024-10-31,MBP14,186,0,0
2024-11-01,MBP14,316,0,0
2024-11-02,MBP14,583,1,0
2024-11-03,MBP14,230,0,0
2024-11-04,MBP14,278,0,0
2024-11-05,MBP14,294,0,0
2024-11-06,MBP14,271,0,0
2024-11-07,MBP14,293,0,0
2024-11-08,MBP14,313,1,0
2024-11-09,MBP14,224,0,0
2024-11-10,MBP14,250,0,0
2024-11-11,MBP14,283,0,0
2024-11-12,MBP14,288,0,0
2024-11-13,MBP14,275,0,0
2024-11-14,MBP14,289,0,0
2024-11-15,MBP14,309,1,0
2024-11-16,MBP14,224,0,0
2024-11-17,MBP14,237,0,0
2024-11-18,MBP14,62,0,1
2024-11-19,MBP14,297,0,0
2024-11-20,MBP14,290,0,0
2024-11-21,MBP14,301,0,0
2024-11-22,MBP14,279,0,0
2024-11-23,MBP14,238,0,0
2024-11-24,MBP14,228,0,0
2024-11-25,MBP14,293,0,0
2024-11-26,MBP14,291,0,0
2024-11-27,MBP14,283,0,0
2024-11-28,MBP14,289,0,0
2024-11-29,MBP14,283,0,0
2024-11-30,MBP14,64,0,1
2024-12-01,MBP14,241,0,0
2024-12-02,MBP14,322,1,0
2024-12-03,MBP14,297,1,0
2024-12-04,MBP14,275,0,0
2024-12-05,MBP14,308,1,0
2024-12-06,MBP14,293,0,0
2024-12-07,MBP14,241,0,0
2024-12-08,MBP14,594,1,0
2024-12-09,MBP14,306,0,0
2024-12-10,MBP14,296,0,0
2024-12-11,MBP14,48,0,1
2024-12-12,MBP14,277,0,0
2024-12-13,MBP14,307,0,0
2024-12-14,MBP14,235,0,0
2024-12-15,MBP14,247,0,0
2024-12-16,MBP14,282,0,0
2024-12-17,MBP14,296,0,0
2024-12-18,MBP14,282,0,0
2024-12-19,MBP14,268,0,0
2024-12-20,MBP14,300,0,0
2024-12-21,MBP14,224,0,0
2024-12-22,MBP14,223,0,0
2024-12-23,MBP14,289,0,0
2024-12-24,MBP14,304,1,0
2024-12-25,MBP14,292,0,0
2024-12-26,MBP14,294,0,0
2024-12-27,MBP14,297,1,0
2024-12-28,MBP14,223,0,0
2024-12-29,MBP14,246,0,0
2024-12-30,MBP14,298,0,0
2024-12-31,MBP14,279,0,0
2025-01-01,MBP14,191,0,0
2025-01-02,MBP14,202,0,0
2025-01-03,MBP14,193,0,0
2025-01-04,MBP14,162,0,0
2025-01-05,MBP14,173,0,0
2025-01-06,MBP14,204,0,0
2025-01-07,MBP14,216,0,0
2025-01-08,MBP14,203,0,0
2025-01-09,MBP14,215,0,0
2025-01-10,MBP14,212,1,0
2025-01-11,MBP14,144,0,0
2025-01-12,MBP14,170,0,0
2025-01-13,MBP14,188,0,0
2025-01-14,MBP14,200,0,0
2025-01-15,MBP14,183,0,0
2025-01-16,MBP14,205,0,0
2025-01-17,MBP14,207,0,0
2025-01-18,MBP14,171,0,0
2025-01-19,MBP14,152,0,0
2025-01-20,MBP14,197,0,0
2025-01-21,MBP14,202,0,0
2025-01-22,MBP14,210,0,0
2025-01-23,MBP14,207,0,0
2025-01-24,MBP14,196,0,0
2025-01-25,MBP14,176,0,0
2025-01-26,MBP14,152,0,0
2025-01-27,MBP14,208,0,0
2025-01-28,MBP14,198,0,0
2025-01-29,MBP14,213,0,0
2025-01-30,MBP14,210,1,0
2025-01-31,MBP14,232,0,0
2025-02-01,MBP14,169,0,0
2025-02-02,MBP14,179,0,0
2025-02-03,MBP14,222,0,0
2025-02-04,MBP14,203,0,0
2025-02-05,MBP14,204,0,0
2025-02-06,MBP14,217,0,0
2025-02-07,MBP14,206,0,0
2025-02-08,MBP14,157,0,0
2025-02-09,MBP14,151,0,0
2025-02-10,MBP14,207,0,0
2025-02-11,MBP14,159,0,1
2025-02-12,MBP14,212,0,0
2025-02-13,MBP14,201,0,0
2025-02-14,MBP14,222,0,0
2025-02-15,MBP14,158,0,0
2025-02-16,MBP14,155,0,0
2025-02-17,MBP14,204,0,0
2025-02-18,MBP14,211,0,0
2025-02-19,MBP14,213,0,0
2025-02-20,MBP14,206,0,0
2025-02-21,MBP14,222,0,0
2025-02-22,MBP14,166,0,0
2025-02-23,MBP14,163,0,0
2025-02-24,MBP14,209,0,0
2025-02-25,MBP14,195,0,0
2025-02-26,MBP14,215,0,0
2025-02-27,MBP14,217,0,0
2025-02-28,MBP14,217,1,0
2025-03-01,MBP14,157,0,0
2025-03-02,MBP14,168,0,0
2025-03-03,MBP14,232,1,0
2025-03-04,MBP14,210,0,0
2025-03-05,MBP14,213,0,0
2025-03-06,MBP14,214,0,0
2025-03-07,MBP14,195,0,0
2025-03-08,MBP14,164,0,0
2025-03-09,MBP14,173,0,0
2025-03-10,MBP14,193,0,0
2025-03-11,MBP14,216,0,0
2025-03-12,MBP14,193,0,0
2025-03-13,MBP14,201,0,0
2025-03-14,MBP14,216,0,0
2025-03-15,MBP14,165,0,0
2025-03-16,MBP14,168,0,0
2025-03-17,MBP14,224,0,0
2025-03-18,MBP14,214,0,0
2025-03-19,MBP14,205,0,0
2025-03-20,MBP14,191,0,0
2025-03-21,MBP14,174,0,1
2025-03-22,MBP14,166,0,0
2025-03-23,MBP14,164,0,0
2025-03-24,MBP14,216,1,0
2025-03-25,MBP14,202,0,0
2025-03-26,MBP14,199,0,0
2025-03-27,MBP14,201,0,0
2025-03-28,MBP14,200,0,0
2025-03-29,MBP14,158,0,0
2025-03-30,MBP14,422,1,0
2025-03-31,MBP14,213,0,0
2025-04-01,MBP14,204,0,0
2025-04-02,MBP14,224,0,0
2025-04-03,MBP14,228,1,0
2025-04-04,MBP14,211,0,0
2025-04-05,MBP14,175,0,0
2025-04-06,MBP14,155,0,0
2025-04-07,MBP14,217,0,0
2025-04-08,MBP14,200,0,0
2025-04-09,MBP14,222,0,0
2025-04-10,MBP14,231,0,0
2025-04-11,MBP14,227,0,0
2025-04-12,MBP14,172,0,0
2025-04-13,MBP14,424,1,0
2025-04-14,MBP14,213,0,0
2025-04-15,MBP14,203,0,0
2025-04-16,MBP14,211,0,0
2025-04-17,MBP14,199,0,0
2025-04-18,MBP14,222,0,0
2025-04-19,MBP14,173,0,0
2025-04-20,MBP14,178,0,0
2025-04-21,MBP14,217,1,0
2025-04-22,MBP14,202,0,0
2025-04-23,MBP14,194,0,0
2025-04-24,MBP14,200,0,0
2025-04-25,MBP14,215,1,0
2025-04-26,MBP14,140,0,1
2025-04-27,MBP14,170,0,0
2025-04-28,MBP14,208,0,0
2025-04-29,MBP14,223,1,0
2025-04-30,MBP14,205,0,0
2025-05-01,MBP14,212,0,0
2025-05-02,MBP14,208,0,0
2025-05-03,MBP14,168,0,0
2025-05-04,MBP14,160,0,0
2025-05-05,MBP14,203,0,0
2025-05-06,MBP14,189,0,0
2025-05-07,MBP14,198,0,0
2025-05-08,MBP14,216,0,0
2025-05-09,MBP14,199,0,0
2025-05-10,MBP14,170,0,0
2025-05-11,MBP14,159,0,0
2025-05-12,MBP14,214,0,0
2025-05-13,MBP14,210,0,0
2025-05-14,MBP14,205,1,0
2025-05-15,MBP14,215,0,0
2025-05-16,MBP14,217,0,0
2025-05-17,MBP14,159,0,0
2025-05-18,MBP14,164,0,0
2025-05-19,MBP14,197,0,0
2025-05-20,MBP14,214,0,0
2025-05-21,MBP14,206,0,0
2025-05-22,MBP14,206,0,0
2025-05-23,MBP14,187,0,0
2025-05-24,MBP14,165,0,0
2025-05-25,MBP14,429,1,0
2025-05-26,MBP14,226,0,0
2025-05-27,MBP14,218,0,0
2025-05-28,MBP14,224,1,0
2025-05-29,MBP14,202,0,0
2025-05-30,MBP14,200,0,0
2025-05-31,MBP14,410,1,0
2025-06-01,MBP14,164,0,0
2025-06-02,MBP14,202,0,0
2025-06-03,MBP14,222,1,0
2025-06-04,MBP14,193,0,0
2025-06-05,MBP14,203,0,0
2025-06-06,MBP14,189,0,0
2025-06-07,MBP14,175,0,0
2025-06-08,MBP14,163,0,0
2025-06-09,MBP14,221,0,0
2025-06-10,MBP14,212,0,0
2025-06-11,MBP14,199,1,0
2025-06-12,MBP14,194,0,0
2025-06-13,MBP14,202,0,0
2025-06-14,MBP14,187,0,0
2025-06-15,MBP14,158,0,0
2025-06-16,MBP14,208,0,0
2025-06-17,MBP14,215,0,0
2025-06-18,MBP14,228,1,0
2025-06-19,MBP14,205,0,0
2025-06-20,MBP14,197,0,0
2025-06-21,MBP14,417,1,0
2025-06-22,MBP14,176,0,0
2025-06-23,MBP14,212,0,0
2025-06-24,MBP14,190,0,0
2025-06-25,MBP14,192,0,0
2025-06-26,MBP14,193,0,0
2025-06-27,MBP14,174,0,1
2025-06-28,MBP14,155,0,0
2025-06-29,MBP14,405,1,0
2025-06-30,MBP14,207,0,0
2025-07-01,MBP14,215,0,0
2025-07-02,MBP14,220,0,0
2025-07-03,MBP14,205,1,0
2025-07-04,MBP14,236,1,0
2025-07-05,MBP14,150,0,0
2025-07-06,MBP14,162,0,0
2025-07-07,MBP14,211,0,0
2025-07-08,MBP14,196,0,0
2025-07-09,MBP14,203,0,0
2025-07-10,MBP14,202,0,0
2025-07-11,MBP14,180,0,0
2025-07-12,MBP14,151,0,0
2025-07-13,MBP14,166,0,0
2025-07-14,MBP14,199,0,0
2025-07-15,MBP14,198,0,0
2025-07-16,MBP14,212,1,0
2025-07-17,MBP14,218,0,0
2025-07-18,MBP14,215,0,0
2025-07-19,MBP14,396,1,0
2025-07-20,MBP14,424,1,0
2025-07-21,MBP14,196,0,0
2025-07-22,MBP14,222,0,0
2025-07-23,MBP14,196,0,0
2025-07-24,MBP14,212,0,0
2025-07-25,MBP14,202,0,0
2025-07-26,MBP14,170,0,0
2025-07-27,MBP14,163,0,0
2025-07-28,MBP14,195,0,0
2025-07-29,MBP14,198,0,0
2025-07-30,MBP14,190,0,0
2025-07-31,MBP14,216,0,0
2025-08-01,MBP14,285,0,0
2025-08-02,MBP14,228,0,0
2025-08-03,MBP14,228,0,0
2025-08-04,MBP14,269,0,0
2025-08-05,MBP14,279,0,0
2025-08-06,MBP14,286,1,0
2025-08-07,MBP14,296,0,0
2025-08-08,MBP14,281,0,0
2025-08-09,MBP14,218,0,0
2025-08-10,MBP14,222,0,0
2025-08-11,MBP14,277,0,0
2025-08-12,MBP14,274,0,0
2025-08-13,MBP14,213,0,1
2025-08-14,MBP14,282,0,0
2025-08-15,MBP14,285,0,0
2025-08-16,MBP14,233,0,0
2025-08-17,MBP14,231,0,0
2025-08-18,MBP14,269,0,0
2025-08-19,MBP14,284,0,0
2025-08-20,MBP14,284,0,0
2025-08-21,MBP14,282,0,0
2025-08-22,MBP14,287,0,0
2025-08-23,MBP14,219,0,0
2025-08-24,MBP14,222,0,0
2025-08-25,MBP14,286,0,0
2025-08-26,MBP14,277,0,0
2025-08-27,MBP14,273,0,0
2025-08-28,MBP14,281,0,0
2025-08-29,MBP14,290,0,0
2025-08-30,MBP14,219,0,0
2025-08-31,MBP14,244,0,0
2025-09-01,MBP14,271,0,0
2025-09-02,MBP14,277,0,0
2025-09-03,MBP14,292,0,0
2025-09-04,MBP14,278,0,0
2025-09-05,MBP14,287,0,0
2025-09-06,MBP14,212,0,0
2025-09-07,MBP14,221,0,0
2025-09-08,MBP14,279,0,0
2025-09-09,MBP14,264,0,0
2025-09-10,MBP14,267,0,0
2025-09-11,MBP14,285,0,0
2025-09-12,MBP14,276,0,0
2025-09-13,MBP14,221,0,0
2025-09-14,MBP14,221,0,0
2025-09-15,MBP14,294,0,0
2025-09-16,MBP14,287,0,0
2025-09-17,MBP14,284,0,0
2025-09-18,MBP14,277,0,0
2025-09-19,MBP14,264,0,0
2025-09-20,MBP14,225,0,0
2025-09-21,MBP14,222,0,0
2025-09-22,MBP14,263,0,0
2025-09-23,MBP14,295,0,0
2025-09-24,MBP14,286,0,0
2025-09-25,MBP14,283,0,0
2025-09-26,MBP14,262,0,0
2025-09-27,MBP14,236,0,0
2025-09-28,MBP14,222,0,0
2025-09-29,MBP14,274,0,0
2025-09-30,MBP14,282,0,0
2025-10-01,MBP14,207,0,0
2025-10-02,MBP14,235,1,0
2025-10-03,MBP14,152,0,1
2025-10-04,MBP14,164,0,0
2025-10-05,MBP14,155,0,0
2025-10-06,MBP14,195,0,0
2025-10-07,MBP14,210,0,0
2025-10-08,MBP14,206,0,0
2025-10-09,MBP14,220,0,0
2025-10-10,MBP14,156,0,1
2025-10-11,MBP14,182,0,0
2025-10-12,MBP14,161,0,0
2025-10-13,MBP14,201,0,0
2025-10-14,MBP14,198,0,0
2025-10-15,MBP14,209,0,0
2025-10-16,MBP14,213,0,0
2025-10-17,MBP14,200,0,0
2025-10-18,MBP14,147,0,1
2025-10-19,MBP14,408,1,0
2025-10-20,MBP14,206,0,0
2025-10-21,MBP14,211,0,0
2025-10-22,MBP14,215,0,0
2025-10-23,MBP14,218,0,0
2025-10-24,MBP14,163,0,1
2025-10-25,MBP14,172,0,0
2025-10-26,MBP14,172,0,0
2025-10-27,MBP14,198,0,0
2025-10-28,MBP14,204,0,0
2025-10-29,MBP14,197,0,0
2025-10-30,MBP14,202,0,0
2025-10-31,MBP14,205,0,0
2025-11-01,MBP14,246,0,0
2025-11-02,MBP14,237,0,0
2025-11-03,MBP14,307,0,0
2025-11-04,MBP14,286,0,0
2025-11-05,MBP14,295,0,0
2025-11-06,MBP14,293,0,0
2025-11-07,MBP14,307,0,0
2025-11-08,MBP14,239,0,0
2025-11-09,MBP14,237,0,0
2025-11-10,MBP14,288,0,0
2025-11-11,MBP14,304,0,0
2025-11-12,MBP14,299,1,0
2025-11-13,MBP14,305,0,0
2025-11-14,MBP14,297,0,0
2025-11-15,MBP14,237,0,0
2025-11-16,MBP14,601,1,0
2025-11-17,MBP14,296,0,0
2025-11-18,MBP14,296,0,0
2025-11-19,MBP14,295,1,0
2025-11-20,MBP14,308,0,0
2025-11-21,MBP14,288,0,0
2025-11-22,MBP14,233,0,0
2025-11-23,MBP14,239,0,0
2025-11-24,MBP14,305,0,0
2025-11-25,MBP14,301,0,0
2025-11-26,MBP14,290,0,0
2025-11-27,MBP14,311,0,0
2025-11-28,MBP14,297,0,0
2025-11-29,MBP14,621,1,0
2025-11-30,MBP14,246,0,0
2025-12-01,MBP14,303,0,0
2025-12-02,MBP14,292,0,0
2025-12-03,MBP14,298,1,0
2025-12-04,MBP14,290,0,0
2025-12-05,MBP14,306,0,0
2025-12-06,MBP14,243,0,0
2025-12-07,MBP14,230,0,0
2025-12-08,MBP14,315,0,0
2025-12-09,MBP14,299,0,0
2025-12-10,MBP14,301,0,0
2025-12-11,MBP14,319,1,0
2025-12-12,MBP14,307,1,0
2025-12-13,MBP14,254,0,0
2025-12-14,MBP14,228,0,0
2025-12-15,MBP14,304,0,0
2025-12-16,MBP14,322,0,0
2025-12-17,MBP14,282,0,0
2025-12-18,MBP14,301,1,0
2025-12-19,MBP14,307,0,0
2025-12-20,MBP14,226,0,0
2025-12-21,MBP14,246,0,0
2025-12-22,MBP14,299,0,0
2025-12-23,MBP14,319,1,0
2025-12-24,MBP14,293,0,0
2025-12-25,MBP14,297,0,0
2025-12-26,MBP14,299,0,0
2025-12-27,MBP14,250,0,0
2025-12-28,MBP14,233,0,0
2025-12-29,MBP14,309,1,0
2025-12-30,MBP14,294,0,0
2025-12-31,MBP14,269,0,0
2023-01-01,MBP16,103,0,0
2023-01-02,MBP16,116,1,0
2023-01-03,MBP16,128,0,0
2023-01-04,MBP16,122,0,0
2023-01-05,MBP16,121,0,0
2023-01-06,MBP16,114,0,0
2023-01-07,MBP16,100,0,0
2023-01-08,MBP16,240,1,0
2023-01-09,MBP16,120,0,0
2023-01-10,MBP16,128,0,0
2023-01-11,MBP16,118,0,0
2023-01-12,MBP16,127,0,0
2023-01-13,MBP16,117,0,0
2023-01-14,MBP16,80,0,0
2023-01-15,MBP16,90,0,0
2023-01-16,MBP16,112,0,0
2023-01-17,MBP16,120,0,0
2023-01-18,MBP16,99,0,1
2023-01-19,MBP16,128,1,0
2023-01-20,MBP16,125,0,0
2023-01-21,MBP16,243,1,0
2023-01-22,MBP16,89,0,0
2023-01-23,MBP16,120,0,0
2023-01-24,MBP16,115,0,0
2023-01-25,MBP16,119,0,0
2023-01-26,MBP16,117,0,0
2023-01-27,MBP16,116,0,0
2023-01-28,MBP16,95,0,0
2023-01-29,MBP16,105,0,0
2023-01-30,MBP16,108,0,0
2023-01-31,MBP16,112,0,0
2023-02-01,MBP16,113,0,0
2023-02-02,MBP16,117,0,0
2023-02-03,MBP16,122,0,0
2023-02-04,MBP16,82,0,0
2023-02-05,MBP16,94,0,0
2023-02-06,MBP16,123,0,0
2023-02-07,MBP16,101,0,1
2023-02-08,MBP16,116,1,0
2023-02-09,MBP16,124,0,0
2023-02-10,MBP16,123,0,0
2023-02-11,MBP16,102,0,0
2023-02-12,MBP16,76,0,1
2023-02-13,MBP16,120,0,0
2023-02-14,MBP16,123,0,0
2023-02-15,MBP16,119,0,0
2023-02-16,MBP16,110,0,0
2023-02-17,MBP16,113,0,0
2023-02-18,MBP16,240,1,0
2023-02-19,MBP16,105,0,0
2023-02-20,MBP16,121,0,0
2023-02-21,MBP16,114,0,0
2023-02-22,MBP16,121,1,0
2023-02-23,MBP16,115,0,0
2023-02-24,MBP16,93,0,1
2023-02-25,MBP16,95,0,0
2023-02-26,MBP16,94,0,0
2023-02-27,MBP16,123,1,0
2023-02-28,MBP16,116,1,0
2023-03-01,MBP16,110,0,0
2023-03-02,MBP16,116,0,0
2023-03-03,MBP16,112,0,0
2023-03-04,MBP16,95,0,0
2023-03-05,MBP16,100,0,0
2023-03-06,MBP16,125,0,0
2023-03-07,MBP16,123,0,0
2023-03-08,MBP16,118,0,0
2023-03-09,MBP16,122,0,0
2023-03-10,MBP16,118,0,0
2023-03-11,MBP16,76,0,1
2023-03-12,MBP16,99,0,0
2023-03-13,MBP16,93,0,1
2023-03-14,MBP16,110,0,0
2023-03-15,MBP16,117,0,0
2023-03-16,MBP16,109,0,0
2023-03-17,MBP16,116,0,0
2023-03-18,MBP16,98,0,0
2023-03-19,MBP16,97,0,0
2023-03-20,MBP16,118,0,0
2023-03-21,MBP16,117,0,0
2023-03-22,MBP16,120,0,0
2023-03-23,MBP16,122,0,0
2023-03-24,MBP16,116,0,0
2023-03-25,MBP16,89,0,0
2023-03-26,MBP16,97,0,0
2023-03-27,MBP16,113,0,0
2023-03-28,MBP16,90,0,1
2023-03-29,MBP16,123,0,0
2023-03-30,MBP16,120,0,0
2023-03-31,MBP16,126,0,0
2023-04-01,MBP16,101,0,0
2023-04-02,MBP16,96,0,0
2023-04-03,MBP16,123,0,0
2023-04-04,MBP16,113,0,0
2023-04-05,MBP16,118,0,0
2023-04-06,MBP16,119,0,0
2023-04-07,MBP16,117,0,0
2023-04-08,MBP16,100,0,0
2023-04-09,MBP16,242,1,0
2023-04-10,MBP16,120,0,0
2023-04-11,MBP16,127,0,0
2023-04-12,MBP16,119,0,0
2023-04-13,MBP16,124,0,0
2023-04-14,MBP16,125,0,0
2023-04-15,MBP16,100,0,0
2023-04-16,MBP16,104,0,0
2023-04-17,MBP16,119,0,0
2023-04-18,MBP16,120,0,0
2023-04-19,MBP16,115,0,0
2023-04-20,MBP16,116,0,0
2023-04-21,MBP16,120,0,0
2023-04-22,MBP16,94,0,0
2023-04-23,MBP16,98,0,0
2023-04-24,MBP16,119,0,0
2023-04-25,MBP16,125,0,0
2023-04-26,MBP16,118,0,0
2023-04-27,MBP16,124,0,0
2023-04-28,MBP16,111,0,0
2023-04-29,MBP16,92,0,0
2023-04-30,MBP16,97,0,0
2023-05-01,MBP16,116,0,0
2023-05-02,MBP16,118,0,0
2023-05-03,MBP16,118,0,0
2023-05-04,MBP16,118,0,0
2023-05-05,MBP16,111,0,0
2023-05-06,MBP16,97,0,0
2023-05-07,MBP16,105,0,0
2023-05-08,MBP16,119,0,0
2023-05-09,MBP16,119,0,0
2023-05-10,MBP16,128,0,0
2023-05-11,MBP16,133,0,0
2023-05-12,MBP16,114,0,0
2023-05-13,MBP16,106,0,0
2023-05-14,MBP16,95,0,0
2023-05-15,MBP16,112,0,0
2023-05-16,MBP16,123,0,0
2023-05-17,MBP16,112,0,0
2023-05-18,MBP16,118,0,0
2023-05-19,MBP16,93,0,1
2023-05-20,MBP16,77,0,1
2023-05-21,MBP16,89,0,0
2023-05-22,MBP16,117,1,0
2023-05-23,MBP16,123,0,0
2023-05-24,MBP16,125,0,0
2023-05-25,MBP16,126,0,0
2023-05-26,MBP16,116,1,0
2023-05-27,MBP16,92,0,0
2023-05-28,MBP16,109,0,0
2023-05-29,MBP16,114,0,0
2023-05-30,MBP16,110,0,0
2023-05-31,MBP16,116,0,0
2023-06-01,MBP16,108,0,0
2023-06-02,MBP16,115,1,0
2023-06-03,MBP16,93,0,0
2023-06-04,MBP16,93,0,0
2023-06-05,MBP16,109,0,0
2023-06-06,MBP16,125,0,0
2023-06-07,MBP16,116,0,0
2023-06-08,MBP16,117,0,0
2023-06-09,MBP16,116,0,0
2023-06-10,MBP16,96,0,0
2023-06-11,MBP16,106,0,0
2023-06-12,MBP16,122,0,0
2023-06-13,MBP16,119,0,0
2023-06-14,MBP16,113,0,0
2023-06-15,MBP16,120,1,0
2023-06-16,MBP16,117,0,0
2023-06-17,MBP16,94,0,0
2023-06-18,MBP16,99,0,0
2023-06-19,MBP16,109,0,0
2023-06-20,MBP16,129,1,0
2023-06-21,MBP16,117,0,0
2023-06-22,MBP16,112,0,0
2023-06-23,MBP16,119,0,0
2023-06-24,MBP16,95,0,0
2023-06-25,MBP16,73,0,1
2023-06-26,MBP16,133,0,0
2023-06-27,MBP16,116,0,0
2023-06-28,MBP16,124,0,0
2023-06-29,MBP16,128,0,0
2023-06-30,MBP16,119,0,0
2023-07-01,MBP16,245,1,0
2023-07-02,MBP16,100,0,0
2023-07-03,MBP16,124,0,0
2023-07-04,MBP16,118,0,0
2023-07-05,MBP16,123,0,0
2023-07-06,MBP16,121,0,0
2023-07-07,MBP16,115,0,0
2023-07-08,MBP16,100,0,0
2023-07-09,MBP16,93,0,0
2023-07-10,MBP16,128,0,0
2023-07-11,MBP16,114,0,0
2023-07-12,MBP16,116,0,0
2023-07-13,MBP16,107,0,0
2023-07-14,MBP16,90,0,1
2023-07-15,MBP16,106,0,0
2023-07-16,MBP16,105,0,0
2023-07-17,MBP16,119,0,0
2023-07-18,MBP16,115,0,0
2023-07-19,MBP16,120,0,0
2023-07-20,MBP16,114,0,0
2023-07-21,MBP16,117,0,0
2023-07-22,MBP16,99,0,0
2023-07-23,MBP16,94,0,0
2023-07-24,MBP16,119,0,0
2023-07-25,MBP16,122,0,0
2023-07-26,MBP16,122,0,0
2023-07-27,MBP16,116,0,0
2023-07-28,MBP16,115,0,0
2023-07-29,MBP16,100,0,0
2023-07-30,MBP16,96,0,0
2023-07-31,MBP16,99,0,1
2023-08-01,MBP16,157,0,0
2023-08-02,MBP16,158,0,0
2023-08-03,MBP16,165,0,0
2023-08-04,MBP16,158,0,0
2023-08-05,MBP16,112,0,0
2023-08-06,MBP16,329,1,0
2023-08-07,MBP16,170,1,0
2023-08-08,MBP16,158,0,0
2023-08-09,MBP16,170,0,0
2023-08-10,MBP16,155,0,0
2023-08-11,MBP16,161,0,0
2023-08-12,MBP16,129,0,0
2023-08-13,MBP16,95,0,1
2023-08-14,MBP16,159,0,0
2023-08-15,MBP16,167,0,0
2023-08-16,MBP16,167,1,0
2023-08-17,MBP16,159,0,0
2023-08-18,MBP16,168,0,0
2023-08-19,MBP16,123,0,0
2023-08-20,MBP16,136,0,0
2023-08-21,MBP16,150,0,0
2023-08-22,MBP16,174,1,0
2023-08-23,MBP16,153,0,0
2023-08-24,MBP16,156,0,0
2023-08-25,MBP16,154,0,0
2023-08-26,MBP16,134,0,0
2023-08-27,MBP16,325,1,0
2023-08-28,MBP16,165,0,0
2023-08-29,MBP16,169,1,0
2023-08-30,MBP16,158,0,0
2023-08-31,MBP16,164,0,0
2023-09-01,MBP16,170,1,0
2023-09-02,MBP16,131,0,0
2023-09-03,MBP16,127,0,0
2023-09-04,MBP16,160,0,0
2023-09-05,MBP16,159,0,0
2023-09-06,MBP16,167,1,0
2023-09-07,MBP16,161,0,0
2023-09-08,MBP16,174,0,0
2023-09-09,MBP16,126,0,0
2023-09-10,MBP16,139,0,0
2023-09-11,MBP16,164,0,0
2023-09-12,MBP16,159,0,0
2023-09-13,MBP16,154,0,0
2023-09-14,MBP16,152,0,0
2023-09-15,MBP16,158,0,0
2023-09-16,MBP16,130,0,0
2023-09-17,MBP16,136,0,0
2023-09-18,MBP16,166,0,0
2023-09-19,MBP16,159,0,0
2023-09-20,MBP16,158,0,0
2023-09-21,MBP16,127,0,1
2023-09-22,MBP16,161,0,0
2023-09-23,MBP16,126,0,0
2023-09-24,MBP16,131,0,0
2023-09-25,MBP16,161,0,0
2023-09-26,MBP16,161,0,0
2023-09-27,MBP16,169,0,0
2023-09-28,MBP16,168,0,0
2023-09-29,MBP16,163,0,0
2023-09-30,MBP16,132,0,0
2023-10-01,MBP16,253,1,0
2023-10-02,MBP16,104,0,0
2023-10-03,MBP16,124,0,0
2023-10-04,MBP16,139,1,0
2023-10-05,MBP16,117,0,0
2023-10-06,MBP16,121,0,0
2023-10-07,MBP16,96,0,0
2023-10-08,MBP16,98,0,0
2023-10-09,MBP16,125,0,0
2023-10-10,MBP16,128,0,0
2023-10-11,MBP16,124,1,0
2023-10-12,MBP16,124,0,0
2023-10-13,MBP16,124,0,0
2023-10-14,MBP16,95,0,0
2023-10-15,MBP16,98,0,0
2023-10-16,MBP16,121,0,0
2023-10-17,MBP16,110,0,0
2023-10-18,MBP16,122,0,0
2023-10-19,MBP16,114,1,0
2023-10-20,MBP16,123,0,0
2023-10-21,MBP16,98,0,0
2023-10-22,MBP16,102,0,0
2023-10-23,MBP16,104,0,0
2023-10-24,MBP16,131,1,0
2023-10-25,MBP16,124,0,0
2023-10-26,MBP16,128,0,0
2023-10-27,MBP16,110,0,0
2023-10-28,MBP16,244,1,0
2023-10-29,MBP16,86,0,0
2023-10-30,MBP16,122,0,0
2023-10-31,MBP16,125,0,0
2023-11-01,MBP16,168,0,0
2023-11-02,MBP16,171,0,0
2023-11-03,MBP16,173,0,0
2023-11-04,MBP16,131,0,0
2023-11-05,MBP16,143,0,0
2023-11-06,MBP16,162,0,0
2023-11-07,MBP16,171,0,0
2023-11-08,MBP16,182,0,0
2023-11-09,MBP16,174,0,0
2023-11-10,MBP16,165,0,0
2023-11-11,MBP16,134,0,0
2023-11-12,MBP16,131,0,0
2023-11-13,MBP16,176,0,0
2023-11-14,MBP16,174,1,0
2023-11-15,MBP16,177,0,0
2023-11-16,MBP16,173,0,0
2023-11-17,MBP16,162,0,0
2023-11-18,MBP16,129,0,0
2023-11-19,MBP16,135,0,0
2023-11-20,MBP16,172,0,0
2023-11-21,MBP16,179,0,0
2023-11-22,MBP16,175,0,0
2023-11-23,MBP16,176,0,0
2023-11-24,MBP16,171,0,0
2023-11-25,MBP16,340,1,0
2023-11-26,MBP16,143,0,0
2023-11-27,MBP16,173,0,0
2023-11-28,MBP16,169,0,0
2023-11-29,MBP16,173,0,0
2023-11-30,MBP16,169,0,0
2023-12-01,MBP16,169,0,0
2023-12-02,MBP16,142,0,0
2023-12-03,MBP16,143,0,0
2023-12-04,MBP16,163,0,0
2023-12-05,MBP16,171,0,0
2023-12-06,MBP16,179,1,0
2023-12-07,MBP16,181,0,0
2023-12-08,MBP16,177,0,0
2023-12-09,MBP16,144,0,0
2023-12-10,MBP16,136,0,0
2023-12-11,MBP16,166,0,0
2023-12-12,MBP16,168,0,0
2023-12-13,MBP16,179,0,0
2023-12-14,MBP16,166,0,0
2023-12-15,MBP16,192,1,0
2023-12-16,MBP16,140,0,0
2023-12-17,MBP16,150,0,0
2023-12-18,MBP16,179,0,0
2023-12-19,MBP16,162,0,0
2023-12-20,MBP16,169,0,0
2023-12-21,MBP16,175,0,0
2023-12-22,MBP16,169,0,0
2023-12-23,MBP16,143,0,0
2023-12-24,MBP16,153,0,0
2023-12-25,MBP16,182,0,0
2023-12-26,MBP16,186,0,0
2023-12-27,MBP16,31,0,1
2023-12-28,MBP16,184,0,0
2023-12-29,MBP16,170,0,0
2023-12-30,MBP16,139,0,0
2023-12-31,MBP16,142,0,0
2024-01-01,MBP16,123,0,0
2024-01-02,MBP16,132,0,0
2024-01-03,MBP16,133,0,0
2024-01-04,MBP16,126,0,0
2024-01-05,MBP16,115,0,0
2024-01-06,MBP16,108,0,0
2024-01-07,MBP16,89,0,1
2024-01-08,MBP16,123,0,0
2024-01-09,MBP16,113,0,0
2024-01-10,MBP16,113,0,0
2024-01-11,MBP16,116,0,0
2024-01-12,MBP16,122,0,0
2024-01-13,MBP16,108,0,0
2024-01-14,MBP16,105,0,0
2024-01-15,MBP16,129,0,0
2024-01-16,MBP16,126,0,0
2024-01-17,MBP16,100,0,1
2024-01-18,MBP16,124,0,0
2024-01-19,MBP16,117,0,0
2024-01-20,MBP16,94,0,0
2024-01-21,MBP16,247,1,0
2024-01-22,MBP16,120,0,0
2024-01-23,MBP16,124,0,0
2024-01-24,MBP16,136,1,0
2024-01-25,MBP16,117,0,0
2024-01-26,MBP16,121,0,0
2024-01-27,MBP16,104,0,0
2024-01-28,MBP16,253,1,0
2024-01-29,MBP16,100,0,1
2024-01-30,MBP16,131,1,0
2024-01-31,MBP16,123,0,0
2024-02-01,MBP16,124,0,0
2024-02-02,MBP16,134,0,0
2024-02-03,MBP16,92,0,0
2024-02-04,MBP16,99,0,0
2024-02-05,MBP16,118,0,0
2024-02-06,MBP16,127,0,0
2024-02-07,MBP16,123,0,0
2024-02-08,MBP16,127,1,0
2024-02-09,MBP16,122,0,0
2024-02-10,MBP16,104,0,0
2024-02-11,MBP16,112,0,0
2024-02-12,MBP16,122,0,0
2024-02-13,MBP16,126,0,0
2024-02-14,MBP16,121,0,0
2024-02-15,MBP16,132,0,0
2024-02-16,MBP16,132,0,0
2024-02-17,MBP16,97,0,0
2024-02-18,MBP16,248,1,0
2024-02-19,MBP16,117,0,0
2024-02-20,MBP16,128,0,0
2024-02-21,MBP16,128,0,0
2024-02-22,MBP16,122,0,0
2024-02-23,MBP16,127,0,0
2024-02-24,MBP16,98,0,0
2024-02-25,MBP16,99,0,0
2024-02-26,MBP16,128,0,0
2024-02-27,MBP16,118,0,0
2024-02-28,MBP16,125,0,0
2024-02-29,MBP16,119,0,0
2024-03-01,MBP16,133,0,0
2024-03-02,MBP16,100,0,0
2024-03-03,MBP16,99,0,0
2024-03-04,MBP16,122,0,0
2024-03-05,MBP16,117,0,0
2024-03-06,MBP16,116,0,0
2024-03-07,MBP16,130,0,0
2024-03-08,MBP16,118,0,0
2024-03-09,MBP16,97,0,0
2024-03-10,MBP16,248,1,0
2024-03-11,MBP16,123,0,0
2024-03-12,MBP16,130,1,0
2024-03-13,MBP16,126,0,0
2024-03-14,MBP16,131,0,0
2024-03-15,MBP16,123,0,0
2024-03-16,MBP16,91,0,0
2024-03-17,MBP16,103,0,0
2024-03-18,MBP16,123,0,0
2024-03-19,MBP16,121,0,0
2024-03-20,MBP16,120,0,0
2024-03-21,MBP16,132,0,0
2024-03-22,MBP16,123,0,0
2024-03-23,MBP16,95,0,0
2024-03-24,MBP16,102,0,0
2024-03-25,MBP16,130,0,0
2024-03-26,MBP16,117,0,0
2024-03-27,MBP16,130,0,0
2024-03-28,MBP16,115,0,0
2024-03-29,MBP16,124,0,0
2024-03-30,MBP16,104,0,0
2024-03-31,MBP16,96,0,0
2024-04-01,MBP16,116,0,0
2024-04-02,MBP16,121,0,0
2024-04-03,MBP16,131,0,0
2024-04-04,MBP16,126,0,0
2024-04-05,MBP16,91,0,1
2024-04-06,MBP16,110,0,0
2024-04-07,MBP16,97,0,0
2024-04-08,MBP16,124,0,0
2024-04-09,MBP16,127,0,0
2024-04-10,MBP16,127,0,0
2024-04-11,MBP16,121,0,0
2024-04-12,MBP16,131,1,0
2024-04-13,MBP16,102,0,0
2024-04-14,MBP16,100,0,0
2024-04-15,MBP16,133,0,0
2024-04-16,MBP16,119,0,0
2024-04-17,MBP16,118,0,0
2024-04-18,MBP16,126,0,0
2024-04-19,MBP16,126,0,0
2024-04-20,MBP16,104,0,0
2024-04-21,MBP16,93,0,0
2024-04-22,MBP16,126,0,0
2024-04-23,MBP16,113,0,0
2024-04-24,MBP16,121,0,0
2024-04-25,MBP16,113,0,0
2024-04-26,MBP16,118,0,0
2024-04-27,MBP16,256,1,0
2024-04-28,MBP16,243,1,0
2024-04-29,MBP16,112,1,0
2024-04-30,MBP16,125,0,0
2024-05-01,MBP16,113,0,0
2024-05-02,MBP16,115,0,0
2024-05-03,MBP16,120,0,0
2024-05-04,MBP16,92,0,0
2024-05-05,MBP16,99,0,0
2024-05-06,MBP16,122,0,0
2024-05-07,MBP16,123,1,0
2024-05-08,MBP16,124,0,0
2024-05-09,MBP16,113,0,0
2024-05-10,MBP16,135,0,0
2024-05-11,MBP16,106,0,0
2024-05-12,MBP16,95,0,0
2024-05-13,MBP16,128,0,0
2024-05-14,MBP16,125,0,0
2024-05-15,MBP16,125,0,0
2024-05-16,MBP16,117,0,0
2024-05-17,MBP16,117,0,0
2024-05-18,MBP16,95,0,0
2024-05-19,MBP16,102,0,0
2024-05-20,MBP16,120,0,0
2024-05-21,MBP16,116,1,0
2024-05-22,MBP16,93,0,1
2024-05-23,MBP16,129,0,0
2024-05-24,MBP16,117,0,0
2024-05-25,MBP16,101,0,0
2024-05-26,MBP16,95,0,0
2024-05-27,MBP16,115,0,0
2024-05-28,MBP16,130,0,0
2024-05-29,MBP16,122,1,0
2024-05-30,MBP16,130,0,0
2024-05-31,MBP16,98,0,1
2024-06-01,MBP16,99,0,0
2024-06-02,MBP16,104,0,0
2024-06-03,MBP16,126,0,0
2024-06-04,MBP16,124,0,0
2024-06-05,MBP16,120,0,0
2024-06-06,MBP16,126,0,0
2024-06-07,MBP16,127,0,0
2024-06-08,MBP16,91,0,0
2024-06-09,MBP16,99,0,0
2024-06-10,MBP16,116,1,0
2024-06-11,MBP16,125,0,0
2024-06-12,MBP16,117,0,0
2024-06-13,MBP16,125,0,0
2024-06-14,MBP16,122,0,0
2024-06-15,MBP16,101,0,0
2024-06-16,MBP16,108,0,0
2024-06-17,MBP16,118,0,0
2024-06-18,MBP16,122,0,0
2024-06-19,MBP16,123,0,0
2024-06-20,MBP16,116,0,0
2024-06-21,MBP16,134,1,0
2024-06-22,MBP16,107,0,0
2024-06-23,MBP16,100,0,0
2024-06-24,MBP16,132,0,0
2024-06-25,MBP16,126,0,0
2024-06-26,MBP16,123,0,0
2024-06-27,MBP16,134,1,0
2024-06-28,MBP16,128,1,0
2024-06-29,MBP16,78,0,1
2024-06-30,MBP16,102,0,0
2024-07-01,MBP16,134,0,0
2024-07-02,MBP16,118,0,0
2024-07-03,MBP16,122,1,0
2024-07-04,MBP16,124,0,0
2024-07-05,MBP16,111,0,0
2024-07-06,MBP16,97,0,0
2024-07-07,MBP16,99,0,0
2024-07-08,MBP16,95,0,1
2024-07-09,MBP16,130,0,0
2024-07-10,MBP16,130,0,0
2024-07-11,MBP16,133,0,0
2024-07-12,MBP16,123,0,0
2024-07-13,MBP16,100,0,0
2024-07-14,MBP16,97,0,0
2024-07-15,MBP16,129,0,0
2024-07-16,MBP16,114,0,0
2024-07-17,MBP16,120,0,0
2024-07-18,MBP16,129,0,0
2024-07-19,MBP16,128,1,0
2024-07-20,MBP16,96,0,0
2024-07-21,MBP16,95,0,0
2024-07-22,MBP16,118,0,0
2024-07-23,MBP16,120,0,0
2024-07-24,MBP16,125,0,0
2024-07-25,MBP16,123,0,0
2024-07-26,MBP16,131,0,0
2024-07-27,MBP16,91,0,0
2024-07-28,MBP16,96,0,0
2024-07-29,MBP16,116,0,0
2024-07-30,MBP16,118,0,0
2024-07-31,MBP16,125,1,0
2024-08-01,MBP16,176,1,0
2024-08-02,MBP16,169,0,0
2024-08-03,MBP16,137,0,0
2024-08-04,MBP16,139,0,0
2024-08-05,MBP16,171,0,0
2024-08-06,MBP16,168,0,0
2024-08-07,MBP16,170,0,0
2024-08-08,MBP16,164,0,0
2024-08-09,MBP16,166,1,0
2024-08-10,MBP16,130,0,0
2024-08-11,MBP16,142,0,0
2024-08-12,MBP16,159,0,0
2024-08-13,MBP16,163,0,0
2024-08-14,MBP16,158,0,0
2024-08-15,MBP16,171,0,0
2024-08-16,MBP16,165,0,0
2024-08-17,MBP16,333,1,0
2024-08-18,MBP16,123,0,0
2024-08-19,MBP16,165,0,0
2024-08-20,MBP16,171,0,0
2024-08-21,MBP16,169,0,0
2024-08-22,MBP16,162,0,0
2024-08-23,MBP16,160,0,0
2024-08-24,MBP16,134,0,0
2024-08-25,MBP16,125,0,0
2024-08-26,MBP16,168,0,0
2024-08-27,MBP16,159,0,0
2024-08-28,MBP16,161,0,0
2024-08-29,MBP16,169,1,0
2024-08-30,MBP16,169,0,0
2024-08-31,MBP16,128,0,0
2024-09-01,MBP16,129,0,0
2024-09-02,MBP16,174,0,0
2024-09-03,MBP16,169,0,0
2024-09-04,MBP16,174,1,0
2024-09-05,MBP16,166,0,0
2024-09-06,MBP16,162,1,0
2024-09-07,MBP16,135,0,0
2024-09-08,MBP16,141,0,0
2024-09-09,MBP16,160,0,0
2024-09-10,MBP16,157,0,0
2024-09-11,MBP16,121,0,1
2024-09-12,MBP16,159,0,0
2024-09-13,MBP16,157,0,0
2024-09-14,MBP16,135,0,0
2024-09-15,MBP16,137,0,0
2024-09-16,MBP16,169,0,0
2024-09-17,MBP16,162,0,0
2024-09-18,MBP16,171,0,0
2024-09-19,MBP16,162,1,0
2024-09-20,MBP16,162,0,0
2024-09-21,MBP16,131,0,0
2024-09-22,MBP16,137,0,0
2024-09-23,MBP16,157,0,0
2024-09-24,MBP16,165,0,0
2024-09-25,MBP16,170,0,0
2024-09-26,MBP16,169,0,0
2024-09-27,MBP16,162,0,0
2024-09-28,MBP16,109,0,1
2024-09-29,MBP16,131,0,0
2024-09-30,MBP16,162,0,0
2024-10-01,MBP16,121,0,0
2024-10-02,MBP16,132,0,0
2024-10-03,MBP16,131,0,0
2024-10-04,MBP16,134,1,0
2024-10-05,MBP16,93,0,0
2024-10-06,MBP16,104,0,0
2024-10-07,MBP16,121,0,0
2024-10-08,MBP16,125,0,0
2024-10-09,MBP16,118,0,0
2024-10-10,MBP16,126,0,0
2024-10-11,MBP16,127,0,0
2024-10-12,MBP16,100,0,0
2024-10-13,MBP16,82,0,1
2024-10-14,MBP16,116,0,0
2024-10-15,MBP16,101,0,1
2024-10-16,MBP16,119,0,0
2024-10-17,MBP16,130,0,0
2024-10-18,MBP16,120,0,0
2024-10-19,MBP16,91,0,0
2024-10-20,MBP16,106,0,0
2024-10-21,MBP16,123,0,0
2024-10-22,MBP16,126,0,0
2024-10-23,MBP16,129,1,0
2024-10-24,MBP16,120,1,0
2024-10-25,MBP16,121,0,0
2024-10-26,MBP16,99,0,0
2024-10-27,MBP16,103,0,0
2024-10-28,MBP16,123,0,0
2024-10-29,MBP16,121,0,0
2024-10-30,MBP16,121,0,0
2024-10-31,MBP16,126,0,0
2024-11-01,MBP16,182,0,0
2024-11-02,MBP16,23,0,1
2024-11-03,MBP16,144,0,0
2024-11-04,MBP16,182,0,0
2024-11-05,MBP16,187,0,0
2024-11-06,MBP16,185,0,0
2024-11-07,MBP16,170,0,0
2024-11-08,MBP16,177,0,0
2024-11-09,MBP16,136,0,0
2024-11-10,MBP16,152,0,0
2024-11-11,MBP16,179,0,0
2024-11-12,MBP16,182,0,0
2024-11-13,MBP16,173,0,0
2024-11-14,MBP16,174,0,0
2024-11-15,MBP16,179,0,0
2024-11-16,MBP16,150,0,0
2024-11-17,MBP16,134,0,0
2024-11-18,MBP16,183,0,0
2024-11-19,MBP16,179,0,0
2024-11-20,MBP16,176,1,0
2024-11-21,MBP16,181,0,0
2024-11-22,MBP16,182,0,0
2024-11-23,MBP16,144,0,0
2024-11-24,MBP16,141,0,0
2024-11-25,MBP16,173,0,0
2024-11-26,MBP16,180,0,0
2024-11-27,MBP16,179,1,0
2024-11-28,MBP16,194,1,0
2024-11-29,MBP16,173,0,0
2024-11-30,MBP16,133,0,0
2024-12-01,MBP16,149,0,0
2024-12-02,MBP16,190,1,0
2024-12-03,MBP16,179,0,0
2024-12-04,MBP16,183,0,0
2024-12-05,MBP16,181,1,0
2024-12-06,MBP16,183,0,0
2024-12-07,MBP16,149,0,0
2024-12-08,MBP16,149,0,0
2024-12-09,MBP16,189,1,0
2024-12-10,MBP16,181,1,0
2024-12-11,MBP16,176,0,0
2024-12-12,MBP16,183,0,0
2024-12-13,MBP16,185,1,0
2024-12-14,MBP16,138,0,0
2024-12-15,MBP16,156,0,0
2024-12-16,MBP16,168,0,0
2024-12-17,MBP16,175,0,0
2024-12-18,MBP16,181,0,0
2024-12-19,MBP16,199,1,0
2024-12-20,MBP16,176,0,0
2024-12-21,MBP16,358,1,0
2024-12-22,MBP16,143,0,0
2024-12-23,MBP16,172,0,0
2024-12-24,MBP16,171,0,0
2024-12-25,MBP16,183,0,0
2024-12-26,MBP16,178,0,0
2024-12-27,MBP16,168,0,0
2024-12-28,MBP16,138,0,0
2024-12-29,MBP16,152,0,0
2024-12-30,MBP16,185,0,0
2024-12-31,MBP16,173,0,0
2025-01-01,MBP16,129,0,0
2025-01-02,MBP16,118,0,0
2025-01-03,MBP16,123,0,0
2025-01-04,MBP16,118,0,0
2025-01-05,MBP16,104,0,0
2025-01-06,MBP16,123,0,0
2025-01-07,MBP16,132,1,0
2025-01-08,MBP16,122,0,0
2025-01-09,MBP16,118,0,0
2025-01-10,MBP16,133,0,0
2025-01-11,MBP16,91,0,0
2025-01-12,MBP16,105,0,0
2025-01-13,MBP16,131,1,0
2025-01-14,MBP16,133,0,0
2025-01-15,MBP16,125,0,0
2025-01-16,MBP16,127,0,0
2025-01-17,MBP16,125,0,0
2025-01-18,MBP16,105,0,0
2025-01-19,MBP16,96,0,0
2025-01-20,MBP16,123,0,0
2025-01-21,MBP16,133,0,0
2025-01-22,MBP16,130,0,0
2025-01-23,MBP16,128,0,0
2025-01-24,MBP16,127,0,0
2025-01-25,MBP16,100,0,0
2025-01-26,MBP16,101,0,0
2025-01-27,MBP16,128,0,0
2025-01-28,MBP16,130,0,0
2025-01-29,MBP16,134,1,0
2025-01-30,MBP16,130,0,0
2025-01-31,MBP16,129,0,0
2025-02-01,MBP16,245,1,0
2025-02-02,MBP16,100,0,0
2025-02-03,MBP16,123,0,0
2025-02-04,MBP16,119,0,0
2025-02-05,MBP16,135,1,0
2025-02-06,MBP16,131,0,0
2025-02-07,MBP16,125,0,0
2025-02-08,MBP16,87,0,0
2025-02-09,MBP16,95,0,0
2025-02-10,MBP16,120,0,0
2025-02-11,MBP16,127,1,0
2025-02-12,MBP16,123,0,0
2025-02-13,MBP16,124,0,0
2025-02-14,MBP16,126,0,0
2025-02-15,MBP16,111,0,0
2025-02-16,MBP16,105,0,0
2025-02-17,MBP16,132,0,0
2025-02-18,MBP16,96,0,1
2025-02-19,MBP16,122,0,0
2025-02-20,MBP16,133,1,0
2025-02-21,MBP16,128,0,0
2025-02-22,MBP16,99,0,0
2025-02-23,MBP16,102,0,0
2025-02-24,MBP16,134,0,0
2025-02-25,MBP16,123,0,0
2025-02-26,MBP16,124,0,0
2025-02-27,MBP16,120,0,0
2025-02-28,MBP16,133,0,0
2025-03-01,MBP16,92,0,0
2025-03-02,MBP16,103,0,0
2025-03-03,MBP16,126,0,0
2025-03-04,MBP16,122,0,0
2025-03-05,MBP16,121,0,0
2025-03-06,MBP16,123,0,0
2025-03-07,MBP16,128,1,0
2025-03-08,MBP16,97,0,0
2025-03-09,MBP16,102,0,0
2025-03-10,MBP16,122,0,0
2025-03-11,MBP16,127,0,0
2025-03-12,MBP16,135,1,0
2025-03-13,MBP16,124,0,0
2025-03-14,MBP16,132,1,0
2025-03-15,MBP16,109,0,0
2025-03-16,MBP16,105,0,0
2025-03-17,MBP16,119,0,0
2025-03-18,MBP16,137,1,0
2025-03-19,MBP16,136,0,0
2025-03-20,MBP16,137,1,0
2025-03-21,MBP16,126,0,0
2025-03-22,MBP16,106,0,0
2025-03-23,MBP16,106,0,0
2025-03-24,MBP16,131,0,0
2025-03-25,MBP16,125,0,0
2025-03-26,MBP16,118,0,0
2025-03-27,MBP16,123,0,0
2025-03-28,MBP16,127,0,0
2025-03-29,MBP16,109,0,0
2025-03-30,MBP16,106,0,0
2025-03-31,MBP16,125,0,0
2025-04-01,MBP16,126,0,0
2025-04-02,MBP16,114,0,0
2025-04-03,MBP16,126,0,0
2025-04-04,MBP16,120,0,0
2025-04-05,MBP16,113,0,0
2025-04-06,MBP16,96,0,0
2025-04-07,MBP16,113,0,0
2025-04-08,MBP16,123,0,0
2025-04-09,MBP16,132,0,0
2025-04-10,MBP16,126,0,0
2025-04-11,MBP16,128,0,0
2025-04-12,MBP16,97,0,0
2025-04-13,MBP16,253,1,0
2025-04-14,MBP16,128,0,0
2025-04-15,MBP16,122,0,0
2025-04-16,MBP16,129,0,0
2025-04-17,MBP16,123,0,0
2025-04-18,MBP16,121,0,0
2025-04-19,MBP16,105,0,0
2025-04-20,MBP16,98,0,0
2025-04-21,MBP16,133,1,0
2025-04-22,MBP16,126,0,0
2025-04-23,MBP16,131,0,0
2025-04-24,MBP16,127,0,0
2025-04-25,MBP16,128,0,0
2025-04-26,MBP16,244,1,0
2025-04-27,MBP16,112,0,0
2025-04-28,MBP16,128,0,0
2025-04-29,MBP16,126,0,0
2025-04-30,MBP16,116,0,0
2025-05-01,MBP16,134,0,0
2025-05-02,MBP16,125,0,0
2025-05-03,MBP16,107,0,0
2025-05-04,MBP16,99,0,0
2025-05-05,MBP16,125,0,0
2025-05-06,MBP16,118,0,0
2025-05-07,MBP16,130,0,0
2025-05-08,MBP16,131,1,0
2025-05-09,MBP16,132,0,0
2025-05-10,MBP16,255,1,0
2025-05-11,MBP16,108,0,0
2025-05-12,MBP16,133,0,0
2025-05-13,MBP16,126,0,0
2025-05-14,MBP16,123,0,0
2025-05-15,MBP16,114,0,0
2025-05-16,MBP16,121,0,0
2025-05-17,MBP16,94,0,1
2025-05-18,MBP16,100,0,0
2025-05-19,MBP16,115,0,0
2025-05-20,MBP16,118,0,0
2025-05-21,MBP16,125,0,0
2025-05-22,MBP16,127,1,0
2025-05-23,MBP16,126,0,0
2025-05-24,MBP16,248,1,0
2025-05-25,MBP16,101,0,0
2025-05-26,MBP16,112,0,1
2025-05-27,MBP16,124,0,0
2025-05-28,MBP16,125,0,0
2025-05-29,MBP16,125,0,0
2025-05-30,MBP16,102,0,1
2025-05-31,MBP16,104,0,0
2025-06-01,MBP16,103,0,0
2025-06-02,MBP16,126,0,0
2025-06-03,MBP16,125,0,0
2025-06-04,MBP16,130,0,0
2025-06-05,MBP16,121,0,0
2025-06-06,MBP16,123,0,0
2025-06-07,MBP16,94,0,0
2025-06-08,MBP16,104,0,0
2025-06-09,MBP16,130,0,0
2025-06-10,MBP16,127,1,0
2025-06-11,MBP16,129,0,0
2025-06-12,MBP16,116,0,0
2025-06-13,MBP16,120,0,0
2025-06-14,MBP16,96,0,0
2025-06-15,MBP16,103,0,0
2025-06-16,MBP16,123,0,0
2025-06-17,MBP16,111,0,0
2025-06-18,MBP16,141,0,0
2025-06-19,MBP16,124,0,0
2025-06-20,MBP16,124,0,0
2025-06-21,MBP16,262,1,0
2025-06-22,MBP16,97,0,0
2025-06-23,MBP16,125,0,0
2025-06-24,MBP16,132,0,0
2025-06-25,MBP16,123,0,0
2025-06-26,MBP16,117,0,0
2025-06-27,MBP16,133,0,0
2025-06-28,MBP16,102,0,0
2025-06-29,MBP16,102,0,0
2025-06-30,MBP16,133,0,0
2025-07-01,MBP16,126,0,0
2025-07-02,MBP16,120,0,0
2025-07-03,MBP16,131,0,0
2025-07-04,MBP16,124,0,0
2025-07-05,MBP16,80,0,1
2025-07-06,MBP16,113,0,0
2025-07-07,MBP16,129,0,0
2025-07-08,MBP16,132,1,0
2025-07-09,MBP16,135,0,0
2025-07-10,MBP16,119,0,0
2025-07-11,MBP16,126,0,0
2025-07-12,MBP16,99,0,0
2025-07-13,MBP16,98,0,0
2025-07-14,MBP16,128,0,0
2025-07-15,MBP16,123,0,0
2025-07-16,MBP16,128,0,0
2025-07-17,MBP16,125,0,0
2025-07-18,MBP16,125,0,0
2025-07-19,MBP16,98,0,0
2025-07-20,MBP16,114,0,0
2025-07-21,MBP16,120,0,0
2025-07-22,MBP16,123,0,0
2025-07-23,MBP16,131,0,0
2025-07-24,MBP16,124,0,0
2025-07-25,MBP16,134,1,0
2025-07-26,MBP16,107,0,0
2025-07-27,MBP16,102,0,0
2025-07-28,MBP16,109,0,0
2025-07-29,MBP16,126,0,0
2025-07-30,MBP16,129,0,0
2025-07-31,MBP16,103,0,1
2025-08-01,MBP16,166,0,0
2025-08-02,MBP16,146,0,0
2025-08-03,MBP16,129,0,0
2025-08-04,MBP16,168,0,0
2025-08-05,MBP16,182,1,0
2025-08-06,MBP16,189,0,0
2025-08-07,MBP16,130,0,1
2025-08-08,MBP16,160,0,0
2025-08-09,MBP16,152,0,0
2025-08-10,MBP16,142,0,0
2025-08-11,MBP16,172,0,0
2025-08-12,MBP16,166,0,0
2025-08-13,MBP16,170,0,0
2025-08-14,MBP16,166,0,0
2025-08-15,MBP16,176,0,0
2025-08-16,MBP16,142,0,0
2025-08-17,MBP16,345,1,0
2025-08-18,MBP16,173,0,0
2025-08-19,MBP16,172,0,0
2025-08-20,MBP16,164,0,0
2025-08-21,MBP16,161,0,0
2025-08-22,MBP16,183,1,0
2025-08-23,MBP16,350,1,0
2025-08-24,MBP16,134,0,0
2025-08-25,MBP16,180,0,0
2025-08-26,MBP16,171,0,0
2025-08-27,MBP16,159,0,0
2025-08-28,MBP16,173,0,0
2025-08-29,MBP16,183,0,0
2025-08-30,MBP16,137,0,0
2025-08-31,MBP16,139,0,0
2025-09-01,MBP16,180,0,0
2025-09-02,MBP16,159,0,0
2025-09-03,MBP16,162,0,0
2025-09-04,MBP16,171,0,0
2025-09-05,MBP16,167,0,0
2025-09-06,MBP16,138,0,0
2025-09-07,MBP16,133,0,0
2025-09-08,MBP16,178,0,0
2025-09-09,MBP16,174,0,0
2025-09-10,MBP16,173,0,0
2025-09-11,MBP16,169,0,0
2025-09-12,MBP16,169,0,0
2025-09-13,MBP16,131,0,0
2025-09-14,MBP16,146,0,0
2025-09-15,MBP16,173,0,0
2025-09-16,MBP16,168,0,0
2025-09-17,MBP16,140,0,1
2025-09-18,MBP16,174,0,0
2025-09-19,MBP16,172,0,0
2025-09-20,MBP16,147,0,0
2025-09-21,MBP16,144,0,0
2025-09-22,MBP16,174,0,0
2025-09-23,MBP16,169,0,0
2025-09-24,MBP16,134,0,1
2025-09-25,MBP16,143,0,1
2025-09-26,MBP16,178,0,0
2025-09-27,MBP16,152,0,0
2025-09-28,MBP16,344,1,0
2025-09-29,MBP16,170,0,0
2025-09-30,MBP16,163,0,0
2025-10-01,MBP16,136,0,0
2025-10-02,MBP16,128,0,0
2025-10-03,MBP16,136,0,0
2025-10-04,MBP16,247,1,0
2025-10-05,MBP16,101,0,0
2025-10-06,MBP16,125,0,0
2025-10-07,MBP16,130,0,0
2025-10-08,MBP16,128,0,0
2025-10-09,MBP16,129,0,0
2025-10-10,MBP16,123,0,0
2025-10-11,MBP16,104,0,0
2025-10-12,MBP16,106,0,0
2025-10-13,MBP16,126,0,0
2025-10-14,MBP16,123,0,0
2025-10-15,MBP16,120,0,0
2025-10-16,MBP16,131,0,0
2025-10-17,MBP16,128,0,0
2025-10-18,MBP16,117,0,0
2025-10-19,MBP16,108,0,0
2025-10-20,MBP16,118,0,0
2025-10-21,MBP16,93,0,1
2025-10-22,MBP16,130,0,0
2025-10-23,MBP16,130,0,0
2025-10-24,MBP16,126,0,0
2025-10-25,MBP16,107,0,0
2025-10-26,MBP16,104,0,0
2025-10-27,MBP16,127,0,0
2025-10-28,MBP16,115,0,0
2025-10-29,MBP16,132,0,0
2025-10-30,MBP16,113,0,0
2025-10-31,MBP16,135,0,0
2025-11-01,MBP16,159,0,0
2025-11-02,MBP16,140,0,0
2025-11-03,MBP16,196,1,0
2025-11-04,MBP16,186,1,0
2025-11-05,MBP16,179,0,0
2025-11-06,MBP16,179,0,0
2025-11-07,MBP16,194,1,0
2025-11-08,MBP16,150,0,0
2025-11-09,MBP16,147,0,0
2025-11-10,MBP16,26,0,1
2025-11-11,MBP16,180,0,0
2025-11-12,MBP16,192,0,0
2025-11-13,MBP16,187,0,0
2025-11-14,MBP16,187,1,0
2025-11-15,MBP16,31,0,1
2025-11-16,MBP16,147,0,0
2025-11-17,MBP16,46,0,1
2025-11-18,MBP16,182,0,0
2025-11-19,MBP16,176,0,0
2025-11-20,MBP16,35,0,1
2025-11-21,MBP16,201,1,0
2025-11-22,MBP16,155,0,0
2025-11-23,MBP16,149,0,0
2025-11-24,MBP16,177,0,0
2025-11-25,MBP16,187,0,0
2025-11-26,MBP16,176,0,0
2025-11-27,MBP16,184,0,0
2025-11-28,MBP16,186,0,0
2025-11-29,MBP16,141,0,0
2025-11-30,MBP16,147,0,0
2025-12-01,MBP16,185,0,0
2025-12-02,MBP16,186,0,0
2025-12-03,MBP16,186,0,0
2025-12-04,MBP16,179,0,0
2025-12-05,MBP16,180,0,0
2025-12-06,MBP16,145,0,0
2025-12-07,MBP16,133,0,0
2025-12-08,MBP16,190,0,0
2025-12-09,MBP16,182,0,0
2025-12-10,MBP16,198,1,0
2025-12-11,MBP16,189,0,0
2025-12-12,MBP16,194,0,0
2025-12-13,MBP16,142,0,0
2025-12-14,MBP16,151,0,0
2025-12-15,MBP16,182,0,0
2025-12-16,MBP16,183,0,0
2025-12-17,MBP16,186,0,0
2025-12-18,MBP16,179,0,0
2025-12-19,MBP16,181,0,0
2025-12-20,MBP16,136,0,0
2025-12-21,MBP16,145,0,0
2025-12-22,MBP16,192,0,0
2025-12-23,MBP16,187,0,0
2025-12-24,MBP16,186,0,0
2025-12-25,MBP16,41,0,1
2025-12-26,MBP16,183,0,0
2025-12-27,MBP16,154,0,0
2025-12-28,MBP16,144,0,0
2025-12-29,MBP16,182,0,0
2025-12-30,MBP16,182,0,0
2025-12-31,MBP16,189,0,0
